# Memory dump: 0x647b0 - 0x6cfa0
# Segment: __objc_const
#============================================================================

# Address        | Hex Bytes                                       | ASCII
#----------------------------------------------------------------------------
00000000000647B0 | 18 00 00 00 08 00 00 00  00 5D 05 00 00 00 00 00  | .........]......
00000000000647C0 | 99 CD 05 00 00 00 00 00  8C 50 00 00 00 00 00 00  | .........P......
00000000000647D0 | 7C 36 05 00 00 00 00 00  99 CD 05 00 00 00 00 00  | |6..............
00000000000647E0 | 1C 52 00 00 00 00 00 00  8B 28 05 00 00 00 00 00  | .R.......(......
00000000000647F0 | A4 CD 05 00 00 00 00 00  74 53 00 00 00 00 00 00  | ........tS......
0000000000064800 | 5B 8F 05 00 00 00 00 00  A4 CD 05 00 00 00 00 00  | [...............
0000000000064810 | 6C 54 00 00 00 00 00 00  C4 4F 05 00 00 00 00 00  | lT.......O......
0000000000064820 | A4 CD 05 00 00 00 00 00  C8 54 00 00 00 00 00 00  | .........T......
0000000000064830 | 93 8E 05 00 00 00 00 00  AC CD 05 00 00 00 00 00  | ................
0000000000064840 | 38 55 00 00 00 00 00 00  A2 5F 05 00 00 00 00 00  | 8U......._......
0000000000064850 | AC CD 05 00 00 00 00 00  0C 56 00 00 00 00 00 00  | .........V......
0000000000064860 | C4 5F 05 00 00 00 00 00  BA CD 05 00 00 00 00 00  | ._..............
0000000000064870 | 38 57 00 00 00 00 00 00  73 C9 05 00 00 00 00 00  | 8W......s.......
0000000000064880 | E8 9B 07 00 00 00 00 00  B0 47 06 00 00 00 00 00  | .........G......
0000000000064890 | 00 00 00 00 00 00 00 00  00 00 00 00 00 00 00 00  | ................
00000000000648A0 | 00 00 00 00 00 00 00 00  00 00 00 00 00 00 00 00  | ................
00000000000648B0 | 40 00 00 00 00 00 00 00  18 00 00 00 04 00 00 00  | @...............
00000000000648C0 | 86 7B 05 00 00 00 00 00  C5 CD 05 00 00 00 00 00  | .{..............
00000000000648D0 | F4 57 00 00 00 00 00 00  2D 7D 05 00 00 00 00 00  | .W......-}......
00000000000648E0 | C5 CD 05 00 00 00 00 00  6C 58 00 00 00 00 00 00  | ........lX......
00000000000648F0 | A7 7B 05 00 00 00 00 00  D3 CD 05 00 00 00 00 00  | .{..............
0000000000064900 | E4 58 00 00 00 00 00 00  4E 7D 05 00 00 00 00 00  | .X......N}......
0000000000064910 | D3 CD 05 00 00 00 00 00  74 59 00 00 00 00 00 00  | ........tY......
0000000000064920 | 81 00 00 00 28 00 00 00  28 00 00 00 00 00 00 00  | ....(...(.......
0000000000064930 | 00 00 00 00 00 00 00 00  7E C9 05 00 00 00 00 00  | ........~.......
0000000000064940 | B8 48 06 00 00 00 00 00  00 00 00 00 00 00 00 00  | .H..............
0000000000064950 | 00 00 00 00 00 00 00 00  00 00 00 00 00 00 00 00  | ................
0000000000064960 | 00 00 00 00 00 00 00 00  18 00 00 00 05 00 00 00  | ................
0000000000064970 | 36 69 05 00 00 00 00 00  E4 CD 05 00 00 00 00 00  | 6i..............
0000000000064980 | 04 5A 00 00 00 00 00 00  B6 64 05 00 00 00 00 00  | .Z.......d......
0000000000064990 | C5 CD 05 00 00 00 00 00  6C 5C 00 00 00 00 00 00  | ........l\......
00000000000649A0 | 7F 68 05 00 00 00 00 00  C5 CD 05 00 00 00 00 00  | .h..............
00000000000649B0 | A4 5C 00 00 00 00 00 00  D3 64 05 00 00 00 00 00  | .\.......d......
00000000000649C0 | D3 CD 05 00 00 00 00 00  DC 5C 00 00 00 00 00 00  | .........\......
00000000000649D0 | 9C 68 05 00 00 00 00 00  D3 CD 05 00 00 00 00 00  | .h..............
00000000000649E0 | 0C 5D 00 00 00 00 00 00  80 00 00 00 61 00 00 00  | .]..........a...
00000000000649F0 | 61 00 00 00 00 00 00 00  00 00 00 00 00 00 00 00  | a...............
0000000000064A00 | 7E C9 05 00 00 00 00 00  68 49 06 00 00 00 00 00  | ~.......hI......
0000000000064A10 | 00 00 00 00 00 00 00 00  00 00 00 00 00 00 00 00  | ................
0000000000064A20 | 00 00 00 00 00 00 00 00  00 00 00 00 00 00 00 00  | ................
0000000000064A30 | 18 00 00 00 0E 00 00 00  6C 8E 05 00 00 00 00 00  | ........l.......
0000000000064A40 | F8 CD 05 00 00 00 00 00  3C 5D 00 00 00 00 00 00  | ........<]......
0000000000064A50 | B9 6F 05 00 00 00 00 00  06 CE 05 00 00 00 00 00  | .o..............
0000000000064A60 | DC 5E 00 00 00 00 00 00  A5 6F 05 00 00 00 00 00  | .^.......o......
0000000000064A70 | BA CD 05 00 00 00 00 00  38 60 00 00 00 00 00 00  | ........8`......
0000000000064A80 | C6 6F 05 00 00 00 00 00  BA CD 05 00 00 00 00 00  | .o..............
0000000000064A90 | A4 60 00 00 00 00 00 00  DF 7D 05 00 00 00 00 00  | .`.......}......
0000000000064AA0 | 11 CE 05 00 00 00 00 00  54 61 00 00 00 00 00 00  | ........Ta......
0000000000064AB0 | 14 60 05 00 00 00 00 00  20 CE 05 00 00 00 00 00  | .`...... .......
0000000000064AC0 | A4 63 00 00 00 00 00 00  F2 5F 05 00 00 00 00 00  | .c......._......
0000000000064AD0 | 20 CE 05 00 00 00 00 00  AC 63 00 00 00 00 00 00  |  ........c......
0000000000064AE0 | 3C 60 05 00 00 00 00 00  2E CE 05 00 00 00 00 00  | <`..............
0000000000064AF0 | B4 63 00 00 00 00 00 00  90 62 05 00 00 00 00 00  | .c.......b......
0000000000064B00 | BA CD 05 00 00 00 00 00  BC 63 00 00 00 00 00 00  | .........c......
0000000000064B10 | 2E 74 05 00 00 00 00 00  BA CD 05 00 00 00 00 00  | .t..............
0000000000064B20 | F8 65 00 00 00 00 00 00  38 74 05 00 00 00 00 00  | .e......8t......
0000000000064B30 | AC CD 05 00 00 00 00 00  08 66 00 00 00 00 00 00  | .........f......
0000000000064B40 | BB 6D 05 00 00 00 00 00  47 CE 05 00 00 00 00 00  | .m......G.......
0000000000064B50 | 04 68 00 00 00 00 00 00  48 8F 05 00 00 00 00 00  | .h......H.......
0000000000064B60 | BA CD 05 00 00 00 00 00  9C 6C 00 00 00 00 00 00  | .........l......
0000000000064B70 | 3C 4D 05 00 00 00 00 00  BA CD 05 00 00 00 00 00  | <M..............
0000000000064B80 | 2C 6E 00 00 00 00 00 00  85 01 00 00 28 00 00 00  | ,n..........(...
0000000000064B90 | 28 00 00 00 00 00 00 00  00 00 00 00 00 00 00 00  | (...............
0000000000064BA0 | 98 C9 05 00 00 00 00 00  30 4A 06 00 00 00 00 00  | ........0J......
0000000000064BB0 | 00 00 00 00 00 00 00 00  00 00 00 00 00 00 00 00  | ................
0000000000064BC0 | 00 00 00 00 00 00 00 00  00 00 00 00 00 00 00 00  | ................
0000000000064BD0 | 18 00 00 00 08 00 00 00  A3 62 05 00 00 00 00 00  | .........b......
0000000000064BE0 | BA CD 05 00 00 00 00 00  3C 61 00 00 00 00 00 00  | ........<a......
0000000000064BF0 | DC 2C 05 00 00 00 00 00  55 CE 05 00 00 00 00 00  | .,......U.......
0000000000064C00 | 4C 61 00 00 00 00 00 00  8F 2F 05 00 00 00 00 00  | La......./......
0000000000064C10 | 63 CE 05 00 00 00 00 00  F4 61 00 00 00 00 00 00  | c........a......
0000000000064C20 | 8F 28 05 00 00 00 00 00  63 CE 05 00 00 00 00 00  | .(......c.......
0000000000064C30 | 20 65 00 00 00 00 00 00  4A 56 05 00 00 00 00 00  |  e......JV......
0000000000064C40 | 6F CE 05 00 00 00 00 00  68 65 00 00 00 00 00 00  | o.......he......
0000000000064C50 | 7D 7E 05 00 00 00 00 00  A4 CD 05 00 00 00 00 00  | }~..............
0000000000064C60 | FC 71 00 00 00 00 00 00  9A 86 05 00 00 00 00 00  | .q..............
0000000000064C70 | 7A CE 05 00 00 00 00 00  08 72 00 00 00 00 00 00  | z........r......
0000000000064C80 | 11 32 05 00 00 00 00 00  85 CE 05 00 00 00 00 00  | .2..............
0000000000064C90 | 10 72 00 00 00 00 00 00  20 00 00 00 01 00 00 00  | .r...... .......
0000000000064CA0 | 78 EC 06 00 00 00 00 00  DC 46 05 00 00 00 00 00  | x........F......
0000000000064CB0 | 8D CE 05 00 00 00 00 00  03 00 00 00 08 00 00 00  | ................
0000000000064CC0 | 10 00 00 00 01 00 00 00  7D 7E 05 00 00 00 00 00  | ........}~......
0000000000064CD0 | F7 2D 05 00 00 00 00 00  84 01 00 00 08 00 00 00  | .-..............
0000000000064CE0 | 10 00 00 00 00 00 00 00  A3 C9 05 00 00 00 00 00  | ................
0000000000064CF0 | 98 C9 05 00 00 00 00 00  D0 4B 06 00 00 00 00 00  | .........K......
0000000000064D00 | 00 00 00 00 00 00 00 00  98 4C 06 00 00 00 00 00  | .........L......
0000000000064D10 | 00 00 00 00 00 00 00 00  C0 4C 06 00 00 00 00 00  | .........L......
0000000000064D20 | 18 00 00 00 02 00 00 00  73 7F 05 00 00 00 00 00  | ........s.......
0000000000064D30 | 47 CE 05 00 00 00 00 00  5C B1 01 00 00 00 00 00  | G.......\.......
0000000000064D40 | B8 7F 05 00 00 00 00 00  AC CD 05 00 00 00 00 00  | ................
0000000000064D50 | F0 B1 01 00 00 00 00 00  81 00 00 00 28 00 00 00  | ............(...
0000000000064D60 | 28 00 00 00 00 00 00 00  00 00 00 00 00 00 00 00  | (...............
0000000000064D70 | AB C9 05 00 00 00 00 00  20 4D 06 00 00 00 00 00  | ........ M......
0000000000064D80 | 00 00 00 00 00 00 00 00  00 00 00 00 00 00 00 00  | ................
0000000000064D90 | 00 00 00 00 00 00 00 00  00 00 00 00 00 00 00 00  | ................
0000000000064DA0 | 80 00 00 00 08 00 00 00  08 00 00 00 00 00 00 00  | ................
0000000000064DB0 | 00 00 00 00 00 00 00 00  AB C9 05 00 00 00 00 00  | ................
0000000000064DC0 | 00 00 00 00 00 00 00 00  00 00 00 00 00 00 00 00  | ................
0000000000064DD0 | 00 00 00 00 00 00 00 00  00 00 00 00 00 00 00 00  | ................
0000000000064DE0 | 00 00 00 00 00 00 00 00  18 00 00 00 13 00 00 00  | ................
0000000000064DF0 | 78 6A 05 00 00 00 00 00  99 CE 05 00 00 00 00 00  | xj..............
0000000000064E00 | 00 00 00 00 00 00 00 00  03 52 05 00 00 00 00 00  | .........R......
0000000000064E10 | A4 CE 05 00 00 00 00 00  00 00 00 00 00 00 00 00  | ................
0000000000064E20 | 6E 7F 05 00 00 00 00 00  A4 CD 05 00 00 00 00 00  | n...............
0000000000064E30 | 00 00 00 00 00 00 00 00  27 72 05 00 00 00 00 00  | ........'r......
0000000000064E40 | AC CE 05 00 00 00 00 00  00 00 00 00 00 00 00 00  | ................
0000000000064E50 | 6B 72 05 00 00 00 00 00  B7 CE 05 00 00 00 00 00  | kr..............
0000000000064E60 | 00 00 00 00 00 00 00 00  AE 72 05 00 00 00 00 00  | .........r......
0000000000064E70 | C5 CE 05 00 00 00 00 00  00 00 00 00 00 00 00 00  | ................
0000000000064E80 | 86 38 05 00 00 00 00 00  D6 CE 05 00 00 00 00 00  | .8..............
0000000000064E90 | 00 00 00 00 00 00 00 00  33 6B 05 00 00 00 00 00  | ........3k......
0000000000064EA0 | DE CE 05 00 00 00 00 00  00 00 00 00 00 00 00 00  | ................
0000000000064EB0 | 4F 6B 05 00 00 00 00 00  DE CE 05 00 00 00 00 00  | Ok..............
0000000000064EC0 | 00 00 00 00 00 00 00 00  2F 53 05 00 00 00 00 00  | ......../S......
0000000000064ED0 | 99 CE 05 00 00 00 00 00  00 00 00 00 00 00 00 00  | ................
0000000000064EE0 | 69 7B 05 00 00 00 00 00  E9 CE 05 00 00 00 00 00  | i{..............
0000000000064EF0 | 00 00 00 00 00 00 00 00  CC 7D 05 00 00 00 00 00  | .........}......
0000000000064F00 | A4 CD 05 00 00 00 00 00  00 00 00 00 00 00 00 00  | ................
0000000000064F10 | 66 2F 05 00 00 00 00 00  F4 CE 05 00 00 00 00 00  | f/..............
0000000000064F20 | 00 00 00 00 00 00 00 00  3B 4F 05 00 00 00 00 00  | ........;O......
0000000000064F30 | A4 CD 05 00 00 00 00 00  00 00 00 00 00 00 00 00  | ................
0000000000064F40 | D3 7D 05 00 00 00 00 00  FD CE 05 00 00 00 00 00  | .}..............
0000000000064F50 | 00 00 00 00 00 00 00 00  A3 97 05 00 00 00 00 00  | ................
0000000000064F60 | 05 CF 05 00 00 00 00 00  00 00 00 00 00 00 00 00  | ................
0000000000064F70 | 8B 62 05 00 00 00 00 00  FD CE 05 00 00 00 00 00  | .b..............
0000000000064F80 | 00 00 00 00 00 00 00 00  75 90 05 00 00 00 00 00  | ........u.......
0000000000064F90 | A4 CE 05 00 00 00 00 00  00 00 00 00 00 00 00 00  | ................
0000000000064FA0 | 71 59 05 00 00 00 00 00  A4 CD 05 00 00 00 00 00  | qY..............
0000000000064FB0 | 00 00 00 00 00 00 00 00  18 00 00 00 01 00 00 00  | ................
0000000000064FC0 | AC 58 05 00 00 00 00 00  A4 CD 05 00 00 00 00 00  | .X..............
0000000000064FD0 | 00 00 00 00 00 00 00 00  10 00 00 00 04 00 00 00  | ................
0000000000064FE0 | 8B 62 05 00 00 00 00 00  DA 3D 05 00 00 00 00 00  | .b.......=......
0000000000064FF0 | 75 90 05 00 00 00 00 00  D3 29 05 00 00 00 00 00  | u........)......
0000000000065000 | 71 59 05 00 00 00 00 00  77 2E 05 00 00 00 00 00  | qY......w.......
0000000000065010 | AC 58 05 00 00 00 00 00  77 2E 05 00 00 00 00 00  | .X......w.......
0000000000065020 | 99 CE 05 00 00 00 00 00  A4 CE 05 00 00 00 00 00  | ................
0000000000065030 | A4 CD 05 00 00 00 00 00  AC CE 05 00 00 00 00 00  | ................
0000000000065040 | B7 CE 05 00 00 00 00 00  C5 CE 05 00 00 00 00 00  | ................
0000000000065050 | D6 CE 05 00 00 00 00 00  DE CE 05 00 00 00 00 00  | ................
0000000000065060 | DE CE 05 00 00 00 00 00  17 CF 05 00 00 00 00 00  | ................
0000000000065070 | E9 CE 05 00 00 00 00 00  A4 CD 05 00 00 00 00 00  | ................
0000000000065080 | F4 CE 05 00 00 00 00 00  A4 CD 05 00 00 00 00 00  | ................
0000000000065090 | FD CE 05 00 00 00 00 00  05 CF 05 00 00 00 00 00  | ................
00000000000650A0 | FD CE 05 00 00 00 00 00  A4 CE 05 00 00 00 00 00  | ................
00000000000650B0 | 2C CF 05 00 00 00 00 00  2C CF 05 00 00 00 00 00  | ,.......,.......
00000000000650C0 | 01 00 00 00 00 00 00 00  60 59 07 00 00 00 00 00  | ........`Y......
00000000000650D0 | 00 00 00 00 00 00 00 00  18 00 00 00 0E 00 00 00  | ................
00000000000650E0 | 74 6F 05 00 00 00 00 00  AC CD 05 00 00 00 00 00  | to..............
00000000000650F0 | 00 00 00 00 00 00 00 00  E3 89 05 00 00 00 00 00  | ................
0000000000065100 | 47 CE 05 00 00 00 00 00  00 00 00 00 00 00 00 00  | G...............
0000000000065110 | FE 89 05 00 00 00 00 00  3E CF 05 00 00 00 00 00  | ........>.......
0000000000065120 | 00 00 00 00 00 00 00 00  1C 8A 05 00 00 00 00 00  | ................
0000000000065130 | 47 CE 05 00 00 00 00 00  00 00 00 00 00 00 00 00  | G...............
0000000000065140 | 34 8A 05 00 00 00 00 00  4F CF 05 00 00 00 00 00  | 4.......O.......
0000000000065150 | 00 00 00 00 00 00 00 00  50 8A 05 00 00 00 00 00  | ........P.......
0000000000065160 | 60 CF 05 00 00 00 00 00  00 00 00 00 00 00 00 00  | `...............
0000000000065170 | A1 8A 05 00 00 00 00 00  71 CF 05 00 00 00 00 00  | ........q.......
0000000000065180 | 00 00 00 00 00 00 00 00  BD 8A 05 00 00 00 00 00  | ................
0000000000065190 | 60 CF 05 00 00 00 00 00  00 00 00 00 00 00 00 00  | `...............
00000000000651A0 | E5 8A 05 00 00 00 00 00  7F CF 05 00 00 00 00 00  | ................
00000000000651B0 | 00 00 00 00 00 00 00 00  18 8B 05 00 00 00 00 00  | ................
00000000000651C0 | 7F CF 05 00 00 00 00 00  00 00 00 00 00 00 00 00  | ................
00000000000651D0 | 4C 8B 05 00 00 00 00 00  7A CE 05 00 00 00 00 00  | L.......z.......
00000000000651E0 | 00 00 00 00 00 00 00 00  66 8B 05 00 00 00 00 00  | ........f.......
00000000000651F0 | 47 CE 05 00 00 00 00 00  00 00 00 00 00 00 00 00  | G...............
0000000000065200 | 85 8B 05 00 00 00 00 00  7A CE 05 00 00 00 00 00  | ........z.......
0000000000065210 | 00 00 00 00 00 00 00 00  77 8A 05 00 00 00 00 00  | ........w.......
0000000000065220 | 93 CF 05 00 00 00 00 00  00 00 00 00 00 00 00 00  | ................
0000000000065230 | B2 CF 05 00 00 00 00 00  F5 CF 05 00 00 00 00 00  | ................
0000000000065240 | 23 D0 05 00 00 00 00 00  4E D0 05 00 00 00 00 00  | #.......N.......
0000000000065250 | 73 D0 05 00 00 00 00 00  9C D0 05 00 00 00 00 00  | s...............
0000000000065260 | BD D0 05 00 00 00 00 00  9C D0 05 00 00 00 00 00  | ................
0000000000065270 | DB D0 05 00 00 00 00 00  DB D0 05 00 00 00 00 00  | ................
0000000000065280 | FF D0 05 00 00 00 00 00  1A D1 05 00 00 00 00 00  | ................
0000000000065290 | FF D0 05 00 00 00 00 00  41 D1 05 00 00 00 00 00  | ........A.......
00000000000652A0 | 01 00 00 00 00 00 00 00  C0 59 07 00 00 00 00 00  | .........Y......
00000000000652B0 | 00 00 00 00 00 00 00 00  85 01 00 00 28 00 00 00  | ............(...
00000000000652C0 | 28 00 00 00 00 00 00 00  00 00 00 00 00 00 00 00  | (...............
00000000000652D0 | B8 C9 05 00 00 00 00 00  00 00 00 00 00 00 00 00  | ................
00000000000652E0 | A0 52 06 00 00 00 00 00  00 00 00 00 00 00 00 00  | .R..............
00000000000652F0 | 00 00 00 00 00 00 00 00  00 00 00 00 00 00 00 00  | ................
0000000000065300 | 18 00 00 00 25 00 00 00  E9 60 05 00 00 00 00 00  | ....%....`......
0000000000065310 | A4 CD 05 00 00 00 00 00  A8 B2 01 00 00 00 00 00  | ................
0000000000065320 | 1A 6B 05 00 00 00 00 00  76 D1 05 00 00 00 00 00  | .k......v.......
0000000000065330 | B4 BC 01 00 00 00 00 00  1D 75 05 00 00 00 00 00  | .........u......
0000000000065340 | 76 D1 05 00 00 00 00 00  5C C1 01 00 00 00 00 00  | v.......\.......
0000000000065350 | D6 2B 05 00 00 00 00 00  85 CE 05 00 00 00 00 00  | .+..............
0000000000065360 | 68 C9 01 00 00 00 00 00  C9 68 05 00 00 00 00 00  | h........h......
0000000000065370 | 84 D1 05 00 00 00 00 00  B4 C9 01 00 00 00 00 00  | ................
0000000000065380 | 26 5B 05 00 00 00 00 00  85 CE 05 00 00 00 00 00  | &[..............
0000000000065390 | C0 D4 01 00 00 00 00 00  34 8A 05 00 00 00 00 00  | ........4.......
00000000000653A0 | 4F CF 05 00 00 00 00 00  40 D6 01 00 00 00 00 00  | O.......@.......
00000000000653B0 | 91 8C 05 00 00 00 00 00  85 CE 05 00 00 00 00 00  | ................
00000000000653C0 | 90 E5 01 00 00 00 00 00  66 8B 05 00 00 00 00 00  | ........f.......
00000000000653D0 | 47 CE 05 00 00 00 00 00  DC E5 01 00 00 00 00 00  | G...............
00000000000653E0 | FE 89 05 00 00 00 00 00  3E CF 05 00 00 00 00 00  | ........>.......
00000000000653F0 | D0 E7 01 00 00 00 00 00  90 5E 05 00 00 00 00 00  | .........^......
0000000000065400 | A4 CD 05 00 00 00 00 00  30 E9 01 00 00 00 00 00  | ........0.......
0000000000065410 | 7A 83 05 00 00 00 00 00  7A CE 05 00 00 00 00 00  | z.......z.......
0000000000065420 | 38 E9 01 00 00 00 00 00  FD 2B 05 00 00 00 00 00  | 8........+......
0000000000065430 | 9E D1 05 00 00 00 00 00  44 E9 01 00 00 00 00 00  | ........D.......
0000000000065440 | FC 35 05 00 00 00 00 00  A4 CD 05 00 00 00 00 00  | .5..............
0000000000065450 | 4C E9 01 00 00 00 00 00  F5 58 05 00 00 00 00 00  | L........X......
0000000000065460 | A4 CD 05 00 00 00 00 00  54 E9 01 00 00 00 00 00  | ........T.......
0000000000065470 | A1 82 05 00 00 00 00 00  7A CE 05 00 00 00 00 00  | ........z.......
0000000000065480 | 6C E9 01 00 00 00 00 00  41 51 05 00 00 00 00 00  | l.......AQ......
0000000000065490 | A4 CD 05 00 00 00 00 00  78 E9 01 00 00 00 00 00  | ........x.......
00000000000654A0 | 04 82 05 00 00 00 00 00  7A CE 05 00 00 00 00 00  | ........z.......
00000000000654B0 | 80 E9 01 00 00 00 00 00  4B 93 05 00 00 00 00 00  | ........K.......
00000000000654C0 | FD CE 05 00 00 00 00 00  8C E9 01 00 00 00 00 00  | ................
00000000000654D0 | 3F 87 05 00 00 00 00 00  A6 D1 05 00 00 00 00 00  | ?...............
00000000000654E0 | 94 E9 01 00 00 00 00 00  3C 93 05 00 00 00 00 00  | ........<.......
00000000000654F0 | FD CE 05 00 00 00 00 00  9C E9 01 00 00 00 00 00  | ................
0000000000065500 | 2C 87 05 00 00 00 00 00  A6 D1 05 00 00 00 00 00  | ,...............
0000000000065510 | A4 E9 01 00 00 00 00 00  C0 94 05 00 00 00 00 00  | ................
0000000000065520 | A4 CD 05 00 00 00 00 00  AC E9 01 00 00 00 00 00  | ................
0000000000065530 | 70 87 05 00 00 00 00 00  7A CE 05 00 00 00 00 00  | p.......z.......
0000000000065540 | B4 E9 01 00 00 00 00 00  B6 71 05 00 00 00 00 00  | .........q......
0000000000065550 | A4 CD 05 00 00 00 00 00  C0 E9 01 00 00 00 00 00  | ................
0000000000065560 | D3 85 05 00 00 00 00 00  7A CE 05 00 00 00 00 00  | ........z.......
0000000000065570 | C8 E9 01 00 00 00 00 00  53 75 05 00 00 00 00 00  | ........Su......
0000000000065580 | A4 CD 05 00 00 00 00 00  D4 E9 01 00 00 00 00 00  | ................
0000000000065590 | 04 3B 05 00 00 00 00 00  7A CE 05 00 00 00 00 00  | .;......z.......
00000000000655A0 | DC E9 01 00 00 00 00 00  5D 71 05 00 00 00 00 00  | ........]q......
00000000000655B0 | A4 CD 05 00 00 00 00 00  E8 E9 01 00 00 00 00 00  | ................
00000000000655C0 | 87 85 05 00 00 00 00 00  7A CE 05 00 00 00 00 00  | ........z.......
00000000000655D0 | F0 E9 01 00 00 00 00 00  6C 71 05 00 00 00 00 00  | ........lq......
00000000000655E0 | A4 CD 05 00 00 00 00 00  FC E9 01 00 00 00 00 00  | ................
00000000000655F0 | 9A 85 05 00 00 00 00 00  7A CE 05 00 00 00 00 00  | ........z.......
0000000000065600 | 04 EA 01 00 00 00 00 00  FE 58 05 00 00 00 00 00  | .........X......
0000000000065610 | A4 CD 05 00 00 00 00 00  10 EA 01 00 00 00 00 00  | ................
0000000000065620 | 0D 83 05 00 00 00 00 00  7A CE 05 00 00 00 00 00  | ........z.......
0000000000065630 | 18 EA 01 00 00 00 00 00  11 4D 05 00 00 00 00 00  | .........M......
0000000000065640 | A4 CD 05 00 00 00 00 00  24 EA 01 00 00 00 00 00  | ........$.......
0000000000065650 | A0 80 05 00 00 00 00 00  7A CE 05 00 00 00 00 00  | ........z.......
0000000000065660 | 2C EA 01 00 00 00 00 00  11 32 05 00 00 00 00 00  | ,........2......
0000000000065670 | 85 CE 05 00 00 00 00 00  38 EA 01 00 00 00 00 00  | ........8.......
0000000000065680 | 20 00 00 00 0F 00 00 00  7C EC 06 00 00 00 00 00  |  .......|.......
0000000000065690 | 86 38 05 00 00 00 00 00  B1 D1 05 00 00 00 00 00  | .8..............
00000000000656A0 | 00 00 00 00 01 00 00 00  80 EC 06 00 00 00 00 00  | ................
00000000000656B0 | 0F 42 05 00 00 00 00 00  B3 D1 05 00 00 00 00 00  | .B..............
00000000000656C0 | 01 00 00 00 02 00 00 00  84 EC 06 00 00 00 00 00  | ................
00000000000656D0 | 04 43 05 00 00 00 00 00  8D CE 05 00 00 00 00 00  | .C..............
00000000000656E0 | 03 00 00 00 08 00 00 00  88 EC 06 00 00 00 00 00  | ................
00000000000656F0 | FE 41 05 00 00 00 00 00  8D CE 05 00 00 00 00 00  | .A..............
0000000000065700 | 03 00 00 00 08 00 00 00  8C EC 06 00 00 00 00 00  | ................
0000000000065710 | E5 41 05 00 00 00 00 00  B5 D1 05 00 00 00 00 00  | .A..............
0000000000065720 | 03 00 00 00 08 00 00 00  90 EC 06 00 00 00 00 00  | ................
0000000000065730 | EC 40 05 00 00 00 00 00  D3 D1 05 00 00 00 00 00  | .@..............
0000000000065740 | 03 00 00 00 08 00 00 00  94 EC 06 00 00 00 00 00  | ................
0000000000065750 | B8 47 05 00 00 00 00 00  F2 D1 05 00 00 00 00 00  | .G..............
0000000000065760 | 03 00 00 00 08 00 00 00  98 EC 06 00 00 00 00 00  | ................
0000000000065770 | 08 2A 05 00 00 00 00 00  F2 D1 05 00 00 00 00 00  | .*..............
0000000000065780 | 03 00 00 00 08 00 00 00  9C EC 06 00 00 00 00 00  | ................
0000000000065790 | 26 48 05 00 00 00 00 00  8D CE 05 00 00 00 00 00  | &H..............
00000000000657A0 | 03 00 00 00 08 00 00 00  A0 EC 06 00 00 00 00 00  | ................
00000000000657B0 | 77 44 05 00 00 00 00 00  8D CE 05 00 00 00 00 00  | wD..............
00000000000657C0 | 03 00 00 00 08 00 00 00  A4 EC 06 00 00 00 00 00  | ................
00000000000657D0 | 0A 45 05 00 00 00 00 00  F4 D1 05 00 00 00 00 00  | .E..............
00000000000657E0 | 03 00 00 00 08 00 00 00  A8 EC 06 00 00 00 00 00  | ................
00000000000657F0 | 7B 29 05 00 00 00 00 00  F4 D1 05 00 00 00 00 00  | {)..............
0000000000065800 | 03 00 00 00 08 00 00 00  AC EC 06 00 00 00 00 00  | ................
0000000000065810 | 3C 44 05 00 00 00 00 00  06 D2 05 00 00 00 00 00  | <D..............
0000000000065820 | 03 00 00 00 08 00 00 00  B0 EC 06 00 00 00 00 00  | ................
0000000000065830 | EF 41 05 00 00 00 00 00  D3 D1 05 00 00 00 00 00  | .A..............
0000000000065840 | 03 00 00 00 08 00 00 00  B4 EC 06 00 00 00 00 00  | ................
0000000000065850 | F3 3F 05 00 00 00 00 00  1D D2 05 00 00 00 00 00  | .?..............
0000000000065860 | 03 00 00 00 08 00 00 00  10 00 00 00 12 00 00 00  | ................
0000000000065870 | 53 75 05 00 00 00 00 00  A4 2A 05 00 00 00 00 00  | Su.......*......
0000000000065880 | 5D 71 05 00 00 00 00 00  92 34 05 00 00 00 00 00  | ]q.......4......
0000000000065890 | 6C 71 05 00 00 00 00 00  58 34 05 00 00 00 00 00  | lq......X4......
00000000000658A0 | FE 58 05 00 00 00 00 00  33 37 05 00 00 00 00 00  | .X......37......
00000000000658B0 | 4B 93 05 00 00 00 00 00  C1 3D 05 00 00 00 00 00  | K........=......
00000000000658C0 | 3C 93 05 00 00 00 00 00  AB 3D 05 00 00 00 00 00  | <........=......
00000000000658D0 | 11 4D 05 00 00 00 00 00  0C 36 05 00 00 00 00 00  | .M.......6......
00000000000658E0 | 90 5E 05 00 00 00 00 00  8D 2D 05 00 00 00 00 00  | .^.......-......
00000000000658F0 | FD 2B 05 00 00 00 00 00  34 3E 05 00 00 00 00 00  | .+......4>......
0000000000065900 | FC 35 05 00 00 00 00 00  F1 38 05 00 00 00 00 00  | .5.......8......
0000000000065910 | F5 58 05 00 00 00 00 00  1A 34 05 00 00 00 00 00  | .X.......4......
0000000000065920 | 41 51 05 00 00 00 00 00  FC 2C 05 00 00 00 00 00  | AQ.......,......
0000000000065930 | C0 94 05 00 00 00 00 00  11 38 05 00 00 00 00 00  | .........8......
0000000000065940 | B6 71 05 00 00 00 00 00  CB 2D 05 00 00 00 00 00  | .q.......-......
0000000000065950 | 8B 62 05 00 00 00 00 00  DA 3D 05 00 00 00 00 00  | .b.......=......
0000000000065960 | 75 90 05 00 00 00 00 00  D3 29 05 00 00 00 00 00  | u........)......
0000000000065970 | 71 59 05 00 00 00 00 00  77 2E 05 00 00 00 00 00  | qY......w.......
0000000000065980 | AC 58 05 00 00 00 00 00  77 2E 05 00 00 00 00 00  | .X......w.......
0000000000065990 | 84 01 00 00 08 00 00 00  78 00 00 00 00 00 00 00  | ........x.......
00000000000659A0 | F9 C9 05 00 00 00 00 00  B8 C9 05 00 00 00 00 00  | ................
00000000000659B0 | 00 53 06 00 00 00 00 00  A0 52 06 00 00 00 00 00  | .S.......R......
00000000000659C0 | 80 56 06 00 00 00 00 00  FD C9 05 00 00 00 00 00  | .V..............
00000000000659D0 | 68 58 06 00 00 00 00 00  18 00 00 00 0B 00 00 00  | hX..............
00000000000659E0 | 21 80 05 00 00 00 00 00  A4 CD 05 00 00 00 00 00  | !...............
00000000000659F0 | D4 EA 01 00 00 00 00 00  B2 28 05 00 00 00 00 00  | .........(......
0000000000065A00 | A4 CD 05 00 00 00 00 00  2C EC 01 00 00 00 00 00  | ........,.......
0000000000065A10 | F7 95 05 00 00 00 00 00  A4 CD 05 00 00 00 00 00  | ................
0000000000065A20 | 80 ED 01 00 00 00 00 00  45 50 05 00 00 00 00 00  | ........EP......
0000000000065A30 | A4 CD 05 00 00 00 00 00  D8 EE 01 00 00 00 00 00  | ................
0000000000065A40 | 05 5A 05 00 00 00 00 00  A4 CD 05 00 00 00 00 00  | .Z..............
0000000000065A50 | 30 F0 01 00 00 00 00 00  FE 28 05 00 00 00 00 00  | 0........(......
0000000000065A60 | A4 CD 05 00 00 00 00 00  44 F1 01 00 00 00 00 00  | ........D.......
0000000000065A70 | 43 33 05 00 00 00 00 00  A4 CD 05 00 00 00 00 00  | C3..............
0000000000065A80 | 00 F2 01 00 00 00 00 00  59 76 05 00 00 00 00 00  | ........Yv......
0000000000065A90 | A4 CD 05 00 00 00 00 00  D0 F2 01 00 00 00 00 00  | ................
0000000000065AA0 | 4D 76 05 00 00 00 00 00  A4 CD 05 00 00 00 00 00  | Mv..............
0000000000065AB0 | 94 F4 01 00 00 00 00 00  E2 92 05 00 00 00 00 00  | ................
0000000000065AC0 | BA CD 05 00 00 00 00 00  78 F7 01 00 00 00 00 00  | ........x.......
0000000000065AD0 | 61 6E 05 00 00 00 00 00  2D D2 05 00 00 00 00 00  | an......-.......
0000000000065AE0 | AC F8 01 00 00 00 00 00  81 00 00 00 28 00 00 00  | ............(...
0000000000065AF0 | 28 00 00 00 00 00 00 00  00 00 00 00 00 00 00 00  | (...............
0000000000065B00 | FF C9 05 00 00 00 00 00  D8 59 06 00 00 00 00 00  | .........Y......
0000000000065B10 | 00 00 00 00 00 00 00 00  00 00 00 00 00 00 00 00  | ................
0000000000065B20 | 00 00 00 00 00 00 00 00  00 00 00 00 00 00 00 00  | ................
0000000000065B30 | 80 00 00 00 08 00 00 00  08 00 00 00 00 00 00 00  | ................
0000000000065B40 | 00 00 00 00 00 00 00 00  FF C9 05 00 00 00 00 00  | ................
0000000000065B50 | 00 00 00 00 00 00 00 00  00 00 00 00 00 00 00 00  | ................
0000000000065B60 | 00 00 00 00 00 00 00 00  00 00 00 00 00 00 00 00  | ................
0000000000065B70 | 00 00 00 00 00 00 00 00  18 00 00 00 01 00 00 00  | ................
0000000000065B80 | 2F 6F 05 00 00 00 00 00  A4 CD 05 00 00 00 00 00  | /o..............
0000000000065B90 | F8 F9 01 00 00 00 00 00  85 01 00 00 28 00 00 00  | ............(...
0000000000065BA0 | 28 00 00 00 00 00 00 00  00 00 00 00 00 00 00 00  | (...............
0000000000065BB0 | 10 CA 05 00 00 00 00 00  78 5B 06 00 00 00 00 00  | ........x[......
0000000000065BC0 | 00 00 00 00 00 00 00 00  00 00 00 00 00 00 00 00  | ................
0000000000065BD0 | 00 00 00 00 00 00 00 00  00 00 00 00 00 00 00 00  | ................
0000000000065BE0 | 18 00 00 00 04 00 00 00  77 52 05 00 00 00 00 00  | ........wR......
0000000000065BF0 | 38 D2 05 00 00 00 00 00  04 FA 01 00 00 00 00 00  | 8...............
0000000000065C00 | 71 59 05 00 00 00 00 00  A4 CD 05 00 00 00 00 00  | qY..............
0000000000065C10 | 2C FB 01 00 00 00 00 00  0A 4E 05 00 00 00 00 00  | ,........N......
0000000000065C20 | A4 CD 05 00 00 00 00 00  3C FD 01 00 00 00 00 00  | ........<.......
0000000000065C30 | 11 32 05 00 00 00 00 00  85 CE 05 00 00 00 00 00  | .2..............
0000000000065C40 | 4C FD 01 00 00 00 00 00  20 00 00 00 01 00 00 00  | L....... .......
0000000000065C50 | B8 EC 06 00 00 00 00 00  03 40 05 00 00 00 00 00  | .........@......
0000000000065C60 | 1D D2 05 00 00 00 00 00  03 00 00 00 08 00 00 00  | ................
0000000000065C70 | 10 00 00 00 01 00 00 00  0A 4E 05 00 00 00 00 00  | .........N......
0000000000065C80 | 0D 2C 05 00 00 00 00 00  84 01 00 00 B8 00 00 00  | .,..............
0000000000065C90 | C0 00 00 00 00 00 00 00  A3 C9 05 00 00 00 00 00  | ................
0000000000065CA0 | 10 CA 05 00 00 00 00 00  E0 5B 06 00 00 00 00 00  | .........[......
0000000000065CB0 | 00 00 00 00 00 00 00 00  48 5C 06 00 00 00 00 00  | ........H\......
0000000000065CC0 | 00 00 00 00 00 00 00 00  70 5C 06 00 00 00 00 00  | ........p\......
0000000000065CD0 | 85 01 00 00 28 00 00 00  28 00 00 00 00 00 00 00  | ....(...(.......
0000000000065CE0 | 00 00 00 00 00 00 00 00  32 CA 05 00 00 00 00 00  | ........2.......
0000000000065CF0 | 00 00 00 00 00 00 00 00  00 00 00 00 00 00 00 00  | ................
0000000000065D00 | 00 00 00 00 00 00 00 00  00 00 00 00 00 00 00 00  | ................
0000000000065D10 | 00 00 00 00 00 00 00 00  18 00 00 00 08 00 00 00  | ................
0000000000065D20 | C1 67 05 00 00 00 00 00  44 D2 05 00 00 00 00 00  | .g......D.......
0000000000065D30 | 60 FD 01 00 00 00 00 00  D6 2B 05 00 00 00 00 00  | `........+......
0000000000065D40 | 85 CE 05 00 00 00 00 00  44 FE 01 00 00 00 00 00  | ........D.......
0000000000065D50 | FC 70 05 00 00 00 00 00  38 D2 05 00 00 00 00 00  | .p......8.......
0000000000065D60 | A0 FE 01 00 00 00 00 00  B5 96 05 00 00 00 00 00  | ................
0000000000065D70 | 5B D2 05 00 00 00 00 00  28 00 02 00 00 00 00 00  | [.......(.......
0000000000065D80 | 77 52 05 00 00 00 00 00  38 D2 05 00 00 00 00 00  | wR......8.......
0000000000065D90 | E4 01 02 00 00 00 00 00  71 59 05 00 00 00 00 00  | ........qY......
0000000000065DA0 | A4 CD 05 00 00 00 00 00  40 03 02 00 00 00 00 00  | ........@.......
0000000000065DB0 | 25 92 05 00 00 00 00 00  A4 CD 05 00 00 00 00 00  | %...............
0000000000065DC0 | F0 03 02 00 00 00 00 00  11 32 05 00 00 00 00 00  | .........2......
0000000000065DD0 | 85 CE 05 00 00 00 00 00  00 04 02 00 00 00 00 00  | ................
0000000000065DE0 | 20 00 00 00 02 00 00 00  BC EC 06 00 00 00 00 00  |  ...............
0000000000065DF0 | 91 47 05 00 00 00 00 00  8D CE 05 00 00 00 00 00  | .G..............
0000000000065E00 | 03 00 00 00 08 00 00 00  C0 EC 06 00 00 00 00 00  | ................
0000000000065E10 | FE 42 05 00 00 00 00 00  6A D2 05 00 00 00 00 00  | .B......j.......
0000000000065E20 | 02 00 00 00 04 00 00 00  10 00 00 00 01 00 00 00  | ................
0000000000065E30 | 25 92 05 00 00 00 00 00  D5 2F 05 00 00 00 00 00  | %......../......
0000000000065E40 | 84 01 00 00 A0 00 00 00  AC 00 00 00 00 00 00 00  | ................
0000000000065E50 | A3 C9 05 00 00 00 00 00  32 CA 05 00 00 00 00 00  | ........2.......
0000000000065E60 | 18 5D 06 00 00 00 00 00  00 00 00 00 00 00 00 00  | .]..............
0000000000065E70 | E0 5D 06 00 00 00 00 00  00 00 00 00 00 00 00 00  | .]..............
0000000000065E80 | 28 5E 06 00 00 00 00 00  18 00 00 00 04 00 00 00  | (^..............
0000000000065E90 | 45 7C 05 00 00 00 00 00  BA CD 05 00 00 00 00 00  | E|..............
0000000000065EA0 | 14 04 02 00 00 00 00 00  9C 7C 05 00 00 00 00 00  | .........|......
0000000000065EB0 | 55 CE 05 00 00 00 00 00  7C 04 02 00 00 00 00 00  | U.......|.......
0000000000065EC0 | 57 7C 05 00 00 00 00 00  6C D2 05 00 00 00 00 00  | W|......l.......
0000000000065ED0 | EC 04 02 00 00 00 00 00  73 7C 05 00 00 00 00 00  | ........s|......
0000000000065EE0 | 86 D2 05 00 00 00 00 00  6C 05 02 00 00 00 00 00  | ........l.......
0000000000065EF0 | 85 01 00 00 28 00 00 00  28 00 00 00 00 00 00 00  | ....(...(.......
0000000000065F00 | 00 00 00 00 00 00 00 00  4A CA 05 00 00 00 00 00  | ........J.......
0000000000065F10 | 88 5E 06 00 00 00 00 00  00 00 00 00 00 00 00 00  | .^..............
0000000000065F20 | 00 00 00 00 00 00 00 00  00 00 00 00 00 00 00 00  | ................
0000000000065F30 | 00 00 00 00 00 00 00 00  18 00 00 00 09 00 00 00  | ................
0000000000065F40 | D0 66 05 00 00 00 00 00  BA CD 05 00 00 00 00 00  | .f..............
0000000000065F50 | F4 05 02 00 00 00 00 00  1B 67 05 00 00 00 00 00  | .........g......
0000000000065F60 | 55 CE 05 00 00 00 00 00  0C 06 02 00 00 00 00 00  | U...............
0000000000065F70 | DE 66 05 00 00 00 00 00  6C D2 05 00 00 00 00 00  | .f......l.......
0000000000065F80 | 24 06 02 00 00 00 00 00  F6 66 05 00 00 00 00 00  | $........f......
0000000000065F90 | 86 D2 05 00 00 00 00 00  34 06 02 00 00 00 00 00  | ........4.......
0000000000065FA0 | FC 70 05 00 00 00 00 00  38 D2 05 00 00 00 00 00  | .p......8.......
0000000000065FB0 | 44 0A 02 00 00 00 00 00  C6 76 05 00 00 00 00 00  | D........v......
0000000000065FC0 | A3 D2 05 00 00 00 00 00  CC 0C 02 00 00 00 00 00  | ................
0000000000065FD0 | 71 52 05 00 00 00 00 00  85 CE 05 00 00 00 00 00  | qR..............
0000000000065FE0 | C4 0E 02 00 00 00 00 00  71 59 05 00 00 00 00 00  | ........qY......
0000000000065FF0 | A4 CD 05 00 00 00 00 00  D4 0E 02 00 00 00 00 00  | ................
0000000000066000 | 11 32 05 00 00 00 00 00  85 CE 05 00 00 00 00 00  | .2..............
0000000000066010 | 84 0F 02 00 00 00 00 00  20 00 00 00 04 00 00 00  | ........ .......
0000000000066020 | C4 EC 06 00 00 00 00 00  81 44 05 00 00 00 00 00  | .........D......
0000000000066030 | 8D CE 05 00 00 00 00 00  03 00 00 00 08 00 00 00  | ................
0000000000066040 | C8 EC 06 00 00 00 00 00  4B 29 05 00 00 00 00 00  | ........K)......
0000000000066050 | F2 D1 05 00 00 00 00 00  03 00 00 00 08 00 00 00  | ................
0000000000066060 | CC EC 06 00 00 00 00 00  FB 46 05 00 00 00 00 00  | .........F......
0000000000066070 | F2 D1 05 00 00 00 00 00  03 00 00 00 08 00 00 00  | ................
0000000000066080 | D0 EC 06 00 00 00 00 00  FE 42 05 00 00 00 00 00  | .........B......
0000000000066090 | 6A D2 05 00 00 00 00 00  02 00 00 00 04 00 00 00  | j...............
00000000000660A0 | 84 01 00 00 58 00 00 00  74 00 00 00 00 00 00 00  | ....X...t.......
00000000000660B0 | A3 C9 05 00 00 00 00 00  4A CA 05 00 00 00 00 00  | ........J.......
00000000000660C0 | 38 5F 06 00 00 00 00 00  00 00 00 00 00 00 00 00  | 8_..............
00000000000660D0 | 18 60 06 00 00 00 00 00  00 00 00 00 00 00 00 00  | .`..............
00000000000660E0 | 00 00 00 00 00 00 00 00  18 00 00 00 02 00 00 00  | ................
00000000000660F0 | 02 7C 05 00 00 00 00 00  AF D2 05 00 00 00 00 00  | .|..............
0000000000066100 | 98 0F 02 00 00 00 00 00  D8 7B 05 00 00 00 00 00  | .........{......
0000000000066110 | AF D2 05 00 00 00 00 00  1C 10 02 00 00 00 00 00  | ................
0000000000066120 | 85 01 00 00 28 00 00 00  28 00 00 00 00 00 00 00  | ....(...(.......
0000000000066130 | 00 00 00 00 00 00 00 00  63 CA 05 00 00 00 00 00  | ........c.......
0000000000066140 | E8 60 06 00 00 00 00 00  00 00 00 00 00 00 00 00  | .`..............
0000000000066150 | 00 00 00 00 00 00 00 00  00 00 00 00 00 00 00 00  | ................
0000000000066160 | 00 00 00 00 00 00 00 00  18 00 00 00 05 00 00 00  | ................
0000000000066170 | 26 65 05 00 00 00 00 00  AF D2 05 00 00 00 00 00  | &e..............
0000000000066180 | A0 10 02 00 00 00 00 00  00 65 05 00 00 00 00 00  | .........e......
0000000000066190 | AF D2 05 00 00 00 00 00  E4 11 02 00 00 00 00 00  | ................
00000000000661A0 | 7A 4E 05 00 00 00 00 00  BE D2 05 00 00 00 00 00  | zN..............
00000000000661B0 | A0 12 02 00 00 00 00 00  71 59 05 00 00 00 00 00  | ........qY......
00000000000661C0 | A4 CD 05 00 00 00 00 00  B8 12 02 00 00 00 00 00  | ................
00000000000661D0 | 11 32 05 00 00 00 00 00  85 CE 05 00 00 00 00 00  | .2..............
00000000000661E0 | 4C 13 02 00 00 00 00 00  20 00 00 00 01 00 00 00  | L....... .......
00000000000661F0 | D4 EC 06 00 00 00 00 00  B4 40 05 00 00 00 00 00  | .........@......
0000000000066200 | CA D2 05 00 00 00 00 00  03 00 00 00 08 00 00 00  | ................
0000000000066210 | 84 01 00 00 58 00 00 00  60 00 00 00 00 00 00 00  | ....X...`.......
0000000000066220 | A3 C9 05 00 00 00 00 00  63 CA 05 00 00 00 00 00  | ........c.......
0000000000066230 | 68 61 06 00 00 00 00 00  00 00 00 00 00 00 00 00  | ha..............
0000000000066240 | E8 61 06 00 00 00 00 00  00 00 00 00 00 00 00 00  | .a..............
0000000000066250 | 00 00 00 00 00 00 00 00  18 00 00 00 01 00 00 00  | ................
0000000000066260 | 10 6A 05 00 00 00 00 00  85 CE 05 00 00 00 00 00  | .j..............
0000000000066270 | D8 27 02 00 00 00 00 00  85 01 00 00 28 00 00 00  | .'..........(...
0000000000066280 | 28 00 00 00 00 00 00 00  00 00 00 00 00 00 00 00  | (...............
0000000000066290 | 8B CA 05 00 00 00 00 00  58 62 06 00 00 00 00 00  | ........Xb......
00000000000662A0 | 00 00 00 00 00 00 00 00  00 00 00 00 00 00 00 00  | ................
00000000000662B0 | 00 00 00 00 00 00 00 00  00 00 00 00 00 00 00 00  | ................
00000000000662C0 | 20 00 00 00 0E 00 00 00  DC EC 06 00 00 00 00 00  |  ...............
00000000000662D0 | B9 29 05 00 00 00 00 00  2A D3 05 00 00 00 00 00  | .)......*.......
00000000000662E0 | 03 00 00 00 08 00 00 00  F4 EC 06 00 00 00 00 00  | ................
00000000000662F0 | E7 43 05 00 00 00 00 00  3A D3 05 00 00 00 00 00  | .C......:.......
0000000000066300 | 03 00 00 00 08 00 00 00  F8 EC 06 00 00 00 00 00  | ................
0000000000066310 | 74 46 05 00 00 00 00 00  3A D3 05 00 00 00 00 00  | tF......:.......
0000000000066320 | 03 00 00 00 08 00 00 00  D8 EC 06 00 00 00 00 00  | ................
0000000000066330 | 79 33 05 00 00 00 00 00  6A D2 05 00 00 00 00 00  | y3......j.......
0000000000066340 | 02 00 00 00 04 00 00 00  E0 EC 06 00 00 00 00 00  | ................
0000000000066350 | C5 40 05 00 00 00 00 00  F2 D1 05 00 00 00 00 00  | .@..............
0000000000066360 | 03 00 00 00 08 00 00 00  FC EC 06 00 00 00 00 00  | ................
0000000000066370 | D0 40 05 00 00 00 00 00  F2 D1 05 00 00 00 00 00  | .@..............
0000000000066380 | 03 00 00 00 08 00 00 00  00 ED 06 00 00 00 00 00  | ................
0000000000066390 | 30 48 05 00 00 00 00 00  B1 D1 05 00 00 00 00 00  | 0H..............
00000000000663A0 | 00 00 00 00 01 00 00 00  E4 EC 06 00 00 00 00 00  | ................
00000000000663B0 | 48 33 05 00 00 00 00 00  44 D3 05 00 00 00 00 00  | H3......D.......
00000000000663C0 | 03 00 00 00 08 00 00 00  E8 EC 06 00 00 00 00 00  | ................
00000000000663D0 | 83 46 05 00 00 00 00 00  58 D3 05 00 00 00 00 00  | .F......X.......
00000000000663E0 | 03 00 00 00 08 00 00 00  04 ED 06 00 00 00 00 00  | ................
00000000000663F0 | 5C 43 05 00 00 00 00 00  6F D3 05 00 00 00 00 00  | \C......o.......
0000000000066400 | 03 00 00 00 08 00 00 00  EC EC 06 00 00 00 00 00  | ................
0000000000066410 | A9 46 05 00 00 00 00 00  44 D3 05 00 00 00 00 00  | .F......D.......
0000000000066420 | 03 00 00 00 08 00 00 00  F0 EC 06 00 00 00 00 00  | ................
0000000000066430 | 9F 46 05 00 00 00 00 00  86 D3 05 00 00 00 00 00  | .F..............
0000000000066440 | 03 00 00 00 08 00 00 00  08 ED 06 00 00 00 00 00  | ................
0000000000066450 | 54 47 05 00 00 00 00 00  9E D3 05 00 00 00 00 00  | TG..............
0000000000066460 | 03 00 00 00 08 00 00 00  0C ED 06 00 00 00 00 00  | ................
0000000000066470 | 2C 33 05 00 00 00 00 00  B1 D1 05 00 00 00 00 00  | ,3..............
0000000000066480 | 00 00 00 00 01 00 00 00  10 00 00 00 08 00 00 00  | ................
0000000000066490 | 28 80 05 00 00 00 00 00  D9 2A 05 00 00 00 00 00  | (........*......
00000000000664A0 | F9 94 05 00 00 00 00 00  DA 3C 05 00 00 00 00 00  | .........<......
00000000000664B0 | A0 6C 05 00 00 00 00 00  8A 2B 05 00 00 00 00 00  | .l.......+......
00000000000664C0 | B1 6C 05 00 00 00 00 00  AD 38 05 00 00 00 00 00  | .l.......8......
00000000000664D0 | C4 79 05 00 00 00 00 00  B3 35 05 00 00 00 00 00  | .y.......5......
00000000000664E0 | D6 79 05 00 00 00 00 00  AD 38 05 00 00 00 00 00  | .y.......8......
00000000000664F0 | 3C 93 05 00 00 00 00 00  E6 3D 05 00 00 00 00 00  | <........=......
0000000000066500 | 4B 93 05 00 00 00 00 00  F9 3D 05 00 00 00 00 00  | K........=......
0000000000066510 | 84 01 00 00 08 00 00 00  71 00 00 00 00 00 00 00  | ........q.......
0000000000066520 | A2 CA 05 00 00 00 00 00  8B CA 05 00 00 00 00 00  | ................
0000000000066530 | 58 F3 06 00 00 00 00 00  00 00 00 00 00 00 00 00  | X...............
0000000000066540 | C0 62 06 00 00 00 00 00  00 00 00 00 00 00 00 00  | .b..............
0000000000066550 | 88 64 06 00 00 00 00 00  10 00 00 00 03 00 00 00  | .d..............
0000000000066560 | 3D 92 05 00 00 00 00 00  AD 38 05 00 00 00 00 00  | =........8......
0000000000066570 | 9B 6B 05 00 00 00 00 00  83 31 05 00 00 00 00 00  | .k.......1......
0000000000066580 | 88 57 05 00 00 00 00 00  8D 35 05 00 00 00 00 00  | .W.......5......
0000000000066590 | 85 01 00 00 28 00 00 00  28 00 00 00 00 00 00 00  | ....(...(.......
00000000000665A0 | 00 00 00 00 00 00 00 00  B2 CA 05 00 00 00 00 00  | ................
00000000000665B0 | 00 00 00 00 00 00 00 00  00 00 00 00 00 00 00 00  | ................
00000000000665C0 | 00 00 00 00 00 00 00 00  00 00 00 00 00 00 00 00  | ................
00000000000665D0 | 00 00 00 00 00 00 00 00  20 00 00 00 03 00 00 00  | ........ .......
00000000000665E0 | 10 ED 06 00 00 00 00 00  C1 41 05 00 00 00 00 00  | .........A......
00000000000665F0 | C1 D3 05 00 00 00 00 00  03 00 00 00 08 00 00 00  | ................
0000000000066600 | 18 ED 06 00 00 00 00 00  A0 47 05 00 00 00 00 00  | .........G......
0000000000066610 | 8D CE 05 00 00 00 00 00  03 00 00 00 08 00 00 00  | ................
0000000000066620 | 14 ED 06 00 00 00 00 00  A2 43 05 00 00 00 00 00  | .........C......
0000000000066630 | D2 D3 05 00 00 00 00 00  03 00 00 00 08 00 00 00  | ................
0000000000066640 | 84 01 00 00 A0 00 00 00  B8 00 00 00 00 00 00 00  | ................
0000000000066650 | CA CA 05 00 00 00 00 00  B2 CA 05 00 00 00 00 00  | ................
0000000000066660 | C8 F6 06 00 00 00 00 00  00 00 00 00 00 00 00 00  | ................
0000000000066670 | D8 65 06 00 00 00 00 00  00 00 00 00 00 00 00 00  | .e..............
0000000000066680 | 58 65 06 00 00 00 00 00  85 01 00 00 28 00 00 00  | Xe..........(...
0000000000066690 | 28 00 00 00 00 00 00 00  00 00 00 00 00 00 00 00  | (...............
00000000000666A0 | D7 CA 05 00 00 00 00 00  00 00 00 00 00 00 00 00  | ................
00000000000666B0 | 00 00 00 00 00 00 00 00  00 00 00 00 00 00 00 00  | ................
00000000000666C0 | 00 00 00 00 00 00 00 00  00 00 00 00 00 00 00 00  | ................
00000000000666D0 | 18 00 00 00 05 00 00 00  86 65 05 00 00 00 00 00  | .........e......
00000000000666E0 | AC CD 05 00 00 00 00 00  CC 52 02 00 00 00 00 00  | .........R......
00000000000666F0 | 3E 56 05 00 00 00 00 00  A4 CD 05 00 00 00 00 00  | >V..............
0000000000066700 | AC 53 02 00 00 00 00 00  32 56 05 00 00 00 00 00  | .S......2V......
0000000000066710 | A4 CD 05 00 00 00 00 00  B4 53 02 00 00 00 00 00  | .........S......
0000000000066720 | 2F 6F 05 00 00 00 00 00  A4 CD 05 00 00 00 00 00  | /o..............
0000000000066730 | BC 53 02 00 00 00 00 00  11 32 05 00 00 00 00 00  | .S.......2......
0000000000066740 | 85 CE 05 00 00 00 00 00  C4 53 02 00 00 00 00 00  | .........S......
0000000000066750 | 20 00 00 00 03 00 00 00  1C ED 06 00 00 00 00 00  |  ...............
0000000000066760 | 2D 41 05 00 00 00 00 00  8D CE 05 00 00 00 00 00  | -A..............
0000000000066770 | 03 00 00 00 08 00 00 00  20 ED 06 00 00 00 00 00  | ........ .......
0000000000066780 | 20 41 05 00 00 00 00 00  8D CE 05 00 00 00 00 00  |  A..............
0000000000066790 | 03 00 00 00 08 00 00 00  24 ED 06 00 00 00 00 00  | ........$.......
00000000000667A0 | 0F 44 05 00 00 00 00 00  8D CE 05 00 00 00 00 00  | .D..............
00000000000667B0 | 03 00 00 00 08 00 00 00  10 00 00 00 03 00 00 00  | ................
00000000000667C0 | 3E 56 05 00 00 00 00 00  C7 2E 05 00 00 00 00 00  | >V..............
00000000000667D0 | 32 56 05 00 00 00 00 00  CE 38 05 00 00 00 00 00  | 2V.......8......
00000000000667E0 | 2F 6F 05 00 00 00 00 00  22 2F 05 00 00 00 00 00  | /o......"/......
00000000000667F0 | 84 01 00 00 08 00 00 00  20 00 00 00 00 00 00 00  | ........ .......
0000000000066800 | CA CA 05 00 00 00 00 00  D7 CA 05 00 00 00 00 00  | ................
0000000000066810 | D0 66 06 00 00 00 00 00  00 00 00 00 00 00 00 00  | .f..............
0000000000066820 | 50 67 06 00 00 00 00 00  00 00 00 00 00 00 00 00  | Pg..............
0000000000066830 | B8 67 06 00 00 00 00 00  85 01 00 00 28 00 00 00  | .g..........(...
0000000000066840 | 28 00 00 00 00 00 00 00  00 00 00 00 00 00 00 00  | (...............
0000000000066850 | ED CA 05 00 00 00 00 00  00 00 00 00 00 00 00 00  | ................
0000000000066860 | 00 00 00 00 00 00 00 00  00 00 00 00 00 00 00 00  | ................
0000000000066870 | 00 00 00 00 00 00 00 00  00 00 00 00 00 00 00 00  | ................
0000000000066880 | 18 00 00 00 05 00 00 00  A7 65 05 00 00 00 00 00  | .........e......
0000000000066890 | B0 D3 05 00 00 00 00 00  00 54 02 00 00 00 00 00  | .........T......
00000000000668A0 | 71 59 05 00 00 00 00 00  A4 CD 05 00 00 00 00 00  | qY..............
00000000000668B0 | 6C 55 02 00 00 00 00 00  88 57 05 00 00 00 00 00  | lU.......W......
00000000000668C0 | A4 CD 05 00 00 00 00 00  1C 56 02 00 00 00 00 00  | .........V......
00000000000668D0 | 8C 8E 05 00 00 00 00 00  A4 CD 05 00 00 00 00 00  | ................
00000000000668E0 | 2C 56 02 00 00 00 00 00  11 32 05 00 00 00 00 00  | ,V.......2......
00000000000668F0 | 85 CE 05 00 00 00 00 00  3C 56 02 00 00 00 00 00  | ........<V......
0000000000066900 | 20 00 00 00 02 00 00 00  28 ED 06 00 00 00 00 00  |  .......(.......
0000000000066910 | C1 41 05 00 00 00 00 00  3A D3 05 00 00 00 00 00  | .A......:.......
0000000000066920 | 03 00 00 00 08 00 00 00  2C ED 06 00 00 00 00 00  | ........,.......
0000000000066930 | CA 33 05 00 00 00 00 00  8D CE 05 00 00 00 00 00  | .3..............
0000000000066940 | 03 00 00 00 08 00 00 00  10 00 00 00 02 00 00 00  | ................
0000000000066950 | 88 57 05 00 00 00 00 00  8D 35 05 00 00 00 00 00  | .W.......5......
0000000000066960 | 8C 8E 05 00 00 00 00 00  F9 39 05 00 00 00 00 00  | .........9......
0000000000066970 | 84 01 00 00 20 00 00 00  30 00 00 00 00 00 00 00  | .... ...0.......
0000000000066980 | 0B CB 05 00 00 00 00 00  ED CA 05 00 00 00 00 00  | ................
0000000000066990 | 80 68 06 00 00 00 00 00  00 00 00 00 00 00 00 00  | .h..............
00000000000669A0 | 00 69 06 00 00 00 00 00  00 00 00 00 00 00 00 00  | .i..............
00000000000669B0 | 48 69 06 00 00 00 00 00  85 01 00 00 28 00 00 00  | Hi..........(...
00000000000669C0 | 28 00 00 00 00 00 00 00  00 00 00 00 00 00 00 00  | (...............
00000000000669D0 | 0D CB 05 00 00 00 00 00  00 00 00 00 00 00 00 00  | ................
00000000000669E0 | 00 00 00 00 00 00 00 00  00 00 00 00 00 00 00 00  | ................
00000000000669F0 | 00 00 00 00 00 00 00 00  00 00 00 00 00 00 00 00  | ................
0000000000066A00 | 18 00 00 00 06 00 00 00  CD 65 05 00 00 00 00 00  | .........e......
0000000000066A10 | D4 D3 05 00 00 00 00 00  7C 56 02 00 00 00 00 00  | ........|V......
0000000000066A20 | D6 2B 05 00 00 00 00 00  85 CE 05 00 00 00 00 00  | .+..............
0000000000066A30 | 64 57 02 00 00 00 00 00  71 59 05 00 00 00 00 00  | dW......qY......
0000000000066A40 | A4 CD 05 00 00 00 00 00  C0 57 02 00 00 00 00 00  | .........W......
0000000000066A50 | E7 5E 05 00 00 00 00 00  A4 CD 05 00 00 00 00 00  | .^..............
0000000000066A60 | 64 58 02 00 00 00 00 00  25 92 05 00 00 00 00 00  | dX......%.......
0000000000066A70 | A4 CD 05 00 00 00 00 00  74 58 02 00 00 00 00 00  | ........tX......
0000000000066A80 | 11 32 05 00 00 00 00 00  85 CE 05 00 00 00 00 00  | .2..............
0000000000066A90 | 84 58 02 00 00 00 00 00  20 00 00 00 02 00 00 00  | .X...... .......
0000000000066AA0 | 30 ED 06 00 00 00 00 00  10 43 05 00 00 00 00 00  | 0........C......
0000000000066AB0 | 8D CE 05 00 00 00 00 00  03 00 00 00 08 00 00 00  | ................
0000000000066AC0 | 34 ED 06 00 00 00 00 00  91 47 05 00 00 00 00 00  | 4........G......
0000000000066AD0 | 8D CE 05 00 00 00 00 00  03 00 00 00 08 00 00 00  | ................
0000000000066AE0 | 10 00 00 00 02 00 00 00  E7 5E 05 00 00 00 00 00  | .........^......
0000000000066AF0 | F6 2E 05 00 00 00 00 00  25 92 05 00 00 00 00 00  | ........%.......
0000000000066B00 | D5 2F 05 00 00 00 00 00  84 01 00 00 20 00 00 00  | ./.......... ...
0000000000066B10 | 30 00 00 00 00 00 00 00  0B CB 05 00 00 00 00 00  | 0...............
0000000000066B20 | 0D CB 05 00 00 00 00 00  00 6A 06 00 00 00 00 00  | .........j......
0000000000066B30 | 00 00 00 00 00 00 00 00  98 6A 06 00 00 00 00 00  | .........j......
0000000000066B40 | 00 00 00 00 00 00 00 00  E0 6A 06 00 00 00 00 00  | .........j......
0000000000066B50 | 18 00 00 00 01 00 00 00  10 6A 05 00 00 00 00 00  | .........j......
0000000000066B60 | 85 CE 05 00 00 00 00 00  C4 58 02 00 00 00 00 00  | .........X......
0000000000066B70 | 85 01 00 00 28 00 00 00  28 00 00 00 00 00 00 00  | ....(...(.......
0000000000066B80 | 00 00 00 00 00 00 00 00  27 CB 05 00 00 00 00 00  | ........'.......
0000000000066B90 | 50 6B 06 00 00 00 00 00  00 00 00 00 00 00 00 00  | Pk..............
0000000000066BA0 | 00 00 00 00 00 00 00 00  00 00 00 00 00 00 00 00  | ................
0000000000066BB0 | 00 00 00 00 00 00 00 00  18 00 00 00 06 00 00 00  | ................
0000000000066BC0 | 08 64 05 00 00 00 00 00  D4 D3 05 00 00 00 00 00  | .d..............
0000000000066BD0 | A4 59 02 00 00 00 00 00  D6 2B 05 00 00 00 00 00  | .Y.......+......
0000000000066BE0 | 85 CE 05 00 00 00 00 00  64 5B 02 00 00 00 00 00  | ........d[......
0000000000066BF0 | 6C 44 05 00 00 00 00 00  D6 CE 05 00 00 00 00 00  | lD..............
0000000000066C00 | C8 5B 02 00 00 00 00 00  9C 4D 05 00 00 00 00 00  | .[.......M......
0000000000066C10 | E8 D3 05 00 00 00 00 00  EC 65 02 00 00 00 00 00  | .........e......
0000000000066C20 | 45 2E 05 00 00 00 00 00  D6 CE 05 00 00 00 00 00  | E...............
0000000000066C30 | 24 66 02 00 00 00 00 00  11 32 05 00 00 00 00 00  | $f.......2......
0000000000066C40 | 85 CE 05 00 00 00 00 00  34 66 02 00 00 00 00 00  | ........4f......
0000000000066C50 | 20 00 00 00 0C 00 00 00  38 ED 06 00 00 00 00 00  |  .......8.......
0000000000066C60 | BB 40 05 00 00 00 00 00  3A D3 05 00 00 00 00 00  | .@......:.......
0000000000066C70 | 03 00 00 00 08 00 00 00  3C ED 06 00 00 00 00 00  | ........<.......
0000000000066C80 | D1 41 05 00 00 00 00 00  8D CE 05 00 00 00 00 00  | .A..............
0000000000066C90 | 03 00 00 00 08 00 00 00  40 ED 06 00 00 00 00 00  | ........@.......
0000000000066CA0 | 4D 47 05 00 00 00 00 00  6A D2 05 00 00 00 00 00  | MG......j.......
0000000000066CB0 | 02 00 00 00 04 00 00 00  44 ED 06 00 00 00 00 00  | ........D.......
0000000000066CC0 | C1 41 05 00 00 00 00 00  C1 D3 05 00 00 00 00 00  | .A..............
0000000000066CD0 | 03 00 00 00 08 00 00 00  48 ED 06 00 00 00 00 00  | ........H.......
0000000000066CE0 | 03 40 05 00 00 00 00 00  F8 D3 05 00 00 00 00 00  | .@..............
0000000000066CF0 | 03 00 00 00 08 00 00 00  4C ED 06 00 00 00 00 00  | ........L.......
0000000000066D00 | 1A 43 05 00 00 00 00 00  F8 D3 05 00 00 00 00 00  | .C..............
0000000000066D10 | 03 00 00 00 08 00 00 00  50 ED 06 00 00 00 00 00  | ........P.......
0000000000066D20 | 2D 41 05 00 00 00 00 00  8D CE 05 00 00 00 00 00  | -A..............
0000000000066D30 | 03 00 00 00 08 00 00 00  54 ED 06 00 00 00 00 00  | ........T.......
0000000000066D40 | 10 43 05 00 00 00 00 00  8D CE 05 00 00 00 00 00  | .C..............
0000000000066D50 | 03 00 00 00 08 00 00 00  58 ED 06 00 00 00 00 00  | ........X.......
0000000000066D60 | 20 41 05 00 00 00 00 00  8D CE 05 00 00 00 00 00  |  A..............
0000000000066D70 | 03 00 00 00 08 00 00 00  5C ED 06 00 00 00 00 00  | ........\.......
0000000000066D80 | AF 47 05 00 00 00 00 00  8D CE 05 00 00 00 00 00  | .G..............
0000000000066D90 | 03 00 00 00 08 00 00 00  60 ED 06 00 00 00 00 00  | ........`.......
0000000000066DA0 | A6 47 05 00 00 00 00 00  6A D2 05 00 00 00 00 00  | .G......j.......
0000000000066DB0 | 02 00 00 00 04 00 00 00  64 ED 06 00 00 00 00 00  | ........d.......
0000000000066DC0 | 66 47 05 00 00 00 00 00  0A D4 05 00 00 00 00 00  | fG..............
0000000000066DD0 | 03 00 00 00 08 00 00 00  84 01 00 00 08 00 00 00  | ................
0000000000066DE0 | 68 00 00 00 00 00 00 00  44 CB 05 00 00 00 00 00  | h.......D.......
0000000000066DF0 | 27 CB 05 00 00 00 00 00  B8 6B 06 00 00 00 00 00  | '........k......
0000000000066E00 | 00 00 00 00 00 00 00 00  50 6C 06 00 00 00 00 00  | ........Pl......
0000000000066E10 | 00 00 00 00 00 00 00 00  00 00 00 00 00 00 00 00  | ................
0000000000066E20 | 18 00 00 00 01 00 00 00  2F 6F 05 00 00 00 00 00  | ......../o......
0000000000066E30 | A4 CD 05 00 00 00 00 00  C4 66 02 00 00 00 00 00  | .........f......
0000000000066E40 | 85 01 00 00 28 00 00 00  28 00 00 00 00 00 00 00  | ....(...(.......
0000000000066E50 | 00 00 00 00 00 00 00 00  48 CB 05 00 00 00 00 00  | ........H.......
0000000000066E60 | 20 6E 06 00 00 00 00 00  00 00 00 00 00 00 00 00  |  n..............
0000000000066E70 | 00 00 00 00 00 00 00 00  00 00 00 00 00 00 00 00  | ................
0000000000066E80 | 00 00 00 00 00 00 00 00  18 00 00 00 0A 00 00 00  | ................
0000000000066E90 | C1 67 05 00 00 00 00 00  44 D2 05 00 00 00 00 00  | .g......D.......
0000000000066EA0 | D0 66 02 00 00 00 00 00  FC 70 05 00 00 00 00 00  | .f.......p......
0000000000066EB0 | 38 D2 05 00 00 00 00 00  7C 67 02 00 00 00 00 00  | 8.......|g......
0000000000066EC0 | B5 96 05 00 00 00 00 00  5B D2 05 00 00 00 00 00  | ........[.......
0000000000066ED0 | 0C 69 02 00 00 00 00 00  77 52 05 00 00 00 00 00  | .i......wR......
0000000000066EE0 | 38 D2 05 00 00 00 00 00  64 6A 02 00 00 00 00 00  | 8.......dj......
0000000000066EF0 | 29 5F 05 00 00 00 00 00  BA CD 05 00 00 00 00 00  | )_..............
0000000000066F00 | 78 6B 02 00 00 00 00 00  46 5F 05 00 00 00 00 00  | xk......F_......
0000000000066F10 | BA CD 05 00 00 00 00 00  04 6D 02 00 00 00 00 00  | .........m......
0000000000066F20 | 71 59 05 00 00 00 00 00  A4 CD 05 00 00 00 00 00  | qY..............
0000000000066F30 | 90 6E 02 00 00 00 00 00  0A 4E 05 00 00 00 00 00  | .n.......N......
0000000000066F40 | A4 CD 05 00 00 00 00 00  C0 72 02 00 00 00 00 00  | .........r......
0000000000066F50 | 23 5F 05 00 00 00 00 00  A4 CD 05 00 00 00 00 00  | #_..............
0000000000066F60 | D0 72 02 00 00 00 00 00  11 32 05 00 00 00 00 00  | .r.......2......
0000000000066F70 | 85 CE 05 00 00 00 00 00  E0 72 02 00 00 00 00 00  | .........r......
0000000000066F80 | 20 00 00 00 03 00 00 00  70 ED 06 00 00 00 00 00  |  .......p.......
0000000000066F90 | 3B 33 05 00 00 00 00 00  0A D4 05 00 00 00 00 00  | ;3..............
0000000000066FA0 | 03 00 00 00 08 00 00 00  68 ED 06 00 00 00 00 00  | ........h.......
0000000000066FB0 | 03 40 05 00 00 00 00 00  F8 D3 05 00 00 00 00 00  | .@..............
0000000000066FC0 | 03 00 00 00 08 00 00 00  6C ED 06 00 00 00 00 00  | ........l.......
0000000000066FD0 | 1A 43 05 00 00 00 00 00  F8 D3 05 00 00 00 00 00  | .C..............
0000000000066FE0 | 03 00 00 00 08 00 00 00  10 00 00 00 02 00 00 00  | ................
0000000000066FF0 | 0A 4E 05 00 00 00 00 00  0F 35 05 00 00 00 00 00  | .N.......5......
0000000000067000 | 23 5F 05 00 00 00 00 00  07 2B 05 00 00 00 00 00  | #_.......+......
0000000000067010 | 84 01 00 00 A0 00 00 00  B8 00 00 00 00 00 00 00  | ................
0000000000067020 | CA CA 05 00 00 00 00 00  48 CB 05 00 00 00 00 00  | ........H.......
0000000000067030 | 88 6E 06 00 00 00 00 00  00 00 00 00 00 00 00 00  | .n..............
0000000000067040 | 80 6F 06 00 00 00 00 00  00 00 00 00 00 00 00 00  | .o..............
0000000000067050 | E8 6F 06 00 00 00 00 00  18 00 00 00 05 00 00 00  | .o..............
0000000000067060 | 2B 89 05 00 00 00 00 00  55 CE 05 00 00 00 00 00  | +.......U.......
0000000000067070 | 84 86 02 00 00 00 00 00  FC 62 05 00 00 00 00 00  | .........b......
0000000000067080 | 2A D4 05 00 00 00 00 00  18 87 02 00 00 00 00 00  | *...............
0000000000067090 | D2 62 05 00 00 00 00 00  38 D4 05 00 00 00 00 00  | .b......8.......
00000000000670A0 | B0 87 02 00 00 00 00 00  BE 32 05 00 00 00 00 00  | .........2......
00000000000670B0 | BA CD 05 00 00 00 00 00  A0 89 02 00 00 00 00 00  | ................
00000000000670C0 | 48 34 05 00 00 00 00 00  BA CD 05 00 00 00 00 00  | H4..............
00000000000670D0 | D4 8B 02 00 00 00 00 00  85 01 00 00 28 00 00 00  | ............(...
00000000000670E0 | 28 00 00 00 00 00 00 00  00 00 00 00 00 00 00 00  | (...............
00000000000670F0 | 69 CB 05 00 00 00 00 00  58 70 06 00 00 00 00 00  | i.......Xp......
0000000000067100 | 00 00 00 00 00 00 00 00  00 00 00 00 00 00 00 00  | ................
0000000000067110 | 00 00 00 00 00 00 00 00  00 00 00 00 00 00 00 00  | ................
0000000000067120 | 18 00 00 00 68 00 00 00  50 67 05 00 00 00 00 00  | ....h...Pg......
0000000000067130 | 46 D4 05 00 00 00 00 00  34 8E 02 00 00 00 00 00  | F.......4.......
0000000000067140 | ED 69 05 00 00 00 00 00  BA CD 05 00 00 00 00 00  | .i..............
0000000000067150 | 18 92 02 00 00 00 00 00  55 38 05 00 00 00 00 00  | ........U8......
0000000000067160 | BA CD 05 00 00 00 00 00  70 95 02 00 00 00 00 00  | ........p.......
0000000000067170 | D6 2B 05 00 00 00 00 00  85 CE 05 00 00 00 00 00  | .+..............
0000000000067180 | 7C 95 02 00 00 00 00 00  6D 88 05 00 00 00 00 00  | |.......m.......
0000000000067190 | 70 D4 05 00 00 00 00 00  D8 95 02 00 00 00 00 00  | p...............
00000000000671A0 | BB 62 05 00 00 00 00 00  70 D4 05 00 00 00 00 00  | .b......p.......
00000000000671B0 | F8 9B 02 00 00 00 00 00  C1 62 05 00 00 00 00 00  | .........b......
00000000000671C0 | 7B D4 05 00 00 00 00 00  78 A2 02 00 00 00 00 00  | {.......x.......
00000000000671D0 | EF 62 05 00 00 00 00 00  7A CE 05 00 00 00 00 00  | .b......z.......
00000000000671E0 | F0 A2 02 00 00 00 00 00  39 62 05 00 00 00 00 00  | ........9b......
00000000000671F0 | 7A CE 05 00 00 00 00 00  2C A3 02 00 00 00 00 00  | z.......,.......
0000000000067200 | 4B 62 05 00 00 00 00 00  7A CE 05 00 00 00 00 00  | Kb......z.......
0000000000067210 | 98 A3 02 00 00 00 00 00  B2 5A 05 00 00 00 00 00  | .........Z......
0000000000067220 | 85 CE 05 00 00 00 00 00  B0 A3 02 00 00 00 00 00  | ................
0000000000067230 | 50 89 05 00 00 00 00 00  70 D4 05 00 00 00 00 00  | P.......p.......
0000000000067240 | C0 A3 02 00 00 00 00 00  15 63 05 00 00 00 00 00  | .........c......
0000000000067250 | 70 D4 05 00 00 00 00 00  B8 A6 02 00 00 00 00 00  | p...............
0000000000067260 | 6A 4D 05 00 00 00 00 00  89 D4 05 00 00 00 00 00  | jM..............
0000000000067270 | 28 A9 02 00 00 00 00 00  77 5C 05 00 00 00 00 00  | (.......w\......
0000000000067280 | 85 CE 05 00 00 00 00 00  34 A9 02 00 00 00 00 00  | ........4.......
0000000000067290 | 64 89 05 00 00 00 00 00  9B D4 05 00 00 00 00 00  | d...............
00000000000672A0 | EC AA 02 00 00 00 00 00  73 88 05 00 00 00 00 00  | ........s.......
00000000000672B0 | AF D4 05 00 00 00 00 00  E8 AB 02 00 00 00 00 00  | ................
00000000000672C0 | 95 88 05 00 00 00 00 00  BE D4 05 00 00 00 00 00  | ................
00000000000672D0 | 50 AC 02 00 00 00 00 00  C7 88 05 00 00 00 00 00  | P...............
00000000000672E0 | D1 D4 05 00 00 00 00 00  C4 AC 02 00 00 00 00 00  | ................
00000000000672F0 | F1 88 05 00 00 00 00 00  E3 D4 05 00 00 00 00 00  | ................
0000000000067300 | D4 AC 02 00 00 00 00 00  67 2E 05 00 00 00 00 00  | ........g.......
0000000000067310 | 85 CE 05 00 00 00 00 00  70 AE 02 00 00 00 00 00  | ........p.......
0000000000067320 | 2B 35 05 00 00 00 00 00  85 CE 05 00 00 00 00 00  | +5..............
0000000000067330 | E8 AE 02 00 00 00 00 00  C4 87 05 00 00 00 00 00  | ................
0000000000067340 | 85 CE 05 00 00 00 00 00  50 AF 02 00 00 00 00 00  | ........P.......
0000000000067350 | 72 94 05 00 00 00 00 00  85 CE 05 00 00 00 00 00  | r...............
0000000000067360 | D0 B2 02 00 00 00 00 00  CD 78 05 00 00 00 00 00  | .........x......
0000000000067370 | BA CD 05 00 00 00 00 00  A8 B6 02 00 00 00 00 00  | ................
0000000000067380 | D8 78 05 00 00 00 00 00  AC CD 05 00 00 00 00 00  | .x..............
0000000000067390 | F0 BA 02 00 00 00 00 00  8B 29 05 00 00 00 00 00  | .........)......
00000000000673A0 | BA CD 05 00 00 00 00 00  BC BB 02 00 00 00 00 00  | ................
00000000000673B0 | 70 8F 05 00 00 00 00 00  BA CD 05 00 00 00 00 00  | p...............
00000000000673C0 | D4 C0 02 00 00 00 00 00  11 97 05 00 00 00 00 00  | ................
00000000000673D0 | 47 CE 05 00 00 00 00 00  34 C1 02 00 00 00 00 00  | G.......4.......
00000000000673E0 | 3A 6C 05 00 00 00 00 00  85 CE 05 00 00 00 00 00  | :l..............
00000000000673F0 | 2C C6 02 00 00 00 00 00  88 5C 05 00 00 00 00 00  | ,........\......
0000000000067400 | F9 D4 05 00 00 00 00 00  58 EE 02 00 00 00 00 00  | ........X.......
0000000000067410 | 42 79 05 00 00 00 00 00  85 CE 05 00 00 00 00 00  | By..............
0000000000067420 | B8 F2 02 00 00 00 00 00  E4 93 05 00 00 00 00 00  | ................
0000000000067430 | 85 CE 05 00 00 00 00 00  78 F4 02 00 00 00 00 00  | ........x.......
0000000000067440 | B4 70 05 00 00 00 00 00  A4 CD 05 00 00 00 00 00  | .p..............
0000000000067450 | 30 F6 02 00 00 00 00 00  C7 70 05 00 00 00 00 00  | 0........p......
0000000000067460 | 23 D5 05 00 00 00 00 00  F4 FE 02 00 00 00 00 00  | #...............
0000000000067470 | 83 94 05 00 00 00 00 00  7A CE 05 00 00 00 00 00  | ........z.......
0000000000067480 | 9C FF 02 00 00 00 00 00  51 79 05 00 00 00 00 00  | ........Qy......
0000000000067490 | 85 CE 05 00 00 00 00 00  70 0B 03 00 00 00 00 00  | ........p.......
00000000000674A0 | F6 93 05 00 00 00 00 00  85 CE 05 00 00 00 00 00  | ................
00000000000674B0 | D8 0B 03 00 00 00 00 00  22 8E 05 00 00 00 00 00  | ........".......
00000000000674C0 | 7A CE 05 00 00 00 00 00  38 0C 03 00 00 00 00 00  | z.......8.......
00000000000674D0 | 4D 94 05 00 00 00 00 00  70 D4 05 00 00 00 00 00  | M.......p.......
00000000000674E0 | AC 0C 03 00 00 00 00 00  8E 4D 05 00 00 00 00 00  | .........M......
00000000000674F0 | 38 D5 05 00 00 00 00 00  64 0D 03 00 00 00 00 00  | 8.......d.......
0000000000067500 | 2A 81 05 00 00 00 00 00  FD D2 05 00 00 00 00 00  | *...............
0000000000067510 | 74 0D 03 00 00 00 00 00  F5 58 05 00 00 00 00 00  | t........X......
0000000000067520 | A4 CD 05 00 00 00 00 00  84 0D 03 00 00 00 00 00  | ................
0000000000067530 | A1 82 05 00 00 00 00 00  7A CE 05 00 00 00 00 00  | ........z.......
0000000000067540 | A4 0D 03 00 00 00 00 00  14 39 05 00 00 00 00 00  | .........9......
0000000000067550 | 40 D5 05 00 00 00 00 00  B8 0D 03 00 00 00 00 00  | @...............
0000000000067560 | 70 85 05 00 00 00 00 00  48 D5 05 00 00 00 00 00  | p.......H.......
0000000000067570 | C8 0D 03 00 00 00 00 00  A3 52 05 00 00 00 00 00  | .........R......
0000000000067580 | A4 CD 05 00 00 00 00 00  D8 0D 03 00 00 00 00 00  | ................
0000000000067590 | 42 82 05 00 00 00 00 00  7A CE 05 00 00 00 00 00  | B.......z.......
00000000000675A0 | E8 0D 03 00 00 00 00 00  B7 6B 05 00 00 00 00 00  | .........k......
00000000000675B0 | A4 CD 05 00 00 00 00 00  F4 0D 03 00 00 00 00 00  | ................
00000000000675C0 | 29 84 05 00 00 00 00 00  7A CE 05 00 00 00 00 00  | ).......z.......
00000000000675D0 | 04 0E 03 00 00 00 00 00  AC 6B 05 00 00 00 00 00  | .........k......
00000000000675E0 | A4 CD 05 00 00 00 00 00  10 0E 03 00 00 00 00 00  | ................
00000000000675F0 | 1A 84 05 00 00 00 00 00  7A CE 05 00 00 00 00 00  | ........z.......
0000000000067600 | 20 0E 03 00 00 00 00 00  E3 59 05 00 00 00 00 00  |  ........Y......
0000000000067610 | A4 CD 05 00 00 00 00 00  2C 0E 03 00 00 00 00 00  | ........,.......
0000000000067620 | 35 83 05 00 00 00 00 00  7A CE 05 00 00 00 00 00  | 5.......z.......
0000000000067630 | 3C 0E 03 00 00 00 00 00  D1 59 05 00 00 00 00 00  | <........Y......
0000000000067640 | A4 CD 05 00 00 00 00 00  48 0E 03 00 00 00 00 00  | ........H.......
0000000000067650 | 1F 83 05 00 00 00 00 00  7A CE 05 00 00 00 00 00  | ........z.......
0000000000067660 | 58 0E 03 00 00 00 00 00  B7 63 05 00 00 00 00 00  | X........c......
0000000000067670 | A4 CD 05 00 00 00 00 00  64 0E 03 00 00 00 00 00  | ........d.......
0000000000067680 | 0C 84 05 00 00 00 00 00  7A CE 05 00 00 00 00 00  | ........z.......
0000000000067690 | 74 0E 03 00 00 00 00 00  46 3C 05 00 00 00 00 00  | t.......F<......
00000000000676A0 | 40 D5 05 00 00 00 00 00  80 0E 03 00 00 00 00 00  | @...............
00000000000676B0 | AC 87 05 00 00 00 00 00  48 D5 05 00 00 00 00 00  | ........H.......
00000000000676C0 | 90 0E 03 00 00 00 00 00  09 32 05 00 00 00 00 00  | .........2......
00000000000676D0 | 40 D5 05 00 00 00 00 00  A0 0E 03 00 00 00 00 00  | @...............
00000000000676E0 | B8 87 05 00 00 00 00 00  48 D5 05 00 00 00 00 00  | ........H.......
00000000000676F0 | B0 0E 03 00 00 00 00 00  BF 2E 05 00 00 00 00 00  | ................
0000000000067700 | 53 D5 05 00 00 00 00 00  C0 0E 03 00 00 00 00 00  | S...............
0000000000067710 | 02 85 05 00 00 00 00 00  65 D5 05 00 00 00 00 00  | ........e.......
0000000000067720 | FC 0E 03 00 00 00 00 00  73 6B 05 00 00 00 00 00  | ........sk......
0000000000067730 | D6 CE 05 00 00 00 00 00  38 0F 03 00 00 00 00 00  | ........8.......
0000000000067740 | B4 86 05 00 00 00 00 00  70 D4 05 00 00 00 00 00  | ........p.......
0000000000067750 | 4C 0F 03 00 00 00 00 00  82 6E 05 00 00 00 00 00  | L........n......
0000000000067760 | 40 D5 05 00 00 00 00 00  5C 0F 03 00 00 00 00 00  | @.......\.......
0000000000067770 | E6 84 05 00 00 00 00 00  48 D5 05 00 00 00 00 00  | ........H.......
0000000000067780 | 6C 0F 03 00 00 00 00 00  18 5B 05 00 00 00 00 00  | l........[......
0000000000067790 | D6 CE 05 00 00 00 00 00  7C 0F 03 00 00 00 00 00  | ........|.......
00000000000677A0 | 5F 83 05 00 00 00 00 00  70 D4 05 00 00 00 00 00  | _.......p.......
00000000000677B0 | 90 0F 03 00 00 00 00 00  9A 61 05 00 00 00 00 00  | .........a......
00000000000677C0 | 40 D5 05 00 00 00 00 00  A0 0F 03 00 00 00 00 00  | @...............
00000000000677D0 | 9C 83 05 00 00 00 00 00  48 D5 05 00 00 00 00 00  | ........H.......
00000000000677E0 | B0 0F 03 00 00 00 00 00  38 6F 05 00 00 00 00 00  | ........8o......
00000000000677F0 | 40 D5 05 00 00 00 00 00  C0 0F 03 00 00 00 00 00  | @...............
0000000000067800 | CB 3A 05 00 00 00 00 00  48 D5 05 00 00 00 00 00  | .:......H.......
0000000000067810 | D0 0F 03 00 00 00 00 00  A4 61 05 00 00 00 00 00  | .........a......
0000000000067820 | A4 CD 05 00 00 00 00 00  E0 0F 03 00 00 00 00 00  | ................
0000000000067830 | AA 83 05 00 00 00 00 00  7A CE 05 00 00 00 00 00  | ........z.......
0000000000067840 | F0 0F 03 00 00 00 00 00  44 6F 05 00 00 00 00 00  | ........Do......
0000000000067850 | A4 CD 05 00 00 00 00 00  FC 0F 03 00 00 00 00 00  | ................
0000000000067860 | F1 84 05 00 00 00 00 00  7A CE 05 00 00 00 00 00  | ........z.......
0000000000067870 | 0C 10 03 00 00 00 00 00  16 92 05 00 00 00 00 00  | ................
0000000000067880 | D6 CE 05 00 00 00 00 00  18 10 03 00 00 00 00 00  | ................
0000000000067890 | E3 86 05 00 00 00 00 00  70 D4 05 00 00 00 00 00  | ........p.......
00000000000678A0 | 2C 10 03 00 00 00 00 00  0D 7A 05 00 00 00 00 00  | ,........z......
00000000000678B0 | D6 CE 05 00 00 00 00 00  3C 10 03 00 00 00 00 00  | ........<.......
00000000000678C0 | 7C 86 05 00 00 00 00 00  70 D4 05 00 00 00 00 00  | |.......p.......
00000000000678D0 | 50 10 03 00 00 00 00 00  7D 57 05 00 00 00 00 00  | P.......}W......
00000000000678E0 | A4 CD 05 00 00 00 00 00  60 10 03 00 00 00 00 00  | ........`.......
00000000000678F0 | 83 82 05 00 00 00 00 00  7A CE 05 00 00 00 00 00  | ........z.......
0000000000067900 | 70 10 03 00 00 00 00 00  44 89 05 00 00 00 00 00  | p.......D.......
0000000000067910 | A4 CD 05 00 00 00 00 00  7C 10 03 00 00 00 00 00  | ........|.......
0000000000067920 | AC 30 05 00 00 00 00 00  7A CE 05 00 00 00 00 00  | .0......z.......
0000000000067930 | 8C 10 03 00 00 00 00 00  51 6F 05 00 00 00 00 00  | ........Qo......
0000000000067940 | 38 D5 05 00 00 00 00 00  98 10 03 00 00 00 00 00  | 8...............
0000000000067950 | 0E 85 05 00 00 00 00 00  FD D2 05 00 00 00 00 00  | ................
0000000000067960 | A8 10 03 00 00 00 00 00  C1 6B 05 00 00 00 00 00  | .........k......
0000000000067970 | A4 CD 05 00 00 00 00 00  B8 10 03 00 00 00 00 00  | ................
0000000000067980 | 37 84 05 00 00 00 00 00  7A CE 05 00 00 00 00 00  | 7.......z.......
0000000000067990 | C8 10 03 00 00 00 00 00  F4 59 05 00 00 00 00 00  | .........Y......
00000000000679A0 | A4 CD 05 00 00 00 00 00  D4 10 03 00 00 00 00 00  | ................
00000000000679B0 | 4A 83 05 00 00 00 00 00  7A CE 05 00 00 00 00 00  | J.......z.......
00000000000679C0 | E4 10 03 00 00 00 00 00  71 74 05 00 00 00 00 00  | ........qt......
00000000000679D0 | 40 D5 05 00 00 00 00 00  F0 10 03 00 00 00 00 00  | @...............
00000000000679E0 | E0 85 05 00 00 00 00 00  48 D5 05 00 00 00 00 00  | ........H.......
00000000000679F0 | 00 11 03 00 00 00 00 00  95 89 05 00 00 00 00 00  | ................
0000000000067A00 | 53 D5 05 00 00 00 00 00  10 11 03 00 00 00 00 00  | S...............
0000000000067A10 | 59 49 05 00 00 00 00 00  A4 CD 05 00 00 00 00 00  | YI..............
0000000000067A20 | 4C 11 03 00 00 00 00 00  56 80 05 00 00 00 00 00  | L.......V.......
0000000000067A30 | 7A CE 05 00 00 00 00 00  5C 11 03 00 00 00 00 00  | z.......\.......
0000000000067A40 | 4E 35 05 00 00 00 00 00  7A D5 05 00 00 00 00 00  | N5......z.......
0000000000067A50 | 68 11 03 00 00 00 00 00  4C 82 05 00 00 00 00 00  | h.......L.......
0000000000067A60 | BE D2 05 00 00 00 00 00  78 11 03 00 00 00 00 00  | ........x.......
0000000000067A70 | C6 4E 05 00 00 00 00 00  A4 CD 05 00 00 00 00 00  | .N..............
0000000000067A80 | 84 11 03 00 00 00 00 00  5D 81 05 00 00 00 00 00  | ........].......
0000000000067A90 | 7A CE 05 00 00 00 00 00  94 11 03 00 00 00 00 00  | z...............
0000000000067AA0 | 69 56 05 00 00 00 00 00  40 D5 05 00 00 00 00 00  | iV......@.......
0000000000067AB0 | A8 11 03 00 00 00 00 00  72 82 05 00 00 00 00 00  | ........r.......
0000000000067AC0 | 48 D5 05 00 00 00 00 00  B8 11 03 00 00 00 00 00  | H...............
0000000000067AD0 | 11 32 05 00 00 00 00 00  85 CE 05 00 00 00 00 00  | .2..............
0000000000067AE0 | C8 11 03 00 00 00 00 00  20 00 00 00 28 00 00 00  | ........ ...(...
0000000000067AF0 | 7C ED 06 00 00 00 00 00  AA 94 05 00 00 00 00 00  | |...............
0000000000067B00 | B1 D1 05 00 00 00 00 00  00 00 00 00 01 00 00 00  | ................
0000000000067B10 | 94 ED 06 00 00 00 00 00  1C 6F 05 00 00 00 00 00  | .........o......
0000000000067B20 | 83 D5 05 00 00 00 00 00  03 00 00 00 08 00 00 00  | ................
0000000000067B30 | 98 ED 06 00 00 00 00 00  03 92 05 00 00 00 00 00  | ................
0000000000067B40 | D2 D3 05 00 00 00 00 00  03 00 00 00 08 00 00 00  | ................
0000000000067B50 | 9C ED 06 00 00 00 00 00  7A 70 05 00 00 00 00 00  | ........zp......
0000000000067B60 | D2 D3 05 00 00 00 00 00  03 00 00 00 08 00 00 00  | ................
0000000000067B70 | A0 ED 06 00 00 00 00 00  A6 6B 05 00 00 00 00 00  | .........k......
0000000000067B80 | 85 D5 05 00 00 00 00 00  03 00 00 00 08 00 00 00  | ................
0000000000067B90 | A4 ED 06 00 00 00 00 00  C4 59 05 00 00 00 00 00  | .........Y......
0000000000067BA0 | 85 D5 05 00 00 00 00 00  03 00 00 00 08 00 00 00  | ................
0000000000067BB0 | 88 ED 06 00 00 00 00 00  92 6A 05 00 00 00 00 00  | .........j......
0000000000067BC0 | B1 D1 05 00 00 00 00 00  00 00 00 00 01 00 00 00  | ................
0000000000067BD0 | 78 ED 06 00 00 00 00 00  35 7E 05 00 00 00 00 00  | x.......5~......
0000000000067BE0 | 90 D5 05 00 00 00 00 00  03 00 00 00 30 00 00 00  | ............0...
0000000000067BF0 | C0 ED 06 00 00 00 00 00  E4 8C 05 00 00 00 00 00  | ................
0000000000067C00 | B1 D1 05 00 00 00 00 00  00 00 00 00 01 00 00 00  | ................
0000000000067C10 | E8 ED 06 00 00 00 00 00  18 5B 05 00 00 00 00 00  | .........[......
0000000000067C20 | B1 D1 05 00 00 00 00 00  00 00 00 00 01 00 00 00  | ................
0000000000067C30 | 74 ED 06 00 00 00 00 00  16 92 05 00 00 00 00 00  | t...............
0000000000067C40 | B1 D1 05 00 00 00 00 00  00 00 00 00 01 00 00 00  | ................
0000000000067C50 | 8C ED 06 00 00 00 00 00  0D 7A 05 00 00 00 00 00  | .........z......
0000000000067C60 | B1 D1 05 00 00 00 00 00  00 00 00 00 01 00 00 00  | ................
0000000000067C70 | D0 ED 06 00 00 00 00 00  14 39 05 00 00 00 00 00  | .........9......
0000000000067C80 | BF D5 05 00 00 00 00 00  02 00 00 00 04 00 00 00  | ................
0000000000067C90 | BC ED 06 00 00 00 00 00  46 3C 05 00 00 00 00 00  | ........F<......
0000000000067CA0 | BF D5 05 00 00 00 00 00  02 00 00 00 04 00 00 00  | ................
0000000000067CB0 | B8 ED 06 00 00 00 00 00  09 32 05 00 00 00 00 00  | .........2......
0000000000067CC0 | BF D5 05 00 00 00 00 00  02 00 00 00 04 00 00 00  | ................
0000000000067CD0 | B4 ED 06 00 00 00 00 00  82 6E 05 00 00 00 00 00  | .........n......
0000000000067CE0 | BF D5 05 00 00 00 00 00  02 00 00 00 04 00 00 00  | ................
0000000000067CF0 | EC ED 06 00 00 00 00 00  9A 61 05 00 00 00 00 00  | .........a......
0000000000067D00 | BF D5 05 00 00 00 00 00  02 00 00 00 04 00 00 00  | ................
0000000000067D10 | F0 ED 06 00 00 00 00 00  38 6F 05 00 00 00 00 00  | ........8o......
0000000000067D20 | BF D5 05 00 00 00 00 00  02 00 00 00 04 00 00 00  | ................
0000000000067D30 | CC ED 06 00 00 00 00 00  71 74 05 00 00 00 00 00  | ........qt......
0000000000067D40 | BF D5 05 00 00 00 00 00  02 00 00 00 04 00 00 00  | ................
0000000000067D50 | 10 EE 06 00 00 00 00 00  3A 41 05 00 00 00 00 00  | ........:A......
0000000000067D60 | BF D5 05 00 00 00 00 00  02 00 00 00 04 00 00 00  | ................
0000000000067D70 | 84 ED 06 00 00 00 00 00  8E 4D 05 00 00 00 00 00  | .........M......
0000000000067D80 | 9E D3 05 00 00 00 00 00  03 00 00 00 08 00 00 00  | ................
0000000000067D90 | 90 ED 06 00 00 00 00 00  F5 58 05 00 00 00 00 00  | .........X......
0000000000067DA0 | C1 D5 05 00 00 00 00 00  03 00 00 00 08 00 00 00  | ................
0000000000067DB0 | D4 ED 06 00 00 00 00 00  A3 52 05 00 00 00 00 00  | .........R......
0000000000067DC0 | DC D5 05 00 00 00 00 00  03 00 00 00 08 00 00 00  | ................
0000000000067DD0 | D8 ED 06 00 00 00 00 00  B7 6B 05 00 00 00 00 00  | .........k......
0000000000067DE0 | E7 D5 05 00 00 00 00 00  03 00 00 00 08 00 00 00  | ................
0000000000067DF0 | DC ED 06 00 00 00 00 00  AC 6B 05 00 00 00 00 00  | .........k......
0000000000067E00 | DC D5 05 00 00 00 00 00  03 00 00 00 08 00 00 00  | ................
0000000000067E10 | E0 ED 06 00 00 00 00 00  E3 59 05 00 00 00 00 00  | .........Y......
0000000000067E20 | E7 D5 05 00 00 00 00 00  03 00 00 00 08 00 00 00  | ................
0000000000067E30 | E4 ED 06 00 00 00 00 00  D1 59 05 00 00 00 00 00  | .........Y......
0000000000067E40 | DC D5 05 00 00 00 00 00  03 00 00 00 08 00 00 00  | ................
0000000000067E50 | A8 ED 06 00 00 00 00 00  B7 63 05 00 00 00 00 00  | .........c......
0000000000067E60 | F1 D5 05 00 00 00 00 00  03 00 00 00 08 00 00 00  | ................
0000000000067E70 | F4 ED 06 00 00 00 00 00  A4 61 05 00 00 00 00 00  | .........a......
0000000000067E80 | FB D5 05 00 00 00 00 00  03 00 00 00 08 00 00 00  | ................
0000000000067E90 | F8 ED 06 00 00 00 00 00  44 6F 05 00 00 00 00 00  | ........Do......
0000000000067EA0 | FB D5 05 00 00 00 00 00  03 00 00 00 08 00 00 00  | ................
0000000000067EB0 | B0 ED 06 00 00 00 00 00  7D 57 05 00 00 00 00 00  | ........}W......
0000000000067EC0 | F1 D5 05 00 00 00 00 00  03 00 00 00 08 00 00 00  | ................
0000000000067ED0 | 80 ED 06 00 00 00 00 00  44 89 05 00 00 00 00 00  | ........D.......
0000000000067EE0 | 06 D6 05 00 00 00 00 00  03 00 00 00 08 00 00 00  | ................
0000000000067EF0 | AC ED 06 00 00 00 00 00  51 6F 05 00 00 00 00 00  | ........Qo......
0000000000067F00 | 9E D3 05 00 00 00 00 00  03 00 00 00 08 00 00 00  | ................
0000000000067F10 | FC ED 06 00 00 00 00 00  C1 6B 05 00 00 00 00 00  | .........k......
0000000000067F20 | 8D CE 05 00 00 00 00 00  03 00 00 00 08 00 00 00  | ................
0000000000067F30 | 00 EE 06 00 00 00 00 00  F4 59 05 00 00 00 00 00  | .........Y......
0000000000067F40 | 8D CE 05 00 00 00 00 00  03 00 00 00 08 00 00 00  | ................
0000000000067F50 | 04 EE 06 00 00 00 00 00  59 49 05 00 00 00 00 00  | ........YI......
0000000000067F60 | DC D5 05 00 00 00 00 00  03 00 00 00 08 00 00 00  | ................
0000000000067F70 | 08 EE 06 00 00 00 00 00  4E 35 05 00 00 00 00 00  | ........N5......
0000000000067F80 | CA D2 05 00 00 00 00 00  03 00 00 00 08 00 00 00  | ................
0000000000067F90 | 0C EE 06 00 00 00 00 00  F6 28 05 00 00 00 00 00  | .........(......
0000000000067FA0 | 10 D6 05 00 00 00 00 00  03 00 00 00 08 00 00 00  | ................
0000000000067FB0 | C4 ED 06 00 00 00 00 00  BF 2E 05 00 00 00 00 00  | ................
0000000000067FC0 | 1D D6 05 00 00 00 00 00  03 00 00 00 10 00 00 00  | ................
0000000000067FD0 | C8 ED 06 00 00 00 00 00  95 89 05 00 00 00 00 00  | ................
0000000000067FE0 | 1D D6 05 00 00 00 00 00  03 00 00 00 10 00 00 00  | ................
0000000000067FF0 | 10 00 00 00 20 00 00 00  B7 63 05 00 00 00 00 00  | .... ....c......
0000000000068000 | 4B 31 05 00 00 00 00 00  A4 61 05 00 00 00 00 00  | K1.......a......
0000000000068010 | FA 2F 05 00 00 00 00 00  44 6F 05 00 00 00 00 00  | ./......Do......
0000000000068020 | 4B 3A 05 00 00 00 00 00  44 89 05 00 00 00 00 00  | K:......D.......
0000000000068030 | E2 35 05 00 00 00 00 00  C6 4E 05 00 00 00 00 00  | .5.......N......
0000000000068040 | 48 2A 05 00 00 00 00 00  4E 35 05 00 00 00 00 00  | H*......N5......
0000000000068050 | F0 3B 05 00 00 00 00 00  51 6F 05 00 00 00 00 00  | .;......Qo......
0000000000068060 | 15 3F 05 00 00 00 00 00  8E 4D 05 00 00 00 00 00  | .?.......M......
0000000000068070 | 03 3F 05 00 00 00 00 00  7D 57 05 00 00 00 00 00  | .?......}W......
0000000000068080 | A2 3B 05 00 00 00 00 00  F5 58 05 00 00 00 00 00  | .;.......X......
0000000000068090 | D2 33 05 00 00 00 00 00  C1 6B 05 00 00 00 00 00  | .3.......k......
00000000000680A0 | 4D 2E 05 00 00 00 00 00  F4 59 05 00 00 00 00 00  | M........Y......
00000000000680B0 | 65 38 05 00 00 00 00 00  14 39 05 00 00 00 00 00  | e8.......9......
00000000000680C0 | A5 3E 05 00 00 00 00 00  A3 52 05 00 00 00 00 00  | .>.......R......
00000000000680D0 | BC 30 05 00 00 00 00 00  46 3C 05 00 00 00 00 00  | .0......F<......
00000000000680E0 | BE 3E 05 00 00 00 00 00  09 32 05 00 00 00 00 00  | .>.......2......
00000000000680F0 | CA 3E 05 00 00 00 00 00  82 6E 05 00 00 00 00 00  | .>.......n......
0000000000068100 | 9A 3E 05 00 00 00 00 00  69 56 05 00 00 00 00 00  | .>......iV......
0000000000068110 | 7A 3E 05 00 00 00 00 00  18 5B 05 00 00 00 00 00  | z>.......[......
0000000000068120 | 2B 3D 05 00 00 00 00 00  9A 61 05 00 00 00 00 00  | +=.......a......
0000000000068130 | 8C 3E 05 00 00 00 00 00  38 6F 05 00 00 00 00 00  | .>......8o......
0000000000068140 | B7 28 05 00 00 00 00 00  16 92 05 00 00 00 00 00  | .(..............
0000000000068150 | 5B 3D 05 00 00 00 00 00  0D 7A 05 00 00 00 00 00  | [=.......z......
0000000000068160 | 3D 3D 05 00 00 00 00 00  B7 6B 05 00 00 00 00 00  | ==.......k......
0000000000068170 | 13 31 05 00 00 00 00 00  AC 6B 05 00 00 00 00 00  | .1.......k......
0000000000068180 | D9 30 05 00 00 00 00 00  E3 59 05 00 00 00 00 00  | .0.......Y......
0000000000068190 | 73 3B 05 00 00 00 00 00  D1 59 05 00 00 00 00 00  | s;.......Y......
00000000000681A0 | 42 3B 05 00 00 00 00 00  59 49 05 00 00 00 00 00  | B;......YI......
00000000000681B0 | 14 3B 05 00 00 00 00 00  71 74 05 00 00 00 00 00  | .;......qt......
00000000000681C0 | B1 3E 05 00 00 00 00 00  BF 2E 05 00 00 00 00 00  | .>..............
00000000000681D0 | 49 3F 05 00 00 00 00 00  95 89 05 00 00 00 00 00  | I?..............
00000000000681E0 | 34 3F 05 00 00 00 00 00  E4 8C 05 00 00 00 00 00  | 4?..............
00000000000681F0 | 60 3C 05 00 00 00 00 00  84 01 00 00 08 00 00 00  | `<..............
0000000000068200 | 48 01 00 00 00 00 00 00  77 CB 05 00 00 00 00 00  | H.......w.......
0000000000068210 | 69 CB 05 00 00 00 00 00  20 71 06 00 00 00 00 00  | i....... q......
0000000000068220 | 00 00 00 00 00 00 00 00  E8 7A 06 00 00 00 00 00  | .........z......
0000000000068230 | 7B CB 05 00 00 00 00 00  F0 7F 06 00 00 00 00 00  | {...............
0000000000068240 | 85 01 00 00 28 00 00 00  28 00 00 00 00 00 00 00  | ....(...(.......
0000000000068250 | 00 00 00 00 00 00 00 00  7E CB 05 00 00 00 00 00  | ........~.......
0000000000068260 | 00 00 00 00 00 00 00 00  00 00 00 00 00 00 00 00  | ................
0000000000068270 | 00 00 00 00 00 00 00 00  00 00 00 00 00 00 00 00  | ................
0000000000068280 | 00 00 00 00 00 00 00 00  18 00 00 00 11 00 00 00  | ................
0000000000068290 | C1 63 05 00 00 00 00 00  A4 CD 05 00 00 00 00 00  | .c..............
00000000000682A0 | 6C 13 03 00 00 00 00 00  50 67 05 00 00 00 00 00  | l.......Pg......
00000000000682B0 | 46 D4 05 00 00 00 00 00  8C 13 03 00 00 00 00 00  | F...............
00000000000682C0 | D6 2B 05 00 00 00 00 00  85 CE 05 00 00 00 00 00  | .+..............
00000000000682D0 | E4 14 03 00 00 00 00 00  88 5C 05 00 00 00 00 00  | .........\......
00000000000682E0 | F9 D4 05 00 00 00 00 00  30 15 03 00 00 00 00 00  | ........0.......
00000000000682F0 | 42 79 05 00 00 00 00 00  85 CE 05 00 00 00 00 00  | By..............
0000000000068300 | CC 18 03 00 00 00 00 00  E4 93 05 00 00 00 00 00  | ................
0000000000068310 | 85 CE 05 00 00 00 00 00  8C 1A 03 00 00 00 00 00  | ................
0000000000068320 | B4 70 05 00 00 00 00 00  A4 CD 05 00 00 00 00 00  | .p..............
0000000000068330 | 44 1C 03 00 00 00 00 00  C7 70 05 00 00 00 00 00  | D........p......
0000000000068340 | 23 D5 05 00 00 00 00 00  44 20 03 00 00 00 00 00  | #.......D ......
0000000000068350 | 71 74 05 00 00 00 00 00  40 D5 05 00 00 00 00 00  | qt......@.......
0000000000068360 | 50 20 03 00 00 00 00 00  E0 85 05 00 00 00 00 00  | P ..............
0000000000068370 | 48 D5 05 00 00 00 00 00  60 20 03 00 00 00 00 00  | H.......` ......
0000000000068380 | F8 74 05 00 00 00 00 00  A4 CD 05 00 00 00 00 00  | .t..............
0000000000068390 | 70 20 03 00 00 00 00 00  1A 86 05 00 00 00 00 00  | p ..............
00000000000683A0 | 7A CE 05 00 00 00 00 00  80 20 03 00 00 00 00 00  | z........ ......
00000000000683B0 | 65 4F 05 00 00 00 00 00  A4 CD 05 00 00 00 00 00  | eO..............
00000000000683C0 | 94 20 03 00 00 00 00 00  CA 81 05 00 00 00 00 00  | . ..............
00000000000683D0 | 7A CE 05 00 00 00 00 00  A4 20 03 00 00 00 00 00  | z........ ......
00000000000683E0 | 47 6A 05 00 00 00 00 00  D6 CE 05 00 00 00 00 00  | Gj..............
00000000000683F0 | B8 20 03 00 00 00 00 00  3C 81 05 00 00 00 00 00  | . ......<.......
0000000000068400 | 70 D4 05 00 00 00 00 00  C8 20 03 00 00 00 00 00  | p........ ......
0000000000068410 | 11 32 05 00 00 00 00 00  85 CE 05 00 00 00 00 00  | .2..............
0000000000068420 | D8 20 03 00 00 00 00 00  20 00 00 00 04 00 00 00  | . ...... .......
0000000000068430 | 18 EE 06 00 00 00 00 00  FA 3F 05 00 00 00 00 00  | .........?......
0000000000068440 | B1 D1 05 00 00 00 00 00  00 00 00 00 01 00 00 00  | ................
0000000000068450 | 14 EE 06 00 00 00 00 00  8D 44 05 00 00 00 00 00  | .........D......
0000000000068460 | BF D5 05 00 00 00 00 00  02 00 00 00 04 00 00 00  | ................
0000000000068470 | 1C EE 06 00 00 00 00 00  BE 44 05 00 00 00 00 00  | .........D......
0000000000068480 | DC D5 05 00 00 00 00 00  03 00 00 00 08 00 00 00  | ................
0000000000068490 | 20 EE 06 00 00 00 00 00  8E 40 05 00 00 00 00 00  |  ........@......
00000000000684A0 | DC D5 05 00 00 00 00 00  03 00 00 00 08 00 00 00  | ................
00000000000684B0 | 10 00 00 00 04 00 00 00  71 74 05 00 00 00 00 00  | ........qt......
00000000000684C0 | 89 32 05 00 00 00 00 00  F8 74 05 00 00 00 00 00  | .2.......t......
00000000000684D0 | 88 30 05 00 00 00 00 00  65 4F 05 00 00 00 00 00  | .0......eO......
00000000000684E0 | A5 3A 05 00 00 00 00 00  8A 34 05 00 00 00 00 00  | .:.......4......
00000000000684F0 | 75 3C 05 00 00 00 00 00  84 01 00 00 08 00 00 00  | u<..............
0000000000068500 | 20 00 00 00 00 00 00 00  92 CB 05 00 00 00 00 00  |  ...............
0000000000068510 | 7E CB 05 00 00 00 00 00  88 82 06 00 00 00 00 00  | ~...............
0000000000068520 | 00 00 00 00 00 00 00 00  28 84 06 00 00 00 00 00  | ........(.......
0000000000068530 | 00 00 00 00 00 00 00 00  B0 84 06 00 00 00 00 00  | ................
0000000000068540 | 85 01 00 00 28 00 00 00  28 00 00 00 00 00 00 00  | ....(...(.......
0000000000068550 | 00 00 00 00 00 00 00 00  94 CB 05 00 00 00 00 00  | ................
0000000000068560 | 00 00 00 00 00 00 00 00  00 00 00 00 00 00 00 00  | ................
0000000000068570 | 00 00 00 00 00 00 00 00  00 00 00 00 00 00 00 00  | ................
0000000000068580 | 00 00 00 00 00 00 00 00  18 00 00 00 11 00 00 00  | ................
0000000000068590 | C1 63 05 00 00 00 00 00  A4 CD 05 00 00 00 00 00  | .c..............
00000000000685A0 | 18 21 03 00 00 00 00 00  50 67 05 00 00 00 00 00  | .!......Pg......
00000000000685B0 | 46 D4 05 00 00 00 00 00  38 21 03 00 00 00 00 00  | F.......8!......
00000000000685C0 | D6 2B 05 00 00 00 00 00  85 CE 05 00 00 00 00 00  | .+..............
00000000000685D0 | A8 22 03 00 00 00 00 00  88 5C 05 00 00 00 00 00  | .".......\......
00000000000685E0 | F9 D4 05 00 00 00 00 00  F4 22 03 00 00 00 00 00  | ........."......
00000000000685F0 | 42 79 05 00 00 00 00 00  85 CE 05 00 00 00 00 00  | By..............
0000000000068600 | 74 28 03 00 00 00 00 00  E4 93 05 00 00 00 00 00  | t(..............
0000000000068610 | 85 CE 05 00 00 00 00 00  34 2A 03 00 00 00 00 00  | ........4*......
0000000000068620 | B4 70 05 00 00 00 00 00  A4 CD 05 00 00 00 00 00  | .p..............
0000000000068630 | EC 2B 03 00 00 00 00 00  C7 70 05 00 00 00 00 00  | .+.......p......
0000000000068640 | 23 D5 05 00 00 00 00 00  E8 2F 03 00 00 00 00 00  | #......../......
0000000000068650 | 71 74 05 00 00 00 00 00  40 D5 05 00 00 00 00 00  | qt......@.......
0000000000068660 | F4 2F 03 00 00 00 00 00  E0 85 05 00 00 00 00 00  | ./..............
0000000000068670 | 48 D5 05 00 00 00 00 00  04 30 03 00 00 00 00 00  | H........0......
0000000000068680 | 6C 6C 05 00 00 00 00 00  A4 CD 05 00 00 00 00 00  | ll..............
0000000000068690 | 14 30 03 00 00 00 00 00  76 84 05 00 00 00 00 00  | .0......v.......
00000000000686A0 | 7A CE 05 00 00 00 00 00  24 30 03 00 00 00 00 00  | z.......$0......
00000000000686B0 | E1 74 05 00 00 00 00 00  A4 CD 05 00 00 00 00 00  | .t..............
00000000000686C0 | 38 30 03 00 00 00 00 00  FF 85 05 00 00 00 00 00  | 80..............
00000000000686D0 | 7A CE 05 00 00 00 00 00  48 30 03 00 00 00 00 00  | z.......H0......
00000000000686E0 | 7A 74 05 00 00 00 00 00  A4 CD 05 00 00 00 00 00  | zt..............
00000000000686F0 | 5C 30 03 00 00 00 00 00  ED 85 05 00 00 00 00 00  | \0..............
0000000000068700 | 7A CE 05 00 00 00 00 00  6C 30 03 00 00 00 00 00  | z.......l0......
0000000000068710 | 11 32 05 00 00 00 00 00  85 CE 05 00 00 00 00 00  | .2..............
0000000000068720 | 80 30 03 00 00 00 00 00  20 00 00 00 04 00 00 00  | .0...... .......
0000000000068730 | 24 EE 06 00 00 00 00 00  8D 44 05 00 00 00 00 00  | $........D......
0000000000068740 | BF D5 05 00 00 00 00 00  02 00 00 00 04 00 00 00  | ................
0000000000068750 | 28 EE 06 00 00 00 00 00  BC 43 05 00 00 00 00 00  | (........C......
0000000000068760 | DC D5 05 00 00 00 00 00  03 00 00 00 08 00 00 00  | ................
0000000000068770 | 30 EE 06 00 00 00 00 00  A6 44 05 00 00 00 00 00  | 0........D......
0000000000068780 | DC D5 05 00 00 00 00 00  03 00 00 00 08 00 00 00  | ................
0000000000068790 | 2C EE 06 00 00 00 00 00  97 44 05 00 00 00 00 00  | ,........D......
00000000000687A0 | DC D5 05 00 00 00 00 00  03 00 00 00 08 00 00 00  | ................
00000000000687B0 | 10 00 00 00 04 00 00 00  71 74 05 00 00 00 00 00  | ........qt......
00000000000687C0 | 89 32 05 00 00 00 00 00  6C 6C 05 00 00 00 00 00  | .2......ll......
00000000000687D0 | 5C 30 05 00 00 00 00 00  E1 74 05 00 00 00 00 00  | \0.......t......
00000000000687E0 | DB 3A 05 00 00 00 00 00  7A 74 05 00 00 00 00 00  | .:......zt......
00000000000687F0 | 48 32 05 00 00 00 00 00  84 01 00 00 08 00 00 00  | H2..............
0000000000068800 | 28 00 00 00 00 00 00 00  A6 CB 05 00 00 00 00 00  | (...............
0000000000068810 | 94 CB 05 00 00 00 00 00  88 85 06 00 00 00 00 00  | ................
0000000000068820 | 00 00 00 00 00 00 00 00  28 87 06 00 00 00 00 00  | ........(.......
0000000000068830 | 00 00 00 00 00 00 00 00  B0 87 06 00 00 00 00 00  | ................
0000000000068840 | 85 01 00 00 28 00 00 00  28 00 00 00 00 00 00 00  | ....(...(.......
0000000000068850 | 00 00 00 00 00 00 00 00  A8 CB 05 00 00 00 00 00  | ................
0000000000068860 | 60 FA 06 00 00 00 00 00  00 00 00 00 00 00 00 00  | `...............
0000000000068870 | 00 00 00 00 00 00 00 00  00 00 00 00 00 00 00 00  | ................
0000000000068880 | 00 00 00 00 00 00 00 00  20 00 00 00 02 00 00 00  | ........ .......
0000000000068890 | 34 EE 06 00 00 00 00 00  C1 41 05 00 00 00 00 00  | 4........A......
00000000000688A0 | 3A D3 05 00 00 00 00 00  03 00 00 00 08 00 00 00  | :...............
00000000000688B0 | 38 EE 06 00 00 00 00 00  D5 42 05 00 00 00 00 00  | 8........B......
00000000000688C0 | B1 D1 05 00 00 00 00 00  00 00 00 00 01 00 00 00  | ................
00000000000688D0 | 84 01 00 00 58 00 00 00  61 00 00 00 00 00 00 00  | ....X...a.......
00000000000688E0 | A3 C9 05 00 00 00 00 00  A8 CB 05 00 00 00 00 00  | ................
00000000000688F0 | F8 FA 06 00 00 00 00 00  00 00 00 00 00 00 00 00  | ................
0000000000068900 | 88 88 06 00 00 00 00 00  00 00 00 00 00 00 00 00  | ................
0000000000068910 | 00 00 00 00 00 00 00 00  10 00 00 00 0F 00 00 00  | ................
0000000000068920 | 3A 80 05 00 00 00 00 00  87 3A 05 00 00 00 00 00  | :........:......
0000000000068930 | 7B 50 05 00 00 00 00 00  87 3A 05 00 00 00 00 00  | {P.......:......
0000000000068940 | 3E 2F 05 00 00 00 00 00  87 3A 05 00 00 00 00 00  | >/.......:......
0000000000068950 | 5F 62 05 00 00 00 00 00  33 35 05 00 00 00 00 00  | _b......35......
0000000000068960 | 2F 80 05 00 00 00 00 00  97 2F 05 00 00 00 00 00  | /......../......
0000000000068970 | 06 4F 05 00 00 00 00 00  98 2E 05 00 00 00 00 00  | .O..............
0000000000068980 | CD 4E 05 00 00 00 00 00  49 36 05 00 00 00 00 00  | .N......I6......
0000000000068990 | E9 4E 05 00 00 00 00 00  4E 2C 05 00 00 00 00 00  | .N......N,......
00000000000689A0 | F3 30 05 00 00 00 00 00  15 3D 05 00 00 00 00 00  | .0.......=......
00000000000689B0 | A8 5B 05 00 00 00 00 00  E4 3E 05 00 00 00 00 00  | .[.......>......
00000000000689C0 | F5 58 05 00 00 00 00 00  E0 29 05 00 00 00 00 00  | .X.......)......
00000000000689D0 | F1 39 05 00 00 00 00 00  C8 3C 05 00 00 00 00 00  | .9.......<......
00000000000689E0 | 23 73 05 00 00 00 00 00  0F 3E 05 00 00 00 00 00  | #s.......>......
00000000000689F0 | 6F 50 05 00 00 00 00 00  AD 38 05 00 00 00 00 00  | oP.......8......
0000000000068A00 | 8C 50 05 00 00 00 00 00  AD 38 05 00 00 00 00 00  | .P.......8......
0000000000068A10 | 85 01 00 00 28 00 00 00  28 00 00 00 00 00 00 00  | ....(...(.......
0000000000068A20 | 00 00 00 00 00 00 00 00  C1 CB 05 00 00 00 00 00  | ................
0000000000068A30 | 00 00 00 00 00 00 00 00  00 00 00 00 00 00 00 00  | ................
0000000000068A40 | 00 00 00 00 00 00 00 00  00 00 00 00 00 00 00 00  | ................
0000000000068A50 | 00 00 00 00 00 00 00 00  18 00 00 00 04 00 00 00  | ................
0000000000068A60 | 9B 67 05 00 00 00 00 00  38 D6 05 00 00 00 00 00  | .g......8.......
0000000000068A70 | 24 3A 03 00 00 00 00 00  A5 6E 05 00 00 00 00 00  | $:.......n......
0000000000068A80 | 7A D5 05 00 00 00 00 00  E4 3A 03 00 00 00 00 00  | z........:......
0000000000068A90 | 68 4E 05 00 00 00 00 00  7A D5 05 00 00 00 00 00  | hN......z.......
0000000000068AA0 | EC 3A 03 00 00 00 00 00  11 32 05 00 00 00 00 00  | .:.......2......
0000000000068AB0 | 85 CE 05 00 00 00 00 00  F4 3A 03 00 00 00 00 00  | .........:......
0000000000068AC0 | 20 00 00 00 02 00 00 00  3C EE 06 00 00 00 00 00  |  .......<.......
0000000000068AD0 | 03 44 05 00 00 00 00 00  CA D2 05 00 00 00 00 00  | .D..............
0000000000068AE0 | 03 00 00 00 08 00 00 00  40 EE 06 00 00 00 00 00  | ........@.......
0000000000068AF0 | 0E 40 05 00 00 00 00 00  CA D2 05 00 00 00 00 00  | .@..............
0000000000068B00 | 03 00 00 00 08 00 00 00  10 00 00 00 02 00 00 00  | ................
0000000000068B10 | A5 6E 05 00 00 00 00 00  0F 3C 05 00 00 00 00 00  | .n.......<......
0000000000068B20 | 68 4E 05 00 00 00 00 00  8E 31 05 00 00 00 00 00  | hN.......1......
0000000000068B30 | 84 01 00 00 08 00 00 00  18 00 00 00 00 00 00 00  | ................
0000000000068B40 | 0B CB 05 00 00 00 00 00  C1 CB 05 00 00 00 00 00  | ................
0000000000068B50 | 58 8A 06 00 00 00 00 00  00 00 00 00 00 00 00 00  | X...............
0000000000068B60 | C0 8A 06 00 00 00 00 00  00 00 00 00 00 00 00 00  | ................
0000000000068B70 | 08 8B 06 00 00 00 00 00  85 01 00 00 28 00 00 00  | ............(...
0000000000068B80 | 28 00 00 00 00 00 00 00  00 00 00 00 00 00 00 00  | (...............
0000000000068B90 | D5 CB 05 00 00 00 00 00  28 FC 06 00 00 00 00 00  | ........(.......
0000000000068BA0 | 00 00 00 00 00 00 00 00  00 00 00 00 00 00 00 00  | ................
0000000000068BB0 | 00 00 00 00 00 00 00 00  00 00 00 00 00 00 00 00  | ................
0000000000068BC0 | 20 00 00 00 1D 00 00 00  44 EE 06 00 00 00 00 00  |  .......D.......
0000000000068BD0 | E5 41 05 00 00 00 00 00  80 D6 05 00 00 00 00 00  | .A..............
0000000000068BE0 | 03 00 00 00 08 00 00 00  48 EE 06 00 00 00 00 00  | ........H.......
0000000000068BF0 | 86 47 05 00 00 00 00 00  D3 D1 05 00 00 00 00 00  | .G..............
0000000000068C00 | 03 00 00 00 08 00 00 00  4C EE 06 00 00 00 00 00  | ........L.......
0000000000068C10 | 13 47 05 00 00 00 00 00  9A D6 05 00 00 00 00 00  | .G..............
0000000000068C20 | 03 00 00 00 08 00 00 00  50 EE 06 00 00 00 00 00  | ........P.......
0000000000068C30 | 65 43 05 00 00 00 00 00  F8 D3 05 00 00 00 00 00  | eC..............
0000000000068C40 | 03 00 00 00 08 00 00 00  54 EE 06 00 00 00 00 00  | ........T.......
0000000000068C50 | D1 3F 05 00 00 00 00 00  9E D3 05 00 00 00 00 00  | .?..............
0000000000068C60 | 03 00 00 00 08 00 00 00  58 EE 06 00 00 00 00 00  | ........X.......
0000000000068C70 | 04 41 05 00 00 00 00 00  B1 D1 05 00 00 00 00 00  | .A..............
0000000000068C80 | 00 00 00 00 01 00 00 00  5C EE 06 00 00 00 00 00  | ........\.......
0000000000068C90 | 76 42 05 00 00 00 00 00  B9 D6 05 00 00 00 00 00  | vB..............
0000000000068CA0 | 03 00 00 00 08 00 00 00  60 EE 06 00 00 00 00 00  | ........`.......
0000000000068CB0 | 33 44 05 00 00 00 00 00  1D D2 05 00 00 00 00 00  | 3D..............
0000000000068CC0 | 03 00 00 00 08 00 00 00  64 EE 06 00 00 00 00 00  | ........d.......
0000000000068CD0 | EF 46 05 00 00 00 00 00  8D CE 05 00 00 00 00 00  | .F..............
0000000000068CE0 | 03 00 00 00 08 00 00 00  68 EE 06 00 00 00 00 00  | ........h.......
0000000000068CF0 | 68 40 05 00 00 00 00 00  8D CE 05 00 00 00 00 00  | h@..............
0000000000068D00 | 03 00 00 00 08 00 00 00  6C EE 06 00 00 00 00 00  | ........l.......
0000000000068D10 | 2D 40 05 00 00 00 00 00  CE D6 05 00 00 00 00 00  | -@..............
0000000000068D20 | 03 00 00 00 08 00 00 00  70 EE 06 00 00 00 00 00  | ........p.......
0000000000068D30 | 4A 40 05 00 00 00 00 00  CE D6 05 00 00 00 00 00  | J@..............
0000000000068D40 | 03 00 00 00 08 00 00 00  74 EE 06 00 00 00 00 00  | ........t.......
0000000000068D50 | 0F 41 05 00 00 00 00 00  E5 D6 05 00 00 00 00 00  | .A..............
0000000000068D60 | 03 00 00 00 08 00 00 00  78 EE 06 00 00 00 00 00  | ........x.......
0000000000068D70 | F5 43 05 00 00 00 00 00  B1 D1 05 00 00 00 00 00  | .C..............
0000000000068D80 | 00 00 00 00 01 00 00 00  7C EE 06 00 00 00 00 00  | ........|.......
0000000000068D90 | 65 42 05 00 00 00 00 00  E7 D6 05 00 00 00 00 00  | eB..............
0000000000068DA0 | 03 00 00 00 08 00 00 00  80 EE 06 00 00 00 00 00  | ................
0000000000068DB0 | 87 42 05 00 00 00 00 00  9E D3 05 00 00 00 00 00  | .B..............
0000000000068DC0 | 03 00 00 00 08 00 00 00  84 EE 06 00 00 00 00 00  | ................
0000000000068DD0 | 87 44 05 00 00 00 00 00  F2 D1 05 00 00 00 00 00  | .D..............
0000000000068DE0 | 03 00 00 00 08 00 00 00  88 EE 06 00 00 00 00 00  | ................
0000000000068DF0 | 01 47 05 00 00 00 00 00  E9 D6 05 00 00 00 00 00  | .G..............
0000000000068E00 | 03 00 00 00 08 00 00 00  8C EE 06 00 00 00 00 00  | ................
0000000000068E10 | 0A 47 05 00 00 00 00 00  E9 D6 05 00 00 00 00 00  | .G..............
0000000000068E20 | 03 00 00 00 08 00 00 00  90 EE 06 00 00 00 00 00  | ................
0000000000068E30 | 47 46 05 00 00 00 00 00  09 D7 05 00 00 00 00 00  | GF..............
0000000000068E40 | 03 00 00 00 08 00 00 00  94 EE 06 00 00 00 00 00  | ................
0000000000068E50 | 8C 46 05 00 00 00 00 00  09 D7 05 00 00 00 00 00  | .F..............
0000000000068E60 | 03 00 00 00 08 00 00 00  98 EE 06 00 00 00 00 00  | ................
0000000000068E70 | B3 42 05 00 00 00 00 00  1C D7 05 00 00 00 00 00  | .B..............
0000000000068E80 | 03 00 00 00 08 00 00 00  9C EE 06 00 00 00 00 00  | ................
0000000000068E90 | BF 42 05 00 00 00 00 00  31 D7 05 00 00 00 00 00  | .B......1.......
0000000000068EA0 | 03 00 00 00 08 00 00 00  A0 EE 06 00 00 00 00 00  | ................
0000000000068EB0 | CA 42 05 00 00 00 00 00  40 D7 05 00 00 00 00 00  | .B......@.......
0000000000068EC0 | 03 00 00 00 08 00 00 00  A4 EE 06 00 00 00 00 00  | ................
0000000000068ED0 | 9E 42 05 00 00 00 00 00  8D CE 05 00 00 00 00 00  | .B..............
0000000000068EE0 | 03 00 00 00 08 00 00 00  A8 EE 06 00 00 00 00 00  | ................
0000000000068EF0 | AA 42 05 00 00 00 00 00  F2 D1 05 00 00 00 00 00  | .B..............
0000000000068F00 | 03 00 00 00 08 00 00 00  AC EE 06 00 00 00 00 00  | ................
0000000000068F10 | A3 40 05 00 00 00 00 00  B1 D1 05 00 00 00 00 00  | .@..............
0000000000068F20 | 00 00 00 00 01 00 00 00  B0 EE 06 00 00 00 00 00  | ................
0000000000068F30 | 71 47 05 00 00 00 00 00  B1 D1 05 00 00 00 00 00  | qG..............
0000000000068F40 | 00 00 00 00 01 00 00 00  B4 EE 06 00 00 00 00 00  | ................
0000000000068F50 | CA 32 05 00 00 00 00 00  F2 D1 05 00 00 00 00 00  | .2..............
0000000000068F60 | 03 00 00 00 08 00 00 00  84 01 00 00 08 00 00 00  | ................
0000000000068F70 | E8 00 00 00 00 00 00 00  E2 CB 05 00 00 00 00 00  | ................
0000000000068F80 | D5 CB 05 00 00 00 00 00  60 FC 06 00 00 00 00 00  | ........`.......
0000000000068F90 | 00 00 00 00 00 00 00 00  C0 8B 06 00 00 00 00 00  | ................
0000000000068FA0 | 00 00 00 00 00 00 00 00  18 89 06 00 00 00 00 00  | ................
0000000000068FB0 | 01 00 00 00 00 00 00 00  60 59 07 00 00 00 00 00  | ........`Y......
0000000000068FC0 | 00 00 00 00 00 00 00 00  18 00 00 00 04 00 00 00  | ................
0000000000068FD0 | D9 75 05 00 00 00 00 00  47 CE 05 00 00 00 00 00  | .u......G.......
0000000000068FE0 | 00 00 00 00 00 00 00 00  5F 75 05 00 00 00 00 00  | ........_u......
0000000000068FF0 | D8 D7 05 00 00 00 00 00  00 00 00 00 00 00 00 00  | ................
0000000000069000 | 80 75 05 00 00 00 00 00  D8 D7 05 00 00 00 00 00  | .u..............
0000000000069010 | 00 00 00 00 00 00 00 00  A2 75 05 00 00 00 00 00  | .........u......
0000000000069020 | E6 D7 05 00 00 00 00 00  00 00 00 00 00 00 00 00  | ................
0000000000069030 | F7 D7 05 00 00 00 00 00  30 D8 05 00 00 00 00 00  | ........0.......
0000000000069040 | 30 D8 05 00 00 00 00 00  60 D8 05 00 00 00 00 00  | 0.......`.......
0000000000069050 | 02 00 00 00 00 00 00 00  C0 59 07 00 00 00 00 00  | .........Y......
0000000000069060 | 90 87 07 00 00 00 00 00  00 00 00 00 00 00 00 00  | ................
0000000000069070 | 85 01 00 00 28 00 00 00  28 00 00 00 00 00 00 00  | ....(...(.......
0000000000069080 | 00 00 00 00 00 00 00 00  0D CC 05 00 00 00 00 00  | ................
0000000000069090 | 00 00 00 00 00 00 00 00  50 90 06 00 00 00 00 00  | ........P.......
00000000000690A0 | 00 00 00 00 00 00 00 00  00 00 00 00 00 00 00 00  | ................
00000000000690B0 | 00 00 00 00 00 00 00 00  18 00 00 00 28 00 00 00  | ............(...
00000000000690C0 | D6 2B 05 00 00 00 00 00  85 CE 05 00 00 00 00 00  | .+..............
00000000000690D0 | 38 87 03 00 00 00 00 00  C1 63 05 00 00 00 00 00  | 8........c......
00000000000690E0 | A4 CD 05 00 00 00 00 00  84 87 03 00 00 00 00 00  | ................
00000000000690F0 | 60 5E 05 00 00 00 00 00  D6 CE 05 00 00 00 00 00  | `^..............
0000000000069100 | 0C 8A 03 00 00 00 00 00  0A 33 05 00 00 00 00 00  | .........3......
0000000000069110 | A7 D8 05 00 00 00 00 00  1C 8A 03 00 00 00 00 00  | ................
0000000000069120 | 53 29 05 00 00 00 00 00  B2 D8 05 00 00 00 00 00  | S)..............
0000000000069130 | 2C 8A 03 00 00 00 00 00  A7 49 05 00 00 00 00 00  | ,........I......
0000000000069140 | 47 CE 05 00 00 00 00 00  58 8B 03 00 00 00 00 00  | G.......X.......
0000000000069150 | 5B 7E 05 00 00 00 00 00  7A CE 05 00 00 00 00 00  | [~......z.......
0000000000069160 | E0 8B 03 00 00 00 00 00  58 33 05 00 00 00 00 00  | ........X3......
0000000000069170 | 85 CE 05 00 00 00 00 00  4C 8C 03 00 00 00 00 00  | ........L.......
0000000000069180 | 60 63 05 00 00 00 00 00  20 CE 05 00 00 00 00 00  | `c...... .......
0000000000069190 | 8C 8C 03 00 00 00 00 00  81 97 05 00 00 00 00 00  | ................
00000000000691A0 | BA CD 05 00 00 00 00 00  8C 8D 03 00 00 00 00 00  | ................
00000000000691B0 | E3 89 05 00 00 00 00 00  47 CE 05 00 00 00 00 00  | ........G.......
00000000000691C0 | 90 95 03 00 00 00 00 00  7D 35 05 00 00 00 00 00  | ........}5......
00000000000691D0 | FD CE 05 00 00 00 00 00  4C 9A 03 00 00 00 00 00  | ........L.......
00000000000691E0 | 26 5B 05 00 00 00 00 00  85 CE 05 00 00 00 00 00  | &[..............
00000000000691F0 | 5C 9A 03 00 00 00 00 00  D9 75 05 00 00 00 00 00  | \........u......
0000000000069200 | 47 CE 05 00 00 00 00 00  A4 9B 03 00 00 00 00 00  | G...............
0000000000069210 | 5F 75 05 00 00 00 00 00  D8 D7 05 00 00 00 00 00  | _u..............
0000000000069220 | 04 9E 03 00 00 00 00 00  80 75 05 00 00 00 00 00  | .........u......
0000000000069230 | D8 D7 05 00 00 00 00 00  40 9E 03 00 00 00 00 00  | ........@.......
0000000000069240 | A2 75 05 00 00 00 00 00  E6 D7 05 00 00 00 00 00  | .u..............
0000000000069250 | 7C 9E 03 00 00 00 00 00  52 7B 05 00 00 00 00 00  | |.......R{......
0000000000069260 | 85 CE 05 00 00 00 00 00  90 9E 03 00 00 00 00 00  | ................
0000000000069270 | 76 6C 05 00 00 00 00 00  9E D1 05 00 00 00 00 00  | vl..............
0000000000069280 | CC 9E 03 00 00 00 00 00  F5 58 05 00 00 00 00 00  | .........X......
0000000000069290 | A4 CD 05 00 00 00 00 00  D4 9E 03 00 00 00 00 00  | ................
00000000000692A0 | A1 82 05 00 00 00 00 00  7A CE 05 00 00 00 00 00  | ........z.......
00000000000692B0 | EC 9E 03 00 00 00 00 00  41 51 05 00 00 00 00 00  | ........AQ......
00000000000692C0 | A4 CD 05 00 00 00 00 00  F8 9E 03 00 00 00 00 00  | ................
00000000000692D0 | 04 82 05 00 00 00 00 00  7A CE 05 00 00 00 00 00  | ........z.......
00000000000692E0 | 00 9F 03 00 00 00 00 00  AB 71 05 00 00 00 00 00  | .........q......
00000000000692F0 | 9E D1 05 00 00 00 00 00  0C 9F 03 00 00 00 00 00  | ................
0000000000069300 | C4 85 05 00 00 00 00 00  C1 D8 05 00 00 00 00 00  | ................
0000000000069310 | 14 9F 03 00 00 00 00 00  9D 71 05 00 00 00 00 00  | .........q......
0000000000069320 | A4 CD 05 00 00 00 00 00  1C 9F 03 00 00 00 00 00  | ................
0000000000069330 | B2 85 05 00 00 00 00 00  7A CE 05 00 00 00 00 00  | ........z.......
0000000000069340 | 24 9F 03 00 00 00 00 00  4B 93 05 00 00 00 00 00  | $.......K.......
0000000000069350 | FD CE 05 00 00 00 00 00  30 9F 03 00 00 00 00 00  | ........0.......
0000000000069360 | 3F 87 05 00 00 00 00 00  A6 D1 05 00 00 00 00 00  | ?...............
0000000000069370 | 38 9F 03 00 00 00 00 00  3C 93 05 00 00 00 00 00  | 8.......<.......
0000000000069380 | FD CE 05 00 00 00 00 00  40 9F 03 00 00 00 00 00  | ........@.......
0000000000069390 | 2C 87 05 00 00 00 00 00  A6 D1 05 00 00 00 00 00  | ,...............
00000000000693A0 | 48 9F 03 00 00 00 00 00  9D 38 05 00 00 00 00 00  | H........8......
00000000000693B0 | A4 CD 05 00 00 00 00 00  50 9F 03 00 00 00 00 00  | ........P.......
00000000000693C0 | A5 84 05 00 00 00 00 00  7A CE 05 00 00 00 00 00  | ........z.......
00000000000693D0 | 58 9F 03 00 00 00 00 00  84 6C 05 00 00 00 00 00  | X........l......
00000000000693E0 | A4 CD 05 00 00 00 00 00  64 9F 03 00 00 00 00 00  | ........d.......
00000000000693F0 | 92 84 05 00 00 00 00 00  7A CE 05 00 00 00 00 00  | ........z.......
0000000000069400 | 6C 9F 03 00 00 00 00 00  4B 49 05 00 00 00 00 00  | l.......KI......
0000000000069410 | A4 CD 05 00 00 00 00 00  78 9F 03 00 00 00 00 00  | ........x.......
0000000000069420 | 44 80 05 00 00 00 00 00  7A CE 05 00 00 00 00 00  | D.......z.......
0000000000069430 | 80 9F 03 00 00 00 00 00  BA 34 05 00 00 00 00 00  | .........4......
0000000000069440 | A4 CD 05 00 00 00 00 00  8C 9F 03 00 00 00 00 00  | ................
0000000000069450 | 68 81 05 00 00 00 00 00  7A CE 05 00 00 00 00 00  | h.......z.......
0000000000069460 | 94 9F 03 00 00 00 00 00  11 32 05 00 00 00 00 00  | .........2......
0000000000069470 | 85 CE 05 00 00 00 00 00  A0 9F 03 00 00 00 00 00  | ................
0000000000069480 | 20 00 00 00 0B 00 00 00  B8 EE 06 00 00 00 00 00  |  ...............
0000000000069490 | C7 43 05 00 00 00 00 00  B3 D1 05 00 00 00 00 00  | .C..............
00000000000694A0 | 01 00 00 00 02 00 00 00  BC EE 06 00 00 00 00 00  | ................
00000000000694B0 | 60 44 05 00 00 00 00 00  B3 D1 05 00 00 00 00 00  | `D..............
00000000000694C0 | 01 00 00 00 02 00 00 00  C0 EE 06 00 00 00 00 00  | ................
00000000000694D0 | E5 41 05 00 00 00 00 00  CC D8 05 00 00 00 00 00  | .A..............
00000000000694E0 | 03 00 00 00 08 00 00 00  C4 EE 06 00 00 00 00 00  | ................
00000000000694F0 | EC 40 05 00 00 00 00 00  D3 D1 05 00 00 00 00 00  | .@..............
0000000000069500 | 03 00 00 00 08 00 00 00  C8 EE 06 00 00 00 00 00  | ................
0000000000069510 | 51 44 05 00 00 00 00 00  8D CE 05 00 00 00 00 00  | QD..............
0000000000069520 | 03 00 00 00 08 00 00 00  CC EE 06 00 00 00 00 00  | ................
0000000000069530 | B8 47 05 00 00 00 00 00  F2 D1 05 00 00 00 00 00  | .G..............
0000000000069540 | 03 00 00 00 08 00 00 00  D0 EE 06 00 00 00 00 00  | ................
0000000000069550 | 08 2A 05 00 00 00 00 00  F2 D1 05 00 00 00 00 00  | .*..............
0000000000069560 | 03 00 00 00 08 00 00 00  D4 EE 06 00 00 00 00 00  | ................
0000000000069570 | D6 43 05 00 00 00 00 00  F4 D1 05 00 00 00 00 00  | .C..............
0000000000069580 | 03 00 00 00 08 00 00 00  D8 EE 06 00 00 00 00 00  | ................
0000000000069590 | E6 32 05 00 00 00 00 00  D3 D1 05 00 00 00 00 00  | .2..............
00000000000695A0 | 03 00 00 00 08 00 00 00  DC EE 06 00 00 00 00 00  | ................
00000000000695B0 | E4 3F 05 00 00 00 00 00  E4 D8 05 00 00 00 00 00  | .?..............
00000000000695C0 | 03 00 00 00 08 00 00 00  E0 EE 06 00 00 00 00 00  | ................
00000000000695D0 | 7D 40 05 00 00 00 00 00  CE D6 05 00 00 00 00 00  | }@..............
00000000000695E0 | 03 00 00 00 08 00 00 00  10 00 00 00 10 00 00 00  | ................
00000000000695F0 | 9D 38 05 00 00 00 00 00  6B 2A 05 00 00 00 00 00  | .8......k*......
0000000000069600 | 84 6C 05 00 00 00 00 00  38 2D 05 00 00 00 00 00  | .l......8-......
0000000000069610 | 4B 49 05 00 00 00 00 00  B7 2C 05 00 00 00 00 00  | KI.......,......
0000000000069620 | 4B 93 05 00 00 00 00 00  C1 3D 05 00 00 00 00 00  | K........=......
0000000000069630 | 3C 93 05 00 00 00 00 00  AB 3D 05 00 00 00 00 00  | <........=......
0000000000069640 | BA 34 05 00 00 00 00 00  CB 36 05 00 00 00 00 00  | .4.......6......
0000000000069650 | 76 6C 05 00 00 00 00 00  4D 3E 05 00 00 00 00 00  | vl......M>......
0000000000069660 | F5 58 05 00 00 00 00 00  18 2A 05 00 00 00 00 00  | .X.......*......
0000000000069670 | 41 51 05 00 00 00 00 00  FC 2C 05 00 00 00 00 00  | AQ.......,......
0000000000069680 | 7D 35 05 00 00 00 00 00  DF 3D 05 00 00 00 00 00  | }5.......=......
0000000000069690 | AB 71 05 00 00 00 00 00  1D 3E 05 00 00 00 00 00  | .q.......>......
00000000000696A0 | 9D 71 05 00 00 00 00 00  D0 37 05 00 00 00 00 00  | .q.......7......
00000000000696B0 | 8B 62 05 00 00 00 00 00  DA 3D 05 00 00 00 00 00  | .b.......=......
00000000000696C0 | 75 90 05 00 00 00 00 00  D3 29 05 00 00 00 00 00  | u........)......
00000000000696D0 | 71 59 05 00 00 00 00 00  77 2E 05 00 00 00 00 00  | qY......w.......
00000000000696E0 | AC 58 05 00 00 00 00 00  77 2E 05 00 00 00 00 00  | .X......w.......
00000000000696F0 | 84 01 00 00 08 00 00 00  58 00 00 00 00 00 00 00  | ........X.......
0000000000069700 | 47 CC 05 00 00 00 00 00  0D CC 05 00 00 00 00 00  | G...............
0000000000069710 | B8 90 06 00 00 00 00 00  50 90 06 00 00 00 00 00  | ........P.......
0000000000069720 | 80 94 06 00 00 00 00 00  4A CC 05 00 00 00 00 00  | ........J.......
0000000000069730 | E8 95 06 00 00 00 00 00  01 00 00 00 00 00 00 00  | ................
0000000000069740 | 60 59 07 00 00 00 00 00  00 00 00 00 00 00 00 00  | `Y..............
0000000000069750 | 18 00 00 00 03 00 00 00  FC 70 05 00 00 00 00 00  | .........p......
0000000000069760 | 38 D2 05 00 00 00 00 00  00 00 00 00 00 00 00 00  | 8...............
0000000000069770 | B5 96 05 00 00 00 00 00  5B D2 05 00 00 00 00 00  | ........[.......
0000000000069780 | 00 00 00 00 00 00 00 00  77 52 05 00 00 00 00 00  | ........wR......
0000000000069790 | 38 D2 05 00 00 00 00 00  00 00 00 00 00 00 00 00  | 8...............
00000000000697A0 | 38 D2 05 00 00 00 00 00  F4 D8 05 00 00 00 00 00  | 8...............
00000000000697B0 | 38 D2 05 00 00 00 00 00  01 00 00 00 00 00 00 00  | 8...............
00000000000697C0 | B8 8B 07 00 00 00 00 00  00 00 00 00 00 00 00 00  | ................
00000000000697D0 | 81 00 00 00 28 00 00 00  28 00 00 00 00 00 00 00  | ....(...(.......
00000000000697E0 | 00 00 00 00 00 00 00 00  4C CC 05 00 00 00 00 00  | ........L.......
00000000000697F0 | 00 00 00 00 00 00 00 00  B8 97 06 00 00 00 00 00  | ................
0000000000069800 | 00 00 00 00 00 00 00 00  00 00 00 00 00 00 00 00  | ................
0000000000069810 | 00 00 00 00 00 00 00 00  18 00 00 00 04 00 00 00  | ................
0000000000069820 | 1C 68 05 00 00 00 00 00  AC CD 05 00 00 00 00 00  | .h..............
0000000000069830 | 0C A0 03 00 00 00 00 00  FC 70 05 00 00 00 00 00  | .........p......
0000000000069840 | 38 D2 05 00 00 00 00 00  58 A0 03 00 00 00 00 00  | 8.......X.......
0000000000069850 | B5 96 05 00 00 00 00 00  5B D2 05 00 00 00 00 00  | ........[.......
0000000000069860 | 68 A0 03 00 00 00 00 00  77 52 05 00 00 00 00 00  | h.......wR......
0000000000069870 | 38 D2 05 00 00 00 00 00  78 A0 03 00 00 00 00 00  | 8.......x.......
0000000000069880 | 20 00 00 00 02 00 00 00  E4 EE 06 00 00 00 00 00  |  ...............
0000000000069890 | 83 46 05 00 00 00 00 00  58 D3 05 00 00 00 00 00  | .F......X.......
00000000000698A0 | 03 00 00 00 08 00 00 00  E8 EE 06 00 00 00 00 00  | ................
00000000000698B0 | 40 2A 05 00 00 00 00 00  0B D9 05 00 00 00 00 00  | @*..............
00000000000698C0 | 03 00 00 00 08 00 00 00  10 00 00 00 04 00 00 00  | ................
00000000000698D0 | 8B 62 05 00 00 00 00 00  DA 3D 05 00 00 00 00 00  | .b.......=......
00000000000698E0 | 75 90 05 00 00 00 00 00  D3 29 05 00 00 00 00 00  | u........)......
00000000000698F0 | 71 59 05 00 00 00 00 00  77 2E 05 00 00 00 00 00  | qY......w.......
0000000000069900 | AC 58 05 00 00 00 00 00  77 2E 05 00 00 00 00 00  | .X......w.......
0000000000069910 | 80 00 00 00 08 00 00 00  18 00 00 00 00 00 00 00  | ................
0000000000069920 | 00 00 00 00 00 00 00 00  4C CC 05 00 00 00 00 00  | ........L.......
0000000000069930 | 18 98 06 00 00 00 00 00  B8 97 06 00 00 00 00 00  | ................
0000000000069940 | 80 98 06 00 00 00 00 00  00 00 00 00 00 00 00 00  | ................
0000000000069950 | C8 98 06 00 00 00 00 00  81 00 00 00 28 00 00 00  | ............(...
0000000000069960 | 28 00 00 00 00 00 00 00  00 00 00 00 00 00 00 00  | (...............
0000000000069970 | 7B CC 05 00 00 00 00 00  00 00 00 00 00 00 00 00  | {...............
0000000000069980 | 00 00 00 00 00 00 00 00  00 00 00 00 00 00 00 00  | ................
0000000000069990 | 00 00 00 00 00 00 00 00  00 00 00 00 00 00 00 00  | ................
00000000000699A0 | 18 00 00 00 03 00 00 00  FC 70 05 00 00 00 00 00  | .........p......
00000000000699B0 | 38 D2 05 00 00 00 00 00  88 A0 03 00 00 00 00 00  | 8...............
00000000000699C0 | B5 96 05 00 00 00 00 00  5B D2 05 00 00 00 00 00  | ........[.......
00000000000699D0 | 60 A1 03 00 00 00 00 00  77 52 05 00 00 00 00 00  | `.......wR......
00000000000699E0 | 38 D2 05 00 00 00 00 00  9C A3 03 00 00 00 00 00  | 8...............
00000000000699F0 | 20 00 00 00 02 00 00 00  EC EE 06 00 00 00 00 00  |  ...............
0000000000069A00 | D8 29 05 00 00 00 00 00  27 D9 05 00 00 00 00 00  | .)......'.......
0000000000069A10 | 03 00 00 00 70 00 00 00  F0 EE 06 00 00 00 00 00  | ....p...........
0000000000069A20 | 3B 43 05 00 00 00 00 00  B1 D1 05 00 00 00 00 00  | ;C..............
0000000000069A30 | 00 00 00 00 01 00 00 00  80 00 00 00 18 00 00 00  | ................
0000000000069A40 | 89 00 00 00 00 00 00 00  00 00 00 00 00 00 00 00  | ................
0000000000069A50 | 7B CC 05 00 00 00 00 00  A0 99 06 00 00 00 00 00  | {...............
0000000000069A60 | 00 00 00 00 00 00 00 00  F0 99 06 00 00 00 00 00  | ................
0000000000069A70 | 00 00 00 00 00 00 00 00  00 00 00 00 00 00 00 00  | ................
0000000000069A80 | 01 00 00 00 00 00 00 00  B8 8B 07 00 00 00 00 00  | ................
0000000000069A90 | 00 00 00 00 00 00 00 00  85 01 00 00 28 00 00 00  | ............(...
0000000000069AA0 | 28 00 00 00 00 00 00 00  00 00 00 00 00 00 00 00  | (...............
0000000000069AB0 | 93 CC 05 00 00 00 00 00  00 00 00 00 00 00 00 00  | ................
0000000000069AC0 | 80 9A 06 00 00 00 00 00  00 00 00 00 00 00 00 00  | ................
0000000000069AD0 | 00 00 00 00 00 00 00 00  00 00 00 00 00 00 00 00  | ................
0000000000069AE0 | 18 00 00 00 20 00 00 00  C1 67 05 00 00 00 00 00  | .... ....g......
0000000000069AF0 | 44 D2 05 00 00 00 00 00  F4 A3 03 00 00 00 00 00  | D...............
0000000000069B00 | AF 2C 05 00 00 00 00 00  D6 CE 05 00 00 00 00 00  | .,..............
0000000000069B10 | DC AA 03 00 00 00 00 00  68 62 05 00 00 00 00 00  | ........hb......
0000000000069B20 | D6 CE 05 00 00 00 00 00  EC AA 03 00 00 00 00 00  | ................
0000000000069B30 | 97 4E 05 00 00 00 00 00  BA CD 05 00 00 00 00 00  | .N..............
0000000000069B40 | 00 AB 03 00 00 00 00 00  FC 70 05 00 00 00 00 00  | .........p......
0000000000069B50 | 38 D2 05 00 00 00 00 00  10 AB 03 00 00 00 00 00  | 8...............
0000000000069B60 | B5 96 05 00 00 00 00 00  5B D2 05 00 00 00 00 00  | ........[.......
0000000000069B70 | 18 AB 03 00 00 00 00 00  77 52 05 00 00 00 00 00  | ........wR......
0000000000069B80 | 38 D2 05 00 00 00 00 00  20 AB 03 00 00 00 00 00  | 8....... .......
0000000000069B90 | 02 74 05 00 00 00 00 00  85 CE 05 00 00 00 00 00  | .t..............
0000000000069BA0 | 28 AB 03 00 00 00 00 00  FB 71 05 00 00 00 00 00  | (........q......
0000000000069BB0 | 38 D2 05 00 00 00 00 00  28 AC 03 00 00 00 00 00  | 8.......(.......
0000000000069BC0 | 0B 73 05 00 00 00 00 00  5B D2 05 00 00 00 00 00  | .s......[.......
0000000000069BD0 | 50 AC 03 00 00 00 00 00  ED 71 05 00 00 00 00 00  | P........q......
0000000000069BE0 | 38 D2 05 00 00 00 00 00  60 AC 03 00 00 00 00 00  | 8.......`.......
0000000000069BF0 | 48 81 05 00 00 00 00 00  47 CE 05 00 00 00 00 00  | H.......G.......
0000000000069C00 | 70 AC 03 00 00 00 00 00  B1 6C 05 00 00 00 00 00  | p........l......
0000000000069C10 | A4 CD 05 00 00 00 00 00  80 AC 03 00 00 00 00 00  | ................
0000000000069C20 | D6 79 05 00 00 00 00 00  A4 CD 05 00 00 00 00 00  | .y..............
0000000000069C30 | A4 AC 03 00 00 00 00 00  71 59 05 00 00 00 00 00  | ........qY......
0000000000069C40 | A4 CD 05 00 00 00 00 00  C8 AC 03 00 00 00 00 00  | ................
0000000000069C50 | 15 6F 05 00 00 00 00 00  A4 CD 05 00 00 00 00 00  | .o..............
0000000000069C60 | C4 AF 03 00 00 00 00 00  BA 32 05 00 00 00 00 00  | .........2......
0000000000069C70 | A4 CD 05 00 00 00 00 00  CC AF 03 00 00 00 00 00  | ................
0000000000069C80 | F9 36 05 00 00 00 00 00  A4 CD 05 00 00 00 00 00  | .6..............
0000000000069C90 | D4 AF 03 00 00 00 00 00  BF 71 05 00 00 00 00 00  | .........q......
0000000000069CA0 | A4 CD 05 00 00 00 00 00  DC AF 03 00 00 00 00 00  | ................
0000000000069CB0 | 47 76 05 00 00 00 00 00  A4 CD 05 00 00 00 00 00  | Gv..............
0000000000069CC0 | E4 AF 03 00 00 00 00 00  32 56 05 00 00 00 00 00  | ........2V......
0000000000069CD0 | A4 CD 05 00 00 00 00 00  EC AF 03 00 00 00 00 00  | ................
0000000000069CE0 | 24 56 05 00 00 00 00 00  FD CE 05 00 00 00 00 00  | $V..............
0000000000069CF0 | F4 AF 03 00 00 00 00 00  23 37 05 00 00 00 00 00  | ........#7......
0000000000069D00 | A4 CD 05 00 00 00 00 00  FC AF 03 00 00 00 00 00  | ................
0000000000069D10 | 99 63 05 00 00 00 00 00  A4 CD 05 00 00 00 00 00  | .c..............
0000000000069D20 | 04 B0 03 00 00 00 00 00  FE 50 05 00 00 00 00 00  | .........P......
0000000000069D30 | D2 D9 05 00 00 00 00 00  0C B0 03 00 00 00 00 00  | ................
0000000000069D40 | 30 49 05 00 00 00 00 00  D6 CE 05 00 00 00 00 00  | 0I..............
0000000000069D50 | 18 B0 03 00 00 00 00 00  C9 94 05 00 00 00 00 00  | ................
0000000000069D60 | D6 CE 05 00 00 00 00 00  20 B0 03 00 00 00 00 00  | ........ .......
0000000000069D70 | A0 6C 05 00 00 00 00 00  A4 CD 05 00 00 00 00 00  | .l..............
0000000000069D80 | 28 B0 03 00 00 00 00 00  B9 84 05 00 00 00 00 00  | (...............
0000000000069D90 | 7A CE 05 00 00 00 00 00  30 B0 03 00 00 00 00 00  | z.......0.......
0000000000069DA0 | C4 79 05 00 00 00 00 00  A4 CD 05 00 00 00 00 00  | .y..............
0000000000069DB0 | 3C B0 03 00 00 00 00 00  66 86 05 00 00 00 00 00  | <.......f.......
0000000000069DC0 | 7A CE 05 00 00 00 00 00  44 B0 03 00 00 00 00 00  | z.......D.......
0000000000069DD0 | 11 32 05 00 00 00 00 00  85 CE 05 00 00 00 00 00  | .2..............
0000000000069DE0 | 50 B0 03 00 00 00 00 00  20 00 00 00 12 00 00 00  | P....... .......
0000000000069DF0 | F4 EE 06 00 00 00 00 00  02 33 05 00 00 00 00 00  | .........3......
0000000000069E00 | 8D CE 05 00 00 00 00 00  03 00 00 00 08 00 00 00  | ................
0000000000069E10 | F8 EE 06 00 00 00 00 00  21 48 05 00 00 00 00 00  | ........!H......
0000000000069E20 | E6 D9 05 00 00 00 00 00  03 00 00 00 08 00 00 00  | ................
0000000000069E30 | FC EE 06 00 00 00 00 00  6F 43 05 00 00 00 00 00  | ........oC......
0000000000069E40 | 1D D2 05 00 00 00 00 00  03 00 00 00 08 00 00 00  | ................
0000000000069E50 | 00 EF 06 00 00 00 00 00  81 44 05 00 00 00 00 00  | .........D......
0000000000069E60 | 8D CE 05 00 00 00 00 00  03 00 00 00 08 00 00 00  | ................
0000000000069E70 | 04 EF 06 00 00 00 00 00  34 45 05 00 00 00 00 00  | ........4E......
0000000000069E80 | 1D D2 05 00 00 00 00 00  03 00 00 00 08 00 00 00  | ................
0000000000069E90 | 08 EF 06 00 00 00 00 00  CB 47 05 00 00 00 00 00  | .........G......
0000000000069EA0 | 8D CE 05 00 00 00 00 00  03 00 00 00 08 00 00 00  | ................
0000000000069EB0 | 0C EF 06 00 00 00 00 00  FB 40 05 00 00 00 00 00  | .........@......
0000000000069EC0 | B1 D1 05 00 00 00 00 00  00 00 00 00 01 00 00 00  | ................
0000000000069ED0 | 10 EF 06 00 00 00 00 00  03 29 05 00 00 00 00 00  | .........)......
0000000000069EE0 | F2 D1 05 00 00 00 00 00  03 00 00 00 08 00 00 00  | ................
0000000000069EF0 | 14 EF 06 00 00 00 00 00  19 44 05 00 00 00 00 00  | .........D......
0000000000069F00 | 06 D6 05 00 00 00 00 00  03 00 00 00 08 00 00 00  | ................
0000000000069F10 | 18 EF 06 00 00 00 00 00  28 44 05 00 00 00 00 00  | ........(D......
0000000000069F20 | 8D CE 05 00 00 00 00 00  03 00 00 00 08 00 00 00  | ................
0000000000069F30 | 1C EF 06 00 00 00 00 00  3B 45 05 00 00 00 00 00  | ........;E......
0000000000069F40 | EF D9 05 00 00 00 00 00  03 00 00 00 10 00 00 00  | ................
0000000000069F50 | 20 EF 06 00 00 00 00 00  45 43 05 00 00 00 00 00  |  .......EC......
0000000000069F60 | B1 D1 05 00 00 00 00 00  00 00 00 00 01 00 00 00  | ................
0000000000069F70 | 24 EF 06 00 00 00 00 00  E7 43 05 00 00 00 00 00  | $........C......
0000000000069F80 | 3A D3 05 00 00 00 00 00  03 00 00 00 08 00 00 00  | :...............
0000000000069F90 | 28 EF 06 00 00 00 00 00  74 46 05 00 00 00 00 00  | (.......tF......
0000000000069FA0 | 3A D3 05 00 00 00 00 00  03 00 00 00 08 00 00 00  | :...............
0000000000069FB0 | 2C EF 06 00 00 00 00 00  2C 33 05 00 00 00 00 00  | ,.......,3......
0000000000069FC0 | B1 D1 05 00 00 00 00 00  00 00 00 00 01 00 00 00  | ................
0000000000069FD0 | 30 EF 06 00 00 00 00 00  C7 41 05 00 00 00 00 00  | 0........A......
0000000000069FE0 | F8 D3 05 00 00 00 00 00  03 00 00 00 08 00 00 00  | ................
0000000000069FF0 | 34 EF 06 00 00 00 00 00  21 40 05 00 00 00 00 00  | 4.......!@......
000000000006A000 | CE D6 05 00 00 00 00 00  03 00 00 00 08 00 00 00  | ................
000000000006A010 | 38 EF 06 00 00 00 00 00  40 2A 05 00 00 00 00 00  | 8.......@*......
000000000006A020 | 0B D9 05 00 00 00 00 00  03 00 00 00 08 00 00 00  | ................
000000000006A030 | 10 00 00 00 14 00 00 00  C9 94 05 00 00 00 00 00  | ................
000000000006A040 | EE 3C 05 00 00 00 00 00  A0 6C 05 00 00 00 00 00  | .<.......l......
000000000006A050 | 2F 2B 05 00 00 00 00 00  C4 79 05 00 00 00 00 00  | /+.......y......
000000000006A060 | 5E 35 05 00 00 00 00 00  15 6F 05 00 00 00 00 00  | ^5.......o......
000000000006A070 | 1C 39 05 00 00 00 00 00  BA 32 05 00 00 00 00 00  | .9.......2......
000000000006A080 | 38 30 05 00 00 00 00 00  F9 36 05 00 00 00 00 00  | 80.......6......
000000000006A090 | 9C 36 05 00 00 00 00 00  BF 71 05 00 00 00 00 00  | .6.......q......
000000000006A0A0 | 4E 2F 05 00 00 00 00 00  47 76 05 00 00 00 00 00  | N/......Gv......
000000000006A0B0 | 92 2C 05 00 00 00 00 00  32 56 05 00 00 00 00 00  | .,......2V......
000000000006A0C0 | 23 3A 05 00 00 00 00 00  24 56 05 00 00 00 00 00  | #:......$V......
000000000006A0D0 | A2 28 05 00 00 00 00 00  23 37 05 00 00 00 00 00  | .(......#7......
000000000006A0E0 | DE 2B 05 00 00 00 00 00  99 63 05 00 00 00 00 00  | .+.......c......
000000000006A0F0 | 56 39 05 00 00 00 00 00  FE 50 05 00 00 00 00 00  | V9.......P......
000000000006A100 | 5F 3F 05 00 00 00 00 00  30 49 05 00 00 00 00 00  | _?......0I......
000000000006A110 | FF 3C 05 00 00 00 00 00  B1 6C 05 00 00 00 00 00  | .<.......l......
000000000006A120 | AD 38 05 00 00 00 00 00  D6 79 05 00 00 00 00 00  | .8.......y......
000000000006A130 | AD 38 05 00 00 00 00 00  8B 62 05 00 00 00 00 00  | .8.......b......
000000000006A140 | DA 3D 05 00 00 00 00 00  75 90 05 00 00 00 00 00  | .=......u.......
000000000006A150 | D3 29 05 00 00 00 00 00  71 59 05 00 00 00 00 00  | .)......qY......
000000000006A160 | 77 2E 05 00 00 00 00 00  AC 58 05 00 00 00 00 00  | w........X......
000000000006A170 | 77 2E 05 00 00 00 00 00  84 01 00 00 08 00 00 00  | w...............
000000000006A180 | A0 00 00 00 00 00 00 00  A7 CC 05 00 00 00 00 00  | ................
000000000006A190 | 93 CC 05 00 00 00 00 00  E0 9A 06 00 00 00 00 00  | ................
000000000006A1A0 | 80 9A 06 00 00 00 00 00  E8 9D 06 00 00 00 00 00  | ................
000000000006A1B0 | 00 00 00 00 00 00 00 00  30 A0 06 00 00 00 00 00  | ........0.......
000000000006A1C0 | 01 00 00 00 00 00 00 00  C0 59 07 00 00 00 00 00  | .........Y......
000000000006A1D0 | 00 00 00 00 00 00 00 00  85 01 00 00 28 00 00 00  | ............(...
000000000006A1E0 | 28 00 00 00 00 00 00 00  00 00 00 00 00 00 00 00  | (...............
000000000006A1F0 | AC CC 05 00 00 00 00 00  00 00 00 00 00 00 00 00  | ................
000000000006A200 | C0 A1 06 00 00 00 00 00  00 00 00 00 00 00 00 00  | ................
000000000006A210 | 00 00 00 00 00 00 00 00  00 00 00 00 00 00 00 00  | ................
000000000006A220 | 18 00 00 00 27 00 00 00  30 86 05 00 00 00 00 00  | ....'...0.......
000000000006A230 | 0F DA 05 00 00 00 00 00  F8 B0 03 00 00 00 00 00  | ................
000000000006A240 | 4B 86 05 00 00 00 00 00  47 CE 05 00 00 00 00 00  | K.......G.......
000000000006A250 | 50 B1 03 00 00 00 00 00  A4 66 05 00 00 00 00 00  | P........f......
000000000006A260 | B0 D3 05 00 00 00 00 00  CC B1 03 00 00 00 00 00  | ................
000000000006A270 | 46 54 05 00 00 00 00 00  20 DA 05 00 00 00 00 00  | FT...... .......
000000000006A280 | 58 B5 03 00 00 00 00 00  EE 51 05 00 00 00 00 00  | X........Q......
000000000006A290 | 38 DA 05 00 00 00 00 00  2C B7 03 00 00 00 00 00  | 8.......,.......
000000000006A2A0 | C6 96 05 00 00 00 00 00  43 DA 05 00 00 00 00 00  | ........C.......
000000000006A2B0 | 34 B7 03 00 00 00 00 00  FB 77 05 00 00 00 00 00  | 4........w......
000000000006A2C0 | 54 DA 05 00 00 00 00 00  E8 B7 03 00 00 00 00 00  | T...............
000000000006A2D0 | C4 77 05 00 00 00 00 00  68 DA 05 00 00 00 00 00  | .w......h.......
000000000006A2E0 | A4 B8 03 00 00 00 00 00  28 78 05 00 00 00 00 00  | ........(x......
000000000006A2F0 | 7F DA 05 00 00 00 00 00  70 B9 03 00 00 00 00 00  | ........p.......
000000000006A300 | A2 77 05 00 00 00 00 00  8D DA 05 00 00 00 00 00  | .w..............
000000000006A310 | 00 BA 03 00 00 00 00 00  6C 77 05 00 00 00 00 00  | ........lw......
000000000006A320 | 9E DA 05 00 00 00 00 00  A4 BA 03 00 00 00 00 00  | ................
000000000006A330 | 73 39 05 00 00 00 00 00  43 DA 05 00 00 00 00 00  | s9......C.......
000000000006A340 | 70 BB 03 00 00 00 00 00  0E 77 05 00 00 00 00 00  | p........w......
000000000006A350 | B5 DA 05 00 00 00 00 00  24 BC 03 00 00 00 00 00  | ........$.......
000000000006A360 | 42 77 05 00 00 00 00 00  CC DA 05 00 00 00 00 00  | Bw..............
000000000006A370 | 04 BD 03 00 00 00 00 00  D0 76 05 00 00 00 00 00  | .........v......
000000000006A380 | E0 DA 05 00 00 00 00 00  C0 BD 03 00 00 00 00 00  | ................
000000000006A390 | DA 8D 05 00 00 00 00 00  7A CE 05 00 00 00 00 00  | ........z.......
000000000006A3A0 | A8 BE 03 00 00 00 00 00  26 5B 05 00 00 00 00 00  | ........&[......
000000000006A3B0 | 85 CE 05 00 00 00 00 00  1C BF 03 00 00 00 00 00  | ................
000000000006A3C0 | 91 8C 05 00 00 00 00 00  85 CE 05 00 00 00 00 00  | ................
000000000006A3D0 | 5C BF 03 00 00 00 00 00  B8 8C 05 00 00 00 00 00  | \...............
000000000006A3E0 | 85 CE 05 00 00 00 00 00  10 C1 03 00 00 00 00 00  | ................
000000000006A3F0 | 84 8C 05 00 00 00 00 00  85 CE 05 00 00 00 00 00  | ................
000000000006A400 | 4C C3 03 00 00 00 00 00  FE 89 05 00 00 00 00 00  | L...............
000000000006A410 | 3E CF 05 00 00 00 00 00  08 C5 03 00 00 00 00 00  | >...............
000000000006A420 | 50 8A 05 00 00 00 00 00  60 CF 05 00 00 00 00 00  | P.......`.......
000000000006A430 | 14 C5 03 00 00 00 00 00  34 8A 05 00 00 00 00 00  | ........4.......
000000000006A440 | 4F CF 05 00 00 00 00 00  B0 C6 03 00 00 00 00 00  | O...............
000000000006A450 | A1 8A 05 00 00 00 00 00  71 CF 05 00 00 00 00 00  | ........q.......
000000000006A460 | 6C D5 03 00 00 00 00 00  66 8B 05 00 00 00 00 00  | l.......f.......
000000000006A470 | 47 CE 05 00 00 00 00 00  FC D6 03 00 00 00 00 00  | G...............
000000000006A480 | 85 8B 05 00 00 00 00 00  7A CE 05 00 00 00 00 00  | ........z.......
000000000006A490 | B8 D8 03 00 00 00 00 00  4C 8B 05 00 00 00 00 00  | ........L.......
000000000006A4A0 | 7A CE 05 00 00 00 00 00  3C DA 03 00 00 00 00 00  | z.......<.......
000000000006A4B0 | BD 8A 05 00 00 00 00 00  60 CF 05 00 00 00 00 00  | ........`.......
000000000006A4C0 | C0 DB 03 00 00 00 00 00  77 8A 05 00 00 00 00 00  | ........w.......
000000000006A4D0 | 93 CF 05 00 00 00 00 00  5C DD 03 00 00 00 00 00  | ........\.......
000000000006A4E0 | 31 75 05 00 00 00 00 00  A4 CD 05 00 00 00 00 00  | 1u..............
000000000006A4F0 | 24 DF 03 00 00 00 00 00  49 75 05 00 00 00 00 00  | $.......Iu......
000000000006A500 | 9E D1 05 00 00 00 00 00  34 DF 03 00 00 00 00 00  | ........4.......
000000000006A510 | 0B 76 05 00 00 00 00 00  FA DA 05 00 00 00 00 00  | .v..............
000000000006A520 | 44 DF 03 00 00 00 00 00  FD 75 05 00 00 00 00 00  | D........u......
000000000006A530 | A4 CD 05 00 00 00 00 00  54 DF 03 00 00 00 00 00  | ........T.......
000000000006A540 | 3B 75 05 00 00 00 00 00  A4 CD 05 00 00 00 00 00  | ;u..............
000000000006A550 | 64 DF 03 00 00 00 00 00  53 75 05 00 00 00 00 00  | d.......Su......
000000000006A560 | A4 CD 05 00 00 00 00 00  74 DF 03 00 00 00 00 00  | ........t.......
000000000006A570 | 0A 75 05 00 00 00 00 00  A4 CD 05 00 00 00 00 00  | .u..............
000000000006A580 | 84 DF 03 00 00 00 00 00  FC 35 05 00 00 00 00 00  | .........5......
000000000006A590 | A4 CD 05 00 00 00 00 00  94 DF 03 00 00 00 00 00  | ................
000000000006A5A0 | FD 2B 05 00 00 00 00 00  9E D1 05 00 00 00 00 00  | .+..............
000000000006A5B0 | A4 DF 03 00 00 00 00 00  11 32 05 00 00 00 00 00  | .........2......
000000000006A5C0 | 85 CE 05 00 00 00 00 00  B4 DF 03 00 00 00 00 00  | ................
000000000006A5D0 | 20 00 00 00 09 00 00 00  40 EF 06 00 00 00 00 00  |  .......@.......
000000000006A5E0 | FF 44 05 00 00 00 00 00  B3 D1 05 00 00 00 00 00  | .D..............
000000000006A5F0 | 01 00 00 00 02 00 00 00  44 EF 06 00 00 00 00 00  | ........D.......
000000000006A600 | 26 45 05 00 00 00 00 00  02 DB 05 00 00 00 00 00  | &E..............
000000000006A610 | 01 00 00 00 02 00 00 00  54 EF 06 00 00 00 00 00  | ........T.......
000000000006A620 | 0F 42 05 00 00 00 00 00  B3 D1 05 00 00 00 00 00  | .B..............
000000000006A630 | 01 00 00 00 02 00 00 00  3C EF 06 00 00 00 00 00  | ........<.......
000000000006A640 | E5 44 05 00 00 00 00 00  8D CE 05 00 00 00 00 00  | .D..............
000000000006A650 | 03 00 00 00 08 00 00 00  48 EF 06 00 00 00 00 00  | ........H.......
000000000006A660 | 17 45 05 00 00 00 00 00  8D CE 05 00 00 00 00 00  | .E..............
000000000006A670 | 03 00 00 00 08 00 00 00  4C EF 06 00 00 00 00 00  | ........L.......
000000000006A680 | F0 44 05 00 00 00 00 00  8D CE 05 00 00 00 00 00  | .D..............
000000000006A690 | 03 00 00 00 08 00 00 00  5C EF 06 00 00 00 00 00  | ........\.......
000000000006A6A0 | 0A 45 05 00 00 00 00 00  F4 D1 05 00 00 00 00 00  | .E..............
000000000006A6B0 | 03 00 00 00 08 00 00 00  58 EF 06 00 00 00 00 00  | ........X.......
000000000006A6C0 | D1 44 05 00 00 00 00 00  D3 D1 05 00 00 00 00 00  | .D..............
000000000006A6D0 | 03 00 00 00 08 00 00 00  50 EF 06 00 00 00 00 00  | ........P.......
000000000006A6E0 | FE 41 05 00 00 00 00 00  8D CE 05 00 00 00 00 00  | .A..............
000000000006A6F0 | 03 00 00 00 08 00 00 00  10 00 00 00 0D 00 00 00  | ................
000000000006A700 | 53 75 05 00 00 00 00 00  CA 34 05 00 00 00 00 00  | Su.......4......
000000000006A710 | 0A 75 05 00 00 00 00 00  87 37 05 00 00 00 00 00  | .u.......7......
000000000006A720 | FC 35 05 00 00 00 00 00  F1 38 05 00 00 00 00 00  | .5.......8......
000000000006A730 | FD 2B 05 00 00 00 00 00  34 3E 05 00 00 00 00 00  | .+......4>......
000000000006A740 | 31 75 05 00 00 00 00 00  93 39 05 00 00 00 00 00  | 1u.......9......
000000000006A750 | 49 75 05 00 00 00 00 00  64 3E 05 00 00 00 00 00  | Iu......d>......
000000000006A760 | 0B 76 05 00 00 00 00 00  1E 3F 05 00 00 00 00 00  | .v.......?......
000000000006A770 | FD 75 05 00 00 00 00 00  D0 39 05 00 00 00 00 00  | .u.......9......
000000000006A780 | 3B 75 05 00 00 00 00 00  6E 2F 05 00 00 00 00 00  | ;u......n/......
000000000006A790 | 8B 62 05 00 00 00 00 00  DA 3D 05 00 00 00 00 00  | .b.......=......
000000000006A7A0 | 75 90 05 00 00 00 00 00  D3 29 05 00 00 00 00 00  | u........)......
000000000006A7B0 | 71 59 05 00 00 00 00 00  77 2E 05 00 00 00 00 00  | qY......w.......
000000000006A7C0 | AC 58 05 00 00 00 00 00  77 2E 05 00 00 00 00 00  | .X......w.......
000000000006A7D0 | 84 01 00 00 40 01 00 00  78 01 00 00 00 00 00 00  | ....@...x.......
000000000006A7E0 | C0 CC 05 00 00 00 00 00  AC CC 05 00 00 00 00 00  | ................
000000000006A7F0 | 20 A2 06 00 00 00 00 00  C0 A1 06 00 00 00 00 00  |  ...............
000000000006A800 | D0 A5 06 00 00 00 00 00  00 00 00 00 00 00 00 00  | ................
000000000006A810 | F8 A6 06 00 00 00 00 00  81 00 00 00 28 00 00 00  | ............(...
000000000006A820 | 28 00 00 00 00 00 00 00  00 00 00 00 00 00 00 00  | (...............
000000000006A830 | C2 CC 05 00 00 00 00 00  00 00 00 00 00 00 00 00  | ................
000000000006A840 | 00 00 00 00 00 00 00 00  00 00 00 00 00 00 00 00  | ................
000000000006A850 | 00 00 00 00 00 00 00 00  00 00 00 00 00 00 00 00  | ................
000000000006A860 | 18 00 00 00 0D 00 00 00  C1 63 05 00 00 00 00 00  | .........c......
000000000006A870 | A4 CD 05 00 00 00 00 00  48 E0 03 00 00 00 00 00  | ........H.......
000000000006A880 | A4 64 05 00 00 00 00 00  99 CD 05 00 00 00 00 00  | .d..............
000000000006A890 | CC E0 03 00 00 00 00 00  D6 2B 05 00 00 00 00 00  | .........+......
000000000006A8A0 | 85 CE 05 00 00 00 00 00  2C E1 03 00 00 00 00 00  | ........,.......
000000000006A8B0 | 7C 5D 05 00 00 00 00 00  A6 D1 05 00 00 00 00 00  | |]..............
000000000006A8C0 | 78 E1 03 00 00 00 00 00  47 4F 05 00 00 00 00 00  | x.......GO......
000000000006A8D0 | FD CE 05 00 00 00 00 00  E0 E1 03 00 00 00 00 00  | ................
000000000006A8E0 | BB 76 05 00 00 00 00 00  04 DB 05 00 00 00 00 00  | .v..............
000000000006A8F0 | EC E1 03 00 00 00 00 00  48 61 05 00 00 00 00 00  | ........Ha......
000000000006A900 | 0C DB 05 00 00 00 00 00  F4 E1 03 00 00 00 00 00  | ................
000000000006A910 | DA 5A 05 00 00 00 00 00  A6 D1 05 00 00 00 00 00  | .Z..............
000000000006A920 | 30 E2 03 00 00 00 00 00  56 4F 05 00 00 00 00 00  | 0.......VO......
000000000006A930 | FD CE 05 00 00 00 00 00  54 E2 03 00 00 00 00 00  | ........T.......
000000000006A940 | 9E 96 05 00 00 00 00 00  04 DB 05 00 00 00 00 00  | ................
000000000006A950 | 68 E2 03 00 00 00 00 00  66 61 05 00 00 00 00 00  | h.......fa......
000000000006A960 | 0C DB 05 00 00 00 00 00  70 E2 03 00 00 00 00 00  | ........p.......
000000000006A970 | F8 5A 05 00 00 00 00 00  A6 D1 05 00 00 00 00 00  | .Z..............
000000000006A980 | AC E2 03 00 00 00 00 00  4C 7B 05 00 00 00 00 00  | ........L{......
000000000006A990 | 85 CE 05 00 00 00 00 00  BC E2 03 00 00 00 00 00  | ................
000000000006A9A0 | 20 00 00 00 04 00 00 00  60 EF 06 00 00 00 00 00  |  .......`.......
000000000006A9B0 | 5F 73 05 00 00 00 00 00  1C DB 05 00 00 00 00 00  | _s..............
000000000006A9C0 | 03 00 00 00 08 00 00 00  64 EF 06 00 00 00 00 00  | ........d.......
000000000006A9D0 | 69 73 05 00 00 00 00 00  F2 D1 05 00 00 00 00 00  | is..............
000000000006A9E0 | 03 00 00 00 08 00 00 00  68 EF 06 00 00 00 00 00  | ........h.......
000000000006A9F0 | EA 78 05 00 00 00 00 00  1C DB 05 00 00 00 00 00  | .x..............
000000000006AA00 | 03 00 00 00 08 00 00 00  6C EF 06 00 00 00 00 00  | ........l.......
000000000006AA10 | E1 96 05 00 00 00 00 00  1C DB 05 00 00 00 00 00  | ................
000000000006AA20 | 03 00 00 00 08 00 00 00  80 00 00 00 08 00 00 00  | ................
000000000006AA30 | 28 00 00 00 00 00 00 00  00 00 00 00 00 00 00 00  | (...............
000000000006AA40 | C2 CC 05 00 00 00 00 00  60 A8 06 00 00 00 00 00  | ........`.......
000000000006AA50 | 00 00 00 00 00 00 00 00  A0 A9 06 00 00 00 00 00  | ................
000000000006AA60 | 00 00 00 00 00 00 00 00  00 00 00 00 00 00 00 00  | ................
000000000006AA70 | 85 01 00 00 28 00 00 00  28 00 00 00 00 00 00 00  | ....(...(.......
000000000006AA80 | 00 00 00 00 00 00 00 00  DA CC 05 00 00 00 00 00  | ................
000000000006AA90 | 00 00 00 00 00 00 00 00  00 00 00 00 00 00 00 00  | ................
000000000006AAA0 | 00 00 00 00 00 00 00 00  00 00 00 00 00 00 00 00  | ................
000000000006AAB0 | 00 00 00 00 00 00 00 00  18 00 00 00 09 00 00 00  | ................
000000000006AAC0 | C1 63 05 00 00 00 00 00  A4 CD 05 00 00 00 00 00  | .c..............
000000000006AAD0 | C8 E2 03 00 00 00 00 00  44 66 05 00 00 00 00 00  | ........Df......
000000000006AAE0 | 1E DB 05 00 00 00 00 00  4C E3 03 00 00 00 00 00  | ........L.......
000000000006AAF0 | 53 5D 05 00 00 00 00 00  A6 D1 05 00 00 00 00 00  | S]..............
000000000006AB00 | B0 E4 03 00 00 00 00 00  0E 71 05 00 00 00 00 00  | .........q......
000000000006AB10 | 3B DB 05 00 00 00 00 00  10 E5 03 00 00 00 00 00  | ;...............
000000000006AB20 | 4C 78 05 00 00 00 00 00  4A DB 05 00 00 00 00 00  | Lx......J.......
000000000006AB30 | A0 E5 03 00 00 00 00 00  6A 78 05 00 00 00 00 00  | ........jx......
000000000006AB40 | 3B DB 05 00 00 00 00 00  A8 E6 03 00 00 00 00 00  | ;...............
000000000006AB50 | 95 78 05 00 00 00 00 00  55 DB 05 00 00 00 00 00  | .x......U.......
000000000006AB60 | DC E7 03 00 00 00 00 00  B5 2F 05 00 00 00 00 00  | ........./......
000000000006AB70 | 64 DB 05 00 00 00 00 00  F8 EA 03 00 00 00 00 00  | d...............
000000000006AB80 | 11 32 05 00 00 00 00 00  85 CE 05 00 00 00 00 00  | .2..............
000000000006AB90 | 20 EC 03 00 00 00 00 00  20 00 00 00 0A 00 00 00  |  ....... .......
000000000006ABA0 | 70 EF 06 00 00 00 00 00  DA 50 05 00 00 00 00 00  | p........P......
000000000006ABB0 | C1 D3 05 00 00 00 00 00  03 00 00 00 08 00 00 00  | ................
000000000006ABC0 | 74 EF 06 00 00 00 00 00  CE 8D 05 00 00 00 00 00  | t...............
000000000006ABD0 | F2 D1 05 00 00 00 00 00  03 00 00 00 08 00 00 00  | ................
000000000006ABE0 | 78 EF 06 00 00 00 00 00  0E 51 05 00 00 00 00 00  | x........Q......
000000000006ABF0 | F2 D1 05 00 00 00 00 00  03 00 00 00 08 00 00 00  | ................
000000000006AC00 | 7C EF 06 00 00 00 00 00  CF 6E 05 00 00 00 00 00  | |........n......
000000000006AC10 | F2 D1 05 00 00 00 00 00  03 00 00 00 08 00 00 00  | ................
000000000006AC20 | 80 EF 06 00 00 00 00 00  07 3C 05 00 00 00 00 00  | .........<......
000000000006AC30 | E7 D6 05 00 00 00 00 00  03 00 00 00 08 00 00 00  | ................
000000000006AC40 | 84 EF 06 00 00 00 00 00  41 78 05 00 00 00 00 00  | ........Ax......
000000000006AC50 | F2 D1 05 00 00 00 00 00  03 00 00 00 08 00 00 00  | ................
000000000006AC60 | 88 EF 06 00 00 00 00 00  33 92 05 00 00 00 00 00  | ........3.......
000000000006AC70 | 3A D3 05 00 00 00 00 00  03 00 00 00 08 00 00 00  | :...............
000000000006AC80 | 8C EF 06 00 00 00 00 00  E1 50 05 00 00 00 00 00  | .........P......
000000000006AC90 | B1 D1 05 00 00 00 00 00  00 00 00 00 01 00 00 00  | ................
000000000006ACA0 | 90 EF 06 00 00 00 00 00  3C 71 05 00 00 00 00 00  | ........<q......
000000000006ACB0 | F2 D1 05 00 00 00 00 00  03 00 00 00 08 00 00 00  | ................
000000000006ACC0 | 94 EF 06 00 00 00 00 00  8A 31 05 00 00 00 00 00  | .........1......
000000000006ACD0 | 9E D3 05 00 00 00 00 00  03 00 00 00 08 00 00 00  | ................
000000000006ACE0 | 84 01 00 00 08 00 00 00  58 00 00 00 00 00 00 00  | ........X.......
000000000006ACF0 | ED CC 05 00 00 00 00 00  DA CC 05 00 00 00 00 00  | ................
000000000006AD00 | B8 AA 06 00 00 00 00 00  00 00 00 00 00 00 00 00  | ................
000000000006AD10 | 98 AB 06 00 00 00 00 00  00 00 00 00 00 00 00 00  | ................
000000000006AD20 | 00 00 00 00 00 00 00 00  85 01 00 00 28 00 00 00  | ............(...
000000000006AD30 | 28 00 00 00 00 00 00 00  00 00 00 00 00 00 00 00  | (...............
000000000006AD40 | F0 CC 05 00 00 00 00 00  00 00 00 00 00 00 00 00  | ................
000000000006AD50 | 00 00 00 00 00 00 00 00  00 00 00 00 00 00 00 00  | ................
000000000006AD60 | 00 00 00 00 00 00 00 00  00 00 00 00 00 00 00 00  | ................
000000000006AD70 | 18 00 00 00 03 00 00 00  C1 63 05 00 00 00 00 00  | .........c......
000000000006AD80 | A4 CD 05 00 00 00 00 00  50 EC 03 00 00 00 00 00  | ........P.......
000000000006AD90 | 8A 66 05 00 00 00 00 00  6F DB 05 00 00 00 00 00  | .f......o.......
000000000006ADA0 | D4 EC 03 00 00 00 00 00  11 32 05 00 00 00 00 00  | .........2......
000000000006ADB0 | 85 CE 05 00 00 00 00 00  64 ED 03 00 00 00 00 00  | ........d.......
000000000006ADC0 | 20 00 00 00 04 00 00 00  98 EF 06 00 00 00 00 00  |  ...............
000000000006ADD0 | DA 50 05 00 00 00 00 00  3A D3 05 00 00 00 00 00  | .P......:.......
000000000006ADE0 | 03 00 00 00 08 00 00 00  9C EF 06 00 00 00 00 00  | ................
000000000006ADF0 | 0E 51 05 00 00 00 00 00  F2 D1 05 00 00 00 00 00  | .Q..............
000000000006AE00 | 03 00 00 00 08 00 00 00  A0 EF 06 00 00 00 00 00  | ................
000000000006AE10 | 8A 31 05 00 00 00 00 00  9E D3 05 00 00 00 00 00  | .1..............
000000000006AE20 | 03 00 00 00 08 00 00 00  A4 EF 06 00 00 00 00 00  | ................
000000000006AE30 | 07 3C 05 00 00 00 00 00  E7 D6 05 00 00 00 00 00  | .<..............
000000000006AE40 | 03 00 00 00 08 00 00 00  84 01 00 00 08 00 00 00  | ................
000000000006AE50 | 28 00 00 00 00 00 00 00  A3 C9 05 00 00 00 00 00  | (...............
000000000006AE60 | F0 CC 05 00 00 00 00 00  70 AD 06 00 00 00 00 00  | ........p.......
000000000006AE70 | 00 00 00 00 00 00 00 00  C0 AD 06 00 00 00 00 00  | ................
000000000006AE80 | 00 00 00 00 00 00 00 00  00 00 00 00 00 00 00 00  | ................
000000000006AE90 | 85 01 00 00 28 00 00 00  28 00 00 00 00 00 00 00  | ....(...(.......
000000000006AEA0 | 00 00 00 00 00 00 00 00  04 CD 05 00 00 00 00 00  | ................
000000000006AEB0 | 00 00 00 00 00 00 00 00  00 00 00 00 00 00 00 00  | ................
000000000006AEC0 | 00 00 00 00 00 00 00 00  00 00 00 00 00 00 00 00  | ................
000000000006AED0 | 00 00 00 00 00 00 00 00  18 00 00 00 03 00 00 00  | ................
000000000006AEE0 | C1 63 05 00 00 00 00 00  A4 CD 05 00 00 00 00 00  | .c..............
000000000006AEF0 | 70 ED 03 00 00 00 00 00  72 69 05 00 00 00 00 00  | p.......ri......
000000000006AF00 | BA CD 05 00 00 00 00 00  F4 ED 03 00 00 00 00 00  | ................
000000000006AF10 | 11 32 05 00 00 00 00 00  85 CE 05 00 00 00 00 00  | .2..............
000000000006AF20 | 74 EE 03 00 00 00 00 00  20 00 00 00 01 00 00 00  | t....... .......
000000000006AF30 | A8 EF 06 00 00 00 00 00  D6 92 05 00 00 00 00 00  | ................
000000000006AF40 | 1D D2 05 00 00 00 00 00  03 00 00 00 08 00 00 00  | ................
000000000006AF50 | 84 01 00 00 08 00 00 00  10 00 00 00 00 00 00 00  | ................
000000000006AF60 | A3 C9 05 00 00 00 00 00  04 CD 05 00 00 00 00 00  | ................
000000000006AF70 | D8 AE 06 00 00 00 00 00  00 00 00 00 00 00 00 00  | ................
000000000006AF80 | 28 AF 06 00 00 00 00 00  00 00 00 00 00 00 00 00  | (...............
000000000006AF90 | 00 00 00 00 00 00 00 00  18 00 00 00 1A 00 00 00  | ................
000000000006AFA0 | 36 8C 05 00 00 00 00 00  80 DB 05 00 00 00 00 00  | 6...............
000000000006AFB0 | DC F2 03 00 00 00 00 00  B6 8B 05 00 00 00 00 00  | ................
000000000006AFC0 | 92 DB 05 00 00 00 00 00  F8 F2 03 00 00 00 00 00  | ................
000000000006AFD0 | F0 8B 05 00 00 00 00 00  A7 DB 05 00 00 00 00 00  | ................
000000000006AFE0 | 0C F3 03 00 00 00 00 00  D6 5F 05 00 00 00 00 00  | ........._......
000000000006AFF0 | BF DB 05 00 00 00 00 00  FC 56 04 00 00 00 00 00  | .........V......
000000000006B000 | 30 2D 05 00 00 00 00 00  7A CE 05 00 00 00 00 00  | 0-......z.......
000000000006B010 | 08 D9 04 00 00 00 00 00  9D 8D 05 00 00 00 00 00  | ................
000000000006B020 | 85 CE 05 00 00 00 00 00  0C D9 04 00 00 00 00 00  | ................
000000000006B030 | 51 8E 05 00 00 00 00 00  85 CE 05 00 00 00 00 00  | Q...............
000000000006B040 | 58 DA 04 00 00 00 00 00  F7 2A 05 00 00 00 00 00  | X........*......
000000000006B050 | 7A CE 05 00 00 00 00 00  A8 DB 04 00 00 00 00 00  | z...............
000000000006B060 | EC 7E 05 00 00 00 00 00  7A CE 05 00 00 00 00 00  | .~......z.......
000000000006B070 | 78 DD 04 00 00 00 00 00  12 94 05 00 00 00 00 00  | x...............
000000000006B080 | 7A CE 05 00 00 00 00 00  78 DE 04 00 00 00 00 00  | z.......x.......
000000000006B090 | 4A 6E 05 00 00 00 00 00  CA DB 05 00 00 00 00 00  | Jn..............
000000000006B0A0 | D8 ED 04 00 00 00 00 00  3A 63 05 00 00 00 00 00  | ........:c......
000000000006B0B0 | DC DB 05 00 00 00 00 00  74 F1 04 00 00 00 00 00  | ........t.......
000000000006B0C0 | 4D 63 05 00 00 00 00 00  08 DC 05 00 00 00 00 00  | Mc..............
000000000006B0D0 | F8 F1 04 00 00 00 00 00  39 73 05 00 00 00 00 00  | ........9s......
000000000006B0E0 | 44 DC 05 00 00 00 00 00  7C F2 04 00 00 00 00 00  | D.......|.......
000000000006B0F0 | 4C 73 05 00 00 00 00 00  70 DC 05 00 00 00 00 00  | Ls......p.......
000000000006B100 | 8C F2 04 00 00 00 00 00  97 94 05 00 00 00 00 00  | ................
000000000006B110 | AC DC 05 00 00 00 00 00  9C F2 04 00 00 00 00 00  | ................
000000000006B120 | 29 63 05 00 00 00 00 00  BA CD 05 00 00 00 00 00  | )c..............
000000000006B130 | 08 F3 04 00 00 00 00 00  28 73 05 00 00 00 00 00  | ........(s......
000000000006B140 | CE DC 05 00 00 00 00 00  7C F3 04 00 00 00 00 00  | ........|.......
000000000006B150 | C1 6A 05 00 00 00 00 00  99 CE 05 00 00 00 00 00  | .j..............
000000000006B160 | BC F3 04 00 00 00 00 00  FD 6A 05 00 00 00 00 00  | .........j......
000000000006B170 | 99 CE 05 00 00 00 00 00  2C F4 04 00 00 00 00 00  | ........,.......
000000000006B180 | CF 60 05 00 00 00 00 00  D9 DC 05 00 00 00 00 00  | .`..............
000000000006B190 | 9C F4 04 00 00 00 00 00  AE 60 05 00 00 00 00 00  | .........`......
000000000006B1A0 | EC DC 05 00 00 00 00 00  B0 F4 04 00 00 00 00 00  | ................
000000000006B1B0 | 3F 32 05 00 00 00 00 00  A4 CD 05 00 00 00 00 00  | ?2..............
000000000006B1C0 | 70 F6 04 00 00 00 00 00  84 28 05 00 00 00 00 00  | p........(......
000000000006B1D0 | A4 CD 05 00 00 00 00 00  90 F6 04 00 00 00 00 00  | ................
000000000006B1E0 | 34 33 05 00 00 00 00 00  A4 CD 05 00 00 00 00 00  | 43..............
000000000006B1F0 | B0 F6 04 00 00 00 00 00  C8 3F 05 00 00 00 00 00  | .........?......
000000000006B200 | A4 CD 05 00 00 00 00 00  D0 F6 04 00 00 00 00 00  | ................
000000000006B210 | 85 01 00 00 28 00 00 00  28 00 00 00 00 00 00 00  | ....(...(.......
000000000006B220 | 00 00 00 00 00 00 00 00  1B CD 05 00 00 00 00 00  | ................
000000000006B230 | 98 AF 06 00 00 00 00 00  00 00 00 00 00 00 00 00  | ................
000000000006B240 | 00 00 00 00 00 00 00 00  00 00 00 00 00 00 00 00  | ................
000000000006B250 | 00 00 00 00 00 00 00 00  18 00 00 00 A8 00 00 00  | ................
000000000006B260 | C1 63 05 00 00 00 00 00  A4 CD 05 00 00 00 00 00  | .c..............
000000000006B270 | 80 EE 03 00 00 00 00 00  0D 69 05 00 00 00 00 00  | .........i......
000000000006B280 | BA CD 05 00 00 00 00 00  98 EE 03 00 00 00 00 00  | ................
000000000006B290 | 6D 2D 05 00 00 00 00 00  AC CD 05 00 00 00 00 00  | m-..............
000000000006B2A0 | B0 EE 03 00 00 00 00 00  A4 66 05 00 00 00 00 00  | .........f......
000000000006B2B0 | B0 D3 05 00 00 00 00 00  C0 EE 03 00 00 00 00 00  | ................
000000000006B2C0 | D6 2B 05 00 00 00 00 00  85 CE 05 00 00 00 00 00  | .+..............
000000000006B2D0 | F8 F1 03 00 00 00 00 00  F5 58 05 00 00 00 00 00  | .........X......
000000000006B2E0 | A4 CD 05 00 00 00 00 00  CC F7 03 00 00 00 00 00  | ................
000000000006B2F0 | F2 82 05 00 00 00 00 00  02 DD 05 00 00 00 00 00  | ................
000000000006B300 | D8 F8 03 00 00 00 00 00  A1 82 05 00 00 00 00 00  | ................
000000000006B310 | 7A CE 05 00 00 00 00 00  B0 F9 03 00 00 00 00 00  | z...............
000000000006B320 | 50 91 05 00 00 00 00 00  7A CE 05 00 00 00 00 00  | P.......z.......
000000000006B330 | C0 F9 03 00 00 00 00 00  FE 58 05 00 00 00 00 00  | .........X......
000000000006B340 | A4 CD 05 00 00 00 00 00  D0 F9 03 00 00 00 00 00  | ................
000000000006B350 | 67 3A 05 00 00 00 00 00  02 DD 05 00 00 00 00 00  | g:..............
000000000006B360 | B4 FA 03 00 00 00 00 00  0D 83 05 00 00 00 00 00  | ................
000000000006B370 | 7A CE 05 00 00 00 00 00  8C FB 03 00 00 00 00 00  | z...............
000000000006B380 | 92 91 05 00 00 00 00 00  7A CE 05 00 00 00 00 00  | ........z.......
000000000006B390 | 9C FB 03 00 00 00 00 00  93 60 05 00 00 00 00 00  | .........`......
000000000006B3A0 | 10 DD 05 00 00 00 00 00  AC FB 03 00 00 00 00 00  | ................
000000000006B3B0 | C9 82 05 00 00 00 00 00  20 DD 05 00 00 00 00 00  | ........ .......
000000000006B3C0 | 38 FD 03 00 00 00 00 00  AE 82 05 00 00 00 00 00  | 8...............
000000000006B3D0 | 47 CE 05 00 00 00 00 00  78 FE 03 00 00 00 00 00  | G.......x.......
000000000006B3E0 | 6A 91 05 00 00 00 00 00  47 CE 05 00 00 00 00 00  | j.......G.......
000000000006B3F0 | 88 FE 03 00 00 00 00 00  D0 6A 05 00 00 00 00 00  | .........j......
000000000006B400 | D6 CE 05 00 00 00 00 00  98 FE 03 00 00 00 00 00  | ................
000000000006B410 | 95 3A 05 00 00 00 00 00  70 D4 05 00 00 00 00 00  | .:......p.......
000000000006B420 | 64 FF 03 00 00 00 00 00  0C 6B 05 00 00 00 00 00  | d........k......
000000000006B430 | D6 CE 05 00 00 00 00 00  18 00 04 00 00 00 00 00  | ................
000000000006B440 | 4C 30 05 00 00 00 00 00  70 D4 05 00 00 00 00 00  | L0......p.......
000000000006B450 | E4 00 04 00 00 00 00 00  DE 6A 05 00 00 00 00 00  | .........j......
000000000006B460 | D6 CE 05 00 00 00 00 00  9C 01 04 00 00 00 00 00  | ................
000000000006B470 | F2 83 05 00 00 00 00 00  70 D4 05 00 00 00 00 00  | ........p.......
000000000006B480 | 68 02 04 00 00 00 00 00  54 4D 05 00 00 00 00 00  | h.......TM......
000000000006B490 | 31 DD 05 00 00 00 00 00  20 03 04 00 00 00 00 00  | 1....... .......
000000000006B4A0 | B4 80 05 00 00 00 00 00  39 DD 05 00 00 00 00 00  | ........9.......
000000000006B4B0 | 10 04 04 00 00 00 00 00  B7 94 05 00 00 00 00 00  | ................
000000000006B4C0 | A4 CD 05 00 00 00 00 00  B4 04 04 00 00 00 00 00  | ................
000000000006B4D0 | 63 87 05 00 00 00 00 00  7A CE 05 00 00 00 00 00  | c.......z.......
000000000006B4E0 | C4 05 04 00 00 00 00 00  FA 48 05 00 00 00 00 00  | .........H......
000000000006B4F0 | B2 D8 05 00 00 00 00 00  9C 06 04 00 00 00 00 00  | ................
000000000006B500 | DC 48 05 00 00 00 00 00  44 DD 05 00 00 00 00 00  | .H......D.......
000000000006B510 | B4 06 04 00 00 00 00 00  0E 49 05 00 00 00 00 00  | .........I......
000000000006B520 | 5B D2 05 00 00 00 00 00  4C 12 04 00 00 00 00 00  | [.......L.......
000000000006B530 | DE 5B 05 00 00 00 00 00  56 DD 05 00 00 00 00 00  | .[......V.......
000000000006B540 | B4 1A 04 00 00 00 00 00  77 73 05 00 00 00 00 00  | ........ws......
000000000006B550 | 5B D2 05 00 00 00 00 00  D4 1E 04 00 00 00 00 00  | [...............
000000000006B560 | 96 73 05 00 00 00 00 00  5B D2 05 00 00 00 00 00  | .s......[.......
000000000006B570 | 54 21 04 00 00 00 00 00  2A 54 05 00 00 00 00 00  | T!......*T......
000000000006B580 | 44 DD 05 00 00 00 00 00  2C 23 04 00 00 00 00 00  | D.......,#......
000000000006B590 | 7B 54 05 00 00 00 00 00  61 DD 05 00 00 00 00 00  | {T......a.......
000000000006B5A0 | 3C 23 04 00 00 00 00 00  46 54 05 00 00 00 00 00  | <#......FT......
000000000006B5B0 | 20 DA 05 00 00 00 00 00  50 23 04 00 00 00 00 00  |  .......P#......
000000000006B5C0 | BD 53 05 00 00 00 00 00  5B D2 05 00 00 00 00 00  | .S......[.......
000000000006B5D0 | B4 2B 04 00 00 00 00 00  06 54 05 00 00 00 00 00  | .+.......T......
000000000006B5E0 | 76 DD 05 00 00 00 00 00  CC 2B 04 00 00 00 00 00  | v........+......
000000000006B5F0 | D5 53 05 00 00 00 00 00  88 DD 05 00 00 00 00 00  | .S..............
000000000006B600 | E0 2B 04 00 00 00 00 00  4D 2B 05 00 00 00 00 00  | .+......M+......
000000000006B610 | 76 DD 05 00 00 00 00 00  0C 30 04 00 00 00 00 00  | v........0......
000000000006B620 | A3 54 05 00 00 00 00 00  5B D2 05 00 00 00 00 00  | .T......[.......
000000000006B630 | 90 33 04 00 00 00 00 00  22 6E 05 00 00 00 00 00  | .3......"n......
000000000006B640 | 9D DD 05 00 00 00 00 00  E8 34 04 00 00 00 00 00  | .........4......
000000000006B650 | 88 2E 05 00 00 00 00 00  AE DD 05 00 00 00 00 00  | ................
000000000006B660 | B8 36 04 00 00 00 00 00  27 50 05 00 00 00 00 00  | .6......'P......
000000000006B670 | BC DD 05 00 00 00 00 00  8C 37 04 00 00 00 00 00  | .........7......
000000000006B680 | 04 57 05 00 00 00 00 00  CE DD 05 00 00 00 00 00  | .W..............
000000000006B690 | B0 38 04 00 00 00 00 00  7A 53 05 00 00 00 00 00  | .8......zS......
000000000006B6A0 | E0 DD 05 00 00 00 00 00  AC 39 04 00 00 00 00 00  | .........9......
000000000006B6B0 | 7E 52 05 00 00 00 00 00  CD D7 05 00 00 00 00 00  | ~R..............
000000000006B6C0 | DC 3C 04 00 00 00 00 00  8B 52 05 00 00 00 00 00  | .<.......R......
000000000006B6D0 | CD D7 05 00 00 00 00 00  58 3D 04 00 00 00 00 00  | ........X=......
000000000006B6E0 | BE 54 05 00 00 00 00 00  F1 DD 05 00 00 00 00 00  | .T..............
000000000006B6F0 | 84 3D 04 00 00 00 00 00  E2 54 05 00 00 00 00 00  | .=.......T......
000000000006B700 | 5B D2 05 00 00 00 00 00  F0 3F 04 00 00 00 00 00  | [........?......
000000000006B710 | 94 5A 05 00 00 00 00 00  CD D7 05 00 00 00 00 00  | .Z..............
000000000006B720 | D0 42 04 00 00 00 00 00  C5 5A 05 00 00 00 00 00  | .B.......Z......
000000000006B730 | AE DD 05 00 00 00 00 00  38 4A 04 00 00 00 00 00  | ........8J......
000000000006B740 | B9 8D 05 00 00 00 00 00  39 DD 05 00 00 00 00 00  | ........9.......
000000000006B750 | FC 4A 04 00 00 00 00 00  32 5D 05 00 00 00 00 00  | .J......2]......
000000000006B760 | 85 CE 05 00 00 00 00 00  68 4C 04 00 00 00 00 00  | ........hL......
000000000006B770 | E8 5B 05 00 00 00 00 00  85 CE 05 00 00 00 00 00  | .[..............
000000000006B780 | D0 4C 04 00 00 00 00 00  1F 2B 05 00 00 00 00 00  | .L.......+......
000000000006B790 | 7A CE 05 00 00 00 00 00  2C 4D 04 00 00 00 00 00  | z.......,M......
000000000006B7A0 | 26 5B 05 00 00 00 00 00  85 CE 05 00 00 00 00 00  | &[..............
000000000006B7B0 | 58 51 04 00 00 00 00 00  31 5B 05 00 00 00 00 00  | XQ......1[......
000000000006B7C0 | 85 CE 05 00 00 00 00 00  2C 52 04 00 00 00 00 00  | ........,R......
000000000006B7D0 | 69 5B 05 00 00 00 00 00  85 CE 05 00 00 00 00 00  | i[..............
000000000006B7E0 | D4 52 04 00 00 00 00 00  48 5B 05 00 00 00 00 00  | .R......H[......
000000000006B7F0 | 85 CE 05 00 00 00 00 00  7C 53 04 00 00 00 00 00  | ........|S......
000000000006B800 | D9 6E 05 00 00 00 00 00  85 CE 05 00 00 00 00 00  | .n..............
000000000006B810 | 24 54 04 00 00 00 00 00  C9 2A 05 00 00 00 00 00  | $T.......*......
000000000006B820 | BA CD 05 00 00 00 00 00  2C 55 04 00 00 00 00 00  | ........,U......
000000000006B830 | 79 4F 05 00 00 00 00 00  BA CD 05 00 00 00 00 00  | yO..............
000000000006B840 | 14 56 04 00 00 00 00 00  0F 5E 05 00 00 00 00 00  | .V.......^......
000000000006B850 | 03 DE 05 00 00 00 00 00  08 58 04 00 00 00 00 00  | .........X......
000000000006B860 | E5 5D 05 00 00 00 00 00  A4 CD 05 00 00 00 00 00  | .]..............
000000000006B870 | 38 59 04 00 00 00 00 00  01 8D 05 00 00 00 00 00  | 8Y..............
000000000006B880 | BF DB 05 00 00 00 00 00  50 5A 04 00 00 00 00 00  | ........PZ......
000000000006B890 | 9C 53 05 00 00 00 00 00  A4 CD 05 00 00 00 00 00  | .S..............
000000000006B8A0 | 20 5B 04 00 00 00 00 00  BB 78 05 00 00 00 00 00  |  [.......x......
000000000006B8B0 | A4 CD 05 00 00 00 00 00  4C 5C 04 00 00 00 00 00  | ........L\......
000000000006B8C0 | 16 79 05 00 00 00 00 00  A4 CD 05 00 00 00 00 00  | .y..............
000000000006B8D0 | 78 5D 04 00 00 00 00 00  25 97 05 00 00 00 00 00  | x]......%.......
000000000006B8E0 | A4 CD 05 00 00 00 00 00  A4 5E 04 00 00 00 00 00  | .........^......
000000000006B8F0 | F6 55 05 00 00 00 00 00  A4 CD 05 00 00 00 00 00  | .U..............
000000000006B900 | D0 5F 04 00 00 00 00 00  51 71 05 00 00 00 00 00  | ._......Qq......
000000000006B910 | BA CD 05 00 00 00 00 00  FC 60 04 00 00 00 00 00  | .........`......
000000000006B920 | 69 6A 05 00 00 00 00 00  D6 CE 05 00 00 00 00 00  | ij..............
000000000006B930 | E4 61 04 00 00 00 00 00  5D 6A 05 00 00 00 00 00  | .a......]j......
000000000006B940 | D6 CE 05 00 00 00 00 00  D8 62 04 00 00 00 00 00  | .........b......
000000000006B950 | 0F 55 05 00 00 00 00 00  A4 CD 05 00 00 00 00 00  | .U..............
000000000006B960 | C8 63 04 00 00 00 00 00  6F 55 05 00 00 00 00 00  | .c......oU......
000000000006B970 | 9E D1 05 00 00 00 00 00  50 65 04 00 00 00 00 00  | ........Pe......
000000000006B980 | CF 55 05 00 00 00 00 00  A4 CD 05 00 00 00 00 00  | .U..............
000000000006B990 | 94 66 04 00 00 00 00 00  C4 6C 05 00 00 00 00 00  | .f.......l......
000000000006B9A0 | A4 CD 05 00 00 00 00 00  EC 67 04 00 00 00 00 00  | .........g......
000000000006B9B0 | 10 6D 05 00 00 00 00 00  9E D1 05 00 00 00 00 00  | .m..............
000000000006B9C0 | 74 69 04 00 00 00 00 00  1D 55 05 00 00 00 00 00  | ti.......U......
000000000006B9D0 | A4 CD 05 00 00 00 00 00  B8 6A 04 00 00 00 00 00  | .........j......
000000000006B9E0 | 2C 55 05 00 00 00 00 00  A4 CD 05 00 00 00 00 00  | ,U..............
000000000006B9F0 | F0 6A 04 00 00 00 00 00  7D 55 05 00 00 00 00 00  | .j......}U......
000000000006BA00 | 9E D1 05 00 00 00 00 00  28 6B 04 00 00 00 00 00  | ........(k......
000000000006BA10 | 8C 55 05 00 00 00 00 00  9E D1 05 00 00 00 00 00  | .U..............
000000000006BA20 | 48 6B 04 00 00 00 00 00  CE 6C 05 00 00 00 00 00  | Hk.......l......
000000000006BA30 | A4 CD 05 00 00 00 00 00  68 6B 04 00 00 00 00 00  | ........hk......
000000000006BA40 | D9 6C 05 00 00 00 00 00  A4 CD 05 00 00 00 00 00  | .l..............
000000000006BA50 | A0 6B 04 00 00 00 00 00  1A 6D 05 00 00 00 00 00  | .k.......m......
000000000006BA60 | 9E D1 05 00 00 00 00 00  D8 6B 04 00 00 00 00 00  | .........k......
000000000006BA70 | 25 6D 05 00 00 00 00 00  9E D1 05 00 00 00 00 00  | %m..............
000000000006BA80 | F8 6B 04 00 00 00 00 00  3B 55 05 00 00 00 00 00  | .k......;U......
000000000006BA90 | BF DB 05 00 00 00 00 00  18 6C 04 00 00 00 00 00  | .........l......
000000000006BAA0 | 55 55 05 00 00 00 00 00  BF DB 05 00 00 00 00 00  | UU..............
000000000006BAB0 | B8 6C 04 00 00 00 00 00  9B 55 05 00 00 00 00 00  | .l.......U......
000000000006BAC0 | 11 DE 05 00 00 00 00 00  2C 6D 04 00 00 00 00 00  | ........,m......
000000000006BAD0 | B5 55 05 00 00 00 00 00  11 DE 05 00 00 00 00 00  | .U..............
000000000006BAE0 | C4 6D 04 00 00 00 00 00  DC 55 05 00 00 00 00 00  | .m.......U......
000000000006BAF0 | BF DB 05 00 00 00 00 00  30 6E 04 00 00 00 00 00  | ........0n......
000000000006BB00 | E4 6C 05 00 00 00 00 00  BF DB 05 00 00 00 00 00  | .l..............
000000000006BB10 | D0 6E 04 00 00 00 00 00  FA 6C 05 00 00 00 00 00  | .n.......l......
000000000006BB20 | BF DB 05 00 00 00 00 00  70 6F 04 00 00 00 00 00  | ........po......
000000000006BB30 | 30 6D 05 00 00 00 00 00  11 DE 05 00 00 00 00 00  | 0m..............
000000000006BB40 | E4 6F 04 00 00 00 00 00  46 6D 05 00 00 00 00 00  | .o......Fm......
000000000006BB50 | 11 DE 05 00 00 00 00 00  7C 70 04 00 00 00 00 00  | ........|p......
000000000006BB60 | FE 54 05 00 00 00 00 00  A4 CD 05 00 00 00 00 00  | .T..............
000000000006BB70 | E8 70 04 00 00 00 00 00  93 6C 05 00 00 00 00 00  | .p.......l......
000000000006BB80 | A4 CD 05 00 00 00 00 00  F4 72 04 00 00 00 00 00  | .........r......
000000000006BB90 | BA 6A 05 00 00 00 00 00  D6 CE 05 00 00 00 00 00  | .j..............
000000000006BBA0 | 00 75 04 00 00 00 00 00  F6 6A 05 00 00 00 00 00  | .u.......j......
000000000006BBB0 | D6 CE 05 00 00 00 00 00  D0 75 04 00 00 00 00 00  | .........u......
000000000006BBC0 | 6A 6B 05 00 00 00 00 00  D6 CE 05 00 00 00 00 00  | jk..............
000000000006BBD0 | A0 76 04 00 00 00 00 00  F8 60 05 00 00 00 00 00  | .v.......`......
000000000006BBE0 | 1C DE 05 00 00 00 00 00  64 77 04 00 00 00 00 00  | ........dw......
000000000006BBF0 | 2C 61 05 00 00 00 00 00  BA CD 05 00 00 00 00 00  | ,a..............
000000000006BC00 | D8 7B 04 00 00 00 00 00  D0 87 05 00 00 00 00 00  | .{..............
000000000006BC10 | CD D7 05 00 00 00 00 00  D4 7C 04 00 00 00 00 00  | .........|......
000000000006BC20 | E5 94 05 00 00 00 00 00  D6 CE 05 00 00 00 00 00  | ................
000000000006BC30 | F4 7F 04 00 00 00 00 00  03 95 05 00 00 00 00 00  | ................
000000000006BC40 | D6 CE 05 00 00 00 00 00  0C 80 04 00 00 00 00 00  | ................
000000000006BC50 | 8A 90 05 00 00 00 00 00  85 CE 05 00 00 00 00 00  | ................
000000000006BC60 | 24 80 04 00 00 00 00 00  A9 7D 05 00 00 00 00 00  | $........}......
000000000006BC70 | 85 CE 05 00 00 00 00 00  5C 80 04 00 00 00 00 00  | ........\.......
000000000006BC80 | 9C 90 05 00 00 00 00 00  85 CE 05 00 00 00 00 00  | ................
000000000006BC90 | 94 80 04 00 00 00 00 00  BA 7D 05 00 00 00 00 00  | .........}......
000000000006BCA0 | 85 CE 05 00 00 00 00 00  CC 80 04 00 00 00 00 00  | ................
000000000006BCB0 | 28 78 05 00 00 00 00 00  7F DA 05 00 00 00 00 00  | (x..............
000000000006BCC0 | 04 81 04 00 00 00 00 00  FB 77 05 00 00 00 00 00  | .........w......
000000000006BCD0 | 54 DA 05 00 00 00 00 00  20 81 04 00 00 00 00 00  | T....... .......
000000000006BCE0 | C4 77 05 00 00 00 00 00  68 DA 05 00 00 00 00 00  | .w......h.......
000000000006BCF0 | 34 81 04 00 00 00 00 00  A2 77 05 00 00 00 00 00  | 4........w......
000000000006BD00 | 8D DA 05 00 00 00 00 00  98 82 04 00 00 00 00 00  | ................
000000000006BD10 | 6C 77 05 00 00 00 00 00  9E DA 05 00 00 00 00 00  | lw..............
000000000006BD20 | B0 82 04 00 00 00 00 00  73 39 05 00 00 00 00 00  | ........s9......
000000000006BD30 | 43 DA 05 00 00 00 00 00  1C 84 04 00 00 00 00 00  | C...............
000000000006BD40 | 0E 77 05 00 00 00 00 00  B5 DA 05 00 00 00 00 00  | .w..............
000000000006BD50 | 38 84 04 00 00 00 00 00  42 77 05 00 00 00 00 00  | 8.......Bw......
000000000006BD60 | CC DA 05 00 00 00 00 00  4C 84 04 00 00 00 00 00  | ........L.......
000000000006BD70 | D0 76 05 00 00 00 00 00  E0 DA 05 00 00 00 00 00  | .v..............
000000000006BD80 | 68 84 04 00 00 00 00 00  88 74 05 00 00 00 00 00  | h........t......
000000000006BD90 | 32 DE 05 00 00 00 00 00  1C 86 04 00 00 00 00 00  | 2...............
000000000006BDA0 | E4 6E 05 00 00 00 00 00  85 CE 05 00 00 00 00 00  | .n..............
000000000006BDB0 | E4 87 04 00 00 00 00 00  BB 36 05 00 00 00 00 00  | .........6......
000000000006BDC0 | 85 CE 05 00 00 00 00 00  E0 89 04 00 00 00 00 00  | ................
000000000006BDD0 | F9 5B 05 00 00 00 00 00  85 CE 05 00 00 00 00 00  | .[..............
000000000006BDE0 | A8 8C 04 00 00 00 00 00  04 5C 05 00 00 00 00 00  | .........\......
000000000006BDF0 | 85 CE 05 00 00 00 00 00  D4 98 04 00 00 00 00 00  | ................
000000000006BE00 | E2 52 05 00 00 00 00 00  85 CE 05 00 00 00 00 00  | .R..............
000000000006BE10 | 60 9B 04 00 00 00 00 00  44 5D 05 00 00 00 00 00  | `.......D]......
000000000006BE20 | 85 CE 05 00 00 00 00 00  F8 9D 04 00 00 00 00 00  | ................
000000000006BE30 | 01 88 05 00 00 00 00 00  39 DD 05 00 00 00 00 00  | ........9.......
000000000006BE40 | 34 9E 04 00 00 00 00 00  0E 5C 05 00 00 00 00 00  | 4........\......
000000000006BE50 | 85 CE 05 00 00 00 00 00  8C 9F 04 00 00 00 00 00  | ................
000000000006BE60 | 1C 5C 05 00 00 00 00 00  39 DD 05 00 00 00 00 00  | .\......9.......
000000000006BE70 | 64 A1 04 00 00 00 00 00  C6 96 05 00 00 00 00 00  | d...............
000000000006BE80 | 43 DA 05 00 00 00 00 00  2C A2 04 00 00 00 00 00  | C.......,.......
000000000006BE90 | B4 74 05 00 00 00 00 00  32 DE 05 00 00 00 00 00  | .t......2.......
000000000006BEA0 | 6C A3 04 00 00 00 00 00  F5 6E 05 00 00 00 00 00  | l........n......
000000000006BEB0 | 85 CE 05 00 00 00 00 00  38 A5 04 00 00 00 00 00  | ........8.......
000000000006BEC0 | 38 5C 05 00 00 00 00 00  85 CE 05 00 00 00 00 00  | 8\..............
000000000006BED0 | EC A6 04 00 00 00 00 00  F6 52 05 00 00 00 00 00  | .........R......
000000000006BEE0 | 85 CE 05 00 00 00 00 00  1C AD 04 00 00 00 00 00  | ................
000000000006BEF0 | 82 2C 05 00 00 00 00 00  85 CE 05 00 00 00 00 00  | .,..............
000000000006BF00 | 88 AE 04 00 00 00 00 00  2B 88 05 00 00 00 00 00  | ........+.......
000000000006BF10 | 39 DD 05 00 00 00 00 00  C4 AE 04 00 00 00 00 00  | 9...............
000000000006BF20 | 44 5C 05 00 00 00 00 00  85 CE 05 00 00 00 00 00  | D\..............
000000000006BF30 | 1C B0 04 00 00 00 00 00  53 5C 05 00 00 00 00 00  | ........S\......
000000000006BF40 | 39 DD 05 00 00 00 00 00  F0 B1 04 00 00 00 00 00  | 9...............
000000000006BF50 | DA 8D 05 00 00 00 00 00  7A CE 05 00 00 00 00 00  | ........z.......
000000000006BF60 | B8 B2 04 00 00 00 00 00  07 6F 05 00 00 00 00 00  | .........o......
000000000006BF70 | 85 CE 05 00 00 00 00 00  3C B4 04 00 00 00 00 00  | ........<.......
000000000006BF80 | 18 8D 05 00 00 00 00 00  46 DE 05 00 00 00 00 00  | ........F.......
000000000006BF90 | 54 B5 04 00 00 00 00 00  47 8D 05 00 00 00 00 00  | T.......G.......
000000000006BFA0 | 56 DE 05 00 00 00 00 00  6C B7 04 00 00 00 00 00  | V.......l.......
000000000006BFB0 | 7B 8D 05 00 00 00 00 00  85 CE 05 00 00 00 00 00  | {...............
000000000006BFC0 | 38 B8 04 00 00 00 00 00  62 8D 05 00 00 00 00 00  | 8.......b.......
000000000006BFD0 | 85 CE 05 00 00 00 00 00  AC CC 04 00 00 00 00 00  | ................
000000000006BFE0 | BB 3B 05 00 00 00 00 00  67 DE 05 00 00 00 00 00  | .;......g.......
000000000006BFF0 | 8C D3 04 00 00 00 00 00  BA 51 05 00 00 00 00 00  | .........Q......
000000000006C000 | 85 CE 05 00 00 00 00 00  B0 D4 04 00 00 00 00 00  | ................
000000000006C010 | A4 51 05 00 00 00 00 00  7A CE 05 00 00 00 00 00  | .Q......z.......
000000000006C020 | F8 D5 04 00 00 00 00 00  D0 51 05 00 00 00 00 00  | .........Q......
000000000006C030 | 85 CE 05 00 00 00 00 00  20 D6 04 00 00 00 00 00  | ........ .......
000000000006C040 | EB 56 05 00 00 00 00 00  D6 CE 05 00 00 00 00 00  | .V..............
000000000006C050 | 78 DF 04 00 00 00 00 00  6A 79 05 00 00 00 00 00  | x.......jy......
000000000006C060 | 75 DE 05 00 00 00 00 00  E8 E0 04 00 00 00 00 00  | u...............
000000000006C070 | B6 4C 05 00 00 00 00 00  D6 CE 05 00 00 00 00 00  | .L..............
000000000006C080 | BC E4 04 00 00 00 00 00  D8 7A 05 00 00 00 00 00  | .........z......
000000000006C090 | 85 CE 05 00 00 00 00 00  70 E6 04 00 00 00 00 00  | ........p.......
000000000006C0A0 | 02 71 05 00 00 00 00 00  D6 CE 05 00 00 00 00 00  | .q..............
000000000006C0B0 | 20 E8 04 00 00 00 00 00  1A 4F 05 00 00 00 00 00  |  ........O......
000000000006C0C0 | D6 CE 05 00 00 00 00 00  50 E9 04 00 00 00 00 00  | ........P.......
000000000006C0D0 | 7C 81 05 00 00 00 00 00  70 D4 05 00 00 00 00 00  | |.......p.......
000000000006C0E0 | 1C EA 04 00 00 00 00 00  89 6E 05 00 00 00 00 00  | .........n......
000000000006C0F0 | 7A CE 05 00 00 00 00 00  D4 EA 04 00 00 00 00 00  | z...............
000000000006C100 | C6 93 05 00 00 00 00 00  7A CE 05 00 00 00 00 00  | ........z.......
000000000006C110 | EC EA 04 00 00 00 00 00  D2 71 05 00 00 00 00 00  | .........q......
000000000006C120 | BE D2 05 00 00 00 00 00  00 EB 04 00 00 00 00 00  | ................
000000000006C130 | 96 8B 05 00 00 00 00 00  80 DE 05 00 00 00 00 00  | ................
000000000006C140 | 48 EB 04 00 00 00 00 00  CF 89 05 00 00 00 00 00  | H...............
000000000006C150 | 80 DE 05 00 00 00 00 00  88 EB 04 00 00 00 00 00  | ................
000000000006C160 | D9 89 05 00 00 00 00 00  80 DE 05 00 00 00 00 00  | ................
000000000006C170 | BC EB 04 00 00 00 00 00  0B 79 05 00 00 00 00 00  | .........y......
000000000006C180 | 88 DE 05 00 00 00 00 00  F0 EB 04 00 00 00 00 00  | ................
000000000006C190 | 05 97 05 00 00 00 00 00  A1 DE 05 00 00 00 00 00  | ................
000000000006C1A0 | 34 EC 04 00 00 00 00 00  D9 5C 05 00 00 00 00 00  | 4........\......
000000000006C1B0 | 75 DE 05 00 00 00 00 00  78 EC 04 00 00 00 00 00  | u.......x.......
000000000006C1C0 | 97 5C 05 00 00 00 00 00  D6 CE 05 00 00 00 00 00  | .\..............
000000000006C1D0 | 24 ED 04 00 00 00 00 00  B3 5C 05 00 00 00 00 00  | $........\......
000000000006C1E0 | D6 CE 05 00 00 00 00 00  68 ED 04 00 00 00 00 00  | ........h.......
000000000006C1F0 | EB 8C 05 00 00 00 00 00  BB DE 05 00 00 00 00 00  | ................
000000000006C200 | AC ED 04 00 00 00 00 00  11 32 05 00 00 00 00 00  | .........2......
000000000006C210 | 85 CE 05 00 00 00 00 00  F0 F6 04 00 00 00 00 00  | ................
000000000006C220 | 20 00 00 00 26 00 00 00  AC EF 06 00 00 00 00 00  |  ...&...........
000000000006C230 | 6B 5F 05 00 00 00 00 00  D0 DE 05 00 00 00 00 00  | k_..............
000000000006C240 | 02 00 00 00 04 00 00 00  B0 EF 06 00 00 00 00 00  | ................
000000000006C250 | 28 53 05 00 00 00 00 00  B3 D1 05 00 00 00 00 00  | (S..............
000000000006C260 | 01 00 00 00 02 00 00 00  B4 EF 06 00 00 00 00 00  | ................
000000000006C270 | F5 58 05 00 00 00 00 00  D2 DE 05 00 00 00 00 00  | .X..............
000000000006C280 | 03 00 00 00 08 00 00 00  B8 EF 06 00 00 00 00 00  | ................
000000000006C290 | FE 58 05 00 00 00 00 00  D3 D1 05 00 00 00 00 00  | .X..............
000000000006C2A0 | 03 00 00 00 08 00 00 00  BC EF 06 00 00 00 00 00  | ................
000000000006C2B0 | CF 89 05 00 00 00 00 00  6A D2 05 00 00 00 00 00  | ........j.......
000000000006C2C0 | 02 00 00 00 04 00 00 00  C0 EF 06 00 00 00 00 00  | ................
000000000006C2D0 | D9 89 05 00 00 00 00 00  6A D2 05 00 00 00 00 00  | ........j.......
000000000006C2E0 | 02 00 00 00 04 00 00 00  C4 EF 06 00 00 00 00 00  | ................
000000000006C2F0 | 71 8C 05 00 00 00 00 00  6A D2 05 00 00 00 00 00  | q.......j.......
000000000006C300 | 02 00 00 00 04 00 00 00  C8 EF 06 00 00 00 00 00  | ................
000000000006C310 | 7A 8C 05 00 00 00 00 00  E6 D9 05 00 00 00 00 00  | z...............
000000000006C320 | 03 00 00 00 08 00 00 00  CC EF 06 00 00 00 00 00  | ................
000000000006C330 | 17 8E 05 00 00 00 00 00  6A D2 05 00 00 00 00 00  | ........j.......
000000000006C340 | 02 00 00 00 04 00 00 00  D0 EF 06 00 00 00 00 00  | ................
000000000006C350 | 43 53 05 00 00 00 00 00  3A D3 05 00 00 00 00 00  | CS......:.......
000000000006C360 | 03 00 00 00 08 00 00 00  D4 EF 06 00 00 00 00 00  | ................
000000000006C370 | 55 53 05 00 00 00 00 00  3A D3 05 00 00 00 00 00  | US......:.......
000000000006C380 | 03 00 00 00 08 00 00 00  D8 EF 06 00 00 00 00 00  | ................
000000000006C390 | 67 53 05 00 00 00 00 00  3A D3 05 00 00 00 00 00  | gS......:.......
000000000006C3A0 | 03 00 00 00 08 00 00 00  DC EF 06 00 00 00 00 00  | ................
000000000006C3B0 | 65 8C 05 00 00 00 00 00  D3 D1 05 00 00 00 00 00  | e...............
000000000006C3C0 | 03 00 00 00 08 00 00 00  E0 EF 06 00 00 00 00 00  | ................
000000000006C3D0 | C0 48 05 00 00 00 00 00  E9 D6 05 00 00 00 00 00  | .H..............
000000000006C3E0 | 03 00 00 00 08 00 00 00  E4 EF 06 00 00 00 00 00  | ................
000000000006C3F0 | CE 48 05 00 00 00 00 00  E9 D6 05 00 00 00 00 00  | .H..............
000000000006C400 | 03 00 00 00 08 00 00 00  E8 EF 06 00 00 00 00 00  | ................
000000000006C410 | 21 49 05 00 00 00 00 00  E9 D6 05 00 00 00 00 00  | !I..............
000000000006C420 | 03 00 00 00 08 00 00 00  EC EF 06 00 00 00 00 00  | ................
000000000006C430 | B0 53 05 00 00 00 00 00  E9 D6 05 00 00 00 00 00  | .S..............
000000000006C440 | 03 00 00 00 08 00 00 00  F0 EF 06 00 00 00 00 00  | ................
000000000006C450 | 00 79 05 00 00 00 00 00  E9 D6 05 00 00 00 00 00  | .y..............
000000000006C460 | 03 00 00 00 08 00 00 00  F4 EF 06 00 00 00 00 00  | ................
000000000006C470 | F9 96 05 00 00 00 00 00  E9 D6 05 00 00 00 00 00  | ................
000000000006C480 | 03 00 00 00 08 00 00 00  F8 EF 06 00 00 00 00 00  | ................
000000000006C490 | 27 79 05 00 00 00 00 00  E9 D6 05 00 00 00 00 00  | 'y..............
000000000006C4A0 | 03 00 00 00 08 00 00 00  FC EF 06 00 00 00 00 00  | ................
000000000006C4B0 | 37 97 05 00 00 00 00 00  E9 D6 05 00 00 00 00 00  | 7...............
000000000006C4C0 | 03 00 00 00 08 00 00 00  00 F0 06 00 00 00 00 00  | ................
000000000006C4D0 | F6 78 05 00 00 00 00 00  F8 D3 05 00 00 00 00 00  | .x..............
000000000006C4E0 | 03 00 00 00 08 00 00 00  04 F0 06 00 00 00 00 00  | ................
000000000006C4F0 | EE 96 05 00 00 00 00 00  F8 D3 05 00 00 00 00 00  | ................
000000000006C500 | 03 00 00 00 08 00 00 00  08 F0 06 00 00 00 00 00  | ................
000000000006C510 | 47 57 05 00 00 00 00 00  EE DE 05 00 00 00 00 00  | GW..............
000000000006C520 | 03 00 00 00 08 00 00 00  0C F0 06 00 00 00 00 00  | ................
000000000006C530 | 70 57 05 00 00 00 00 00  04 DF 05 00 00 00 00 00  | pW..............
000000000006C540 | 03 00 00 00 08 00 00 00  10 F0 06 00 00 00 00 00  | ................
000000000006C550 | 9F 8B 05 00 00 00 00 00  F2 D1 05 00 00 00 00 00  | ................
000000000006C560 | 03 00 00 00 08 00 00 00  14 F0 06 00 00 00 00 00  | ................
000000000006C570 | 5F 73 05 00 00 00 00 00  1B DF 05 00 00 00 00 00  | _s..............
000000000006C580 | 03 00 00 00 08 00 00 00  18 F0 06 00 00 00 00 00  | ................
000000000006C590 | 7E 8E 05 00 00 00 00 00  36 DF 05 00 00 00 00 00  | ~.......6.......
000000000006C5A0 | 03 00 00 00 28 00 00 00  1C F0 06 00 00 00 00 00  | ....(...........
000000000006C5B0 | 0B 79 05 00 00 00 00 00  75 DF 05 00 00 00 00 00  | .y......u.......
000000000006C5C0 | 03 00 00 00 08 00 00 00  20 F0 06 00 00 00 00 00  | ........ .......
000000000006C5D0 | 05 97 05 00 00 00 00 00  88 DF 05 00 00 00 00 00  | ................
000000000006C5E0 | 03 00 00 00 08 00 00 00  24 F0 06 00 00 00 00 00  | ........$.......
000000000006C5F0 | EB 8C 05 00 00 00 00 00  9C DF 05 00 00 00 00 00  | ................
000000000006C600 | 03 00 00 00 08 00 00 00  28 F0 06 00 00 00 00 00  | ........(.......
000000000006C610 | 0B 8D 05 00 00 00 00 00  1B DF 05 00 00 00 00 00  | ................
000000000006C620 | 03 00 00 00 08 00 00 00  2C F0 06 00 00 00 00 00  | ........,.......
000000000006C630 | 32 8D 05 00 00 00 00 00  F2 D1 05 00 00 00 00 00  | 2...............
000000000006C640 | 03 00 00 00 08 00 00 00  30 F0 06 00 00 00 00 00  | ........0.......
000000000006C650 | F6 8C 05 00 00 00 00 00  6A D2 05 00 00 00 00 00  | ........j.......
000000000006C660 | 02 00 00 00 04 00 00 00  34 F0 06 00 00 00 00 00  | ........4.......
000000000006C670 | F9 6B 05 00 00 00 00 00  6A D2 05 00 00 00 00 00  | .k......j.......
000000000006C680 | 02 00 00 00 04 00 00 00  38 F0 06 00 00 00 00 00  | ........8.......
000000000006C690 | 1F 32 05 00 00 00 00 00  AB DF 05 00 00 00 00 00  | .2..............
000000000006C6A0 | 03 00 00 00 08 00 00 00  3C F0 06 00 00 00 00 00  | ........<.......
000000000006C6B0 | B7 94 05 00 00 00 00 00  D2 D3 05 00 00 00 00 00  | ................
000000000006C6C0 | 03 00 00 00 08 00 00 00  40 F0 06 00 00 00 00 00  | ........@.......
000000000006C6D0 | 54 4D 05 00 00 00 00 00  E7 D6 05 00 00 00 00 00  | TM..............
000000000006C6E0 | 03 00 00 00 08 00 00 00  10 00 00 00 14 00 00 00  | ................
000000000006C6F0 | F5 58 05 00 00 00 00 00  AB 33 05 00 00 00 00 00  | .X.......3......
000000000006C700 | FE 58 05 00 00 00 00 00  01 37 05 00 00 00 00 00  | .X.......7......
000000000006C710 | DA 32 05 00 00 00 00 00  34 3C 05 00 00 00 00 00  | .2......4<......
000000000006C720 | F6 32 05 00 00 00 00 00  4E 3C 05 00 00 00 00 00  | .2......N<......
000000000006C730 | 0B 29 05 00 00 00 00 00  ED 31 05 00 00 00 00 00  | .).......1......
000000000006C740 | 54 4D 05 00 00 00 00 00  77 3E 05 00 00 00 00 00  | TM......w>......
000000000006C750 | B7 94 05 00 00 00 00 00  DB 3B 05 00 00 00 00 00  | .........;......
000000000006C760 | 69 6A 05 00 00 00 00 00  BC 3C 05 00 00 00 00 00  | ij.......<......
000000000006C770 | 5D 6A 05 00 00 00 00 00  BC 3C 05 00 00 00 00 00  | ]j.......<......
000000000006C780 | 0F 55 05 00 00 00 00 00  8E 38 05 00 00 00 00 00  | .U.......8......
000000000006C790 | 6F 55 05 00 00 00 00 00  2F 3E 05 00 00 00 00 00  | oU....../>......
000000000006C7A0 | CF 55 05 00 00 00 00 00  24 30 05 00 00 00 00 00  | .U......$0......
000000000006C7B0 | C4 6C 05 00 00 00 00 00  8E 38 05 00 00 00 00 00  | .l.......8......
000000000006C7C0 | 10 6D 05 00 00 00 00 00  2F 3E 05 00 00 00 00 00  | .m....../>......
000000000006C7D0 | FE 54 05 00 00 00 00 00  6D 2B 05 00 00 00 00 00  | .T......m+......
000000000006C7E0 | 93 6C 05 00 00 00 00 00  6D 2B 05 00 00 00 00 00  | .l......m+......
000000000006C7F0 | BA 6A 05 00 00 00 00 00  BC 3C 05 00 00 00 00 00  | .j.......<......
000000000006C800 | F6 6A 05 00 00 00 00 00  BC 3C 05 00 00 00 00 00  | .j.......<......
000000000006C810 | 6A 6B 05 00 00 00 00 00  BC 3C 05 00 00 00 00 00  | jk.......<......
000000000006C820 | 1A 4F 05 00 00 00 00 00  CA 31 05 00 00 00 00 00  | .O.......1......
000000000006C830 | 84 01 00 00 08 00 00 00  40 01 00 00 00 00 00 00  | ........@.......
000000000006C840 | 2A CD 05 00 00 00 00 00  1B CD 05 00 00 00 00 00  | *...............
000000000006C850 | 58 B2 06 00 00 00 00 00  00 00 00 00 00 00 00 00  | X...............
000000000006C860 | 20 C2 06 00 00 00 00 00  4A CC 05 00 00 00 00 00  |  .......J.......
000000000006C870 | E8 C6 06 00 00 00 00 00  18 00 00 00 02 00 00 00  | ................
000000000006C880 | C6 63 05 00 00 00 00 00  BA CD 05 00 00 00 00 00  | .c..............
000000000006C890 | 30 FA 04 00 00 00 00 00  A6 4F 05 00 00 00 00 00  | 0........O......
000000000006C8A0 | AE DF 05 00 00 00 00 00  58 FC 04 00 00 00 00 00  | ........X.......
000000000006C8B0 | 18 00 00 00 01 00 00 00  C8 57 05 00 00 00 00 00  | .........W......
000000000006C8C0 | BA CD 05 00 00 00 00 00  DC F9 04 00 00 00 00 00  | ................
000000000006C8D0 | 32 CD 05 00 00 00 00 00  B8 A0 07 00 00 00 00 00  | 2...............
000000000006C8E0 | 78 C8 06 00 00 00 00 00  B0 C8 06 00 00 00 00 00  | x...............
000000000006C8F0 | 00 00 00 00 00 00 00 00  00 00 00 00 00 00 00 00  | ................
000000000006C900 | 00 00 00 00 00 00 00 00  40 00 00 00 00 00 00 00  | ........@.......
000000000006C910 | 01 00 00 00 00 00 00 00  60 59 07 00 00 00 00 00  | ........`Y......
000000000006C920 | 00 00 00 00 00 00 00 00  18 00 00 00 03 00 00 00  | ................
000000000006C930 | FC 70 05 00 00 00 00 00  38 D2 05 00 00 00 00 00  | .p......8.......
000000000006C940 | 00 00 00 00 00 00 00 00  C6 76 05 00 00 00 00 00  | .........v......
000000000006C950 | A3 D2 05 00 00 00 00 00  00 00 00 00 00 00 00 00  | ................
000000000006C960 | 71 52 05 00 00 00 00 00  85 CE 05 00 00 00 00 00  | qR..............
000000000006C970 | 00 00 00 00 00 00 00 00  18 00 00 00 01 00 00 00  | ................
000000000006C980 | 7A 4E 05 00 00 00 00 00  BE D2 05 00 00 00 00 00  | zN..............
000000000006C990 | 00 00 00 00 00 00 00 00  38 D2 05 00 00 00 00 00  | ........8.......
000000000006C9A0 | B9 DF 05 00 00 00 00 00  85 CE 05 00 00 00 00 00  | ................
000000000006C9B0 | CD DF 05 00 00 00 00 00  01 00 00 00 00 00 00 00  | ................
000000000006C9C0 | 90 94 07 00 00 00 00 00  00 00 00 00 00 00 00 00  | ................
000000000006C9D0 | 81 00 00 00 28 00 00 00  28 00 00 00 00 00 00 00  | ....(...(.......
000000000006C9E0 | 00 00 00 00 00 00 00 00  39 CD 05 00 00 00 00 00  | ........9.......
000000000006C9F0 | 00 00 00 00 00 00 00 00  B8 C9 06 00 00 00 00 00  | ................
000000000006CA00 | 00 00 00 00 00 00 00 00  00 00 00 00 00 00 00 00  | ................
000000000006CA10 | 00 00 00 00 00 00 00 00  18 00 00 00 04 00 00 00  | ................
000000000006CA20 | 34 68 05 00 00 00 00 00  AC CD 05 00 00 00 00 00  | 4h..............
000000000006CA30 | 98 FE 04 00 00 00 00 00  FC 70 05 00 00 00 00 00  | .........p......
000000000006CA40 | 38 D2 05 00 00 00 00 00  E4 FE 04 00 00 00 00 00  | 8...............
000000000006CA50 | C6 76 05 00 00 00 00 00  A3 D2 05 00 00 00 00 00  | .v..............
000000000006CA60 | F4 FE 04 00 00 00 00 00  71 52 05 00 00 00 00 00  | ........qR......
000000000006CA70 | 85 CE 05 00 00 00 00 00  04 FF 04 00 00 00 00 00  | ................
000000000006CA80 | 20 00 00 00 02 00 00 00  44 F0 06 00 00 00 00 00  |  .......D.......
000000000006CA90 | 9F 46 05 00 00 00 00 00  86 D3 05 00 00 00 00 00  | .F..............
000000000006CAA0 | 03 00 00 00 08 00 00 00  48 F0 06 00 00 00 00 00  | ........H.......
000000000006CAB0 | 90 29 05 00 00 00 00 00  F1 DF 05 00 00 00 00 00  | .)..............
000000000006CAC0 | 03 00 00 00 08 00 00 00  10 00 00 00 04 00 00 00  | ................
000000000006CAD0 | 8B 62 05 00 00 00 00 00  DA 3D 05 00 00 00 00 00  | .b.......=......
000000000006CAE0 | 75 90 05 00 00 00 00 00  D3 29 05 00 00 00 00 00  | u........)......
000000000006CAF0 | 71 59 05 00 00 00 00 00  77 2E 05 00 00 00 00 00  | qY......w.......
000000000006CB00 | AC 58 05 00 00 00 00 00  77 2E 05 00 00 00 00 00  | .X......w.......
000000000006CB10 | 80 00 00 00 08 00 00 00  18 00 00 00 00 00 00 00  | ................
000000000006CB20 | 00 00 00 00 00 00 00 00  39 CD 05 00 00 00 00 00  | ........9.......
000000000006CB30 | 18 CA 06 00 00 00 00 00  B8 C9 06 00 00 00 00 00  | ................
000000000006CB40 | 80 CA 06 00 00 00 00 00  00 00 00 00 00 00 00 00  | ................
000000000006CB50 | C8 CA 06 00 00 00 00 00  81 00 00 00 28 00 00 00  | ............(...
000000000006CB60 | 28 00 00 00 00 00 00 00  00 00 00 00 00 00 00 00  | (...............
000000000006CB70 | 68 CD 05 00 00 00 00 00  00 00 00 00 00 00 00 00  | h...............
000000000006CB80 | 00 00 00 00 00 00 00 00  00 00 00 00 00 00 00 00  | ................
000000000006CB90 | 00 00 00 00 00 00 00 00  00 00 00 00 00 00 00 00  | ................
000000000006CBA0 | 18 00 00 00 04 00 00 00  34 68 05 00 00 00 00 00  | ........4h......
000000000006CBB0 | AC CD 05 00 00 00 00 00  14 FF 04 00 00 00 00 00  | ................
000000000006CBC0 | FC 70 05 00 00 00 00 00  38 D2 05 00 00 00 00 00  | .p......8.......
000000000006CBD0 | BC FF 04 00 00 00 00 00  C6 76 05 00 00 00 00 00  | .........v......
000000000006CBE0 | A3 D2 05 00 00 00 00 00  A4 00 05 00 00 00 00 00  | ................
000000000006CBF0 | 71 52 05 00 00 00 00 00  85 CE 05 00 00 00 00 00  | qR..............
000000000006CC00 | EC 02 05 00 00 00 00 00  20 00 00 00 02 00 00 00  | ........ .......
000000000006CC10 | 4C F0 06 00 00 00 00 00  D8 29 05 00 00 00 00 00  | L........)......
000000000006CC20 | 27 D9 05 00 00 00 00 00  03 00 00 00 70 00 00 00  | '...........p...
000000000006CC30 | 50 F0 06 00 00 00 00 00  3B 43 05 00 00 00 00 00  | P.......;C......
000000000006CC40 | B1 D1 05 00 00 00 00 00  00 00 00 00 01 00 00 00  | ................
000000000006CC50 | 80 00 00 00 18 00 00 00  89 00 00 00 00 00 00 00  | ................
000000000006CC60 | 00 00 00 00 00 00 00 00  68 CD 05 00 00 00 00 00  | ........h.......
000000000006CC70 | A0 CB 06 00 00 00 00 00  00 00 00 00 00 00 00 00  | ................
000000000006CC80 | 08 CC 06 00 00 00 00 00  00 00 00 00 00 00 00 00  | ................
000000000006CC90 | 00 00 00 00 00 00 00 00  01 00 00 00 00 00 00 00  | ................
000000000006CCA0 | 90 94 07 00 00 00 00 00  00 00 00 00 00 00 00 00  | ................
000000000006CCB0 | 85 01 00 00 28 00 00 00  28 00 00 00 00 00 00 00  | ....(...(.......
000000000006CCC0 | 00 00 00 00 00 00 00 00  80 CD 05 00 00 00 00 00  | ................
000000000006CCD0 | 08 05 07 00 00 00 00 00  98 CC 06 00 00 00 00 00  | ................
000000000006CCE0 | 00 00 00 00 00 00 00 00  00 00 00 00 00 00 00 00  | ................
000000000006CCF0 | 00 00 00 00 00 00 00 00  20 00 00 00 0C 00 00 00  | ........ .......
000000000006CD00 | 54 F0 06 00 00 00 00 00  CB 47 05 00 00 00 00 00  | T........G......
000000000006CD10 | 8D CE 05 00 00 00 00 00  03 00 00 00 08 00 00 00  | ................
000000000006CD20 | 58 F0 06 00 00 00 00 00  03 29 05 00 00 00 00 00  | X........)......
000000000006CD30 | F2 D1 05 00 00 00 00 00  03 00 00 00 08 00 00 00  | ................
000000000006CD40 | 5C F0 06 00 00 00 00 00  A3 33 05 00 00 00 00 00  | \........3......
000000000006CD50 | 9E D3 05 00 00 00 00 00  03 00 00 00 08 00 00 00  | ................
000000000006CD60 | 60 F0 06 00 00 00 00 00  21 29 05 00 00 00 00 00  | `.......!)......
000000000006CD70 | F2 D1 05 00 00 00 00 00  03 00 00 00 08 00 00 00  | ................
000000000006CD80 | 64 F0 06 00 00 00 00 00  AE 43 05 00 00 00 00 00  | d........C......
000000000006CD90 | 06 D6 05 00 00 00 00 00  03 00 00 00 08 00 00 00  | ................
000000000006CDA0 | 68 F0 06 00 00 00 00 00  DB 42 05 00 00 00 00 00  | h........B......
000000000006CDB0 | 8D CE 05 00 00 00 00 00  03 00 00 00 08 00 00 00  | ................
000000000006CDC0 | 6C F0 06 00 00 00 00 00  6F 43 05 00 00 00 00 00  | l.......oC......
000000000006CDD0 | CE D6 05 00 00 00 00 00  03 00 00 00 08 00 00 00  | ................
000000000006CDE0 | 70 F0 06 00 00 00 00 00  FB 40 05 00 00 00 00 00  | p........@......
000000000006CDF0 | B1 D1 05 00 00 00 00 00  00 00 00 00 01 00 00 00  | ................
000000000006CE00 | 74 F0 06 00 00 00 00 00  53 43 05 00 00 00 00 00  | t.......SC......
000000000006CE10 | B1 D1 05 00 00 00 00 00  00 00 00 00 01 00 00 00  | ................
000000000006CE20 | 78 F0 06 00 00 00 00 00  2C 33 05 00 00 00 00 00  | x.......,3......
000000000006CE30 | B1 D1 05 00 00 00 00 00  00 00 00 00 01 00 00 00  | ................
000000000006CE40 | 7C F0 06 00 00 00 00 00  E1 42 05 00 00 00 00 00  | |........B......
000000000006CE50 | F8 D3 05 00 00 00 00 00  03 00 00 00 08 00 00 00  | ................
000000000006CE60 | 80 F0 06 00 00 00 00 00  90 29 05 00 00 00 00 00  | .........)......
000000000006CE70 | F1 DF 05 00 00 00 00 00  03 00 00 00 08 00 00 00  | ................
000000000006CE80 | 10 00 00 00 0D 00 00 00  E8 4C 05 00 00 00 00 00  | .........L......
000000000006CE90 | 9C 36 05 00 00 00 00 00  C9 94 05 00 00 00 00 00  | .6..............
000000000006CEA0 | C1 3C 05 00 00 00 00 00  32 56 05 00 00 00 00 00  | .<......2V......
000000000006CEB0 | 2D 2E 05 00 00 00 00 00  24 56 05 00 00 00 00 00  | -.......$V......
000000000006CEC0 | 8F 3D 05 00 00 00 00 00  41 8E 05 00 00 00 00 00  | .=......A.......
000000000006CED0 | D6 3E 05 00 00 00 00 00  2E 51 05 00 00 00 00 00  | .>.......Q......
000000000006CEE0 | 9D 3D 05 00 00 00 00 00  CB 6B 05 00 00 00 00 00  | .=.......k......
000000000006CEF0 | B8 2B 05 00 00 00 00 00  92 5C 05 00 00 00 00 00  | .+.......\......
000000000006CF00 | 3D 38 05 00 00 00 00 00  AF 61 05 00 00 00 00 00  | =8.......a......
000000000006CF10 | 8F 3C 05 00 00 00 00 00  8B 62 05 00 00 00 00 00  | .<.......b......
000000000006CF20 | DA 3D 05 00 00 00 00 00  75 90 05 00 00 00 00 00  | .=......u.......
000000000006CF30 | D3 29 05 00 00 00 00 00  71 59 05 00 00 00 00 00  | .)......qY......
000000000006CF40 | 77 2E 05 00 00 00 00 00  AC 58 05 00 00 00 00 00  | w........X......
000000000006CF50 | 77 2E 05 00 00 00 00 00  84 01 00 00 08 00 00 00  | w...............
000000000006CF60 | 58 00 00 00 00 00 00 00  95 CD 05 00 00 00 00 00  | X...............
000000000006CF70 | 80 CD 05 00 00 00 00 00  58 05 07 00 00 00 00 00  | ........X.......
000000000006CF80 | 98 CC 06 00 00 00 00 00  F8 CC 06 00 00 00 00 00  | ................
000000000006CF90 | 00 00 00 00 00 00 00 00  80 CE 06 00 00 00 00 00  | ................
