# Memory dump: 0x0 - 0x5d00
# Segment: HEADER
#============================================================================

# Address        | Hex Bytes                                       | ASCII
#----------------------------------------------------------------------------
0000000000000000 | CF FA ED FE 0C 00 00 01  00 00 00 00 06 00 00 00  | ................
0000000000000010 | 19 00 00 00 00 0C 00 00  85 00 10 00 00 00 00 00  | ................
0000000000000020 | 19 00 00 00 18 03 00 00  5F 5F 54 45 58 54 00 00  | ........__TEXT..
0000000000000030 | 00 00 00 00 00 00 00 00  00 00 00 00 00 00 00 00  | ................
0000000000000040 | 00 00 01 00 00 00 00 00  00 00 00 00 00 00 00 00  | ................
0000000000000050 | 00 00 01 00 00 00 00 00  05 00 00 00 05 00 00 00  | ................
0000000000000060 | 09 00 00 00 00 00 00 00  5F 5F 74 65 78 74 00 00  | ........__text..
0000000000000070 | 00 00 00 00 00 00 00 00  5F 5F 54 45 58 54 00 00  | ........__TEXT..
0000000000000080 | 00 00 00 00 00 00 00 00  00 5D 00 00 00 00 00 00  | .........]......
0000000000000090 | A0 9D 00 00 00 00 00 00  00 5D 00 00 02 00 00 00  | .........]......
00000000000000A0 | 00 00 00 00 00 00 00 00  00 04 00 80 00 00 00 00  | ................
00000000000000B0 | 00 00 00 00 00 00 00 00  5F 5F 73 74 75 62 73 00  | ........__stubs.
00000000000000C0 | 00 00 00 00 00 00 00 00  5F 5F 54 45 58 54 00 00  | ........__TEXT..
00000000000000D0 | 00 00 00 00 00 00 00 00  A0 FA 00 00 00 00 00 00  | ................
00000000000000E0 | 84 00 00 00 00 00 00 00  A0 FA 00 00 02 00 00 00  | ................
00000000000000F0 | 00 00 00 00 00 00 00 00  08 04 00 80 00 00 00 00  | ................
0000000000000100 | 0C 00 00 00 00 00 00 00  5F 5F 73 74 75 62 5F 68  | ........__stub_h
0000000000000110 | 65 6C 70 65 72 00 00 00  5F 5F 54 45 58 54 00 00  | elper...__TEXT..
0000000000000120 | 00 00 00 00 00 00 00 00  24 FB 00 00 00 00 00 00  | ........$.......
0000000000000130 | 9C 00 00 00 00 00 00 00  24 FB 00 00 02 00 00 00  | ........$.......
0000000000000140 | 00 00 00 00 00 00 00 00  00 04 00 80 00 00 00 00  | ................
0000000000000150 | 00 00 00 00 00 00 00 00  5F 5F 67 63 63 5F 65 78  | ........__gcc_ex
0000000000000160 | 63 65 70 74 5F 74 61 62  5F 5F 54 45 58 54 00 00  | cept_tab__TEXT..
0000000000000170 | 00 00 00 00 00 00 00 00  C0 FB 00 00 00 00 00 00  | ................
0000000000000180 | 20 02 00 00 00 00 00 00  C0 FB 00 00 02 00 00 00  |  ...............
0000000000000190 | 00 00 00 00 00 00 00 00  00 00 00 00 00 00 00 00  | ................
00000000000001A0 | 00 00 00 00 00 00 00 00  5F 5F 63 6F 6E 73 74 00  | ........__const.
00000000000001B0 | 00 00 00 00 00 00 00 00  5F 5F 54 45 58 54 00 00  | ........__TEXT..
00000000000001C0 | 00 00 00 00 00 00 00 00  E0 FD 00 00 00 00 00 00  | ................
00000000000001D0 | 08 00 00 00 00 00 00 00  E0 FD 00 00 03 00 00 00  | ................
00000000000001E0 | 00 00 00 00 00 00 00 00  00 00 00 00 00 00 00 00  | ................
00000000000001F0 | 00 00 00 00 00 00 00 00  5F 5F 6F 62 6A 63 5F 6D  | ........__objc_m
0000000000000200 | 65 74 68 6E 61 6D 65 00  5F 5F 54 45 58 54 00 00  | ethname.__TEXT..
0000000000000210 | 00 00 00 00 00 00 00 00  E8 FD 00 00 00 00 00 00  | ................
0000000000000220 | 1E 01 00 00 00 00 00 00  E8 FD 00 00 00 00 00 00  | ................
0000000000000230 | 00 00 00 00 00 00 00 00  02 00 00 00 00 00 00 00  | ................
0000000000000240 | 00 00 00 00 00 00 00 00  5F 5F 6F 62 6A 63 5F 63  | ........__objc_c
0000000000000250 | 6C 61 73 73 6E 61 6D 65  5F 5F 54 45 58 54 00 00  | lassname__TEXT..
0000000000000260 | 00 00 00 00 00 00 00 00  06 FF 00 00 00 00 00 00  | ................
0000000000000270 | 0B 00 00 00 00 00 00 00  06 FF 00 00 00 00 00 00  | ................
0000000000000280 | 00 00 00 00 00 00 00 00  02 00 00 00 00 00 00 00  | ................
0000000000000290 | 00 00 00 00 00 00 00 00  5F 5F 6F 62 6A 63 5F 6D  | ........__objc_m
00000000000002A0 | 65 74 68 74 79 70 65 00  5F 5F 54 45 58 54 00 00  | ethtype.__TEXT..
00000000000002B0 | 00 00 00 00 00 00 00 00  11 FF 00 00 00 00 00 00  | ................
00000000000002C0 | 0E 00 00 00 00 00 00 00  11 FF 00 00 00 00 00 00  | ................
00000000000002D0 | 00 00 00 00 00 00 00 00  02 00 00 00 00 00 00 00  | ................
00000000000002E0 | 00 00 00 00 00 00 00 00  5F 5F 75 6E 77 69 6E 64  | ........__unwind
00000000000002F0 | 5F 69 6E 66 6F 00 00 00  5F 5F 54 45 58 54 00 00  | _info...__TEXT..
0000000000000300 | 00 00 00 00 00 00 00 00  20 FF 00 00 00 00 00 00  | ........ .......
0000000000000310 | DC 00 00 00 00 00 00 00  20 FF 00 00 02 00 00 00  | ........ .......
0000000000000320 | 00 00 00 00 00 00 00 00  00 00 00 00 00 00 00 00  | ................
0000000000000330 | 00 00 00 00 00 00 00 00  19 00 00 00 B8 03 00 00  | ................
0000000000000340 | 5F 5F 44 41 54 41 00 00  00 00 00 00 00 00 00 00  | __DATA..........
0000000000000350 | 00 00 01 00 00 00 00 00  00 40 00 00 00 00 00 00  | .........@......
0000000000000360 | 00 00 01 00 00 00 00 00  00 40 00 00 00 00 00 00  | .........@......
0000000000000370 | 03 00 00 00 03 00 00 00  0B 00 00 00 00 00 00 00  | ................
0000000000000380 | 5F 5F 67 6F 74 00 00 00  00 00 00 00 00 00 00 00  | __got...........
0000000000000390 | 5F 5F 44 41 54 41 00 00  00 00 00 00 00 00 00 00  | __DATA..........
00000000000003A0 | 00 00 01 00 00 00 00 00  40 00 00 00 00 00 00 00  | ........@.......
00000000000003B0 | 00 00 01 00 03 00 00 00  00 00 00 00 00 00 00 00  | ................
00000000000003C0 | 06 00 00 00 0B 00 00 00  00 00 00 00 00 00 00 00  | ................
00000000000003D0 | 5F 5F 6C 61 5F 73 79 6D  62 6F 6C 5F 70 74 72 00  | __la_symbol_ptr.
00000000000003E0 | 5F 5F 44 41 54 41 00 00  00 00 00 00 00 00 00 00  | __DATA..........
00000000000003F0 | 40 00 01 00 00 00 00 00  58 00 00 00 00 00 00 00  | @.......X.......
0000000000000400 | 40 00 01 00 03 00 00 00  00 00 00 00 00 00 00 00  | @...............
0000000000000410 | 07 00 00 00 13 00 00 00  00 00 00 00 00 00 00 00  | ................
0000000000000420 | 5F 5F 6D 6F 64 5F 69 6E  69 74 5F 66 75 6E 63 00  | __mod_init_func.
0000000000000430 | 5F 5F 44 41 54 41 00 00  00 00 00 00 00 00 00 00  | __DATA..........
0000000000000440 | 98 00 01 00 00 00 00 00  10 00 00 00 00 00 00 00  | ................
0000000000000450 | 98 00 01 00 03 00 00 00  00 00 00 00 00 00 00 00  | ................
0000000000000460 | 09 00 00 00 00 00 00 00  00 00 00 00 00 00 00 00  | ................
0000000000000470 | 5F 5F 6F 62 6A 63 5F 63  61 74 6C 69 73 74 00 00  | __objc_catlist..
0000000000000480 | 5F 5F 44 41 54 41 00 00  00 00 00 00 00 00 00 00  | __DATA..........
0000000000000490 | A8 00 01 00 00 00 00 00  08 00 00 00 00 00 00 00  | ................
00000000000004A0 | A8 00 01 00 03 00 00 00  00 00 00 00 00 00 00 00  | ................
00000000000004B0 | 00 00 00 10 00 00 00 00  00 00 00 00 00 00 00 00  | ................
00000000000004C0 | 5F 5F 6F 62 6A 63 5F 69  6D 61 67 65 69 6E 66 6F  | __objc_imageinfo
00000000000004D0 | 5F 5F 44 41 54 41 00 00  00 00 00 00 00 00 00 00  | __DATA..........
00000000000004E0 | B0 00 01 00 00 00 00 00  08 00 00 00 00 00 00 00  | ................
00000000000004F0 | B0 00 01 00 02 00 00 00  00 00 00 00 00 00 00 00  | ................
0000000000000500 | 00 00 00 00 00 00 00 00  00 00 00 00 00 00 00 00  | ................
0000000000000510 | 5F 5F 6F 62 6A 63 5F 63  6F 6E 73 74 00 00 00 00  | __objc_const....
0000000000000520 | 5F 5F 44 41 54 41 00 00  00 00 00 00 00 00 00 00  | __DATA..........
0000000000000530 | B8 00 01 00 00 00 00 00  60 00 00 00 00 00 00 00  | ........`.......
0000000000000540 | B8 00 01 00 03 00 00 00  00 00 00 00 00 00 00 00  | ................
0000000000000550 | 00 00 00 00 00 00 00 00  00 00 00 00 00 00 00 00  | ................
0000000000000560 | 5F 5F 6F 62 6A 63 5F 73  65 6C 72 65 66 73 00 00  | __objc_selrefs..
0000000000000570 | 5F 5F 44 41 54 41 00 00  00 00 00 00 00 00 00 00  | __DATA..........
0000000000000580 | 18 01 01 00 00 00 00 00  78 00 00 00 00 00 00 00  | ........x.......
0000000000000590 | 18 01 01 00 03 00 00 00  00 00 00 00 00 00 00 00  | ................
00000000000005A0 | 05 00 00 10 00 00 00 00  00 00 00 00 00 00 00 00  | ................
00000000000005B0 | 5F 5F 6F 62 6A 63 5F 63  6C 61 73 73 72 65 66 73  | __objc_classrefs
00000000000005C0 | 5F 5F 44 41 54 41 00 00  00 00 00 00 00 00 00 00  | __DATA..........
00000000000005D0 | 90 01 01 00 00 00 00 00  20 00 00 00 00 00 00 00  | ........ .......
00000000000005E0 | 90 01 01 00 03 00 00 00  00 00 00 00 00 00 00 00  | ................
00000000000005F0 | 00 00 00 10 00 00 00 00  00 00 00 00 00 00 00 00  | ................
0000000000000600 | 5F 5F 64 61 74 61 00 00  00 00 00 00 00 00 00 00  | __data..........
0000000000000610 | 5F 5F 44 41 54 41 00 00  00 00 00 00 00 00 00 00  | __DATA..........
0000000000000620 | B0 01 01 00 00 00 00 00  10 2D 00 00 00 00 00 00  | .........-......
0000000000000630 | B0 01 01 00 04 00 00 00  00 00 00 00 00 00 00 00  | ................
0000000000000640 | 00 00 00 00 00 00 00 00  00 00 00 00 00 00 00 00  | ................
0000000000000650 | 5F 5F 63 6F 6D 6D 6F 6E  00 00 00 00 00 00 00 00  | __common........
0000000000000660 | 5F 5F 44 41 54 41 00 00  00 00 00 00 00 00 00 00  | __DATA..........
0000000000000670 | C0 2E 01 00 00 00 00 00  28 00 00 00 00 00 00 00  | ........(.......
0000000000000680 | 00 00 00 00 03 00 00 00  00 00 00 00 00 00 00 00  | ................
0000000000000690 | 01 00 00 00 00 00 00 00  00 00 00 00 00 00 00 00  | ................
00000000000006A0 | 5F 5F 62 73 73 00 00 00  00 00 00 00 00 00 00 00  | __bss...........
00000000000006B0 | 5F 5F 44 41 54 41 00 00  00 00 00 00 00 00 00 00  | __DATA..........
00000000000006C0 | E8 2E 01 00 00 00 00 00  34 00 00 00 00 00 00 00  | ........4.......
00000000000006D0 | 00 00 00 00 03 00 00 00  00 00 00 00 00 00 00 00  | ................
00000000000006E0 | 01 00 00 00 00 00 00 00  00 00 00 00 00 00 00 00  | ................
00000000000006F0 | 19 00 00 00 48 00 00 00  5F 5F 4C 49 4E 4B 45 44  | ....H...__LINKED
0000000000000700 | 49 54 00 00 00 00 00 00  00 40 01 00 00 00 00 00  | IT.......@......
0000000000000710 | 00 40 00 00 00 00 00 00  00 40 01 00 00 00 00 00  | .@.......@......
0000000000000720 | 90 14 00 00 00 00 00 00  01 00 00 00 01 00 00 00  | ................
0000000000000730 | 00 00 00 00 00 00 00 00  0D 00 00 00 58 00 00 00  | ............X...
0000000000000740 | 18 00 00 00 01 00 00 00  00 00 01 00 00 00 01 00  | ................
0000000000000750 | 2F 4C 69 62 72 61 72 79  2F 4D 6F 62 69 6C 65 53  | /Library/MobileS
0000000000000760 | 75 62 73 74 72 61 74 65  2F 44 79 6E 61 6D 69 63  | ubstrate/Dynamic
0000000000000770 | 4C 69 62 72 61 72 69 65  73 2F 53 65 72 69 61 6C  | Libraries/Serial
0000000000000780 | 45 6E 72 6F 6C 6C 2E 64  79 6C 69 62 00 00 00 00  | Enroll.dylib....
0000000000000790 | 22 00 00 80 30 00 00 00  00 40 01 00 48 00 00 00  | "...0....@..H...
00000000000007A0 | 48 40 01 00 B8 01 00 00  00 00 00 00 00 00 00 00  | H@..............
00000000000007B0 | 00 42 01 00 08 01 00 00  08 43 01 00 C0 01 00 00  | .B.......C......
00000000000007C0 | 02 00 00 00 18 00 00 00  E8 44 01 00 36 00 00 00  | .........D..6...
00000000000007D0 | C0 48 01 00 88 05 00 00  0B 00 00 00 50 00 00 00  | .H..........P...
00000000000007E0 | 00 00 00 00 12 00 00 00  12 00 00 00 0C 00 00 00  | ................
00000000000007F0 | 1E 00 00 00 18 00 00 00  00 00 00 00 00 00 00 00  | ................
0000000000000800 | 00 00 00 00 00 00 00 00  00 00 00 00 00 00 00 00  | ................
0000000000000810 | 48 48 01 00 1E 00 00 00  00 00 00 00 00 00 00 00  | HH..............
0000000000000820 | 00 00 00 00 00 00 00 00  1B 00 00 00 18 00 00 00  | ................
0000000000000830 | 58 35 84 1C C6 ED 3B 25  A4 4D 26 B9 7C 32 33 95  | X5....;%.M&.|23.
0000000000000840 | 25 00 00 00 10 00 00 00  00 00 09 00 00 04 10 00  | %...............
0000000000000850 | 2A 00 00 00 10 00 00 00  00 00 00 00 00 00 00 00  | *...............
0000000000000860 | 2C 00 00 00 18 00 00 00  00 40 00 00 00 C0 00 00  | ,........@......
0000000000000870 | 00 00 00 00 00 00 00 00  0C 00 00 00 70 00 00 00  | ............p...
0000000000000880 | 18 00 00 00 02 00 00 00  00 00 01 00 00 00 01 00  | ................
0000000000000890 | 2F 53 79 73 74 65 6D 2F  4C 69 62 72 61 72 79 2F  | /System/Library/
00000000000008A0 | 50 72 69 76 61 74 65 46  72 61 6D 65 77 6F 72 6B  | PrivateFramework
00000000000008B0 | 73 2F 4D 61 6E 61 67 65  64 43 6F 6E 66 69 67 75  | s/ManagedConfigu
00000000000008C0 | 72 61 74 69 6F 6E 2E 66  72 61 6D 65 77 6F 72 6B  | ration.framework
00000000000008D0 | 2F 4D 61 6E 61 67 65 64  43 6F 6E 66 69 67 75 72  | /ManagedConfigur
00000000000008E0 | 61 74 69 6F 6E 00 00 00  0C 00 00 00 60 00 00 00  | ation.......`...
00000000000008F0 | 18 00 00 00 02 00 00 00  00 00 1D 00 00 00 01 00  | ................
0000000000000900 | 2F 53 79 73 74 65 6D 2F  4C 69 62 72 61 72 79 2F  | /System/Library/
0000000000000910 | 50 72 69 76 61 74 65 46  72 61 6D 65 77 6F 72 6B  | PrivateFramework
0000000000000920 | 73 2F 41 70 70 53 75 70  70 6F 72 74 2E 66 72 61  | s/AppSupport.fra
0000000000000930 | 6D 65 77 6F 72 6B 2F 41  70 70 53 75 70 70 6F 72  | mework/AppSuppor
0000000000000940 | 74 00 00 00 00 00 00 00  0C 00 00 00 50 00 00 00  | t...........P...
0000000000000950 | 18 00 00 00 02 00 00 00  01 66 04 EC 00 00 01 00  | .........f......
0000000000000960 | 2F 53 79 73 74 65 6D 2F  4C 69 62 72 61 72 79 2F  | /System/Library/
0000000000000970 | 46 72 61 6D 65 77 6F 72  6B 73 2F 53 65 63 75 72  | Frameworks/Secur
0000000000000980 | 69 74 79 2E 66 72 61 6D  65 77 6F 72 6B 2F 53 65  | ity.framework/Se
0000000000000990 | 63 75 72 69 74 79 00 00  0C 00 00 00 58 00 00 00  | curity......X...
00000000000009A0 | 18 00 00 00 02 00 00 00  00 00 13 01 00 00 01 00  | ................
00000000000009B0 | 2F 53 79 73 74 65 6D 2F  4C 69 62 72 61 72 79 2F  | /System/Library/
00000000000009C0 | 46 72 61 6D 65 77 6F 72  6B 73 2F 49 4F 4B 69 74  | Frameworks/IOKit
00000000000009D0 | 2E 66 72 61 6D 65 77 6F  72 6B 2F 56 65 72 73 69  | .framework/Versi
00000000000009E0 | 6F 6E 73 2F 41 2F 49 4F  4B 69 74 00 00 00 00 00  | ons/A/IOKit.....
00000000000009F0 | 0C 00 00 00 50 00 00 00  18 00 00 00 02 00 00 00  | ....P...........
0000000000000A00 | 65 01 29 19 00 00 01 00  2F 53 79 73 74 65 6D 2F  | e.)...../System/
0000000000000A10 | 4C 69 62 72 61 72 79 2F  46 72 61 6D 65 77 6F 72  | Library/Framewor
0000000000000A20 | 6B 73 2F 55 49 4B 69 74  2E 66 72 61 6D 65 77 6F  | ks/UIKit.framewo
0000000000000A30 | 72 6B 2F 55 49 4B 69 74  00 00 00 00 00 00 00 00  | rk/UIKit........
0000000000000A40 | 0C 00 00 00 58 00 00 00  18 00 00 00 02 00 00 00  | ....X...........
0000000000000A50 | 00 00 B3 07 00 00 2C 01  2F 53 79 73 74 65 6D 2F  | ......,./System/
0000000000000A60 | 4C 69 62 72 61 72 79 2F  46 72 61 6D 65 77 6F 72  | Library/Framewor
0000000000000A70 | 6B 73 2F 46 6F 75 6E 64  61 74 69 6F 6E 2E 66 72  | ks/Foundation.fr
0000000000000A80 | 61 6D 65 77 6F 72 6B 2F  46 6F 75 6E 64 61 74 69  | amework/Foundati
0000000000000A90 | 6F 6E 00 00 00 00 00 00  0C 00 00 00 58 00 00 00  | on..........X...
0000000000000AA0 | 18 00 00 00 02 00 00 00  00 00 00 00 00 00 00 00  | ................
0000000000000AB0 | 2F 4C 69 62 72 61 72 79  2F 46 72 61 6D 65 77 6F  | /Library/Framewo
0000000000000AC0 | 72 6B 73 2F 43 79 64 69  61 53 75 62 73 74 72 61  | rks/CydiaSubstra
0000000000000AD0 | 74 65 2E 66 72 61 6D 65  77 6F 72 6B 2F 43 79 64  | te.framework/Cyd
0000000000000AE0 | 69 61 53 75 62 73 74 72  61 74 65 00 00 00 00 00  | iaSubstrate.....
0000000000000AF0 | 0C 00 00 00 38 00 00 00  18 00 00 00 02 00 00 00  | ....8...........
0000000000000B00 | 00 00 E4 00 00 00 01 00  2F 75 73 72 2F 6C 69 62  | ......../usr/lib
0000000000000B10 | 2F 6C 69 62 6F 62 6A 63  2E 41 2E 64 79 6C 69 62  | /libobjc.A.dylib
0000000000000B20 | 00 00 00 00 00 00 00 00  0C 00 00 00 30 00 00 00  | ............0...
0000000000000B30 | 18 00 00 00 02 00 00 00  00 41 DC 05 00 00 01 00  | .........A......
0000000000000B40 | 2F 75 73 72 2F 6C 69 62  2F 6C 69 62 63 2B 2B 2E  | /usr/lib/libc++.
0000000000000B50 | 31 2E 64 79 6C 69 62 00  0C 00 00 00 38 00 00 00  | 1.dylib.....8...
0000000000000B60 | 18 00 00 00 02 00 00 00  03 64 27 05 00 00 01 00  | .........d'.....
0000000000000B70 | 2F 75 73 72 2F 6C 69 62  2F 6C 69 62 53 79 73 74  | /usr/lib/libSyst
0000000000000B80 | 65 6D 2E 42 2E 64 79 6C  69 62 00 00 00 00 00 00  | em.B.dylib......
0000000000000B90 | 0C 00 00 00 60 00 00 00  18 00 00 00 02 00 00 00  | ....`...........
0000000000000BA0 | 00 00 B3 07 00 00 96 00  2F 53 79 73 74 65 6D 2F  | ......../System/
0000000000000BB0 | 4C 69 62 72 61 72 79 2F  46 72 61 6D 65 77 6F 72  | Library/Framewor
0000000000000BC0 | 6B 73 2F 43 6F 72 65 46  6F 75 6E 64 61 74 69 6F  | ks/CoreFoundatio
0000000000000BD0 | 6E 2E 66 72 61 6D 65 77  6F 72 6B 2F 43 6F 72 65  | n.framework/Core
0000000000000BE0 | 46 6F 75 6E 64 61 74 69  6F 6E 00 00 00 00 00 00  | Foundation......
0000000000000BF0 | 26 00 00 00 10 00 00 00  C8 44 01 00 20 00 00 00  | &........D.. ...
0000000000000C00 | 29 00 00 00 10 00 00 00  E8 44 01 00 00 00 00 00  | )........D......
0000000000000C10 | 1D 00 00 00 10 00 00 00  50 4E 01 00 40 06 00 00  | ........PN..@...
0000000000000C20 | 00 00 00 00 00 00 00 00  00 00 00 00 00 00 00 00  | ................
0000000000000C30 | 00 00 00 00 00 00 00 00  00 00 00 00 00 00 00 00  | ................
0000000000000C40 | 00 00 00 00 00 00 00 00  00 00 00 00 00 00 00 00  | ................
0000000000000C50 | 00 00 00 00 00 00 00 00  00 00 00 00 00 00 00 00  | ................
0000000000000C60 | 00 00 00 00 00 00 00 00  00 00 00 00 00 00 00 00  | ................
0000000000000C70 | 00 00 00 00 00 00 00 00  00 00 00 00 00 00 00 00  | ................
0000000000000C80 | 00 00 00 00 00 00 00 00  00 00 00 00 00 00 00 00  | ................
0000000000000C90 | 00 00 00 00 00 00 00 00  00 00 00 00 00 00 00 00  | ................
0000000000000CA0 | 00 00 00 00 00 00 00 00  00 00 00 00 00 00 00 00  | ................
0000000000000CB0 | 00 00 00 00 00 00 00 00  00 00 00 00 00 00 00 00  | ................
0000000000000CC0 | 00 00 00 00 00 00 00 00  00 00 00 00 00 00 00 00  | ................
0000000000000CD0 | 00 00 00 00 00 00 00 00  00 00 00 00 00 00 00 00  | ................
0000000000000CE0 | 00 00 00 00 00 00 00 00  00 00 00 00 00 00 00 00  | ................
0000000000000CF0 | 00 00 00 00 00 00 00 00  00 00 00 00 00 00 00 00  | ................
0000000000000D00 | 00 00 00 00 00 00 00 00  00 00 00 00 00 00 00 00  | ................
0000000000000D10 | 00 00 00 00 00 00 00 00  00 00 00 00 00 00 00 00  | ................
0000000000000D20 | 00 00 00 00 00 00 00 00  00 00 00 00 00 00 00 00  | ................
0000000000000D30 | 00 00 00 00 00 00 00 00  00 00 00 00 00 00 00 00  | ................
0000000000000D40 | 00 00 00 00 00 00 00 00  00 00 00 00 00 00 00 00  | ................
0000000000000D50 | 00 00 00 00 00 00 00 00  00 00 00 00 00 00 00 00  | ................
0000000000000D60 | 00 00 00 00 00 00 00 00  00 00 00 00 00 00 00 00  | ................
0000000000000D70 | 00 00 00 00 00 00 00 00  00 00 00 00 00 00 00 00  | ................
0000000000000D80 | 00 00 00 00 00 00 00 00  00 00 00 00 00 00 00 00  | ................
0000000000000D90 | 00 00 00 00 00 00 00 00  00 00 00 00 00 00 00 00  | ................
0000000000000DA0 | 00 00 00 00 00 00 00 00  00 00 00 00 00 00 00 00  | ................
0000000000000DB0 | 00 00 00 00 00 00 00 00  00 00 00 00 00 00 00 00  | ................
0000000000000DC0 | 00 00 00 00 00 00 00 00  00 00 00 00 00 00 00 00  | ................
0000000000000DD0 | 00 00 00 00 00 00 00 00  00 00 00 00 00 00 00 00  | ................
0000000000000DE0 | 00 00 00 00 00 00 00 00  00 00 00 00 00 00 00 00  | ................
0000000000000DF0 | 00 00 00 00 00 00 00 00  00 00 00 00 00 00 00 00  | ................
0000000000000E00 | 00 00 00 00 00 00 00 00  00 00 00 00 00 00 00 00  | ................
0000000000000E10 | 00 00 00 00 00 00 00 00  00 00 00 00 00 00 00 00  | ................
0000000000000E20 | 00 00 00 00 00 00 00 00  00 00 00 00 00 00 00 00  | ................
0000000000000E30 | 00 00 00 00 00 00 00 00  00 00 00 00 00 00 00 00  | ................
0000000000000E40 | 00 00 00 00 00 00 00 00  00 00 00 00 00 00 00 00  | ................
0000000000000E50 | 00 00 00 00 00 00 00 00  00 00 00 00 00 00 00 00  | ................
0000000000000E60 | 00 00 00 00 00 00 00 00  00 00 00 00 00 00 00 00  | ................
0000000000000E70 | 00 00 00 00 00 00 00 00  00 00 00 00 00 00 00 00  | ................
0000000000000E80 | 00 00 00 00 00 00 00 00  00 00 00 00 00 00 00 00  | ................
0000000000000E90 | 00 00 00 00 00 00 00 00  00 00 00 00 00 00 00 00  | ................
0000000000000EA0 | 00 00 00 00 00 00 00 00  00 00 00 00 00 00 00 00  | ................
0000000000000EB0 | 00 00 00 00 00 00 00 00  00 00 00 00 00 00 00 00  | ................
0000000000000EC0 | 00 00 00 00 00 00 00 00  00 00 00 00 00 00 00 00  | ................
0000000000000ED0 | 00 00 00 00 00 00 00 00  00 00 00 00 00 00 00 00  | ................
0000000000000EE0 | 00 00 00 00 00 00 00 00  00 00 00 00 00 00 00 00  | ................
0000000000000EF0 | 00 00 00 00 00 00 00 00  00 00 00 00 00 00 00 00  | ................
0000000000000F00 | 00 00 00 00 00 00 00 00  00 00 00 00 00 00 00 00  | ................
0000000000000F10 | 00 00 00 00 00 00 00 00  00 00 00 00 00 00 00 00  | ................
0000000000000F20 | 00 00 00 00 00 00 00 00  00 00 00 00 00 00 00 00  | ................
0000000000000F30 | 00 00 00 00 00 00 00 00  00 00 00 00 00 00 00 00  | ................
0000000000000F40 | 00 00 00 00 00 00 00 00  00 00 00 00 00 00 00 00  | ................
0000000000000F50 | 00 00 00 00 00 00 00 00  00 00 00 00 00 00 00 00  | ................
0000000000000F60 | 00 00 00 00 00 00 00 00  00 00 00 00 00 00 00 00  | ................
0000000000000F70 | 00 00 00 00 00 00 00 00  00 00 00 00 00 00 00 00  | ................
0000000000000F80 | 00 00 00 00 00 00 00 00  00 00 00 00 00 00 00 00  | ................
0000000000000F90 | 00 00 00 00 00 00 00 00  00 00 00 00 00 00 00 00  | ................
0000000000000FA0 | 00 00 00 00 00 00 00 00  00 00 00 00 00 00 00 00  | ................
0000000000000FB0 | 00 00 00 00 00 00 00 00  00 00 00 00 00 00 00 00  | ................
0000000000000FC0 | 00 00 00 00 00 00 00 00  00 00 00 00 00 00 00 00  | ................
0000000000000FD0 | 00 00 00 00 00 00 00 00  00 00 00 00 00 00 00 00  | ................
0000000000000FE0 | 00 00 00 00 00 00 00 00  00 00 00 00 00 00 00 00  | ................
0000000000000FF0 | 00 00 00 00 00 00 00 00  00 00 00 00 00 00 00 00  | ................
0000000000001000 | 00 00 00 00 00 00 00 00  00 00 00 00 00 00 00 00  | ................
0000000000001010 | 00 00 00 00 00 00 00 00  00 00 00 00 00 00 00 00  | ................
0000000000001020 | 00 00 00 00 00 00 00 00  00 00 00 00 00 00 00 00  | ................
0000000000001030 | 00 00 00 00 00 00 00 00  00 00 00 00 00 00 00 00  | ................
0000000000001040 | 00 00 00 00 00 00 00 00  00 00 00 00 00 00 00 00  | ................
0000000000001050 | 00 00 00 00 00 00 00 00  00 00 00 00 00 00 00 00  | ................
0000000000001060 | 00 00 00 00 00 00 00 00  00 00 00 00 00 00 00 00  | ................
0000000000001070 | 00 00 00 00 00 00 00 00  00 00 00 00 00 00 00 00  | ................
0000000000001080 | 00 00 00 00 00 00 00 00  00 00 00 00 00 00 00 00  | ................
0000000000001090 | 00 00 00 00 00 00 00 00  00 00 00 00 00 00 00 00  | ................
00000000000010A0 | 00 00 00 00 00 00 00 00  00 00 00 00 00 00 00 00  | ................
00000000000010B0 | 00 00 00 00 00 00 00 00  00 00 00 00 00 00 00 00  | ................
00000000000010C0 | 00 00 00 00 00 00 00 00  00 00 00 00 00 00 00 00  | ................
00000000000010D0 | 00 00 00 00 00 00 00 00  00 00 00 00 00 00 00 00  | ................
00000000000010E0 | 00 00 00 00 00 00 00 00  00 00 00 00 00 00 00 00  | ................
00000000000010F0 | 00 00 00 00 00 00 00 00  00 00 00 00 00 00 00 00  | ................
0000000000001100 | 00 00 00 00 00 00 00 00  00 00 00 00 00 00 00 00  | ................
0000000000001110 | 00 00 00 00 00 00 00 00  00 00 00 00 00 00 00 00  | ................
0000000000001120 | 00 00 00 00 00 00 00 00  00 00 00 00 00 00 00 00  | ................
0000000000001130 | 00 00 00 00 00 00 00 00  00 00 00 00 00 00 00 00  | ................
0000000000001140 | 00 00 00 00 00 00 00 00  00 00 00 00 00 00 00 00  | ................
0000000000001150 | 00 00 00 00 00 00 00 00  00 00 00 00 00 00 00 00  | ................
0000000000001160 | 00 00 00 00 00 00 00 00  00 00 00 00 00 00 00 00  | ................
0000000000001170 | 00 00 00 00 00 00 00 00  00 00 00 00 00 00 00 00  | ................
0000000000001180 | 00 00 00 00 00 00 00 00  00 00 00 00 00 00 00 00  | ................
0000000000001190 | 00 00 00 00 00 00 00 00  00 00 00 00 00 00 00 00  | ................
00000000000011A0 | 00 00 00 00 00 00 00 00  00 00 00 00 00 00 00 00  | ................
00000000000011B0 | 00 00 00 00 00 00 00 00  00 00 00 00 00 00 00 00  | ................
00000000000011C0 | 00 00 00 00 00 00 00 00  00 00 00 00 00 00 00 00  | ................
00000000000011D0 | 00 00 00 00 00 00 00 00  00 00 00 00 00 00 00 00  | ................
00000000000011E0 | 00 00 00 00 00 00 00 00  00 00 00 00 00 00 00 00  | ................
00000000000011F0 | 00 00 00 00 00 00 00 00  00 00 00 00 00 00 00 00  | ................
0000000000001200 | 00 00 00 00 00 00 00 00  00 00 00 00 00 00 00 00  | ................
0000000000001210 | 00 00 00 00 00 00 00 00  00 00 00 00 00 00 00 00  | ................
0000000000001220 | 00 00 00 00 00 00 00 00  00 00 00 00 00 00 00 00  | ................
0000000000001230 | 00 00 00 00 00 00 00 00  00 00 00 00 00 00 00 00  | ................
0000000000001240 | 00 00 00 00 00 00 00 00  00 00 00 00 00 00 00 00  | ................
0000000000001250 | 00 00 00 00 00 00 00 00  00 00 00 00 00 00 00 00  | ................
0000000000001260 | 00 00 00 00 00 00 00 00  00 00 00 00 00 00 00 00  | ................
0000000000001270 | 00 00 00 00 00 00 00 00  00 00 00 00 00 00 00 00  | ................
0000000000001280 | 00 00 00 00 00 00 00 00  00 00 00 00 00 00 00 00  | ................
0000000000001290 | 00 00 00 00 00 00 00 00  00 00 00 00 00 00 00 00  | ................
00000000000012A0 | 00 00 00 00 00 00 00 00  00 00 00 00 00 00 00 00  | ................
00000000000012B0 | 00 00 00 00 00 00 00 00  00 00 00 00 00 00 00 00  | ................
00000000000012C0 | 00 00 00 00 00 00 00 00  00 00 00 00 00 00 00 00  | ................
00000000000012D0 | 00 00 00 00 00 00 00 00  00 00 00 00 00 00 00 00  | ................
00000000000012E0 | 00 00 00 00 00 00 00 00  00 00 00 00 00 00 00 00  | ................
00000000000012F0 | 00 00 00 00 00 00 00 00  00 00 00 00 00 00 00 00  | ................
0000000000001300 | 00 00 00 00 00 00 00 00  00 00 00 00 00 00 00 00  | ................
0000000000001310 | 00 00 00 00 00 00 00 00  00 00 00 00 00 00 00 00  | ................
0000000000001320 | 00 00 00 00 00 00 00 00  00 00 00 00 00 00 00 00  | ................
0000000000001330 | 00 00 00 00 00 00 00 00  00 00 00 00 00 00 00 00  | ................
0000000000001340 | 00 00 00 00 00 00 00 00  00 00 00 00 00 00 00 00  | ................
0000000000001350 | 00 00 00 00 00 00 00 00  00 00 00 00 00 00 00 00  | ................
0000000000001360 | 00 00 00 00 00 00 00 00  00 00 00 00 00 00 00 00  | ................
0000000000001370 | 00 00 00 00 00 00 00 00  00 00 00 00 00 00 00 00  | ................
0000000000001380 | 00 00 00 00 00 00 00 00  00 00 00 00 00 00 00 00  | ................
0000000000001390 | 00 00 00 00 00 00 00 00  00 00 00 00 00 00 00 00  | ................
00000000000013A0 | 00 00 00 00 00 00 00 00  00 00 00 00 00 00 00 00  | ................
00000000000013B0 | 00 00 00 00 00 00 00 00  00 00 00 00 00 00 00 00  | ................
00000000000013C0 | 00 00 00 00 00 00 00 00  00 00 00 00 00 00 00 00  | ................
00000000000013D0 | 00 00 00 00 00 00 00 00  00 00 00 00 00 00 00 00  | ................
00000000000013E0 | 00 00 00 00 00 00 00 00  00 00 00 00 00 00 00 00  | ................
00000000000013F0 | 00 00 00 00 00 00 00 00  00 00 00 00 00 00 00 00  | ................
0000000000001400 | 00 00 00 00 00 00 00 00  00 00 00 00 00 00 00 00  | ................
0000000000001410 | 00 00 00 00 00 00 00 00  00 00 00 00 00 00 00 00  | ................
0000000000001420 | 00 00 00 00 00 00 00 00  00 00 00 00 00 00 00 00  | ................
0000000000001430 | 00 00 00 00 00 00 00 00  00 00 00 00 00 00 00 00  | ................
0000000000001440 | 00 00 00 00 00 00 00 00  00 00 00 00 00 00 00 00  | ................
0000000000001450 | 00 00 00 00 00 00 00 00  00 00 00 00 00 00 00 00  | ................
0000000000001460 | 00 00 00 00 00 00 00 00  00 00 00 00 00 00 00 00  | ................
0000000000001470 | 00 00 00 00 00 00 00 00  00 00 00 00 00 00 00 00  | ................
0000000000001480 | 00 00 00 00 00 00 00 00  00 00 00 00 00 00 00 00  | ................
0000000000001490 | 00 00 00 00 00 00 00 00  00 00 00 00 00 00 00 00  | ................
00000000000014A0 | 00 00 00 00 00 00 00 00  00 00 00 00 00 00 00 00  | ................
00000000000014B0 | 00 00 00 00 00 00 00 00  00 00 00 00 00 00 00 00  | ................
00000000000014C0 | 00 00 00 00 00 00 00 00  00 00 00 00 00 00 00 00  | ................
00000000000014D0 | 00 00 00 00 00 00 00 00  00 00 00 00 00 00 00 00  | ................
00000000000014E0 | 00 00 00 00 00 00 00 00  00 00 00 00 00 00 00 00  | ................
00000000000014F0 | 00 00 00 00 00 00 00 00  00 00 00 00 00 00 00 00  | ................
0000000000001500 | 00 00 00 00 00 00 00 00  00 00 00 00 00 00 00 00  | ................
0000000000001510 | 00 00 00 00 00 00 00 00  00 00 00 00 00 00 00 00  | ................
0000000000001520 | 00 00 00 00 00 00 00 00  00 00 00 00 00 00 00 00  | ................
0000000000001530 | 00 00 00 00 00 00 00 00  00 00 00 00 00 00 00 00  | ................
0000000000001540 | 00 00 00 00 00 00 00 00  00 00 00 00 00 00 00 00  | ................
0000000000001550 | 00 00 00 00 00 00 00 00  00 00 00 00 00 00 00 00  | ................
0000000000001560 | 00 00 00 00 00 00 00 00  00 00 00 00 00 00 00 00  | ................
0000000000001570 | 00 00 00 00 00 00 00 00  00 00 00 00 00 00 00 00  | ................
0000000000001580 | 00 00 00 00 00 00 00 00  00 00 00 00 00 00 00 00  | ................
0000000000001590 | 00 00 00 00 00 00 00 00  00 00 00 00 00 00 00 00  | ................
00000000000015A0 | 00 00 00 00 00 00 00 00  00 00 00 00 00 00 00 00  | ................
00000000000015B0 | 00 00 00 00 00 00 00 00  00 00 00 00 00 00 00 00  | ................
00000000000015C0 | 00 00 00 00 00 00 00 00  00 00 00 00 00 00 00 00  | ................
00000000000015D0 | 00 00 00 00 00 00 00 00  00 00 00 00 00 00 00 00  | ................
00000000000015E0 | 00 00 00 00 00 00 00 00  00 00 00 00 00 00 00 00  | ................
00000000000015F0 | 00 00 00 00 00 00 00 00  00 00 00 00 00 00 00 00  | ................
0000000000001600 | 00 00 00 00 00 00 00 00  00 00 00 00 00 00 00 00  | ................
0000000000001610 | 00 00 00 00 00 00 00 00  00 00 00 00 00 00 00 00  | ................
0000000000001620 | 00 00 00 00 00 00 00 00  00 00 00 00 00 00 00 00  | ................
0000000000001630 | 00 00 00 00 00 00 00 00  00 00 00 00 00 00 00 00  | ................
0000000000001640 | 00 00 00 00 00 00 00 00  00 00 00 00 00 00 00 00  | ................
0000000000001650 | 00 00 00 00 00 00 00 00  00 00 00 00 00 00 00 00  | ................
0000000000001660 | 00 00 00 00 00 00 00 00  00 00 00 00 00 00 00 00  | ................
0000000000001670 | 00 00 00 00 00 00 00 00  00 00 00 00 00 00 00 00  | ................
0000000000001680 | 00 00 00 00 00 00 00 00  00 00 00 00 00 00 00 00  | ................
0000000000001690 | 00 00 00 00 00 00 00 00  00 00 00 00 00 00 00 00  | ................
00000000000016A0 | 00 00 00 00 00 00 00 00  00 00 00 00 00 00 00 00  | ................
00000000000016B0 | 00 00 00 00 00 00 00 00  00 00 00 00 00 00 00 00  | ................
00000000000016C0 | 00 00 00 00 00 00 00 00  00 00 00 00 00 00 00 00  | ................
00000000000016D0 | 00 00 00 00 00 00 00 00  00 00 00 00 00 00 00 00  | ................
00000000000016E0 | 00 00 00 00 00 00 00 00  00 00 00 00 00 00 00 00  | ................
00000000000016F0 | 00 00 00 00 00 00 00 00  00 00 00 00 00 00 00 00  | ................
0000000000001700 | 00 00 00 00 00 00 00 00  00 00 00 00 00 00 00 00  | ................
0000000000001710 | 00 00 00 00 00 00 00 00  00 00 00 00 00 00 00 00  | ................
0000000000001720 | 00 00 00 00 00 00 00 00  00 00 00 00 00 00 00 00  | ................
0000000000001730 | 00 00 00 00 00 00 00 00  00 00 00 00 00 00 00 00  | ................
0000000000001740 | 00 00 00 00 00 00 00 00  00 00 00 00 00 00 00 00  | ................
0000000000001750 | 00 00 00 00 00 00 00 00  00 00 00 00 00 00 00 00  | ................
0000000000001760 | 00 00 00 00 00 00 00 00  00 00 00 00 00 00 00 00  | ................
0000000000001770 | 00 00 00 00 00 00 00 00  00 00 00 00 00 00 00 00  | ................
0000000000001780 | 00 00 00 00 00 00 00 00  00 00 00 00 00 00 00 00  | ................
0000000000001790 | 00 00 00 00 00 00 00 00  00 00 00 00 00 00 00 00  | ................
00000000000017A0 | 00 00 00 00 00 00 00 00  00 00 00 00 00 00 00 00  | ................
00000000000017B0 | 00 00 00 00 00 00 00 00  00 00 00 00 00 00 00 00  | ................
00000000000017C0 | 00 00 00 00 00 00 00 00  00 00 00 00 00 00 00 00  | ................
00000000000017D0 | 00 00 00 00 00 00 00 00  00 00 00 00 00 00 00 00  | ................
00000000000017E0 | 00 00 00 00 00 00 00 00  00 00 00 00 00 00 00 00  | ................
00000000000017F0 | 00 00 00 00 00 00 00 00  00 00 00 00 00 00 00 00  | ................
0000000000001800 | 00 00 00 00 00 00 00 00  00 00 00 00 00 00 00 00  | ................
0000000000001810 | 00 00 00 00 00 00 00 00  00 00 00 00 00 00 00 00  | ................
0000000000001820 | 00 00 00 00 00 00 00 00  00 00 00 00 00 00 00 00  | ................
0000000000001830 | 00 00 00 00 00 00 00 00  00 00 00 00 00 00 00 00  | ................
0000000000001840 | 00 00 00 00 00 00 00 00  00 00 00 00 00 00 00 00  | ................
0000000000001850 | 00 00 00 00 00 00 00 00  00 00 00 00 00 00 00 00  | ................
0000000000001860 | 00 00 00 00 00 00 00 00  00 00 00 00 00 00 00 00  | ................
0000000000001870 | 00 00 00 00 00 00 00 00  00 00 00 00 00 00 00 00  | ................
0000000000001880 | 00 00 00 00 00 00 00 00  00 00 00 00 00 00 00 00  | ................
0000000000001890 | 00 00 00 00 00 00 00 00  00 00 00 00 00 00 00 00  | ................
00000000000018A0 | 00 00 00 00 00 00 00 00  00 00 00 00 00 00 00 00  | ................
00000000000018B0 | 00 00 00 00 00 00 00 00  00 00 00 00 00 00 00 00  | ................
00000000000018C0 | 00 00 00 00 00 00 00 00  00 00 00 00 00 00 00 00  | ................
00000000000018D0 | 00 00 00 00 00 00 00 00  00 00 00 00 00 00 00 00  | ................
00000000000018E0 | 00 00 00 00 00 00 00 00  00 00 00 00 00 00 00 00  | ................
00000000000018F0 | 00 00 00 00 00 00 00 00  00 00 00 00 00 00 00 00  | ................
0000000000001900 | 00 00 00 00 00 00 00 00  00 00 00 00 00 00 00 00  | ................
0000000000001910 | 00 00 00 00 00 00 00 00  00 00 00 00 00 00 00 00  | ................
0000000000001920 | 00 00 00 00 00 00 00 00  00 00 00 00 00 00 00 00  | ................
0000000000001930 | 00 00 00 00 00 00 00 00  00 00 00 00 00 00 00 00  | ................
0000000000001940 | 00 00 00 00 00 00 00 00  00 00 00 00 00 00 00 00  | ................
0000000000001950 | 00 00 00 00 00 00 00 00  00 00 00 00 00 00 00 00  | ................
0000000000001960 | 00 00 00 00 00 00 00 00  00 00 00 00 00 00 00 00  | ................
0000000000001970 | 00 00 00 00 00 00 00 00  00 00 00 00 00 00 00 00  | ................
0000000000001980 | 00 00 00 00 00 00 00 00  00 00 00 00 00 00 00 00  | ................
0000000000001990 | 00 00 00 00 00 00 00 00  00 00 00 00 00 00 00 00  | ................
00000000000019A0 | 00 00 00 00 00 00 00 00  00 00 00 00 00 00 00 00  | ................
00000000000019B0 | 00 00 00 00 00 00 00 00  00 00 00 00 00 00 00 00  | ................
00000000000019C0 | 00 00 00 00 00 00 00 00  00 00 00 00 00 00 00 00  | ................
00000000000019D0 | 00 00 00 00 00 00 00 00  00 00 00 00 00 00 00 00  | ................
00000000000019E0 | 00 00 00 00 00 00 00 00  00 00 00 00 00 00 00 00  | ................
00000000000019F0 | 00 00 00 00 00 00 00 00  00 00 00 00 00 00 00 00  | ................
0000000000001A00 | 00 00 00 00 00 00 00 00  00 00 00 00 00 00 00 00  | ................
0000000000001A10 | 00 00 00 00 00 00 00 00  00 00 00 00 00 00 00 00  | ................
0000000000001A20 | 00 00 00 00 00 00 00 00  00 00 00 00 00 00 00 00  | ................
0000000000001A30 | 00 00 00 00 00 00 00 00  00 00 00 00 00 00 00 00  | ................
0000000000001A40 | 00 00 00 00 00 00 00 00  00 00 00 00 00 00 00 00  | ................
0000000000001A50 | 00 00 00 00 00 00 00 00  00 00 00 00 00 00 00 00  | ................
0000000000001A60 | 00 00 00 00 00 00 00 00  00 00 00 00 00 00 00 00  | ................
0000000000001A70 | 00 00 00 00 00 00 00 00  00 00 00 00 00 00 00 00  | ................
0000000000001A80 | 00 00 00 00 00 00 00 00  00 00 00 00 00 00 00 00  | ................
0000000000001A90 | 00 00 00 00 00 00 00 00  00 00 00 00 00 00 00 00  | ................
0000000000001AA0 | 00 00 00 00 00 00 00 00  00 00 00 00 00 00 00 00  | ................
0000000000001AB0 | 00 00 00 00 00 00 00 00  00 00 00 00 00 00 00 00  | ................
0000000000001AC0 | 00 00 00 00 00 00 00 00  00 00 00 00 00 00 00 00  | ................
0000000000001AD0 | 00 00 00 00 00 00 00 00  00 00 00 00 00 00 00 00  | ................
0000000000001AE0 | 00 00 00 00 00 00 00 00  00 00 00 00 00 00 00 00  | ................
0000000000001AF0 | 00 00 00 00 00 00 00 00  00 00 00 00 00 00 00 00  | ................
0000000000001B00 | 00 00 00 00 00 00 00 00  00 00 00 00 00 00 00 00  | ................
0000000000001B10 | 00 00 00 00 00 00 00 00  00 00 00 00 00 00 00 00  | ................
0000000000001B20 | 00 00 00 00 00 00 00 00  00 00 00 00 00 00 00 00  | ................
0000000000001B30 | 00 00 00 00 00 00 00 00  00 00 00 00 00 00 00 00  | ................
0000000000001B40 | 00 00 00 00 00 00 00 00  00 00 00 00 00 00 00 00  | ................
0000000000001B50 | 00 00 00 00 00 00 00 00  00 00 00 00 00 00 00 00  | ................
0000000000001B60 | 00 00 00 00 00 00 00 00  00 00 00 00 00 00 00 00  | ................
0000000000001B70 | 00 00 00 00 00 00 00 00  00 00 00 00 00 00 00 00  | ................
0000000000001B80 | 00 00 00 00 00 00 00 00  00 00 00 00 00 00 00 00  | ................
0000000000001B90 | 00 00 00 00 00 00 00 00  00 00 00 00 00 00 00 00  | ................
0000000000001BA0 | 00 00 00 00 00 00 00 00  00 00 00 00 00 00 00 00  | ................
0000000000001BB0 | 00 00 00 00 00 00 00 00  00 00 00 00 00 00 00 00  | ................
0000000000001BC0 | 00 00 00 00 00 00 00 00  00 00 00 00 00 00 00 00  | ................
0000000000001BD0 | 00 00 00 00 00 00 00 00  00 00 00 00 00 00 00 00  | ................
0000000000001BE0 | 00 00 00 00 00 00 00 00  00 00 00 00 00 00 00 00  | ................
0000000000001BF0 | 00 00 00 00 00 00 00 00  00 00 00 00 00 00 00 00  | ................
0000000000001C00 | 00 00 00 00 00 00 00 00  00 00 00 00 00 00 00 00  | ................
0000000000001C10 | 00 00 00 00 00 00 00 00  00 00 00 00 00 00 00 00  | ................
0000000000001C20 | 00 00 00 00 00 00 00 00  00 00 00 00 00 00 00 00  | ................
0000000000001C30 | 00 00 00 00 00 00 00 00  00 00 00 00 00 00 00 00  | ................
0000000000001C40 | 00 00 00 00 00 00 00 00  00 00 00 00 00 00 00 00  | ................
0000000000001C50 | 00 00 00 00 00 00 00 00  00 00 00 00 00 00 00 00  | ................
0000000000001C60 | 00 00 00 00 00 00 00 00  00 00 00 00 00 00 00 00  | ................
0000000000001C70 | 00 00 00 00 00 00 00 00  00 00 00 00 00 00 00 00  | ................
0000000000001C80 | 00 00 00 00 00 00 00 00  00 00 00 00 00 00 00 00  | ................
0000000000001C90 | 00 00 00 00 00 00 00 00  00 00 00 00 00 00 00 00  | ................
0000000000001CA0 | 00 00 00 00 00 00 00 00  00 00 00 00 00 00 00 00  | ................
0000000000001CB0 | 00 00 00 00 00 00 00 00  00 00 00 00 00 00 00 00  | ................
0000000000001CC0 | 00 00 00 00 00 00 00 00  00 00 00 00 00 00 00 00  | ................
0000000000001CD0 | 00 00 00 00 00 00 00 00  00 00 00 00 00 00 00 00  | ................
0000000000001CE0 | 00 00 00 00 00 00 00 00  00 00 00 00 00 00 00 00  | ................
0000000000001CF0 | 00 00 00 00 00 00 00 00  00 00 00 00 00 00 00 00  | ................
0000000000001D00 | 00 00 00 00 00 00 00 00  00 00 00 00 00 00 00 00  | ................
0000000000001D10 | 00 00 00 00 00 00 00 00  00 00 00 00 00 00 00 00  | ................
0000000000001D20 | 00 00 00 00 00 00 00 00  00 00 00 00 00 00 00 00  | ................
0000000000001D30 | 00 00 00 00 00 00 00 00  00 00 00 00 00 00 00 00  | ................
0000000000001D40 | 00 00 00 00 00 00 00 00  00 00 00 00 00 00 00 00  | ................
0000000000001D50 | 00 00 00 00 00 00 00 00  00 00 00 00 00 00 00 00  | ................
0000000000001D60 | 00 00 00 00 00 00 00 00  00 00 00 00 00 00 00 00  | ................
0000000000001D70 | 00 00 00 00 00 00 00 00  00 00 00 00 00 00 00 00  | ................
0000000000001D80 | 00 00 00 00 00 00 00 00  00 00 00 00 00 00 00 00  | ................
0000000000001D90 | 00 00 00 00 00 00 00 00  00 00 00 00 00 00 00 00  | ................
0000000000001DA0 | 00 00 00 00 00 00 00 00  00 00 00 00 00 00 00 00  | ................
0000000000001DB0 | 00 00 00 00 00 00 00 00  00 00 00 00 00 00 00 00  | ................
0000000000001DC0 | 00 00 00 00 00 00 00 00  00 00 00 00 00 00 00 00  | ................
0000000000001DD0 | 00 00 00 00 00 00 00 00  00 00 00 00 00 00 00 00  | ................
0000000000001DE0 | 00 00 00 00 00 00 00 00  00 00 00 00 00 00 00 00  | ................
0000000000001DF0 | 00 00 00 00 00 00 00 00  00 00 00 00 00 00 00 00  | ................
0000000000001E00 | 00 00 00 00 00 00 00 00  00 00 00 00 00 00 00 00  | ................
0000000000001E10 | 00 00 00 00 00 00 00 00  00 00 00 00 00 00 00 00  | ................
0000000000001E20 | 00 00 00 00 00 00 00 00  00 00 00 00 00 00 00 00  | ................
0000000000001E30 | 00 00 00 00 00 00 00 00  00 00 00 00 00 00 00 00  | ................
0000000000001E40 | 00 00 00 00 00 00 00 00  00 00 00 00 00 00 00 00  | ................
0000000000001E50 | 00 00 00 00 00 00 00 00  00 00 00 00 00 00 00 00  | ................
0000000000001E60 | 00 00 00 00 00 00 00 00  00 00 00 00 00 00 00 00  | ................
0000000000001E70 | 00 00 00 00 00 00 00 00  00 00 00 00 00 00 00 00  | ................
0000000000001E80 | 00 00 00 00 00 00 00 00  00 00 00 00 00 00 00 00  | ................
0000000000001E90 | 00 00 00 00 00 00 00 00  00 00 00 00 00 00 00 00  | ................
0000000000001EA0 | 00 00 00 00 00 00 00 00  00 00 00 00 00 00 00 00  | ................
0000000000001EB0 | 00 00 00 00 00 00 00 00  00 00 00 00 00 00 00 00  | ................
0000000000001EC0 | 00 00 00 00 00 00 00 00  00 00 00 00 00 00 00 00  | ................
0000000000001ED0 | 00 00 00 00 00 00 00 00  00 00 00 00 00 00 00 00  | ................
0000000000001EE0 | 00 00 00 00 00 00 00 00  00 00 00 00 00 00 00 00  | ................
0000000000001EF0 | 00 00 00 00 00 00 00 00  00 00 00 00 00 00 00 00  | ................
0000000000001F00 | 00 00 00 00 00 00 00 00  00 00 00 00 00 00 00 00  | ................
0000000000001F10 | 00 00 00 00 00 00 00 00  00 00 00 00 00 00 00 00  | ................
0000000000001F20 | 00 00 00 00 00 00 00 00  00 00 00 00 00 00 00 00  | ................
0000000000001F30 | 00 00 00 00 00 00 00 00  00 00 00 00 00 00 00 00  | ................
0000000000001F40 | 00 00 00 00 00 00 00 00  00 00 00 00 00 00 00 00  | ................
0000000000001F50 | 00 00 00 00 00 00 00 00  00 00 00 00 00 00 00 00  | ................
0000000000001F60 | 00 00 00 00 00 00 00 00  00 00 00 00 00 00 00 00  | ................
0000000000001F70 | 00 00 00 00 00 00 00 00  00 00 00 00 00 00 00 00  | ................
0000000000001F80 | 00 00 00 00 00 00 00 00  00 00 00 00 00 00 00 00  | ................
0000000000001F90 | 00 00 00 00 00 00 00 00  00 00 00 00 00 00 00 00  | ................
0000000000001FA0 | 00 00 00 00 00 00 00 00  00 00 00 00 00 00 00 00  | ................
0000000000001FB0 | 00 00 00 00 00 00 00 00  00 00 00 00 00 00 00 00  | ................
0000000000001FC0 | 00 00 00 00 00 00 00 00  00 00 00 00 00 00 00 00  | ................
0000000000001FD0 | 00 00 00 00 00 00 00 00  00 00 00 00 00 00 00 00  | ................
0000000000001FE0 | 00 00 00 00 00 00 00 00  00 00 00 00 00 00 00 00  | ................
0000000000001FF0 | 00 00 00 00 00 00 00 00  00 00 00 00 00 00 00 00  | ................
0000000000002000 | 00 00 00 00 00 00 00 00  00 00 00 00 00 00 00 00  | ................
0000000000002010 | 00 00 00 00 00 00 00 00  00 00 00 00 00 00 00 00  | ................
0000000000002020 | 00 00 00 00 00 00 00 00  00 00 00 00 00 00 00 00  | ................
0000000000002030 | 00 00 00 00 00 00 00 00  00 00 00 00 00 00 00 00  | ................
0000000000002040 | 00 00 00 00 00 00 00 00  00 00 00 00 00 00 00 00  | ................
0000000000002050 | 00 00 00 00 00 00 00 00  00 00 00 00 00 00 00 00  | ................
0000000000002060 | 00 00 00 00 00 00 00 00  00 00 00 00 00 00 00 00  | ................
0000000000002070 | 00 00 00 00 00 00 00 00  00 00 00 00 00 00 00 00  | ................
0000000000002080 | 00 00 00 00 00 00 00 00  00 00 00 00 00 00 00 00  | ................
0000000000002090 | 00 00 00 00 00 00 00 00  00 00 00 00 00 00 00 00  | ................
00000000000020A0 | 00 00 00 00 00 00 00 00  00 00 00 00 00 00 00 00  | ................
00000000000020B0 | 00 00 00 00 00 00 00 00  00 00 00 00 00 00 00 00  | ................
00000000000020C0 | 00 00 00 00 00 00 00 00  00 00 00 00 00 00 00 00  | ................
00000000000020D0 | 00 00 00 00 00 00 00 00  00 00 00 00 00 00 00 00  | ................
00000000000020E0 | 00 00 00 00 00 00 00 00  00 00 00 00 00 00 00 00  | ................
00000000000020F0 | 00 00 00 00 00 00 00 00  00 00 00 00 00 00 00 00  | ................
0000000000002100 | 00 00 00 00 00 00 00 00  00 00 00 00 00 00 00 00  | ................
0000000000002110 | 00 00 00 00 00 00 00 00  00 00 00 00 00 00 00 00  | ................
0000000000002120 | 00 00 00 00 00 00 00 00  00 00 00 00 00 00 00 00  | ................
0000000000002130 | 00 00 00 00 00 00 00 00  00 00 00 00 00 00 00 00  | ................
0000000000002140 | 00 00 00 00 00 00 00 00  00 00 00 00 00 00 00 00  | ................
0000000000002150 | 00 00 00 00 00 00 00 00  00 00 00 00 00 00 00 00  | ................
0000000000002160 | 00 00 00 00 00 00 00 00  00 00 00 00 00 00 00 00  | ................
0000000000002170 | 00 00 00 00 00 00 00 00  00 00 00 00 00 00 00 00  | ................
0000000000002180 | 00 00 00 00 00 00 00 00  00 00 00 00 00 00 00 00  | ................
0000000000002190 | 00 00 00 00 00 00 00 00  00 00 00 00 00 00 00 00  | ................
00000000000021A0 | 00 00 00 00 00 00 00 00  00 00 00 00 00 00 00 00  | ................
00000000000021B0 | 00 00 00 00 00 00 00 00  00 00 00 00 00 00 00 00  | ................
00000000000021C0 | 00 00 00 00 00 00 00 00  00 00 00 00 00 00 00 00  | ................
00000000000021D0 | 00 00 00 00 00 00 00 00  00 00 00 00 00 00 00 00  | ................
00000000000021E0 | 00 00 00 00 00 00 00 00  00 00 00 00 00 00 00 00  | ................
00000000000021F0 | 00 00 00 00 00 00 00 00  00 00 00 00 00 00 00 00  | ................
0000000000002200 | 00 00 00 00 00 00 00 00  00 00 00 00 00 00 00 00  | ................
0000000000002210 | 00 00 00 00 00 00 00 00  00 00 00 00 00 00 00 00  | ................
0000000000002220 | 00 00 00 00 00 00 00 00  00 00 00 00 00 00 00 00  | ................
0000000000002230 | 00 00 00 00 00 00 00 00  00 00 00 00 00 00 00 00  | ................
0000000000002240 | 00 00 00 00 00 00 00 00  00 00 00 00 00 00 00 00  | ................
0000000000002250 | 00 00 00 00 00 00 00 00  00 00 00 00 00 00 00 00  | ................
0000000000002260 | 00 00 00 00 00 00 00 00  00 00 00 00 00 00 00 00  | ................
0000000000002270 | 00 00 00 00 00 00 00 00  00 00 00 00 00 00 00 00  | ................
0000000000002280 | 00 00 00 00 00 00 00 00  00 00 00 00 00 00 00 00  | ................
0000000000002290 | 00 00 00 00 00 00 00 00  00 00 00 00 00 00 00 00  | ................
00000000000022A0 | 00 00 00 00 00 00 00 00  00 00 00 00 00 00 00 00  | ................
00000000000022B0 | 00 00 00 00 00 00 00 00  00 00 00 00 00 00 00 00  | ................
00000000000022C0 | 00 00 00 00 00 00 00 00  00 00 00 00 00 00 00 00  | ................
00000000000022D0 | 00 00 00 00 00 00 00 00  00 00 00 00 00 00 00 00  | ................
00000000000022E0 | 00 00 00 00 00 00 00 00  00 00 00 00 00 00 00 00  | ................
00000000000022F0 | 00 00 00 00 00 00 00 00  00 00 00 00 00 00 00 00  | ................
0000000000002300 | 00 00 00 00 00 00 00 00  00 00 00 00 00 00 00 00  | ................
0000000000002310 | 00 00 00 00 00 00 00 00  00 00 00 00 00 00 00 00  | ................
0000000000002320 | 00 00 00 00 00 00 00 00  00 00 00 00 00 00 00 00  | ................
0000000000002330 | 00 00 00 00 00 00 00 00  00 00 00 00 00 00 00 00  | ................
0000000000002340 | 00 00 00 00 00 00 00 00  00 00 00 00 00 00 00 00  | ................
0000000000002350 | 00 00 00 00 00 00 00 00  00 00 00 00 00 00 00 00  | ................
0000000000002360 | 00 00 00 00 00 00 00 00  00 00 00 00 00 00 00 00  | ................
0000000000002370 | 00 00 00 00 00 00 00 00  00 00 00 00 00 00 00 00  | ................
0000000000002380 | 00 00 00 00 00 00 00 00  00 00 00 00 00 00 00 00  | ................
0000000000002390 | 00 00 00 00 00 00 00 00  00 00 00 00 00 00 00 00  | ................
00000000000023A0 | 00 00 00 00 00 00 00 00  00 00 00 00 00 00 00 00  | ................
00000000000023B0 | 00 00 00 00 00 00 00 00  00 00 00 00 00 00 00 00  | ................
00000000000023C0 | 00 00 00 00 00 00 00 00  00 00 00 00 00 00 00 00  | ................
00000000000023D0 | 00 00 00 00 00 00 00 00  00 00 00 00 00 00 00 00  | ................
00000000000023E0 | 00 00 00 00 00 00 00 00  00 00 00 00 00 00 00 00  | ................
00000000000023F0 | 00 00 00 00 00 00 00 00  00 00 00 00 00 00 00 00  | ................
0000000000002400 | 00 00 00 00 00 00 00 00  00 00 00 00 00 00 00 00  | ................
0000000000002410 | 00 00 00 00 00 00 00 00  00 00 00 00 00 00 00 00  | ................
0000000000002420 | 00 00 00 00 00 00 00 00  00 00 00 00 00 00 00 00  | ................
0000000000002430 | 00 00 00 00 00 00 00 00  00 00 00 00 00 00 00 00  | ................
0000000000002440 | 00 00 00 00 00 00 00 00  00 00 00 00 00 00 00 00  | ................
0000000000002450 | 00 00 00 00 00 00 00 00  00 00 00 00 00 00 00 00  | ................
0000000000002460 | 00 00 00 00 00 00 00 00  00 00 00 00 00 00 00 00  | ................
0000000000002470 | 00 00 00 00 00 00 00 00  00 00 00 00 00 00 00 00  | ................
0000000000002480 | 00 00 00 00 00 00 00 00  00 00 00 00 00 00 00 00  | ................
0000000000002490 | 00 00 00 00 00 00 00 00  00 00 00 00 00 00 00 00  | ................
00000000000024A0 | 00 00 00 00 00 00 00 00  00 00 00 00 00 00 00 00  | ................
00000000000024B0 | 00 00 00 00 00 00 00 00  00 00 00 00 00 00 00 00  | ................
00000000000024C0 | 00 00 00 00 00 00 00 00  00 00 00 00 00 00 00 00  | ................
00000000000024D0 | 00 00 00 00 00 00 00 00  00 00 00 00 00 00 00 00  | ................
00000000000024E0 | 00 00 00 00 00 00 00 00  00 00 00 00 00 00 00 00  | ................
00000000000024F0 | 00 00 00 00 00 00 00 00  00 00 00 00 00 00 00 00  | ................
0000000000002500 | 00 00 00 00 00 00 00 00  00 00 00 00 00 00 00 00  | ................
0000000000002510 | 00 00 00 00 00 00 00 00  00 00 00 00 00 00 00 00  | ................
0000000000002520 | 00 00 00 00 00 00 00 00  00 00 00 00 00 00 00 00  | ................
0000000000002530 | 00 00 00 00 00 00 00 00  00 00 00 00 00 00 00 00  | ................
0000000000002540 | 00 00 00 00 00 00 00 00  00 00 00 00 00 00 00 00  | ................
0000000000002550 | 00 00 00 00 00 00 00 00  00 00 00 00 00 00 00 00  | ................
0000000000002560 | 00 00 00 00 00 00 00 00  00 00 00 00 00 00 00 00  | ................
0000000000002570 | 00 00 00 00 00 00 00 00  00 00 00 00 00 00 00 00  | ................
0000000000002580 | 00 00 00 00 00 00 00 00  00 00 00 00 00 00 00 00  | ................
0000000000002590 | 00 00 00 00 00 00 00 00  00 00 00 00 00 00 00 00  | ................
00000000000025A0 | 00 00 00 00 00 00 00 00  00 00 00 00 00 00 00 00  | ................
00000000000025B0 | 00 00 00 00 00 00 00 00  00 00 00 00 00 00 00 00  | ................
00000000000025C0 | 00 00 00 00 00 00 00 00  00 00 00 00 00 00 00 00  | ................
00000000000025D0 | 00 00 00 00 00 00 00 00  00 00 00 00 00 00 00 00  | ................
00000000000025E0 | 00 00 00 00 00 00 00 00  00 00 00 00 00 00 00 00  | ................
00000000000025F0 | 00 00 00 00 00 00 00 00  00 00 00 00 00 00 00 00  | ................
0000000000002600 | 00 00 00 00 00 00 00 00  00 00 00 00 00 00 00 00  | ................
0000000000002610 | 00 00 00 00 00 00 00 00  00 00 00 00 00 00 00 00  | ................
0000000000002620 | 00 00 00 00 00 00 00 00  00 00 00 00 00 00 00 00  | ................
0000000000002630 | 00 00 00 00 00 00 00 00  00 00 00 00 00 00 00 00  | ................
0000000000002640 | 00 00 00 00 00 00 00 00  00 00 00 00 00 00 00 00  | ................
0000000000002650 | 00 00 00 00 00 00 00 00  00 00 00 00 00 00 00 00  | ................
0000000000002660 | 00 00 00 00 00 00 00 00  00 00 00 00 00 00 00 00  | ................
0000000000002670 | 00 00 00 00 00 00 00 00  00 00 00 00 00 00 00 00  | ................
0000000000002680 | 00 00 00 00 00 00 00 00  00 00 00 00 00 00 00 00  | ................
0000000000002690 | 00 00 00 00 00 00 00 00  00 00 00 00 00 00 00 00  | ................
00000000000026A0 | 00 00 00 00 00 00 00 00  00 00 00 00 00 00 00 00  | ................
00000000000026B0 | 00 00 00 00 00 00 00 00  00 00 00 00 00 00 00 00  | ................
00000000000026C0 | 00 00 00 00 00 00 00 00  00 00 00 00 00 00 00 00  | ................
00000000000026D0 | 00 00 00 00 00 00 00 00  00 00 00 00 00 00 00 00  | ................
00000000000026E0 | 00 00 00 00 00 00 00 00  00 00 00 00 00 00 00 00  | ................
00000000000026F0 | 00 00 00 00 00 00 00 00  00 00 00 00 00 00 00 00  | ................
0000000000002700 | 00 00 00 00 00 00 00 00  00 00 00 00 00 00 00 00  | ................
0000000000002710 | 00 00 00 00 00 00 00 00  00 00 00 00 00 00 00 00  | ................
0000000000002720 | 00 00 00 00 00 00 00 00  00 00 00 00 00 00 00 00  | ................
0000000000002730 | 00 00 00 00 00 00 00 00  00 00 00 00 00 00 00 00  | ................
0000000000002740 | 00 00 00 00 00 00 00 00  00 00 00 00 00 00 00 00  | ................
0000000000002750 | 00 00 00 00 00 00 00 00  00 00 00 00 00 00 00 00  | ................
0000000000002760 | 00 00 00 00 00 00 00 00  00 00 00 00 00 00 00 00  | ................
0000000000002770 | 00 00 00 00 00 00 00 00  00 00 00 00 00 00 00 00  | ................
0000000000002780 | 00 00 00 00 00 00 00 00  00 00 00 00 00 00 00 00  | ................
0000000000002790 | 00 00 00 00 00 00 00 00  00 00 00 00 00 00 00 00  | ................
00000000000027A0 | 00 00 00 00 00 00 00 00  00 00 00 00 00 00 00 00  | ................
00000000000027B0 | 00 00 00 00 00 00 00 00  00 00 00 00 00 00 00 00  | ................
00000000000027C0 | 00 00 00 00 00 00 00 00  00 00 00 00 00 00 00 00  | ................
00000000000027D0 | 00 00 00 00 00 00 00 00  00 00 00 00 00 00 00 00  | ................
00000000000027E0 | 00 00 00 00 00 00 00 00  00 00 00 00 00 00 00 00  | ................
00000000000027F0 | 00 00 00 00 00 00 00 00  00 00 00 00 00 00 00 00  | ................
0000000000002800 | 00 00 00 00 00 00 00 00  00 00 00 00 00 00 00 00  | ................
0000000000002810 | 00 00 00 00 00 00 00 00  00 00 00 00 00 00 00 00  | ................
0000000000002820 | 00 00 00 00 00 00 00 00  00 00 00 00 00 00 00 00  | ................
0000000000002830 | 00 00 00 00 00 00 00 00  00 00 00 00 00 00 00 00  | ................
0000000000002840 | 00 00 00 00 00 00 00 00  00 00 00 00 00 00 00 00  | ................
0000000000002850 | 00 00 00 00 00 00 00 00  00 00 00 00 00 00 00 00  | ................
0000000000002860 | 00 00 00 00 00 00 00 00  00 00 00 00 00 00 00 00  | ................
0000000000002870 | 00 00 00 00 00 00 00 00  00 00 00 00 00 00 00 00  | ................
0000000000002880 | 00 00 00 00 00 00 00 00  00 00 00 00 00 00 00 00  | ................
0000000000002890 | 00 00 00 00 00 00 00 00  00 00 00 00 00 00 00 00  | ................
00000000000028A0 | 00 00 00 00 00 00 00 00  00 00 00 00 00 00 00 00  | ................
00000000000028B0 | 00 00 00 00 00 00 00 00  00 00 00 00 00 00 00 00  | ................
00000000000028C0 | 00 00 00 00 00 00 00 00  00 00 00 00 00 00 00 00  | ................
00000000000028D0 | 00 00 00 00 00 00 00 00  00 00 00 00 00 00 00 00  | ................
00000000000028E0 | 00 00 00 00 00 00 00 00  00 00 00 00 00 00 00 00  | ................
00000000000028F0 | 00 00 00 00 00 00 00 00  00 00 00 00 00 00 00 00  | ................
0000000000002900 | 00 00 00 00 00 00 00 00  00 00 00 00 00 00 00 00  | ................
0000000000002910 | 00 00 00 00 00 00 00 00  00 00 00 00 00 00 00 00  | ................
0000000000002920 | 00 00 00 00 00 00 00 00  00 00 00 00 00 00 00 00  | ................
0000000000002930 | 00 00 00 00 00 00 00 00  00 00 00 00 00 00 00 00  | ................
0000000000002940 | 00 00 00 00 00 00 00 00  00 00 00 00 00 00 00 00  | ................
0000000000002950 | 00 00 00 00 00 00 00 00  00 00 00 00 00 00 00 00  | ................
0000000000002960 | 00 00 00 00 00 00 00 00  00 00 00 00 00 00 00 00  | ................
0000000000002970 | 00 00 00 00 00 00 00 00  00 00 00 00 00 00 00 00  | ................
0000000000002980 | 00 00 00 00 00 00 00 00  00 00 00 00 00 00 00 00  | ................
0000000000002990 | 00 00 00 00 00 00 00 00  00 00 00 00 00 00 00 00  | ................
00000000000029A0 | 00 00 00 00 00 00 00 00  00 00 00 00 00 00 00 00  | ................
00000000000029B0 | 00 00 00 00 00 00 00 00  00 00 00 00 00 00 00 00  | ................
00000000000029C0 | 00 00 00 00 00 00 00 00  00 00 00 00 00 00 00 00  | ................
00000000000029D0 | 00 00 00 00 00 00 00 00  00 00 00 00 00 00 00 00  | ................
00000000000029E0 | 00 00 00 00 00 00 00 00  00 00 00 00 00 00 00 00  | ................
00000000000029F0 | 00 00 00 00 00 00 00 00  00 00 00 00 00 00 00 00  | ................
0000000000002A00 | 00 00 00 00 00 00 00 00  00 00 00 00 00 00 00 00  | ................
0000000000002A10 | 00 00 00 00 00 00 00 00  00 00 00 00 00 00 00 00  | ................
0000000000002A20 | 00 00 00 00 00 00 00 00  00 00 00 00 00 00 00 00  | ................
0000000000002A30 | 00 00 00 00 00 00 00 00  00 00 00 00 00 00 00 00  | ................
0000000000002A40 | 00 00 00 00 00 00 00 00  00 00 00 00 00 00 00 00  | ................
0000000000002A50 | 00 00 00 00 00 00 00 00  00 00 00 00 00 00 00 00  | ................
0000000000002A60 | 00 00 00 00 00 00 00 00  00 00 00 00 00 00 00 00  | ................
0000000000002A70 | 00 00 00 00 00 00 00 00  00 00 00 00 00 00 00 00  | ................
0000000000002A80 | 00 00 00 00 00 00 00 00  00 00 00 00 00 00 00 00  | ................
0000000000002A90 | 00 00 00 00 00 00 00 00  00 00 00 00 00 00 00 00  | ................
0000000000002AA0 | 00 00 00 00 00 00 00 00  00 00 00 00 00 00 00 00  | ................
0000000000002AB0 | 00 00 00 00 00 00 00 00  00 00 00 00 00 00 00 00  | ................
0000000000002AC0 | 00 00 00 00 00 00 00 00  00 00 00 00 00 00 00 00  | ................
0000000000002AD0 | 00 00 00 00 00 00 00 00  00 00 00 00 00 00 00 00  | ................
0000000000002AE0 | 00 00 00 00 00 00 00 00  00 00 00 00 00 00 00 00  | ................
0000000000002AF0 | 00 00 00 00 00 00 00 00  00 00 00 00 00 00 00 00  | ................
0000000000002B00 | 00 00 00 00 00 00 00 00  00 00 00 00 00 00 00 00  | ................
0000000000002B10 | 00 00 00 00 00 00 00 00  00 00 00 00 00 00 00 00  | ................
0000000000002B20 | 00 00 00 00 00 00 00 00  00 00 00 00 00 00 00 00  | ................
0000000000002B30 | 00 00 00 00 00 00 00 00  00 00 00 00 00 00 00 00  | ................
0000000000002B40 | 00 00 00 00 00 00 00 00  00 00 00 00 00 00 00 00  | ................
0000000000002B50 | 00 00 00 00 00 00 00 00  00 00 00 00 00 00 00 00  | ................
0000000000002B60 | 00 00 00 00 00 00 00 00  00 00 00 00 00 00 00 00  | ................
0000000000002B70 | 00 00 00 00 00 00 00 00  00 00 00 00 00 00 00 00  | ................
0000000000002B80 | 00 00 00 00 00 00 00 00  00 00 00 00 00 00 00 00  | ................
0000000000002B90 | 00 00 00 00 00 00 00 00  00 00 00 00 00 00 00 00  | ................
0000000000002BA0 | 00 00 00 00 00 00 00 00  00 00 00 00 00 00 00 00  | ................
0000000000002BB0 | 00 00 00 00 00 00 00 00  00 00 00 00 00 00 00 00  | ................
0000000000002BC0 | 00 00 00 00 00 00 00 00  00 00 00 00 00 00 00 00  | ................
0000000000002BD0 | 00 00 00 00 00 00 00 00  00 00 00 00 00 00 00 00  | ................
0000000000002BE0 | 00 00 00 00 00 00 00 00  00 00 00 00 00 00 00 00  | ................
0000000000002BF0 | 00 00 00 00 00 00 00 00  00 00 00 00 00 00 00 00  | ................
0000000000002C00 | 00 00 00 00 00 00 00 00  00 00 00 00 00 00 00 00  | ................
0000000000002C10 | 00 00 00 00 00 00 00 00  00 00 00 00 00 00 00 00  | ................
0000000000002C20 | 00 00 00 00 00 00 00 00  00 00 00 00 00 00 00 00  | ................
0000000000002C30 | 00 00 00 00 00 00 00 00  00 00 00 00 00 00 00 00  | ................
0000000000002C40 | 00 00 00 00 00 00 00 00  00 00 00 00 00 00 00 00  | ................
0000000000002C50 | 00 00 00 00 00 00 00 00  00 00 00 00 00 00 00 00  | ................
0000000000002C60 | 00 00 00 00 00 00 00 00  00 00 00 00 00 00 00 00  | ................
0000000000002C70 | 00 00 00 00 00 00 00 00  00 00 00 00 00 00 00 00  | ................
0000000000002C80 | 00 00 00 00 00 00 00 00  00 00 00 00 00 00 00 00  | ................
0000000000002C90 | 00 00 00 00 00 00 00 00  00 00 00 00 00 00 00 00  | ................
0000000000002CA0 | 00 00 00 00 00 00 00 00  00 00 00 00 00 00 00 00  | ................
0000000000002CB0 | 00 00 00 00 00 00 00 00  00 00 00 00 00 00 00 00  | ................
0000000000002CC0 | 00 00 00 00 00 00 00 00  00 00 00 00 00 00 00 00  | ................
0000000000002CD0 | 00 00 00 00 00 00 00 00  00 00 00 00 00 00 00 00  | ................
0000000000002CE0 | 00 00 00 00 00 00 00 00  00 00 00 00 00 00 00 00  | ................
0000000000002CF0 | 00 00 00 00 00 00 00 00  00 00 00 00 00 00 00 00  | ................
0000000000002D00 | 00 00 00 00 00 00 00 00  00 00 00 00 00 00 00 00  | ................
0000000000002D10 | 00 00 00 00 00 00 00 00  00 00 00 00 00 00 00 00  | ................
0000000000002D20 | 00 00 00 00 00 00 00 00  00 00 00 00 00 00 00 00  | ................
0000000000002D30 | 00 00 00 00 00 00 00 00  00 00 00 00 00 00 00 00  | ................
0000000000002D40 | 00 00 00 00 00 00 00 00  00 00 00 00 00 00 00 00  | ................
0000000000002D50 | 00 00 00 00 00 00 00 00  00 00 00 00 00 00 00 00  | ................
0000000000002D60 | 00 00 00 00 00 00 00 00  00 00 00 00 00 00 00 00  | ................
0000000000002D70 | 00 00 00 00 00 00 00 00  00 00 00 00 00 00 00 00  | ................
0000000000002D80 | 00 00 00 00 00 00 00 00  00 00 00 00 00 00 00 00  | ................
0000000000002D90 | 00 00 00 00 00 00 00 00  00 00 00 00 00 00 00 00  | ................
0000000000002DA0 | 00 00 00 00 00 00 00 00  00 00 00 00 00 00 00 00  | ................
0000000000002DB0 | 00 00 00 00 00 00 00 00  00 00 00 00 00 00 00 00  | ................
0000000000002DC0 | 00 00 00 00 00 00 00 00  00 00 00 00 00 00 00 00  | ................
0000000000002DD0 | 00 00 00 00 00 00 00 00  00 00 00 00 00 00 00 00  | ................
0000000000002DE0 | 00 00 00 00 00 00 00 00  00 00 00 00 00 00 00 00  | ................
0000000000002DF0 | 00 00 00 00 00 00 00 00  00 00 00 00 00 00 00 00  | ................
0000000000002E00 | 00 00 00 00 00 00 00 00  00 00 00 00 00 00 00 00  | ................
0000000000002E10 | 00 00 00 00 00 00 00 00  00 00 00 00 00 00 00 00  | ................
0000000000002E20 | 00 00 00 00 00 00 00 00  00 00 00 00 00 00 00 00  | ................
0000000000002E30 | 00 00 00 00 00 00 00 00  00 00 00 00 00 00 00 00  | ................
0000000000002E40 | 00 00 00 00 00 00 00 00  00 00 00 00 00 00 00 00  | ................
0000000000002E50 | 00 00 00 00 00 00 00 00  00 00 00 00 00 00 00 00  | ................
0000000000002E60 | 00 00 00 00 00 00 00 00  00 00 00 00 00 00 00 00  | ................
0000000000002E70 | 00 00 00 00 00 00 00 00  00 00 00 00 00 00 00 00  | ................
0000000000002E80 | 00 00 00 00 00 00 00 00  00 00 00 00 00 00 00 00  | ................
0000000000002E90 | 00 00 00 00 00 00 00 00  00 00 00 00 00 00 00 00  | ................
0000000000002EA0 | 00 00 00 00 00 00 00 00  00 00 00 00 00 00 00 00  | ................
0000000000002EB0 | 00 00 00 00 00 00 00 00  00 00 00 00 00 00 00 00  | ................
0000000000002EC0 | 00 00 00 00 00 00 00 00  00 00 00 00 00 00 00 00  | ................
0000000000002ED0 | 00 00 00 00 00 00 00 00  00 00 00 00 00 00 00 00  | ................
0000000000002EE0 | 00 00 00 00 00 00 00 00  00 00 00 00 00 00 00 00  | ................
0000000000002EF0 | 00 00 00 00 00 00 00 00  00 00 00 00 00 00 00 00  | ................
0000000000002F00 | 00 00 00 00 00 00 00 00  00 00 00 00 00 00 00 00  | ................
0000000000002F10 | 00 00 00 00 00 00 00 00  00 00 00 00 00 00 00 00  | ................
0000000000002F20 | 00 00 00 00 00 00 00 00  00 00 00 00 00 00 00 00  | ................
0000000000002F30 | 00 00 00 00 00 00 00 00  00 00 00 00 00 00 00 00  | ................
0000000000002F40 | 00 00 00 00 00 00 00 00  00 00 00 00 00 00 00 00  | ................
0000000000002F50 | 00 00 00 00 00 00 00 00  00 00 00 00 00 00 00 00  | ................
0000000000002F60 | 00 00 00 00 00 00 00 00  00 00 00 00 00 00 00 00  | ................
0000000000002F70 | 00 00 00 00 00 00 00 00  00 00 00 00 00 00 00 00  | ................
0000000000002F80 | 00 00 00 00 00 00 00 00  00 00 00 00 00 00 00 00  | ................
0000000000002F90 | 00 00 00 00 00 00 00 00  00 00 00 00 00 00 00 00  | ................
0000000000002FA0 | 00 00 00 00 00 00 00 00  00 00 00 00 00 00 00 00  | ................
0000000000002FB0 | 00 00 00 00 00 00 00 00  00 00 00 00 00 00 00 00  | ................
0000000000002FC0 | 00 00 00 00 00 00 00 00  00 00 00 00 00 00 00 00  | ................
0000000000002FD0 | 00 00 00 00 00 00 00 00  00 00 00 00 00 00 00 00  | ................
0000000000002FE0 | 00 00 00 00 00 00 00 00  00 00 00 00 00 00 00 00  | ................
0000000000002FF0 | 00 00 00 00 00 00 00 00  00 00 00 00 00 00 00 00  | ................
0000000000003000 | 00 00 00 00 00 00 00 00  00 00 00 00 00 00 00 00  | ................
0000000000003010 | 00 00 00 00 00 00 00 00  00 00 00 00 00 00 00 00  | ................
0000000000003020 | 00 00 00 00 00 00 00 00  00 00 00 00 00 00 00 00  | ................
0000000000003030 | 00 00 00 00 00 00 00 00  00 00 00 00 00 00 00 00  | ................
0000000000003040 | 00 00 00 00 00 00 00 00  00 00 00 00 00 00 00 00  | ................
0000000000003050 | 00 00 00 00 00 00 00 00  00 00 00 00 00 00 00 00  | ................
0000000000003060 | 00 00 00 00 00 00 00 00  00 00 00 00 00 00 00 00  | ................
0000000000003070 | 00 00 00 00 00 00 00 00  00 00 00 00 00 00 00 00  | ................
0000000000003080 | 00 00 00 00 00 00 00 00  00 00 00 00 00 00 00 00  | ................
0000000000003090 | 00 00 00 00 00 00 00 00  00 00 00 00 00 00 00 00  | ................
00000000000030A0 | 00 00 00 00 00 00 00 00  00 00 00 00 00 00 00 00  | ................
00000000000030B0 | 00 00 00 00 00 00 00 00  00 00 00 00 00 00 00 00  | ................
00000000000030C0 | 00 00 00 00 00 00 00 00  00 00 00 00 00 00 00 00  | ................
00000000000030D0 | 00 00 00 00 00 00 00 00  00 00 00 00 00 00 00 00  | ................
00000000000030E0 | 00 00 00 00 00 00 00 00  00 00 00 00 00 00 00 00  | ................
00000000000030F0 | 00 00 00 00 00 00 00 00  00 00 00 00 00 00 00 00  | ................
0000000000003100 | 00 00 00 00 00 00 00 00  00 00 00 00 00 00 00 00  | ................
0000000000003110 | 00 00 00 00 00 00 00 00  00 00 00 00 00 00 00 00  | ................
0000000000003120 | 00 00 00 00 00 00 00 00  00 00 00 00 00 00 00 00  | ................
0000000000003130 | 00 00 00 00 00 00 00 00  00 00 00 00 00 00 00 00  | ................
0000000000003140 | 00 00 00 00 00 00 00 00  00 00 00 00 00 00 00 00  | ................
0000000000003150 | 00 00 00 00 00 00 00 00  00 00 00 00 00 00 00 00  | ................
0000000000003160 | 00 00 00 00 00 00 00 00  00 00 00 00 00 00 00 00  | ................
0000000000003170 | 00 00 00 00 00 00 00 00  00 00 00 00 00 00 00 00  | ................
0000000000003180 | 00 00 00 00 00 00 00 00  00 00 00 00 00 00 00 00  | ................
0000000000003190 | 00 00 00 00 00 00 00 00  00 00 00 00 00 00 00 00  | ................
00000000000031A0 | 00 00 00 00 00 00 00 00  00 00 00 00 00 00 00 00  | ................
00000000000031B0 | 00 00 00 00 00 00 00 00  00 00 00 00 00 00 00 00  | ................
00000000000031C0 | 00 00 00 00 00 00 00 00  00 00 00 00 00 00 00 00  | ................
00000000000031D0 | 00 00 00 00 00 00 00 00  00 00 00 00 00 00 00 00  | ................
00000000000031E0 | 00 00 00 00 00 00 00 00  00 00 00 00 00 00 00 00  | ................
00000000000031F0 | 00 00 00 00 00 00 00 00  00 00 00 00 00 00 00 00  | ................
0000000000003200 | 00 00 00 00 00 00 00 00  00 00 00 00 00 00 00 00  | ................
0000000000003210 | 00 00 00 00 00 00 00 00  00 00 00 00 00 00 00 00  | ................
0000000000003220 | 00 00 00 00 00 00 00 00  00 00 00 00 00 00 00 00  | ................
0000000000003230 | 00 00 00 00 00 00 00 00  00 00 00 00 00 00 00 00  | ................
0000000000003240 | 00 00 00 00 00 00 00 00  00 00 00 00 00 00 00 00  | ................
0000000000003250 | 00 00 00 00 00 00 00 00  00 00 00 00 00 00 00 00  | ................
0000000000003260 | 00 00 00 00 00 00 00 00  00 00 00 00 00 00 00 00  | ................
0000000000003270 | 00 00 00 00 00 00 00 00  00 00 00 00 00 00 00 00  | ................
0000000000003280 | 00 00 00 00 00 00 00 00  00 00 00 00 00 00 00 00  | ................
0000000000003290 | 00 00 00 00 00 00 00 00  00 00 00 00 00 00 00 00  | ................
00000000000032A0 | 00 00 00 00 00 00 00 00  00 00 00 00 00 00 00 00  | ................
00000000000032B0 | 00 00 00 00 00 00 00 00  00 00 00 00 00 00 00 00  | ................
00000000000032C0 | 00 00 00 00 00 00 00 00  00 00 00 00 00 00 00 00  | ................
00000000000032D0 | 00 00 00 00 00 00 00 00  00 00 00 00 00 00 00 00  | ................
00000000000032E0 | 00 00 00 00 00 00 00 00  00 00 00 00 00 00 00 00  | ................
00000000000032F0 | 00 00 00 00 00 00 00 00  00 00 00 00 00 00 00 00  | ................
0000000000003300 | 00 00 00 00 00 00 00 00  00 00 00 00 00 00 00 00  | ................
0000000000003310 | 00 00 00 00 00 00 00 00  00 00 00 00 00 00 00 00  | ................
0000000000003320 | 00 00 00 00 00 00 00 00  00 00 00 00 00 00 00 00  | ................
0000000000003330 | 00 00 00 00 00 00 00 00  00 00 00 00 00 00 00 00  | ................
0000000000003340 | 00 00 00 00 00 00 00 00  00 00 00 00 00 00 00 00  | ................
0000000000003350 | 00 00 00 00 00 00 00 00  00 00 00 00 00 00 00 00  | ................
0000000000003360 | 00 00 00 00 00 00 00 00  00 00 00 00 00 00 00 00  | ................
0000000000003370 | 00 00 00 00 00 00 00 00  00 00 00 00 00 00 00 00  | ................
0000000000003380 | 00 00 00 00 00 00 00 00  00 00 00 00 00 00 00 00  | ................
0000000000003390 | 00 00 00 00 00 00 00 00  00 00 00 00 00 00 00 00  | ................
00000000000033A0 | 00 00 00 00 00 00 00 00  00 00 00 00 00 00 00 00  | ................
00000000000033B0 | 00 00 00 00 00 00 00 00  00 00 00 00 00 00 00 00  | ................
00000000000033C0 | 00 00 00 00 00 00 00 00  00 00 00 00 00 00 00 00  | ................
00000000000033D0 | 00 00 00 00 00 00 00 00  00 00 00 00 00 00 00 00  | ................
00000000000033E0 | 00 00 00 00 00 00 00 00  00 00 00 00 00 00 00 00  | ................
00000000000033F0 | 00 00 00 00 00 00 00 00  00 00 00 00 00 00 00 00  | ................
0000000000003400 | 00 00 00 00 00 00 00 00  00 00 00 00 00 00 00 00  | ................
0000000000003410 | 00 00 00 00 00 00 00 00  00 00 00 00 00 00 00 00  | ................
0000000000003420 | 00 00 00 00 00 00 00 00  00 00 00 00 00 00 00 00  | ................
0000000000003430 | 00 00 00 00 00 00 00 00  00 00 00 00 00 00 00 00  | ................
0000000000003440 | 00 00 00 00 00 00 00 00  00 00 00 00 00 00 00 00  | ................
0000000000003450 | 00 00 00 00 00 00 00 00  00 00 00 00 00 00 00 00  | ................
0000000000003460 | 00 00 00 00 00 00 00 00  00 00 00 00 00 00 00 00  | ................
0000000000003470 | 00 00 00 00 00 00 00 00  00 00 00 00 00 00 00 00  | ................
0000000000003480 | 00 00 00 00 00 00 00 00  00 00 00 00 00 00 00 00  | ................
0000000000003490 | 00 00 00 00 00 00 00 00  00 00 00 00 00 00 00 00  | ................
00000000000034A0 | 00 00 00 00 00 00 00 00  00 00 00 00 00 00 00 00  | ................
00000000000034B0 | 00 00 00 00 00 00 00 00  00 00 00 00 00 00 00 00  | ................
00000000000034C0 | 00 00 00 00 00 00 00 00  00 00 00 00 00 00 00 00  | ................
00000000000034D0 | 00 00 00 00 00 00 00 00  00 00 00 00 00 00 00 00  | ................
00000000000034E0 | 00 00 00 00 00 00 00 00  00 00 00 00 00 00 00 00  | ................
00000000000034F0 | 00 00 00 00 00 00 00 00  00 00 00 00 00 00 00 00  | ................
0000000000003500 | 00 00 00 00 00 00 00 00  00 00 00 00 00 00 00 00  | ................
0000000000003510 | 00 00 00 00 00 00 00 00  00 00 00 00 00 00 00 00  | ................
0000000000003520 | 00 00 00 00 00 00 00 00  00 00 00 00 00 00 00 00  | ................
0000000000003530 | 00 00 00 00 00 00 00 00  00 00 00 00 00 00 00 00  | ................
0000000000003540 | 00 00 00 00 00 00 00 00  00 00 00 00 00 00 00 00  | ................
0000000000003550 | 00 00 00 00 00 00 00 00  00 00 00 00 00 00 00 00  | ................
0000000000003560 | 00 00 00 00 00 00 00 00  00 00 00 00 00 00 00 00  | ................
0000000000003570 | 00 00 00 00 00 00 00 00  00 00 00 00 00 00 00 00  | ................
0000000000003580 | 00 00 00 00 00 00 00 00  00 00 00 00 00 00 00 00  | ................
0000000000003590 | 00 00 00 00 00 00 00 00  00 00 00 00 00 00 00 00  | ................
00000000000035A0 | 00 00 00 00 00 00 00 00  00 00 00 00 00 00 00 00  | ................
00000000000035B0 | 00 00 00 00 00 00 00 00  00 00 00 00 00 00 00 00  | ................
00000000000035C0 | 00 00 00 00 00 00 00 00  00 00 00 00 00 00 00 00  | ................
00000000000035D0 | 00 00 00 00 00 00 00 00  00 00 00 00 00 00 00 00  | ................
00000000000035E0 | 00 00 00 00 00 00 00 00  00 00 00 00 00 00 00 00  | ................
00000000000035F0 | 00 00 00 00 00 00 00 00  00 00 00 00 00 00 00 00  | ................
0000000000003600 | 00 00 00 00 00 00 00 00  00 00 00 00 00 00 00 00  | ................
0000000000003610 | 00 00 00 00 00 00 00 00  00 00 00 00 00 00 00 00  | ................
0000000000003620 | 00 00 00 00 00 00 00 00  00 00 00 00 00 00 00 00  | ................
0000000000003630 | 00 00 00 00 00 00 00 00  00 00 00 00 00 00 00 00  | ................
0000000000003640 | 00 00 00 00 00 00 00 00  00 00 00 00 00 00 00 00  | ................
0000000000003650 | 00 00 00 00 00 00 00 00  00 00 00 00 00 00 00 00  | ................
0000000000003660 | 00 00 00 00 00 00 00 00  00 00 00 00 00 00 00 00  | ................
0000000000003670 | 00 00 00 00 00 00 00 00  00 00 00 00 00 00 00 00  | ................
0000000000003680 | 00 00 00 00 00 00 00 00  00 00 00 00 00 00 00 00  | ................
0000000000003690 | 00 00 00 00 00 00 00 00  00 00 00 00 00 00 00 00  | ................
00000000000036A0 | 00 00 00 00 00 00 00 00  00 00 00 00 00 00 00 00  | ................
00000000000036B0 | 00 00 00 00 00 00 00 00  00 00 00 00 00 00 00 00  | ................
00000000000036C0 | 00 00 00 00 00 00 00 00  00 00 00 00 00 00 00 00  | ................
00000000000036D0 | 00 00 00 00 00 00 00 00  00 00 00 00 00 00 00 00  | ................
00000000000036E0 | 00 00 00 00 00 00 00 00  00 00 00 00 00 00 00 00  | ................
00000000000036F0 | 00 00 00 00 00 00 00 00  00 00 00 00 00 00 00 00  | ................
0000000000003700 | 00 00 00 00 00 00 00 00  00 00 00 00 00 00 00 00  | ................
0000000000003710 | 00 00 00 00 00 00 00 00  00 00 00 00 00 00 00 00  | ................
0000000000003720 | 00 00 00 00 00 00 00 00  00 00 00 00 00 00 00 00  | ................
0000000000003730 | 00 00 00 00 00 00 00 00  00 00 00 00 00 00 00 00  | ................
0000000000003740 | 00 00 00 00 00 00 00 00  00 00 00 00 00 00 00 00  | ................
0000000000003750 | 00 00 00 00 00 00 00 00  00 00 00 00 00 00 00 00  | ................
0000000000003760 | 00 00 00 00 00 00 00 00  00 00 00 00 00 00 00 00  | ................
0000000000003770 | 00 00 00 00 00 00 00 00  00 00 00 00 00 00 00 00  | ................
0000000000003780 | 00 00 00 00 00 00 00 00  00 00 00 00 00 00 00 00  | ................
0000000000003790 | 00 00 00 00 00 00 00 00  00 00 00 00 00 00 00 00  | ................
00000000000037A0 | 00 00 00 00 00 00 00 00  00 00 00 00 00 00 00 00  | ................
00000000000037B0 | 00 00 00 00 00 00 00 00  00 00 00 00 00 00 00 00  | ................
00000000000037C0 | 00 00 00 00 00 00 00 00  00 00 00 00 00 00 00 00  | ................
00000000000037D0 | 00 00 00 00 00 00 00 00  00 00 00 00 00 00 00 00  | ................
00000000000037E0 | 00 00 00 00 00 00 00 00  00 00 00 00 00 00 00 00  | ................
00000000000037F0 | 00 00 00 00 00 00 00 00  00 00 00 00 00 00 00 00  | ................
0000000000003800 | 00 00 00 00 00 00 00 00  00 00 00 00 00 00 00 00  | ................
0000000000003810 | 00 00 00 00 00 00 00 00  00 00 00 00 00 00 00 00  | ................
0000000000003820 | 00 00 00 00 00 00 00 00  00 00 00 00 00 00 00 00  | ................
0000000000003830 | 00 00 00 00 00 00 00 00  00 00 00 00 00 00 00 00  | ................
0000000000003840 | 00 00 00 00 00 00 00 00  00 00 00 00 00 00 00 00  | ................
0000000000003850 | 00 00 00 00 00 00 00 00  00 00 00 00 00 00 00 00  | ................
0000000000003860 | 00 00 00 00 00 00 00 00  00 00 00 00 00 00 00 00  | ................
0000000000003870 | 00 00 00 00 00 00 00 00  00 00 00 00 00 00 00 00  | ................
0000000000003880 | 00 00 00 00 00 00 00 00  00 00 00 00 00 00 00 00  | ................
0000000000003890 | 00 00 00 00 00 00 00 00  00 00 00 00 00 00 00 00  | ................
00000000000038A0 | 00 00 00 00 00 00 00 00  00 00 00 00 00 00 00 00  | ................
00000000000038B0 | 00 00 00 00 00 00 00 00  00 00 00 00 00 00 00 00  | ................
00000000000038C0 | 00 00 00 00 00 00 00 00  00 00 00 00 00 00 00 00  | ................
00000000000038D0 | 00 00 00 00 00 00 00 00  00 00 00 00 00 00 00 00  | ................
00000000000038E0 | 00 00 00 00 00 00 00 00  00 00 00 00 00 00 00 00  | ................
00000000000038F0 | 00 00 00 00 00 00 00 00  00 00 00 00 00 00 00 00  | ................
0000000000003900 | 00 00 00 00 00 00 00 00  00 00 00 00 00 00 00 00  | ................
0000000000003910 | 00 00 00 00 00 00 00 00  00 00 00 00 00 00 00 00  | ................
0000000000003920 | 00 00 00 00 00 00 00 00  00 00 00 00 00 00 00 00  | ................
0000000000003930 | 00 00 00 00 00 00 00 00  00 00 00 00 00 00 00 00  | ................
0000000000003940 | 00 00 00 00 00 00 00 00  00 00 00 00 00 00 00 00  | ................
0000000000003950 | 00 00 00 00 00 00 00 00  00 00 00 00 00 00 00 00  | ................
0000000000003960 | 00 00 00 00 00 00 00 00  00 00 00 00 00 00 00 00  | ................
0000000000003970 | 00 00 00 00 00 00 00 00  00 00 00 00 00 00 00 00  | ................
0000000000003980 | 00 00 00 00 00 00 00 00  00 00 00 00 00 00 00 00  | ................
0000000000003990 | 00 00 00 00 00 00 00 00  00 00 00 00 00 00 00 00  | ................
00000000000039A0 | 00 00 00 00 00 00 00 00  00 00 00 00 00 00 00 00  | ................
00000000000039B0 | 00 00 00 00 00 00 00 00  00 00 00 00 00 00 00 00  | ................
00000000000039C0 | 00 00 00 00 00 00 00 00  00 00 00 00 00 00 00 00  | ................
00000000000039D0 | 00 00 00 00 00 00 00 00  00 00 00 00 00 00 00 00  | ................
00000000000039E0 | 00 00 00 00 00 00 00 00  00 00 00 00 00 00 00 00  | ................
00000000000039F0 | 00 00 00 00 00 00 00 00  00 00 00 00 00 00 00 00  | ................
0000000000003A00 | 00 00 00 00 00 00 00 00  00 00 00 00 00 00 00 00  | ................
0000000000003A10 | 00 00 00 00 00 00 00 00  00 00 00 00 00 00 00 00  | ................
0000000000003A20 | 00 00 00 00 00 00 00 00  00 00 00 00 00 00 00 00  | ................
0000000000003A30 | 00 00 00 00 00 00 00 00  00 00 00 00 00 00 00 00  | ................
0000000000003A40 | 00 00 00 00 00 00 00 00  00 00 00 00 00 00 00 00  | ................
0000000000003A50 | 00 00 00 00 00 00 00 00  00 00 00 00 00 00 00 00  | ................
0000000000003A60 | 00 00 00 00 00 00 00 00  00 00 00 00 00 00 00 00  | ................
0000000000003A70 | 00 00 00 00 00 00 00 00  00 00 00 00 00 00 00 00  | ................
0000000000003A80 | 00 00 00 00 00 00 00 00  00 00 00 00 00 00 00 00  | ................
0000000000003A90 | 00 00 00 00 00 00 00 00  00 00 00 00 00 00 00 00  | ................
0000000000003AA0 | 00 00 00 00 00 00 00 00  00 00 00 00 00 00 00 00  | ................
0000000000003AB0 | 00 00 00 00 00 00 00 00  00 00 00 00 00 00 00 00  | ................
0000000000003AC0 | 00 00 00 00 00 00 00 00  00 00 00 00 00 00 00 00  | ................
0000000000003AD0 | 00 00 00 00 00 00 00 00  00 00 00 00 00 00 00 00  | ................
0000000000003AE0 | 00 00 00 00 00 00 00 00  00 00 00 00 00 00 00 00  | ................
0000000000003AF0 | 00 00 00 00 00 00 00 00  00 00 00 00 00 00 00 00  | ................
0000000000003B00 | 00 00 00 00 00 00 00 00  00 00 00 00 00 00 00 00  | ................
0000000000003B10 | 00 00 00 00 00 00 00 00  00 00 00 00 00 00 00 00  | ................
0000000000003B20 | 00 00 00 00 00 00 00 00  00 00 00 00 00 00 00 00  | ................
0000000000003B30 | 00 00 00 00 00 00 00 00  00 00 00 00 00 00 00 00  | ................
0000000000003B40 | 00 00 00 00 00 00 00 00  00 00 00 00 00 00 00 00  | ................
0000000000003B50 | 00 00 00 00 00 00 00 00  00 00 00 00 00 00 00 00  | ................
0000000000003B60 | 00 00 00 00 00 00 00 00  00 00 00 00 00 00 00 00  | ................
0000000000003B70 | 00 00 00 00 00 00 00 00  00 00 00 00 00 00 00 00  | ................
0000000000003B80 | 00 00 00 00 00 00 00 00  00 00 00 00 00 00 00 00  | ................
0000000000003B90 | 00 00 00 00 00 00 00 00  00 00 00 00 00 00 00 00  | ................
0000000000003BA0 | 00 00 00 00 00 00 00 00  00 00 00 00 00 00 00 00  | ................
0000000000003BB0 | 00 00 00 00 00 00 00 00  00 00 00 00 00 00 00 00  | ................
0000000000003BC0 | 00 00 00 00 00 00 00 00  00 00 00 00 00 00 00 00  | ................
0000000000003BD0 | 00 00 00 00 00 00 00 00  00 00 00 00 00 00 00 00  | ................
0000000000003BE0 | 00 00 00 00 00 00 00 00  00 00 00 00 00 00 00 00  | ................
0000000000003BF0 | 00 00 00 00 00 00 00 00  00 00 00 00 00 00 00 00  | ................
0000000000003C00 | 00 00 00 00 00 00 00 00  00 00 00 00 00 00 00 00  | ................
0000000000003C10 | 00 00 00 00 00 00 00 00  00 00 00 00 00 00 00 00  | ................
0000000000003C20 | 00 00 00 00 00 00 00 00  00 00 00 00 00 00 00 00  | ................
0000000000003C30 | 00 00 00 00 00 00 00 00  00 00 00 00 00 00 00 00  | ................
0000000000003C40 | 00 00 00 00 00 00 00 00  00 00 00 00 00 00 00 00  | ................
0000000000003C50 | 00 00 00 00 00 00 00 00  00 00 00 00 00 00 00 00  | ................
0000000000003C60 | 00 00 00 00 00 00 00 00  00 00 00 00 00 00 00 00  | ................
0000000000003C70 | 00 00 00 00 00 00 00 00  00 00 00 00 00 00 00 00  | ................
0000000000003C80 | 00 00 00 00 00 00 00 00  00 00 00 00 00 00 00 00  | ................
0000000000003C90 | 00 00 00 00 00 00 00 00  00 00 00 00 00 00 00 00  | ................
0000000000003CA0 | 00 00 00 00 00 00 00 00  00 00 00 00 00 00 00 00  | ................
0000000000003CB0 | 00 00 00 00 00 00 00 00  00 00 00 00 00 00 00 00  | ................
0000000000003CC0 | 00 00 00 00 00 00 00 00  00 00 00 00 00 00 00 00  | ................
0000000000003CD0 | 00 00 00 00 00 00 00 00  00 00 00 00 00 00 00 00  | ................
0000000000003CE0 | 00 00 00 00 00 00 00 00  00 00 00 00 00 00 00 00  | ................
0000000000003CF0 | 00 00 00 00 00 00 00 00  00 00 00 00 00 00 00 00  | ................
0000000000003D00 | 00 00 00 00 00 00 00 00  00 00 00 00 00 00 00 00  | ................
0000000000003D10 | 00 00 00 00 00 00 00 00  00 00 00 00 00 00 00 00  | ................
0000000000003D20 | 00 00 00 00 00 00 00 00  00 00 00 00 00 00 00 00  | ................
0000000000003D30 | 00 00 00 00 00 00 00 00  00 00 00 00 00 00 00 00  | ................
0000000000003D40 | 00 00 00 00 00 00 00 00  00 00 00 00 00 00 00 00  | ................
0000000000003D50 | 00 00 00 00 00 00 00 00  00 00 00 00 00 00 00 00  | ................
0000000000003D60 | 00 00 00 00 00 00 00 00  00 00 00 00 00 00 00 00  | ................
0000000000003D70 | 00 00 00 00 00 00 00 00  00 00 00 00 00 00 00 00  | ................
0000000000003D80 | 00 00 00 00 00 00 00 00  00 00 00 00 00 00 00 00  | ................
0000000000003D90 | 00 00 00 00 00 00 00 00  00 00 00 00 00 00 00 00  | ................
0000000000003DA0 | 00 00 00 00 00 00 00 00  00 00 00 00 00 00 00 00  | ................
0000000000003DB0 | 00 00 00 00 00 00 00 00  00 00 00 00 00 00 00 00  | ................
0000000000003DC0 | 00 00 00 00 00 00 00 00  00 00 00 00 00 00 00 00  | ................
0000000000003DD0 | 00 00 00 00 00 00 00 00  00 00 00 00 00 00 00 00  | ................
0000000000003DE0 | 00 00 00 00 00 00 00 00  00 00 00 00 00 00 00 00  | ................
0000000000003DF0 | 00 00 00 00 00 00 00 00  00 00 00 00 00 00 00 00  | ................
0000000000003E00 | 00 00 00 00 00 00 00 00  00 00 00 00 00 00 00 00  | ................
0000000000003E10 | 00 00 00 00 00 00 00 00  00 00 00 00 00 00 00 00  | ................
0000000000003E20 | 00 00 00 00 00 00 00 00  00 00 00 00 00 00 00 00  | ................
0000000000003E30 | 00 00 00 00 00 00 00 00  00 00 00 00 00 00 00 00  | ................
0000000000003E40 | 00 00 00 00 00 00 00 00  00 00 00 00 00 00 00 00  | ................
0000000000003E50 | 00 00 00 00 00 00 00 00  00 00 00 00 00 00 00 00  | ................
0000000000003E60 | 00 00 00 00 00 00 00 00  00 00 00 00 00 00 00 00  | ................
0000000000003E70 | 00 00 00 00 00 00 00 00  00 00 00 00 00 00 00 00  | ................
0000000000003E80 | 00 00 00 00 00 00 00 00  00 00 00 00 00 00 00 00  | ................
0000000000003E90 | 00 00 00 00 00 00 00 00  00 00 00 00 00 00 00 00  | ................
0000000000003EA0 | 00 00 00 00 00 00 00 00  00 00 00 00 00 00 00 00  | ................
0000000000003EB0 | 00 00 00 00 00 00 00 00  00 00 00 00 00 00 00 00  | ................
0000000000003EC0 | 00 00 00 00 00 00 00 00  00 00 00 00 00 00 00 00  | ................
0000000000003ED0 | 00 00 00 00 00 00 00 00  00 00 00 00 00 00 00 00  | ................
0000000000003EE0 | 00 00 00 00 00 00 00 00  00 00 00 00 00 00 00 00  | ................
0000000000003EF0 | 00 00 00 00 00 00 00 00  00 00 00 00 00 00 00 00  | ................
0000000000003F00 | 00 00 00 00 00 00 00 00  00 00 00 00 00 00 00 00  | ................
0000000000003F10 | 00 00 00 00 00 00 00 00  00 00 00 00 00 00 00 00  | ................
0000000000003F20 | 00 00 00 00 00 00 00 00  00 00 00 00 00 00 00 00  | ................
0000000000003F30 | 00 00 00 00 00 00 00 00  00 00 00 00 00 00 00 00  | ................
0000000000003F40 | 00 00 00 00 00 00 00 00  00 00 00 00 00 00 00 00  | ................
0000000000003F50 | 00 00 00 00 00 00 00 00  00 00 00 00 00 00 00 00  | ................
0000000000003F60 | 00 00 00 00 00 00 00 00  00 00 00 00 00 00 00 00  | ................
0000000000003F70 | 00 00 00 00 00 00 00 00  00 00 00 00 00 00 00 00  | ................
0000000000003F80 | 00 00 00 00 00 00 00 00  00 00 00 00 00 00 00 00  | ................
0000000000003F90 | 00 00 00 00 00 00 00 00  00 00 00 00 00 00 00 00  | ................
0000000000003FA0 | 00 00 00 00 00 00 00 00  00 00 00 00 00 00 00 00  | ................
0000000000003FB0 | 00 00 00 00 00 00 00 00  00 00 00 00 00 00 00 00  | ................
0000000000003FC0 | 00 00 00 00 00 00 00 00  00 00 00 00 00 00 00 00  | ................
0000000000003FD0 | 00 00 00 00 00 00 00 00  00 00 00 00 00 00 00 00  | ................
0000000000003FE0 | 00 00 00 00 00 00 00 00  00 00 00 00 00 00 00 00  | ................
0000000000003FF0 | 00 00 00 00 00 00 00 00  00 00 00 00 00 00 00 00  | ................
0000000000004000 | 00 00 00 00 00 00 00 00  00 00 00 00 00 00 00 00  | ................
0000000000004010 | 00 00 00 00 00 00 00 00  00 00 00 00 00 00 00 00  | ................
0000000000004020 | 00 00 00 00 00 00 00 00  00 00 00 00 00 00 00 00  | ................
0000000000004030 | 00 00 00 00 00 00 00 00  00 00 00 00 00 00 00 00  | ................
0000000000004040 | 00 00 00 00 00 00 00 00  00 00 00 00 00 00 00 00  | ................
0000000000004050 | 00 00 00 00 00 00 00 00  00 00 00 00 00 00 00 00  | ................
0000000000004060 | 00 00 00 00 00 00 00 00  00 00 00 00 00 00 00 00  | ................
0000000000004070 | 00 00 00 00 00 00 00 00  00 00 00 00 00 00 00 00  | ................
0000000000004080 | 00 00 00 00 00 00 00 00  00 00 00 00 00 00 00 00  | ................
0000000000004090 | 00 00 00 00 00 00 00 00  00 00 00 00 00 00 00 00  | ................
00000000000040A0 | 00 00 00 00 00 00 00 00  00 00 00 00 00 00 00 00  | ................
00000000000040B0 | 00 00 00 00 00 00 00 00  00 00 00 00 00 00 00 00  | ................
00000000000040C0 | 00 00 00 00 00 00 00 00  00 00 00 00 00 00 00 00  | ................
00000000000040D0 | 00 00 00 00 00 00 00 00  00 00 00 00 00 00 00 00  | ................
00000000000040E0 | 00 00 00 00 00 00 00 00  00 00 00 00 00 00 00 00  | ................
00000000000040F0 | 00 00 00 00 00 00 00 00  00 00 00 00 00 00 00 00  | ................
0000000000004100 | 00 00 00 00 00 00 00 00  00 00 00 00 00 00 00 00  | ................
0000000000004110 | 00 00 00 00 00 00 00 00  00 00 00 00 00 00 00 00  | ................
0000000000004120 | 00 00 00 00 00 00 00 00  00 00 00 00 00 00 00 00  | ................
0000000000004130 | 00 00 00 00 00 00 00 00  00 00 00 00 00 00 00 00  | ................
0000000000004140 | 00 00 00 00 00 00 00 00  00 00 00 00 00 00 00 00  | ................
0000000000004150 | 00 00 00 00 00 00 00 00  00 00 00 00 00 00 00 00  | ................
0000000000004160 | 00 00 00 00 00 00 00 00  00 00 00 00 00 00 00 00  | ................
0000000000004170 | 00 00 00 00 00 00 00 00  00 00 00 00 00 00 00 00  | ................
0000000000004180 | 00 00 00 00 00 00 00 00  00 00 00 00 00 00 00 00  | ................
0000000000004190 | 00 00 00 00 00 00 00 00  00 00 00 00 00 00 00 00  | ................
00000000000041A0 | 00 00 00 00 00 00 00 00  00 00 00 00 00 00 00 00  | ................
00000000000041B0 | 00 00 00 00 00 00 00 00  00 00 00 00 00 00 00 00  | ................
00000000000041C0 | 00 00 00 00 00 00 00 00  00 00 00 00 00 00 00 00  | ................
00000000000041D0 | 00 00 00 00 00 00 00 00  00 00 00 00 00 00 00 00  | ................
00000000000041E0 | 00 00 00 00 00 00 00 00  00 00 00 00 00 00 00 00  | ................
00000000000041F0 | 00 00 00 00 00 00 00 00  00 00 00 00 00 00 00 00  | ................
0000000000004200 | 00 00 00 00 00 00 00 00  00 00 00 00 00 00 00 00  | ................
0000000000004210 | 00 00 00 00 00 00 00 00  00 00 00 00 00 00 00 00  | ................
0000000000004220 | 00 00 00 00 00 00 00 00  00 00 00 00 00 00 00 00  | ................
0000000000004230 | 00 00 00 00 00 00 00 00  00 00 00 00 00 00 00 00  | ................
0000000000004240 | 00 00 00 00 00 00 00 00  00 00 00 00 00 00 00 00  | ................
0000000000004250 | 00 00 00 00 00 00 00 00  00 00 00 00 00 00 00 00  | ................
0000000000004260 | 00 00 00 00 00 00 00 00  00 00 00 00 00 00 00 00  | ................
0000000000004270 | 00 00 00 00 00 00 00 00  00 00 00 00 00 00 00 00  | ................
0000000000004280 | 00 00 00 00 00 00 00 00  00 00 00 00 00 00 00 00  | ................
0000000000004290 | 00 00 00 00 00 00 00 00  00 00 00 00 00 00 00 00  | ................
00000000000042A0 | 00 00 00 00 00 00 00 00  00 00 00 00 00 00 00 00  | ................
00000000000042B0 | 00 00 00 00 00 00 00 00  00 00 00 00 00 00 00 00  | ................
00000000000042C0 | 00 00 00 00 00 00 00 00  00 00 00 00 00 00 00 00  | ................
00000000000042D0 | 00 00 00 00 00 00 00 00  00 00 00 00 00 00 00 00  | ................
00000000000042E0 | 00 00 00 00 00 00 00 00  00 00 00 00 00 00 00 00  | ................
00000000000042F0 | 00 00 00 00 00 00 00 00  00 00 00 00 00 00 00 00  | ................
0000000000004300 | 00 00 00 00 00 00 00 00  00 00 00 00 00 00 00 00  | ................
0000000000004310 | 00 00 00 00 00 00 00 00  00 00 00 00 00 00 00 00  | ................
0000000000004320 | 00 00 00 00 00 00 00 00  00 00 00 00 00 00 00 00  | ................
0000000000004330 | 00 00 00 00 00 00 00 00  00 00 00 00 00 00 00 00  | ................
0000000000004340 | 00 00 00 00 00 00 00 00  00 00 00 00 00 00 00 00  | ................
0000000000004350 | 00 00 00 00 00 00 00 00  00 00 00 00 00 00 00 00  | ................
0000000000004360 | 00 00 00 00 00 00 00 00  00 00 00 00 00 00 00 00  | ................
0000000000004370 | 00 00 00 00 00 00 00 00  00 00 00 00 00 00 00 00  | ................
0000000000004380 | 00 00 00 00 00 00 00 00  00 00 00 00 00 00 00 00  | ................
0000000000004390 | 00 00 00 00 00 00 00 00  00 00 00 00 00 00 00 00  | ................
00000000000043A0 | 00 00 00 00 00 00 00 00  00 00 00 00 00 00 00 00  | ................
00000000000043B0 | 00 00 00 00 00 00 00 00  00 00 00 00 00 00 00 00  | ................
00000000000043C0 | 00 00 00 00 00 00 00 00  00 00 00 00 00 00 00 00  | ................
00000000000043D0 | 00 00 00 00 00 00 00 00  00 00 00 00 00 00 00 00  | ................
00000000000043E0 | 00 00 00 00 00 00 00 00  00 00 00 00 00 00 00 00  | ................
00000000000043F0 | 00 00 00 00 00 00 00 00  00 00 00 00 00 00 00 00  | ................
0000000000004400 | 00 00 00 00 00 00 00 00  00 00 00 00 00 00 00 00  | ................
0000000000004410 | 00 00 00 00 00 00 00 00  00 00 00 00 00 00 00 00  | ................
0000000000004420 | 00 00 00 00 00 00 00 00  00 00 00 00 00 00 00 00  | ................
0000000000004430 | 00 00 00 00 00 00 00 00  00 00 00 00 00 00 00 00  | ................
0000000000004440 | 00 00 00 00 00 00 00 00  00 00 00 00 00 00 00 00  | ................
0000000000004450 | 00 00 00 00 00 00 00 00  00 00 00 00 00 00 00 00  | ................
0000000000004460 | 00 00 00 00 00 00 00 00  00 00 00 00 00 00 00 00  | ................
0000000000004470 | 00 00 00 00 00 00 00 00  00 00 00 00 00 00 00 00  | ................
0000000000004480 | 00 00 00 00 00 00 00 00  00 00 00 00 00 00 00 00  | ................
0000000000004490 | 00 00 00 00 00 00 00 00  00 00 00 00 00 00 00 00  | ................
00000000000044A0 | 00 00 00 00 00 00 00 00  00 00 00 00 00 00 00 00  | ................
00000000000044B0 | 00 00 00 00 00 00 00 00  00 00 00 00 00 00 00 00  | ................
00000000000044C0 | 00 00 00 00 00 00 00 00  00 00 00 00 00 00 00 00  | ................
00000000000044D0 | 00 00 00 00 00 00 00 00  00 00 00 00 00 00 00 00  | ................
00000000000044E0 | 00 00 00 00 00 00 00 00  00 00 00 00 00 00 00 00  | ................
00000000000044F0 | 00 00 00 00 00 00 00 00  00 00 00 00 00 00 00 00  | ................
0000000000004500 | 00 00 00 00 00 00 00 00  00 00 00 00 00 00 00 00  | ................
0000000000004510 | 00 00 00 00 00 00 00 00  00 00 00 00 00 00 00 00  | ................
0000000000004520 | 00 00 00 00 00 00 00 00  00 00 00 00 00 00 00 00  | ................
0000000000004530 | 00 00 00 00 00 00 00 00  00 00 00 00 00 00 00 00  | ................
0000000000004540 | 00 00 00 00 00 00 00 00  00 00 00 00 00 00 00 00  | ................
0000000000004550 | 00 00 00 00 00 00 00 00  00 00 00 00 00 00 00 00  | ................
0000000000004560 | 00 00 00 00 00 00 00 00  00 00 00 00 00 00 00 00  | ................
0000000000004570 | 00 00 00 00 00 00 00 00  00 00 00 00 00 00 00 00  | ................
0000000000004580 | 00 00 00 00 00 00 00 00  00 00 00 00 00 00 00 00  | ................
0000000000004590 | 00 00 00 00 00 00 00 00  00 00 00 00 00 00 00 00  | ................
00000000000045A0 | 00 00 00 00 00 00 00 00  00 00 00 00 00 00 00 00  | ................
00000000000045B0 | 00 00 00 00 00 00 00 00  00 00 00 00 00 00 00 00  | ................
00000000000045C0 | 00 00 00 00 00 00 00 00  00 00 00 00 00 00 00 00  | ................
00000000000045D0 | 00 00 00 00 00 00 00 00  00 00 00 00 00 00 00 00  | ................
00000000000045E0 | 00 00 00 00 00 00 00 00  00 00 00 00 00 00 00 00  | ................
00000000000045F0 | 00 00 00 00 00 00 00 00  00 00 00 00 00 00 00 00  | ................
0000000000004600 | 00 00 00 00 00 00 00 00  00 00 00 00 00 00 00 00  | ................
0000000000004610 | 00 00 00 00 00 00 00 00  00 00 00 00 00 00 00 00  | ................
0000000000004620 | 00 00 00 00 00 00 00 00  00 00 00 00 00 00 00 00  | ................
0000000000004630 | 00 00 00 00 00 00 00 00  00 00 00 00 00 00 00 00  | ................
0000000000004640 | 00 00 00 00 00 00 00 00  00 00 00 00 00 00 00 00  | ................
0000000000004650 | 00 00 00 00 00 00 00 00  00 00 00 00 00 00 00 00  | ................
0000000000004660 | 00 00 00 00 00 00 00 00  00 00 00 00 00 00 00 00  | ................
0000000000004670 | 00 00 00 00 00 00 00 00  00 00 00 00 00 00 00 00  | ................
0000000000004680 | 00 00 00 00 00 00 00 00  00 00 00 00 00 00 00 00  | ................
0000000000004690 | 00 00 00 00 00 00 00 00  00 00 00 00 00 00 00 00  | ................
00000000000046A0 | 00 00 00 00 00 00 00 00  00 00 00 00 00 00 00 00  | ................
00000000000046B0 | 00 00 00 00 00 00 00 00  00 00 00 00 00 00 00 00  | ................
00000000000046C0 | 00 00 00 00 00 00 00 00  00 00 00 00 00 00 00 00  | ................
00000000000046D0 | 00 00 00 00 00 00 00 00  00 00 00 00 00 00 00 00  | ................
00000000000046E0 | 00 00 00 00 00 00 00 00  00 00 00 00 00 00 00 00  | ................
00000000000046F0 | 00 00 00 00 00 00 00 00  00 00 00 00 00 00 00 00  | ................
0000000000004700 | 00 00 00 00 00 00 00 00  00 00 00 00 00 00 00 00  | ................
0000000000004710 | 00 00 00 00 00 00 00 00  00 00 00 00 00 00 00 00  | ................
0000000000004720 | 00 00 00 00 00 00 00 00  00 00 00 00 00 00 00 00  | ................
0000000000004730 | 00 00 00 00 00 00 00 00  00 00 00 00 00 00 00 00  | ................
0000000000004740 | 00 00 00 00 00 00 00 00  00 00 00 00 00 00 00 00  | ................
0000000000004750 | 00 00 00 00 00 00 00 00  00 00 00 00 00 00 00 00  | ................
0000000000004760 | 00 00 00 00 00 00 00 00  00 00 00 00 00 00 00 00  | ................
0000000000004770 | 00 00 00 00 00 00 00 00  00 00 00 00 00 00 00 00  | ................
0000000000004780 | 00 00 00 00 00 00 00 00  00 00 00 00 00 00 00 00  | ................
0000000000004790 | 00 00 00 00 00 00 00 00  00 00 00 00 00 00 00 00  | ................
00000000000047A0 | 00 00 00 00 00 00 00 00  00 00 00 00 00 00 00 00  | ................
00000000000047B0 | 00 00 00 00 00 00 00 00  00 00 00 00 00 00 00 00  | ................
00000000000047C0 | 00 00 00 00 00 00 00 00  00 00 00 00 00 00 00 00  | ................
00000000000047D0 | 00 00 00 00 00 00 00 00  00 00 00 00 00 00 00 00  | ................
00000000000047E0 | 00 00 00 00 00 00 00 00  00 00 00 00 00 00 00 00  | ................
00000000000047F0 | 00 00 00 00 00 00 00 00  00 00 00 00 00 00 00 00  | ................
0000000000004800 | 00 00 00 00 00 00 00 00  00 00 00 00 00 00 00 00  | ................
0000000000004810 | 00 00 00 00 00 00 00 00  00 00 00 00 00 00 00 00  | ................
0000000000004820 | 00 00 00 00 00 00 00 00  00 00 00 00 00 00 00 00  | ................
0000000000004830 | 00 00 00 00 00 00 00 00  00 00 00 00 00 00 00 00  | ................
0000000000004840 | 00 00 00 00 00 00 00 00  00 00 00 00 00 00 00 00  | ................
0000000000004850 | 00 00 00 00 00 00 00 00  00 00 00 00 00 00 00 00  | ................
0000000000004860 | 00 00 00 00 00 00 00 00  00 00 00 00 00 00 00 00  | ................
0000000000004870 | 00 00 00 00 00 00 00 00  00 00 00 00 00 00 00 00  | ................
0000000000004880 | 00 00 00 00 00 00 00 00  00 00 00 00 00 00 00 00  | ................
0000000000004890 | 00 00 00 00 00 00 00 00  00 00 00 00 00 00 00 00  | ................
00000000000048A0 | 00 00 00 00 00 00 00 00  00 00 00 00 00 00 00 00  | ................
00000000000048B0 | 00 00 00 00 00 00 00 00  00 00 00 00 00 00 00 00  | ................
00000000000048C0 | 00 00 00 00 00 00 00 00  00 00 00 00 00 00 00 00  | ................
00000000000048D0 | 00 00 00 00 00 00 00 00  00 00 00 00 00 00 00 00  | ................
00000000000048E0 | 00 00 00 00 00 00 00 00  00 00 00 00 00 00 00 00  | ................
00000000000048F0 | 00 00 00 00 00 00 00 00  00 00 00 00 00 00 00 00  | ................
0000000000004900 | 00 00 00 00 00 00 00 00  00 00 00 00 00 00 00 00  | ................
0000000000004910 | 00 00 00 00 00 00 00 00  00 00 00 00 00 00 00 00  | ................
0000000000004920 | 00 00 00 00 00 00 00 00  00 00 00 00 00 00 00 00  | ................
0000000000004930 | 00 00 00 00 00 00 00 00  00 00 00 00 00 00 00 00  | ................
0000000000004940 | 00 00 00 00 00 00 00 00  00 00 00 00 00 00 00 00  | ................
0000000000004950 | 00 00 00 00 00 00 00 00  00 00 00 00 00 00 00 00  | ................
0000000000004960 | 00 00 00 00 00 00 00 00  00 00 00 00 00 00 00 00  | ................
0000000000004970 | 00 00 00 00 00 00 00 00  00 00 00 00 00 00 00 00  | ................
0000000000004980 | 00 00 00 00 00 00 00 00  00 00 00 00 00 00 00 00  | ................
0000000000004990 | 00 00 00 00 00 00 00 00  00 00 00 00 00 00 00 00  | ................
00000000000049A0 | 00 00 00 00 00 00 00 00  00 00 00 00 00 00 00 00  | ................
00000000000049B0 | 00 00 00 00 00 00 00 00  00 00 00 00 00 00 00 00  | ................
00000000000049C0 | 00 00 00 00 00 00 00 00  00 00 00 00 00 00 00 00  | ................
00000000000049D0 | 00 00 00 00 00 00 00 00  00 00 00 00 00 00 00 00  | ................
00000000000049E0 | 00 00 00 00 00 00 00 00  00 00 00 00 00 00 00 00  | ................
00000000000049F0 | 00 00 00 00 00 00 00 00  00 00 00 00 00 00 00 00  | ................
0000000000004A00 | 00 00 00 00 00 00 00 00  00 00 00 00 00 00 00 00  | ................
0000000000004A10 | 00 00 00 00 00 00 00 00  00 00 00 00 00 00 00 00  | ................
0000000000004A20 | 00 00 00 00 00 00 00 00  00 00 00 00 00 00 00 00  | ................
0000000000004A30 | 00 00 00 00 00 00 00 00  00 00 00 00 00 00 00 00  | ................
0000000000004A40 | 00 00 00 00 00 00 00 00  00 00 00 00 00 00 00 00  | ................
0000000000004A50 | 00 00 00 00 00 00 00 00  00 00 00 00 00 00 00 00  | ................
0000000000004A60 | 00 00 00 00 00 00 00 00  00 00 00 00 00 00 00 00  | ................
0000000000004A70 | 00 00 00 00 00 00 00 00  00 00 00 00 00 00 00 00  | ................
0000000000004A80 | 00 00 00 00 00 00 00 00  00 00 00 00 00 00 00 00  | ................
0000000000004A90 | 00 00 00 00 00 00 00 00  00 00 00 00 00 00 00 00  | ................
0000000000004AA0 | 00 00 00 00 00 00 00 00  00 00 00 00 00 00 00 00  | ................
0000000000004AB0 | 00 00 00 00 00 00 00 00  00 00 00 00 00 00 00 00  | ................
0000000000004AC0 | 00 00 00 00 00 00 00 00  00 00 00 00 00 00 00 00  | ................
0000000000004AD0 | 00 00 00 00 00 00 00 00  00 00 00 00 00 00 00 00  | ................
0000000000004AE0 | 00 00 00 00 00 00 00 00  00 00 00 00 00 00 00 00  | ................
0000000000004AF0 | 00 00 00 00 00 00 00 00  00 00 00 00 00 00 00 00  | ................
0000000000004B00 | 00 00 00 00 00 00 00 00  00 00 00 00 00 00 00 00  | ................
0000000000004B10 | 00 00 00 00 00 00 00 00  00 00 00 00 00 00 00 00  | ................
0000000000004B20 | 00 00 00 00 00 00 00 00  00 00 00 00 00 00 00 00  | ................
0000000000004B30 | 00 00 00 00 00 00 00 00  00 00 00 00 00 00 00 00  | ................
0000000000004B40 | 00 00 00 00 00 00 00 00  00 00 00 00 00 00 00 00  | ................
0000000000004B50 | 00 00 00 00 00 00 00 00  00 00 00 00 00 00 00 00  | ................
0000000000004B60 | 00 00 00 00 00 00 00 00  00 00 00 00 00 00 00 00  | ................
0000000000004B70 | 00 00 00 00 00 00 00 00  00 00 00 00 00 00 00 00  | ................
0000000000004B80 | 00 00 00 00 00 00 00 00  00 00 00 00 00 00 00 00  | ................
0000000000004B90 | 00 00 00 00 00 00 00 00  00 00 00 00 00 00 00 00  | ................
0000000000004BA0 | 00 00 00 00 00 00 00 00  00 00 00 00 00 00 00 00  | ................
0000000000004BB0 | 00 00 00 00 00 00 00 00  00 00 00 00 00 00 00 00  | ................
0000000000004BC0 | 00 00 00 00 00 00 00 00  00 00 00 00 00 00 00 00  | ................
0000000000004BD0 | 00 00 00 00 00 00 00 00  00 00 00 00 00 00 00 00  | ................
0000000000004BE0 | 00 00 00 00 00 00 00 00  00 00 00 00 00 00 00 00  | ................
0000000000004BF0 | 00 00 00 00 00 00 00 00  00 00 00 00 00 00 00 00  | ................
0000000000004C00 | 00 00 00 00 00 00 00 00  00 00 00 00 00 00 00 00  | ................
0000000000004C10 | 00 00 00 00 00 00 00 00  00 00 00 00 00 00 00 00  | ................
0000000000004C20 | 00 00 00 00 00 00 00 00  00 00 00 00 00 00 00 00  | ................
0000000000004C30 | 00 00 00 00 00 00 00 00  00 00 00 00 00 00 00 00  | ................
0000000000004C40 | 00 00 00 00 00 00 00 00  00 00 00 00 00 00 00 00  | ................
0000000000004C50 | 00 00 00 00 00 00 00 00  00 00 00 00 00 00 00 00  | ................
0000000000004C60 | 00 00 00 00 00 00 00 00  00 00 00 00 00 00 00 00  | ................
0000000000004C70 | 00 00 00 00 00 00 00 00  00 00 00 00 00 00 00 00  | ................
0000000000004C80 | 00 00 00 00 00 00 00 00  00 00 00 00 00 00 00 00  | ................
0000000000004C90 | 00 00 00 00 00 00 00 00  00 00 00 00 00 00 00 00  | ................
0000000000004CA0 | 00 00 00 00 00 00 00 00  00 00 00 00 00 00 00 00  | ................
0000000000004CB0 | 00 00 00 00 00 00 00 00  00 00 00 00 00 00 00 00  | ................
0000000000004CC0 | 00 00 00 00 00 00 00 00  00 00 00 00 00 00 00 00  | ................
0000000000004CD0 | 00 00 00 00 00 00 00 00  00 00 00 00 00 00 00 00  | ................
0000000000004CE0 | 00 00 00 00 00 00 00 00  00 00 00 00 00 00 00 00  | ................
0000000000004CF0 | 00 00 00 00 00 00 00 00  00 00 00 00 00 00 00 00  | ................
0000000000004D00 | 00 00 00 00 00 00 00 00  00 00 00 00 00 00 00 00  | ................
0000000000004D10 | 00 00 00 00 00 00 00 00  00 00 00 00 00 00 00 00  | ................
0000000000004D20 | 00 00 00 00 00 00 00 00  00 00 00 00 00 00 00 00  | ................
0000000000004D30 | 00 00 00 00 00 00 00 00  00 00 00 00 00 00 00 00  | ................
0000000000004D40 | 00 00 00 00 00 00 00 00  00 00 00 00 00 00 00 00  | ................
0000000000004D50 | 00 00 00 00 00 00 00 00  00 00 00 00 00 00 00 00  | ................
0000000000004D60 | 00 00 00 00 00 00 00 00  00 00 00 00 00 00 00 00  | ................
0000000000004D70 | 00 00 00 00 00 00 00 00  00 00 00 00 00 00 00 00  | ................
0000000000004D80 | 00 00 00 00 00 00 00 00  00 00 00 00 00 00 00 00  | ................
0000000000004D90 | 00 00 00 00 00 00 00 00  00 00 00 00 00 00 00 00  | ................
0000000000004DA0 | 00 00 00 00 00 00 00 00  00 00 00 00 00 00 00 00  | ................
0000000000004DB0 | 00 00 00 00 00 00 00 00  00 00 00 00 00 00 00 00  | ................
0000000000004DC0 | 00 00 00 00 00 00 00 00  00 00 00 00 00 00 00 00  | ................
0000000000004DD0 | 00 00 00 00 00 00 00 00  00 00 00 00 00 00 00 00  | ................
0000000000004DE0 | 00 00 00 00 00 00 00 00  00 00 00 00 00 00 00 00  | ................
0000000000004DF0 | 00 00 00 00 00 00 00 00  00 00 00 00 00 00 00 00  | ................
0000000000004E00 | 00 00 00 00 00 00 00 00  00 00 00 00 00 00 00 00  | ................
0000000000004E10 | 00 00 00 00 00 00 00 00  00 00 00 00 00 00 00 00  | ................
0000000000004E20 | 00 00 00 00 00 00 00 00  00 00 00 00 00 00 00 00  | ................
0000000000004E30 | 00 00 00 00 00 00 00 00  00 00 00 00 00 00 00 00  | ................
0000000000004E40 | 00 00 00 00 00 00 00 00  00 00 00 00 00 00 00 00  | ................
0000000000004E50 | 00 00 00 00 00 00 00 00  00 00 00 00 00 00 00 00  | ................
0000000000004E60 | 00 00 00 00 00 00 00 00  00 00 00 00 00 00 00 00  | ................
0000000000004E70 | 00 00 00 00 00 00 00 00  00 00 00 00 00 00 00 00  | ................
0000000000004E80 | 00 00 00 00 00 00 00 00  00 00 00 00 00 00 00 00  | ................
0000000000004E90 | 00 00 00 00 00 00 00 00  00 00 00 00 00 00 00 00  | ................
0000000000004EA0 | 00 00 00 00 00 00 00 00  00 00 00 00 00 00 00 00  | ................
0000000000004EB0 | 00 00 00 00 00 00 00 00  00 00 00 00 00 00 00 00  | ................
0000000000004EC0 | 00 00 00 00 00 00 00 00  00 00 00 00 00 00 00 00  | ................
0000000000004ED0 | 00 00 00 00 00 00 00 00  00 00 00 00 00 00 00 00  | ................
0000000000004EE0 | 00 00 00 00 00 00 00 00  00 00 00 00 00 00 00 00  | ................
0000000000004EF0 | 00 00 00 00 00 00 00 00  00 00 00 00 00 00 00 00  | ................
0000000000004F00 | 00 00 00 00 00 00 00 00  00 00 00 00 00 00 00 00  | ................
0000000000004F10 | 00 00 00 00 00 00 00 00  00 00 00 00 00 00 00 00  | ................
0000000000004F20 | 00 00 00 00 00 00 00 00  00 00 00 00 00 00 00 00  | ................
0000000000004F30 | 00 00 00 00 00 00 00 00  00 00 00 00 00 00 00 00  | ................
0000000000004F40 | 00 00 00 00 00 00 00 00  00 00 00 00 00 00 00 00  | ................
0000000000004F50 | 00 00 00 00 00 00 00 00  00 00 00 00 00 00 00 00  | ................
0000000000004F60 | 00 00 00 00 00 00 00 00  00 00 00 00 00 00 00 00  | ................
0000000000004F70 | 00 00 00 00 00 00 00 00  00 00 00 00 00 00 00 00  | ................
0000000000004F80 | 00 00 00 00 00 00 00 00  00 00 00 00 00 00 00 00  | ................
0000000000004F90 | 00 00 00 00 00 00 00 00  00 00 00 00 00 00 00 00  | ................
0000000000004FA0 | 00 00 00 00 00 00 00 00  00 00 00 00 00 00 00 00  | ................
0000000000004FB0 | 00 00 00 00 00 00 00 00  00 00 00 00 00 00 00 00  | ................
0000000000004FC0 | 00 00 00 00 00 00 00 00  00 00 00 00 00 00 00 00  | ................
0000000000004FD0 | 00 00 00 00 00 00 00 00  00 00 00 00 00 00 00 00  | ................
0000000000004FE0 | 00 00 00 00 00 00 00 00  00 00 00 00 00 00 00 00  | ................
0000000000004FF0 | 00 00 00 00 00 00 00 00  00 00 00 00 00 00 00 00  | ................
0000000000005000 | 00 00 00 00 00 00 00 00  00 00 00 00 00 00 00 00  | ................
0000000000005010 | 00 00 00 00 00 00 00 00  00 00 00 00 00 00 00 00  | ................
0000000000005020 | 00 00 00 00 00 00 00 00  00 00 00 00 00 00 00 00  | ................
0000000000005030 | 00 00 00 00 00 00 00 00  00 00 00 00 00 00 00 00  | ................
0000000000005040 | 00 00 00 00 00 00 00 00  00 00 00 00 00 00 00 00  | ................
0000000000005050 | 00 00 00 00 00 00 00 00  00 00 00 00 00 00 00 00  | ................
0000000000005060 | 00 00 00 00 00 00 00 00  00 00 00 00 00 00 00 00  | ................
0000000000005070 | 00 00 00 00 00 00 00 00  00 00 00 00 00 00 00 00  | ................
0000000000005080 | 00 00 00 00 00 00 00 00  00 00 00 00 00 00 00 00  | ................
0000000000005090 | 00 00 00 00 00 00 00 00  00 00 00 00 00 00 00 00  | ................
00000000000050A0 | 00 00 00 00 00 00 00 00  00 00 00 00 00 00 00 00  | ................
00000000000050B0 | 00 00 00 00 00 00 00 00  00 00 00 00 00 00 00 00  | ................
00000000000050C0 | 00 00 00 00 00 00 00 00  00 00 00 00 00 00 00 00  | ................
00000000000050D0 | 00 00 00 00 00 00 00 00  00 00 00 00 00 00 00 00  | ................
00000000000050E0 | 00 00 00 00 00 00 00 00  00 00 00 00 00 00 00 00  | ................
00000000000050F0 | 00 00 00 00 00 00 00 00  00 00 00 00 00 00 00 00  | ................
0000000000005100 | 00 00 00 00 00 00 00 00  00 00 00 00 00 00 00 00  | ................
0000000000005110 | 00 00 00 00 00 00 00 00  00 00 00 00 00 00 00 00  | ................
0000000000005120 | 00 00 00 00 00 00 00 00  00 00 00 00 00 00 00 00  | ................
0000000000005130 | 00 00 00 00 00 00 00 00  00 00 00 00 00 00 00 00  | ................
0000000000005140 | 00 00 00 00 00 00 00 00  00 00 00 00 00 00 00 00  | ................
0000000000005150 | 00 00 00 00 00 00 00 00  00 00 00 00 00 00 00 00  | ................
0000000000005160 | 00 00 00 00 00 00 00 00  00 00 00 00 00 00 00 00  | ................
0000000000005170 | 00 00 00 00 00 00 00 00  00 00 00 00 00 00 00 00  | ................
0000000000005180 | 00 00 00 00 00 00 00 00  00 00 00 00 00 00 00 00  | ................
0000000000005190 | 00 00 00 00 00 00 00 00  00 00 00 00 00 00 00 00  | ................
00000000000051A0 | 00 00 00 00 00 00 00 00  00 00 00 00 00 00 00 00  | ................
00000000000051B0 | 00 00 00 00 00 00 00 00  00 00 00 00 00 00 00 00  | ................
00000000000051C0 | 00 00 00 00 00 00 00 00  00 00 00 00 00 00 00 00  | ................
00000000000051D0 | 00 00 00 00 00 00 00 00  00 00 00 00 00 00 00 00  | ................
00000000000051E0 | 00 00 00 00 00 00 00 00  00 00 00 00 00 00 00 00  | ................
00000000000051F0 | 00 00 00 00 00 00 00 00  00 00 00 00 00 00 00 00  | ................
0000000000005200 | 00 00 00 00 00 00 00 00  00 00 00 00 00 00 00 00  | ................
0000000000005210 | 00 00 00 00 00 00 00 00  00 00 00 00 00 00 00 00  | ................
0000000000005220 | 00 00 00 00 00 00 00 00  00 00 00 00 00 00 00 00  | ................
0000000000005230 | 00 00 00 00 00 00 00 00  00 00 00 00 00 00 00 00  | ................
0000000000005240 | 00 00 00 00 00 00 00 00  00 00 00 00 00 00 00 00  | ................
0000000000005250 | 00 00 00 00 00 00 00 00  00 00 00 00 00 00 00 00  | ................
0000000000005260 | 00 00 00 00 00 00 00 00  00 00 00 00 00 00 00 00  | ................
0000000000005270 | 00 00 00 00 00 00 00 00  00 00 00 00 00 00 00 00  | ................
0000000000005280 | 00 00 00 00 00 00 00 00  00 00 00 00 00 00 00 00  | ................
0000000000005290 | 00 00 00 00 00 00 00 00  00 00 00 00 00 00 00 00  | ................
00000000000052A0 | 00 00 00 00 00 00 00 00  00 00 00 00 00 00 00 00  | ................
00000000000052B0 | 00 00 00 00 00 00 00 00  00 00 00 00 00 00 00 00  | ................
00000000000052C0 | 00 00 00 00 00 00 00 00  00 00 00 00 00 00 00 00  | ................
00000000000052D0 | 00 00 00 00 00 00 00 00  00 00 00 00 00 00 00 00  | ................
00000000000052E0 | 00 00 00 00 00 00 00 00  00 00 00 00 00 00 00 00  | ................
00000000000052F0 | 00 00 00 00 00 00 00 00  00 00 00 00 00 00 00 00  | ................
0000000000005300 | 00 00 00 00 00 00 00 00  00 00 00 00 00 00 00 00  | ................
0000000000005310 | 00 00 00 00 00 00 00 00  00 00 00 00 00 00 00 00  | ................
0000000000005320 | 00 00 00 00 00 00 00 00  00 00 00 00 00 00 00 00  | ................
0000000000005330 | 00 00 00 00 00 00 00 00  00 00 00 00 00 00 00 00  | ................
0000000000005340 | 00 00 00 00 00 00 00 00  00 00 00 00 00 00 00 00  | ................
0000000000005350 | 00 00 00 00 00 00 00 00  00 00 00 00 00 00 00 00  | ................
0000000000005360 | 00 00 00 00 00 00 00 00  00 00 00 00 00 00 00 00  | ................
0000000000005370 | 00 00 00 00 00 00 00 00  00 00 00 00 00 00 00 00  | ................
0000000000005380 | 00 00 00 00 00 00 00 00  00 00 00 00 00 00 00 00  | ................
0000000000005390 | 00 00 00 00 00 00 00 00  00 00 00 00 00 00 00 00  | ................
00000000000053A0 | 00 00 00 00 00 00 00 00  00 00 00 00 00 00 00 00  | ................
00000000000053B0 | 00 00 00 00 00 00 00 00  00 00 00 00 00 00 00 00  | ................
00000000000053C0 | 00 00 00 00 00 00 00 00  00 00 00 00 00 00 00 00  | ................
00000000000053D0 | 00 00 00 00 00 00 00 00  00 00 00 00 00 00 00 00  | ................
00000000000053E0 | 00 00 00 00 00 00 00 00  00 00 00 00 00 00 00 00  | ................
00000000000053F0 | 00 00 00 00 00 00 00 00  00 00 00 00 00 00 00 00  | ................
0000000000005400 | 00 00 00 00 00 00 00 00  00 00 00 00 00 00 00 00  | ................
0000000000005410 | 00 00 00 00 00 00 00 00  00 00 00 00 00 00 00 00  | ................
0000000000005420 | 00 00 00 00 00 00 00 00  00 00 00 00 00 00 00 00  | ................
0000000000005430 | 00 00 00 00 00 00 00 00  00 00 00 00 00 00 00 00  | ................
0000000000005440 | 00 00 00 00 00 00 00 00  00 00 00 00 00 00 00 00  | ................
0000000000005450 | 00 00 00 00 00 00 00 00  00 00 00 00 00 00 00 00  | ................
0000000000005460 | 00 00 00 00 00 00 00 00  00 00 00 00 00 00 00 00  | ................
0000000000005470 | 00 00 00 00 00 00 00 00  00 00 00 00 00 00 00 00  | ................
0000000000005480 | 00 00 00 00 00 00 00 00  00 00 00 00 00 00 00 00  | ................
0000000000005490 | 00 00 00 00 00 00 00 00  00 00 00 00 00 00 00 00  | ................
00000000000054A0 | 00 00 00 00 00 00 00 00  00 00 00 00 00 00 00 00  | ................
00000000000054B0 | 00 00 00 00 00 00 00 00  00 00 00 00 00 00 00 00  | ................
00000000000054C0 | 00 00 00 00 00 00 00 00  00 00 00 00 00 00 00 00  | ................
00000000000054D0 | 00 00 00 00 00 00 00 00  00 00 00 00 00 00 00 00  | ................
00000000000054E0 | 00 00 00 00 00 00 00 00  00 00 00 00 00 00 00 00  | ................
00000000000054F0 | 00 00 00 00 00 00 00 00  00 00 00 00 00 00 00 00  | ................
0000000000005500 | 00 00 00 00 00 00 00 00  00 00 00 00 00 00 00 00  | ................
0000000000005510 | 00 00 00 00 00 00 00 00  00 00 00 00 00 00 00 00  | ................
0000000000005520 | 00 00 00 00 00 00 00 00  00 00 00 00 00 00 00 00  | ................
0000000000005530 | 00 00 00 00 00 00 00 00  00 00 00 00 00 00 00 00  | ................
0000000000005540 | 00 00 00 00 00 00 00 00  00 00 00 00 00 00 00 00  | ................
0000000000005550 | 00 00 00 00 00 00 00 00  00 00 00 00 00 00 00 00  | ................
0000000000005560 | 00 00 00 00 00 00 00 00  00 00 00 00 00 00 00 00  | ................
0000000000005570 | 00 00 00 00 00 00 00 00  00 00 00 00 00 00 00 00  | ................
0000000000005580 | 00 00 00 00 00 00 00 00  00 00 00 00 00 00 00 00  | ................
0000000000005590 | 00 00 00 00 00 00 00 00  00 00 00 00 00 00 00 00  | ................
00000000000055A0 | 00 00 00 00 00 00 00 00  00 00 00 00 00 00 00 00  | ................
00000000000055B0 | 00 00 00 00 00 00 00 00  00 00 00 00 00 00 00 00  | ................
00000000000055C0 | 00 00 00 00 00 00 00 00  00 00 00 00 00 00 00 00  | ................
00000000000055D0 | 00 00 00 00 00 00 00 00  00 00 00 00 00 00 00 00  | ................
00000000000055E0 | 00 00 00 00 00 00 00 00  00 00 00 00 00 00 00 00  | ................
00000000000055F0 | 00 00 00 00 00 00 00 00  00 00 00 00 00 00 00 00  | ................
0000000000005600 | 00 00 00 00 00 00 00 00  00 00 00 00 00 00 00 00  | ................
0000000000005610 | 00 00 00 00 00 00 00 00  00 00 00 00 00 00 00 00  | ................
0000000000005620 | 00 00 00 00 00 00 00 00  00 00 00 00 00 00 00 00  | ................
0000000000005630 | 00 00 00 00 00 00 00 00  00 00 00 00 00 00 00 00  | ................
0000000000005640 | 00 00 00 00 00 00 00 00  00 00 00 00 00 00 00 00  | ................
0000000000005650 | 00 00 00 00 00 00 00 00  00 00 00 00 00 00 00 00  | ................
0000000000005660 | 00 00 00 00 00 00 00 00  00 00 00 00 00 00 00 00  | ................
0000000000005670 | 00 00 00 00 00 00 00 00  00 00 00 00 00 00 00 00  | ................
0000000000005680 | 00 00 00 00 00 00 00 00  00 00 00 00 00 00 00 00  | ................
0000000000005690 | 00 00 00 00 00 00 00 00  00 00 00 00 00 00 00 00  | ................
00000000000056A0 | 00 00 00 00 00 00 00 00  00 00 00 00 00 00 00 00  | ................
00000000000056B0 | 00 00 00 00 00 00 00 00  00 00 00 00 00 00 00 00  | ................
00000000000056C0 | 00 00 00 00 00 00 00 00  00 00 00 00 00 00 00 00  | ................
00000000000056D0 | 00 00 00 00 00 00 00 00  00 00 00 00 00 00 00 00  | ................
00000000000056E0 | 00 00 00 00 00 00 00 00  00 00 00 00 00 00 00 00  | ................
00000000000056F0 | 00 00 00 00 00 00 00 00  00 00 00 00 00 00 00 00  | ................
0000000000005700 | 00 00 00 00 00 00 00 00  00 00 00 00 00 00 00 00  | ................
0000000000005710 | 00 00 00 00 00 00 00 00  00 00 00 00 00 00 00 00  | ................
0000000000005720 | 00 00 00 00 00 00 00 00  00 00 00 00 00 00 00 00  | ................
0000000000005730 | 00 00 00 00 00 00 00 00  00 00 00 00 00 00 00 00  | ................
0000000000005740 | 00 00 00 00 00 00 00 00  00 00 00 00 00 00 00 00  | ................
0000000000005750 | 00 00 00 00 00 00 00 00  00 00 00 00 00 00 00 00  | ................
0000000000005760 | 00 00 00 00 00 00 00 00  00 00 00 00 00 00 00 00  | ................
0000000000005770 | 00 00 00 00 00 00 00 00  00 00 00 00 00 00 00 00  | ................
0000000000005780 | 00 00 00 00 00 00 00 00  00 00 00 00 00 00 00 00  | ................
0000000000005790 | 00 00 00 00 00 00 00 00  00 00 00 00 00 00 00 00  | ................
00000000000057A0 | 00 00 00 00 00 00 00 00  00 00 00 00 00 00 00 00  | ................
00000000000057B0 | 00 00 00 00 00 00 00 00  00 00 00 00 00 00 00 00  | ................
00000000000057C0 | 00 00 00 00 00 00 00 00  00 00 00 00 00 00 00 00  | ................
00000000000057D0 | 00 00 00 00 00 00 00 00  00 00 00 00 00 00 00 00  | ................
00000000000057E0 | 00 00 00 00 00 00 00 00  00 00 00 00 00 00 00 00  | ................
00000000000057F0 | 00 00 00 00 00 00 00 00  00 00 00 00 00 00 00 00  | ................
0000000000005800 | 00 00 00 00 00 00 00 00  00 00 00 00 00 00 00 00  | ................
0000000000005810 | 00 00 00 00 00 00 00 00  00 00 00 00 00 00 00 00  | ................
0000000000005820 | 00 00 00 00 00 00 00 00  00 00 00 00 00 00 00 00  | ................
0000000000005830 | 00 00 00 00 00 00 00 00  00 00 00 00 00 00 00 00  | ................
0000000000005840 | 00 00 00 00 00 00 00 00  00 00 00 00 00 00 00 00  | ................
0000000000005850 | 00 00 00 00 00 00 00 00  00 00 00 00 00 00 00 00  | ................
0000000000005860 | 00 00 00 00 00 00 00 00  00 00 00 00 00 00 00 00  | ................
0000000000005870 | 00 00 00 00 00 00 00 00  00 00 00 00 00 00 00 00  | ................
0000000000005880 | 00 00 00 00 00 00 00 00  00 00 00 00 00 00 00 00  | ................
0000000000005890 | 00 00 00 00 00 00 00 00  00 00 00 00 00 00 00 00  | ................
00000000000058A0 | 00 00 00 00 00 00 00 00  00 00 00 00 00 00 00 00  | ................
00000000000058B0 | 00 00 00 00 00 00 00 00  00 00 00 00 00 00 00 00  | ................
00000000000058C0 | 00 00 00 00 00 00 00 00  00 00 00 00 00 00 00 00  | ................
00000000000058D0 | 00 00 00 00 00 00 00 00  00 00 00 00 00 00 00 00  | ................
00000000000058E0 | 00 00 00 00 00 00 00 00  00 00 00 00 00 00 00 00  | ................
00000000000058F0 | 00 00 00 00 00 00 00 00  00 00 00 00 00 00 00 00  | ................
0000000000005900 | 00 00 00 00 00 00 00 00  00 00 00 00 00 00 00 00  | ................
0000000000005910 | 00 00 00 00 00 00 00 00  00 00 00 00 00 00 00 00  | ................
0000000000005920 | 00 00 00 00 00 00 00 00  00 00 00 00 00 00 00 00  | ................
0000000000005930 | 00 00 00 00 00 00 00 00  00 00 00 00 00 00 00 00  | ................
0000000000005940 | 00 00 00 00 00 00 00 00  00 00 00 00 00 00 00 00  | ................
0000000000005950 | 00 00 00 00 00 00 00 00  00 00 00 00 00 00 00 00  | ................
0000000000005960 | 00 00 00 00 00 00 00 00  00 00 00 00 00 00 00 00  | ................
0000000000005970 | 00 00 00 00 00 00 00 00  00 00 00 00 00 00 00 00  | ................
0000000000005980 | 00 00 00 00 00 00 00 00  00 00 00 00 00 00 00 00  | ................
0000000000005990 | 00 00 00 00 00 00 00 00  00 00 00 00 00 00 00 00  | ................
00000000000059A0 | 00 00 00 00 00 00 00 00  00 00 00 00 00 00 00 00  | ................
00000000000059B0 | 00 00 00 00 00 00 00 00  00 00 00 00 00 00 00 00  | ................
00000000000059C0 | 00 00 00 00 00 00 00 00  00 00 00 00 00 00 00 00  | ................
00000000000059D0 | 00 00 00 00 00 00 00 00  00 00 00 00 00 00 00 00  | ................
00000000000059E0 | 00 00 00 00 00 00 00 00  00 00 00 00 00 00 00 00  | ................
00000000000059F0 | 00 00 00 00 00 00 00 00  00 00 00 00 00 00 00 00  | ................
0000000000005A00 | 00 00 00 00 00 00 00 00  00 00 00 00 00 00 00 00  | ................
0000000000005A10 | 00 00 00 00 00 00 00 00  00 00 00 00 00 00 00 00  | ................
0000000000005A20 | 00 00 00 00 00 00 00 00  00 00 00 00 00 00 00 00  | ................
0000000000005A30 | 00 00 00 00 00 00 00 00  00 00 00 00 00 00 00 00  | ................
0000000000005A40 | 00 00 00 00 00 00 00 00  00 00 00 00 00 00 00 00  | ................
0000000000005A50 | 00 00 00 00 00 00 00 00  00 00 00 00 00 00 00 00  | ................
0000000000005A60 | 00 00 00 00 00 00 00 00  00 00 00 00 00 00 00 00  | ................
0000000000005A70 | 00 00 00 00 00 00 00 00  00 00 00 00 00 00 00 00  | ................
0000000000005A80 | 00 00 00 00 00 00 00 00  00 00 00 00 00 00 00 00  | ................
0000000000005A90 | 00 00 00 00 00 00 00 00  00 00 00 00 00 00 00 00  | ................
0000000000005AA0 | 00 00 00 00 00 00 00 00  00 00 00 00 00 00 00 00  | ................
0000000000005AB0 | 00 00 00 00 00 00 00 00  00 00 00 00 00 00 00 00  | ................
0000000000005AC0 | 00 00 00 00 00 00 00 00  00 00 00 00 00 00 00 00  | ................
0000000000005AD0 | 00 00 00 00 00 00 00 00  00 00 00 00 00 00 00 00  | ................
0000000000005AE0 | 00 00 00 00 00 00 00 00  00 00 00 00 00 00 00 00  | ................
0000000000005AF0 | 00 00 00 00 00 00 00 00  00 00 00 00 00 00 00 00  | ................
0000000000005B00 | 00 00 00 00 00 00 00 00  00 00 00 00 00 00 00 00  | ................
0000000000005B10 | 00 00 00 00 00 00 00 00  00 00 00 00 00 00 00 00  | ................
0000000000005B20 | 00 00 00 00 00 00 00 00  00 00 00 00 00 00 00 00  | ................
0000000000005B30 | 00 00 00 00 00 00 00 00  00 00 00 00 00 00 00 00  | ................
0000000000005B40 | 00 00 00 00 00 00 00 00  00 00 00 00 00 00 00 00  | ................
0000000000005B50 | 00 00 00 00 00 00 00 00  00 00 00 00 00 00 00 00  | ................
0000000000005B60 | 00 00 00 00 00 00 00 00  00 00 00 00 00 00 00 00  | ................
0000000000005B70 | 00 00 00 00 00 00 00 00  00 00 00 00 00 00 00 00  | ................
0000000000005B80 | 00 00 00 00 00 00 00 00  00 00 00 00 00 00 00 00  | ................
0000000000005B90 | 00 00 00 00 00 00 00 00  00 00 00 00 00 00 00 00  | ................
0000000000005BA0 | 00 00 00 00 00 00 00 00  00 00 00 00 00 00 00 00  | ................
0000000000005BB0 | 00 00 00 00 00 00 00 00  00 00 00 00 00 00 00 00  | ................
0000000000005BC0 | 00 00 00 00 00 00 00 00  00 00 00 00 00 00 00 00  | ................
0000000000005BD0 | 00 00 00 00 00 00 00 00  00 00 00 00 00 00 00 00  | ................
0000000000005BE0 | 00 00 00 00 00 00 00 00  00 00 00 00 00 00 00 00  | ................
0000000000005BF0 | 00 00 00 00 00 00 00 00  00 00 00 00 00 00 00 00  | ................
0000000000005C00 | 00 00 00 00 00 00 00 00  00 00 00 00 00 00 00 00  | ................
0000000000005C10 | 00 00 00 00 00 00 00 00  00 00 00 00 00 00 00 00  | ................
0000000000005C20 | 00 00 00 00 00 00 00 00  00 00 00 00 00 00 00 00  | ................
0000000000005C30 | 00 00 00 00 00 00 00 00  00 00 00 00 00 00 00 00  | ................
0000000000005C40 | 00 00 00 00 00 00 00 00  00 00 00 00 00 00 00 00  | ................
0000000000005C50 | 00 00 00 00 00 00 00 00  00 00 00 00 00 00 00 00  | ................
0000000000005C60 | 00 00 00 00 00 00 00 00  00 00 00 00 00 00 00 00  | ................
0000000000005C70 | 00 00 00 00 00 00 00 00  00 00 00 00 00 00 00 00  | ................
0000000000005C80 | 00 00 00 00 00 00 00 00  00 00 00 00 00 00 00 00  | ................
0000000000005C90 | 00 00 00 00 00 00 00 00  00 00 00 00 00 00 00 00  | ................
0000000000005CA0 | 00 00 00 00 00 00 00 00  00 00 00 00 00 00 00 00  | ................
0000000000005CB0 | 00 00 00 00 00 00 00 00  00 00 00 00 00 00 00 00  | ................
0000000000005CC0 | 00 00 00 00 00 00 00 00  00 00 00 00 00 00 00 00  | ................
0000000000005CD0 | 00 00 00 00 00 00 00 00  00 00 00 00 00 00 00 00  | ................
0000000000005CE0 | 00 00 00 00 00 00 00 00  00 00 00 00 00 00 00 00  | ................
0000000000005CF0 | 00 00 00 00 00 00 00 00  00 00 00 00 00 00 00 00  | ................
