# Memory dump: 0x100000000 - 0x100005450
# Segment: HEADER
#============================================================================

# Address        | Hex Bytes                                       | ASCII
#----------------------------------------------------------------------------
0000000100000000 | CF FA ED FE 0C 00 00 01  00 00 00 00 02 00 00 00  | ................
0000000100000010 | 22 00 00 00 00 10 00 00  85 00 20 00 00 00 00 00  | "......... .....
0000000100000020 | 19 00 00 00 48 00 00 00  5F 5F 50 41 47 45 5A 45  | ....H...__PAGEZE
0000000100000030 | 52 4F 00 00 00 00 00 00  00 00 00 00 00 00 00 00  | RO..............
0000000100000040 | 00 00 00 00 01 00 00 00  00 00 00 00 00 00 00 00  | ................
0000000100000050 | 00 00 00 00 00 00 00 00  00 00 00 00 00 00 00 00  | ................
0000000100000060 | 00 00 00 00 00 00 00 00  19 00 00 00 B8 03 00 00  | ................
0000000100000070 | 5F 5F 54 45 58 54 00 00  00 00 00 00 00 00 00 00  | __TEXT..........
0000000100000080 | 00 00 00 00 01 00 00 00  00 80 1E 00 00 00 00 00  | ................
0000000100000090 | 00 00 00 00 00 00 00 00  00 80 1E 00 00 00 00 00  | ................
00000001000000A0 | 05 00 00 00 05 00 00 00  0B 00 00 00 00 00 00 00  | ................
00000001000000B0 | 5F 5F 74 65 78 74 00 00  00 00 00 00 00 00 00 00  | __text..........
00000001000000C0 | 5F 5F 54 45 58 54 00 00  00 00 00 00 00 00 00 00  | __TEXT..........
00000001000000D0 | 50 54 00 00 01 00 00 00  F0 F7 1D 00 00 00 00 00  | PT..............
00000001000000E0 | 50 54 00 00 02 00 00 00  00 00 00 00 00 00 00 00  | PT..............
00000001000000F0 | 00 04 00 80 00 00 00 00  00 00 00 00 00 00 00 00  | ................
0000000100000100 | 5F 5F 73 74 75 62 73 00  00 00 00 00 00 00 00 00  | __stubs.........
0000000100000110 | 5F 5F 54 45 58 54 00 00  00 00 00 00 00 00 00 00  | __TEXT..........
0000000100000120 | 40 4C 1E 00 01 00 00 00  74 07 00 00 00 00 00 00  | @L......t.......
0000000100000130 | 40 4C 1E 00 02 00 00 00  00 00 00 00 00 00 00 00  | @L..............
0000000100000140 | 08 04 00 80 00 00 00 00  0C 00 00 00 00 00 00 00  | ................
0000000100000150 | 5F 5F 73 74 75 62 5F 68  65 6C 70 65 72 00 00 00  | __stub_helper...
0000000100000160 | 5F 5F 54 45 58 54 00 00  00 00 00 00 00 00 00 00  | __TEXT..........
0000000100000170 | B4 53 1E 00 01 00 00 00  8C 07 00 00 00 00 00 00  | .S..............
0000000100000180 | B4 53 1E 00 02 00 00 00  00 00 00 00 00 00 00 00  | .S..............
0000000100000190 | 00 04 00 80 00 00 00 00  00 00 00 00 00 00 00 00  | ................
00000001000001A0 | 5F 5F 63 6F 6E 73 74 00  00 00 00 00 00 00 00 00  | __const.........
00000001000001B0 | 5F 5F 54 45 58 54 00 00  00 00 00 00 00 00 00 00  | __TEXT..........
00000001000001C0 | 40 5B 1E 00 01 00 00 00  99 00 00 00 00 00 00 00  | @[..............
00000001000001D0 | 40 5B 1E 00 04 00 00 00  00 00 00 00 00 00 00 00  | @[..............
00000001000001E0 | 00 00 00 00 00 00 00 00  00 00 00 00 00 00 00 00  | ................
00000001000001F0 | 5F 5F 63 73 74 72 69 6E  67 00 00 00 00 00 00 00  | __cstring.......
0000000100000200 | 5F 5F 54 45 58 54 00 00  00 00 00 00 00 00 00 00  | __TEXT..........
0000000100000210 | D9 5B 1E 00 01 00 00 00  B7 00 00 00 00 00 00 00  | .[..............
0000000100000220 | D9 5B 1E 00 00 00 00 00  00 00 00 00 00 00 00 00  | .[..............
0000000100000230 | 02 00 00 00 00 00 00 00  00 00 00 00 00 00 00 00  | ................
0000000100000240 | 5F 5F 6F 62 6A 63 5F 6D  65 74 68 6E 61 6D 65 00  | __objc_methname.
0000000100000250 | 5F 5F 54 45 58 54 00 00  00 00 00 00 00 00 00 00  | __TEXT..........
0000000100000260 | 90 5C 1E 00 01 00 00 00  B7 1C 00 00 00 00 00 00  | .\..............
0000000100000270 | 90 5C 1E 00 00 00 00 00  00 00 00 00 00 00 00 00  | .\..............
0000000100000280 | 02 00 00 00 00 00 00 00  00 00 00 00 00 00 00 00  | ................
0000000100000290 | 5F 5F 6F 62 6A 63 5F 63  6C 61 73 73 6E 61 6D 65  | __objc_classname
00000001000002A0 | 5F 5F 54 45 58 54 00 00  00 00 00 00 00 00 00 00  | __TEXT..........
00000001000002B0 | 47 79 1E 00 01 00 00 00  84 00 00 00 00 00 00 00  | Gy..............
00000001000002C0 | 47 79 1E 00 00 00 00 00  00 00 00 00 00 00 00 00  | Gy..............
00000001000002D0 | 02 00 00 00 00 00 00 00  00 00 00 00 00 00 00 00  | ................
00000001000002E0 | 5F 5F 6F 62 6A 63 5F 6D  65 74 68 74 79 70 65 00  | __objc_methtype.
00000001000002F0 | 5F 5F 54 45 58 54 00 00  00 00 00 00 00 00 00 00  | __TEXT..........
0000000100000300 | CB 79 1E 00 01 00 00 00  22 02 00 00 00 00 00 00  | .y......".......
0000000100000310 | CB 79 1E 00 00 00 00 00  00 00 00 00 00 00 00 00  | .y..............
0000000100000320 | 02 00 00 00 00 00 00 00  00 00 00 00 00 00 00 00  | ................
0000000100000330 | 5F 5F 67 63 63 5F 65 78  63 65 70 74 5F 74 61 62  | __gcc_except_tab
0000000100000340 | 5F 5F 54 45 58 54 00 00  00 00 00 00 00 00 00 00  | __TEXT..........
0000000100000350 | F0 7B 1E 00 01 00 00 00  70 00 00 00 00 00 00 00  | .{......p.......
0000000100000360 | F0 7B 1E 00 02 00 00 00  00 00 00 00 00 00 00 00  | .{..............
0000000100000370 | 00 00 00 00 00 00 00 00  00 00 00 00 00 00 00 00  | ................
0000000100000380 | 5F 5F 75 6E 77 69 6E 64  5F 69 6E 66 6F 00 00 00  | __unwind_info...
0000000100000390 | 5F 5F 54 45 58 54 00 00  00 00 00 00 00 00 00 00  | __TEXT..........
00000001000003A0 | 60 7C 1E 00 01 00 00 00  64 01 00 00 00 00 00 00  | `|......d.......
00000001000003B0 | 60 7C 1E 00 02 00 00 00  00 00 00 00 00 00 00 00  | `|..............
00000001000003C0 | 00 00 00 00 00 00 00 00  00 00 00 00 00 00 00 00  | ................
00000001000003D0 | 5F 5F 65 68 5F 66 72 61  6D 65 00 00 00 00 00 00  | __eh_frame......
00000001000003E0 | 5F 5F 54 45 58 54 00 00  00 00 00 00 00 00 00 00  | __TEXT..........
00000001000003F0 | C8 7D 1E 00 01 00 00 00  30 02 00 00 00 00 00 00  | .}......0.......
0000000100000400 | C8 7D 1E 00 03 00 00 00  00 00 00 00 00 00 00 00  | .}..............
0000000100000410 | 00 00 00 00 00 00 00 00  00 00 00 00 00 00 00 00  | ................
0000000100000420 | 19 00 00 00 F8 04 00 00  5F 5F 44 41 54 41 00 00  | ........__DATA..
0000000100000430 | 00 00 00 00 00 00 00 00  00 80 1E 00 01 00 00 00  | ................
0000000100000440 | 00 00 0C 00 00 00 00 00  00 80 1E 00 00 00 00 00  | ................
0000000100000450 | 00 00 0C 00 00 00 00 00  03 00 00 00 03 00 00 00  | ................
0000000100000460 | 0F 00 00 00 00 00 00 00  5F 5F 67 6F 74 00 00 00  | ........__got...
0000000100000470 | 00 00 00 00 00 00 00 00  5F 5F 44 41 54 41 00 00  | ........__DATA..
0000000100000480 | 00 00 00 00 00 00 00 00  00 80 1E 00 01 00 00 00  | ................
0000000100000490 | 60 01 00 00 00 00 00 00  00 80 1E 00 03 00 00 00  | `...............
00000001000004A0 | 00 00 00 00 00 00 00 00  06 00 00 00 9F 00 00 00  | ................
00000001000004B0 | 00 00 00 00 00 00 00 00  5F 5F 6C 61 5F 73 79 6D  | ........__la_sym
00000001000004C0 | 62 6F 6C 5F 70 74 72 00  5F 5F 44 41 54 41 00 00  | bol_ptr.__DATA..
00000001000004D0 | 00 00 00 00 00 00 00 00  60 81 1E 00 01 00 00 00  | ........`.......
00000001000004E0 | F8 04 00 00 00 00 00 00  60 81 1E 00 03 00 00 00  | ........`.......
00000001000004F0 | 00 00 00 00 00 00 00 00  07 00 00 00 CB 00 00 00  | ................
0000000100000500 | 00 00 00 00 00 00 00 00  5F 5F 63 6F 6E 73 74 00  | ........__const.
0000000100000510 | 00 00 00 00 00 00 00 00  5F 5F 44 41 54 41 00 00  | ........__DATA..
0000000100000520 | 00 00 00 00 00 00 00 00  60 86 1E 00 01 00 00 00  | ........`.......
0000000100000530 | D0 02 00 00 00 00 00 00  60 86 1E 00 04 00 00 00  | ........`.......
0000000100000540 | 00 00 00 00 00 00 00 00  00 00 00 00 00 00 00 00  | ................
0000000100000550 | 00 00 00 00 00 00 00 00  5F 5F 63 66 73 74 72 69  | ........__cfstri
0000000100000560 | 6E 67 00 00 00 00 00 00  5F 5F 44 41 54 41 00 00  | ng......__DATA..
0000000100000570 | 00 00 00 00 00 00 00 00  30 89 1E 00 01 00 00 00  | ........0.......
0000000100000580 | 40 00 00 00 00 00 00 00  30 89 1E 00 03 00 00 00  | @.......0.......
0000000100000590 | 00 00 00 00 00 00 00 00  00 00 00 00 00 00 00 00  | ................
00000001000005A0 | 00 00 00 00 00 00 00 00  5F 5F 6F 62 6A 63 5F 63  | ........__objc_c
00000001000005B0 | 6C 61 73 73 6C 69 73 74  5F 5F 44 41 54 41 00 00  | lasslist__DATA..
00000001000005C0 | 00 00 00 00 00 00 00 00  70 89 1E 00 01 00 00 00  | ........p.......
00000001000005D0 | 38 00 00 00 00 00 00 00  70 89 1E 00 03 00 00 00  | 8.......p.......
00000001000005E0 | 00 00 00 00 00 00 00 00  00 00 00 10 00 00 00 00  | ................
00000001000005F0 | 00 00 00 00 00 00 00 00  5F 5F 6F 62 6A 63 5F 63  | ........__objc_c
0000000100000600 | 61 74 6C 69 73 74 00 00  5F 5F 44 41 54 41 00 00  | atlist..__DATA..
0000000100000610 | 00 00 00 00 00 00 00 00  A8 89 1E 00 01 00 00 00  | ................
0000000100000620 | 18 00 00 00 00 00 00 00  A8 89 1E 00 03 00 00 00  | ................
0000000100000630 | 00 00 00 00 00 00 00 00  00 00 00 10 00 00 00 00  | ................
0000000100000640 | 00 00 00 00 00 00 00 00  5F 5F 6F 62 6A 63 5F 69  | ........__objc_i
0000000100000650 | 6D 61 67 65 69 6E 66 6F  5F 5F 44 41 54 41 00 00  | mageinfo__DATA..
0000000100000660 | 00 00 00 00 00 00 00 00  C0 89 1E 00 01 00 00 00  | ................
0000000100000670 | 08 00 00 00 00 00 00 00  C0 89 1E 00 02 00 00 00  | ................
0000000100000680 | 00 00 00 00 00 00 00 00  00 00 00 00 00 00 00 00  | ................
0000000100000690 | 00 00 00 00 00 00 00 00  5F 5F 6F 62 6A 63 5F 63  | ........__objc_c
00000001000006A0 | 6F 6E 73 74 00 00 00 00  5F 5F 44 41 54 41 00 00  | onst....__DATA..
00000001000006B0 | 00 00 00 00 00 00 00 00  C8 89 1E 00 01 00 00 00  | ................
00000001000006C0 | 98 0B 00 00 00 00 00 00  C8 89 1E 00 03 00 00 00  | ................
00000001000006D0 | 00 00 00 00 00 00 00 00  00 00 00 00 00 00 00 00  | ................
00000001000006E0 | 00 00 00 00 00 00 00 00  5F 5F 6F 62 6A 63 5F 73  | ........__objc_s
00000001000006F0 | 65 6C 72 65 66 73 00 00  5F 5F 44 41 54 41 00 00  | elrefs..__DATA..
0000000100000700 | 00 00 00 00 00 00 00 00  60 95 1E 00 01 00 00 00  | ........`.......
0000000100000710 | 10 0A 00 00 00 00 00 00  60 95 1E 00 03 00 00 00  | ........`.......
0000000100000720 | 00 00 00 00 00 00 00 00  05 00 00 10 00 00 00 00  | ................
0000000100000730 | 00 00 00 00 00 00 00 00  5F 5F 6F 62 6A 63 5F 63  | ........__objc_c
0000000100000740 | 6C 61 73 73 72 65 66 73  5F 5F 44 41 54 41 00 00  | lassrefs__DATA..
0000000100000750 | 00 00 00 00 00 00 00 00  70 9F 1E 00 01 00 00 00  | ........p.......
0000000100000760 | 18 01 00 00 00 00 00 00  70 9F 1E 00 03 00 00 00  | ........p.......
0000000100000770 | 00 00 00 00 00 00 00 00  00 00 00 10 00 00 00 00  | ................
0000000100000780 | 00 00 00 00 00 00 00 00  5F 5F 6F 62 6A 63 5F 73  | ........__objc_s
0000000100000790 | 75 70 65 72 72 65 66 73  5F 5F 44 41 54 41 00 00  | uperrefs__DATA..
00000001000007A0 | 00 00 00 00 00 00 00 00  88 A0 1E 00 01 00 00 00  | ................
00000001000007B0 | 20 00 00 00 00 00 00 00  88 A0 1E 00 03 00 00 00  |  ...............
00000001000007C0 | 00 00 00 00 00 00 00 00  00 00 00 10 00 00 00 00  | ................
00000001000007D0 | 00 00 00 00 00 00 00 00  5F 5F 6F 62 6A 63 5F 69  | ........__objc_i
00000001000007E0 | 76 61 72 00 00 00 00 00  5F 5F 44 41 54 41 00 00  | var.....__DATA..
00000001000007F0 | 00 00 00 00 00 00 00 00  A8 A0 1E 00 01 00 00 00  | ................
0000000100000800 | 6C 00 00 00 00 00 00 00  A8 A0 1E 00 02 00 00 00  | l...............
0000000100000810 | 00 00 00 00 00 00 00 00  00 00 00 00 00 00 00 00  | ................
0000000100000820 | 00 00 00 00 00 00 00 00  5F 5F 6F 62 6A 63 5F 64  | ........__objc_d
0000000100000830 | 61 74 61 00 00 00 00 00  5F 5F 44 41 54 41 00 00  | ata.....__DATA..
0000000100000840 | 00 00 00 00 00 00 00 00  18 A1 1E 00 01 00 00 00  | ................
0000000100000850 | A0 02 00 00 00 00 00 00  18 A1 1E 00 03 00 00 00  | ................
0000000100000860 | 00 00 00 00 00 00 00 00  00 00 00 00 00 00 00 00  | ................
0000000100000870 | 00 00 00 00 00 00 00 00  5F 5F 64 61 74 61 00 00  | ........__data..
0000000100000880 | 00 00 00 00 00 00 00 00  5F 5F 44 41 54 41 00 00  | ........__DATA..
0000000100000890 | 00 00 00 00 00 00 00 00  C0 A3 1E 00 01 00 00 00  | ................
00000001000008A0 | C0 B1 0B 00 00 00 00 00  C0 A3 1E 00 04 00 00 00  | ................
00000001000008B0 | 00 00 00 00 00 00 00 00  00 00 00 00 00 00 00 00  | ................
00000001000008C0 | 00 00 00 00 00 00 00 00  5F 5F 62 73 73 00 00 00  | ........__bss...
00000001000008D0 | 00 00 00 00 00 00 00 00  5F 5F 44 41 54 41 00 00  | ........__DATA..
00000001000008E0 | 00 00 00 00 00 00 00 00  80 55 2A 00 01 00 00 00  | .........U*.....
00000001000008F0 | AC 01 00 00 00 00 00 00  00 00 00 00 03 00 00 00  | ................
0000000100000900 | 00 00 00 00 00 00 00 00  01 00 00 00 00 00 00 00  | ................
0000000100000910 | 00 00 00 00 00 00 00 00  19 00 00 00 48 00 00 00  | ............H...
0000000100000920 | 5F 5F 4C 49 4E 4B 45 44  49 54 00 00 00 00 00 00  | __LINKEDIT......
0000000100000930 | 00 80 2A 00 01 00 00 00  00 00 01 00 00 00 00 00  | ..*.............
0000000100000940 | 00 80 2A 00 00 00 00 00  30 DE 00 00 00 00 00 00  | ..*.....0.......
0000000100000950 | 01 00 00 00 01 00 00 00  00 00 00 00 00 00 00 00  | ................
0000000100000960 | 22 00 00 80 30 00 00 00  00 80 2A 00 68 02 00 00  | "...0.....*.h...
0000000100000970 | 68 82 2A 00 B8 0A 00 00  00 00 00 00 00 00 00 00  | h.*.............
0000000100000980 | 20 8D 2A 00 18 0F 00 00  38 9C 2A 00 20 00 00 00  |  .*.....8.*. ...
0000000100000990 | 02 00 00 00 18 00 00 00  48 9E 2A 00 F0 00 00 00  | ........H.*.....
00000001000009A0 | F0 B2 2A 00 30 12 00 00  0B 00 00 00 50 00 00 00  | ..*.0.......P...
00000001000009B0 | 00 00 00 00 01 00 00 00  01 00 00 00 01 00 00 00  | ................
00000001000009C0 | 02 00 00 00 EE 00 00 00  00 00 00 00 00 00 00 00  | ................
00000001000009D0 | 00 00 00 00 00 00 00 00  00 00 00 00 00 00 00 00  | ................
00000001000009E0 | 48 AD 2A 00 6A 01 00 00  00 00 00 00 00 00 00 00  | H.*.j...........
00000001000009F0 | 00 00 00 00 00 00 00 00  0E 00 00 00 20 00 00 00  | ............ ...
0000000100000A00 | 0C 00 00 00 2F 75 73 72  2F 6C 69 62 2F 64 79 6C  | ..../usr/lib/dyl
0000000100000A10 | 64 00 00 00 00 00 00 00  1B 00 00 00 18 00 00 00  | d...............
0000000100000A20 | B6 76 5E B4 DA E8 35 C8  A9 61 32 32 7B 11 D9 67  | .v^...5..a22{..g
0000000100000A30 | 25 00 00 00 10 00 00 00  00 00 09 00 00 04 10 00  | %...............
0000000100000A40 | 2A 00 00 00 10 00 00 00  00 00 00 00 00 00 00 00  | *...............
0000000100000A50 | 28 00 00 80 18 00 00 00  E0 27 1D 00 00 00 00 00  | (........'......
0000000100000A60 | 00 00 00 00 00 00 00 00  2C 00 00 00 18 00 00 00  | ........,.......
0000000100000A70 | 00 40 00 00 00 40 1E 00  00 00 00 00 00 00 00 00  | .@...@..........
0000000100000A80 | 0C 00 00 00 38 00 00 00  18 00 00 00 02 00 00 00  | ....8...........
0000000100000A90 | 00 00 5A 01 00 00 09 00  2F 75 73 72 2F 6C 69 62  | ..Z...../usr/lib
0000000100000AA0 | 2F 6C 69 62 73 71 6C 69  74 65 33 2E 64 79 6C 69  | /libsqlite3.dyli
0000000100000AB0 | 62 00 00 00 00 00 00 00  0C 00 00 00 78 00 00 00  | b...........x...
0000000100000AC0 | 18 00 00 00 02 00 00 00  00 00 01 00 00 00 01 00  | ................
0000000100000AD0 | 2F 53 79 73 74 65 6D 2F  4C 69 62 72 61 72 79 2F  | /System/Library/
0000000100000AE0 | 50 72 69 76 61 74 65 46  72 61 6D 65 77 6F 72 6B  | PrivateFramework
0000000100000AF0 | 73 2F 4D 6F 62 69 6C 65  43 6F 6E 74 61 69 6E 65  | s/MobileContaine
0000000100000B00 | 72 4D 61 6E 61 67 65 72  2E 66 72 61 6D 65 77 6F  | rManager.framewo
0000000100000B10 | 72 6B 2F 4D 6F 62 69 6C  65 43 6F 6E 74 61 69 6E  | rk/MobileContain
0000000100000B20 | 65 72 4D 61 6E 61 67 65  72 00 00 00 00 00 00 00  | erManager.......
0000000100000B30 | 0C 00 00 00 50 00 00 00  18 00 00 00 02 00 00 00  | ....P...........
0000000100000B40 | 00 09 FE 0D 00 00 00 00  2F 53 79 73 74 65 6D 2F  | ......../System/
0000000100000B50 | 4C 69 62 72 61 72 79 2F  46 72 61 6D 65 77 6F 72  | Library/Framewor
0000000100000B60 | 6B 73 2F 43 6F 6E 74 61  63 74 73 2E 66 72 61 6D  | ks/Contacts.fram
0000000100000B70 | 65 77 6F 72 6B 2F 43 6F  6E 74 61 63 74 73 00 00  | ework/Contacts..
0000000100000B80 | 0C 00 00 00 50 00 00 00  18 00 00 00 02 00 00 00  | ....P...........
0000000100000B90 | 65 01 29 19 00 00 01 00  2F 53 79 73 74 65 6D 2F  | e.)...../System/
0000000100000BA0 | 4C 69 62 72 61 72 79 2F  46 72 61 6D 65 77 6F 72  | Library/Framewor
0000000100000BB0 | 6B 73 2F 55 49 4B 69 74  2E 66 72 61 6D 65 77 6F  | ks/UIKit.framewo
0000000100000BC0 | 72 6B 2F 55 49 4B 69 74  00 00 00 00 00 00 00 00  | rk/UIKit........
0000000100000BD0 | 0C 00 00 00 38 00 00 00  18 00 00 00 02 00 00 00  | ....8...........
0000000100000BE0 | 00 00 01 00 00 00 01 00  2F 75 73 72 2F 6C 69 62  | ......../usr/lib
0000000100000BF0 | 2F 6C 69 62 4D 6F 62 69  6C 65 47 65 73 74 61 6C  | /libMobileGestal
0000000100000C00 | 74 2E 64 79 6C 69 62 00  0C 00 00 00 30 00 00 00  | t.dylib.....0...
0000000100000C10 | 18 00 00 00 02 00 00 00  0B 02 01 00 00 00 01 00  | ................
0000000100000C20 | 2F 75 73 72 2F 6C 69 62  2F 6C 69 62 7A 2E 31 2E  | /usr/lib/libz.1.
0000000100000C30 | 64 79 6C 69 62 00 00 00  0C 00 00 00 60 00 00 00  | dylib.......`...
0000000100000C40 | 18 00 00 00 02 00 00 00  00 00 00 00 00 00 01 00  | ................
0000000100000C50 | 2F 53 79 73 74 65 6D 2F  4C 69 62 72 61 72 79 2F  | /System/Library/
0000000100000C60 | 46 72 61 6D 65 77 6F 72  6B 73 2F 43 6F 72 65 54  | Frameworks/CoreT
0000000100000C70 | 65 6C 65 70 68 6F 6E 79  2E 66 72 61 6D 65 77 6F  | elephony.framewo
0000000100000C80 | 72 6B 2F 43 6F 72 65 54  65 6C 65 70 68 6F 6E 79  | rk/CoreTelephony
0000000100000C90 | 00 00 00 00 00 00 00 00  0C 00 00 00 60 00 00 00  | ............`...
0000000100000CA0 | 18 00 00 00 02 00 00 00  00 00 1D 00 00 00 01 00  | ................
0000000100000CB0 | 2F 53 79 73 74 65 6D 2F  4C 69 62 72 61 72 79 2F  | /System/Library/
0000000100000CC0 | 50 72 69 76 61 74 65 46  72 61 6D 65 77 6F 72 6B  | PrivateFramework
0000000100000CD0 | 73 2F 41 70 70 53 75 70  70 6F 72 74 2E 66 72 61  | s/AppSupport.fra
0000000100000CE0 | 6D 65 77 6F 72 6B 2F 41  70 70 53 75 70 70 6F 72  | mework/AppSuppor
0000000100000CF0 | 74 00 00 00 00 00 00 00  0C 00 00 00 58 00 00 00  | t...........X...
0000000100000D00 | 18 00 00 00 02 00 00 00  04 00 7E 05 00 00 01 00  | ..........~.....
0000000100000D10 | 2F 53 79 73 74 65 6D 2F  4C 69 62 72 61 72 79 2F  | /System/Library/
0000000100000D20 | 46 72 61 6D 65 77 6F 72  6B 73 2F 43 46 4E 65 74  | Frameworks/CFNet
0000000100000D30 | 77 6F 72 6B 2E 66 72 61  6D 65 77 6F 72 6B 2F 43  | work.framework/C
0000000100000D40 | 46 4E 65 74 77 6F 72 6B  00 00 00 00 00 00 00 00  | FNetwork........
0000000100000D50 | 0C 00 00 00 50 00 00 00  18 00 00 00 02 00 00 00  | ....P...........
0000000100000D60 | 01 66 04 EC 00 00 01 00  2F 53 79 73 74 65 6D 2F  | .f....../System/
0000000100000D70 | 4C 69 62 72 61 72 79 2F  46 72 61 6D 65 77 6F 72  | Library/Framewor
0000000100000D80 | 6B 73 2F 53 65 63 75 72  69 74 79 2E 66 72 61 6D  | ks/Security.fram
0000000100000D90 | 65 77 6F 72 6B 2F 53 65  63 75 72 69 74 79 00 00  | ework/Security..
0000000100000DA0 | 0C 00 00 00 70 00 00 00  18 00 00 00 02 00 00 00  | ....p...........
0000000100000DB0 | 00 00 01 00 00 00 01 00  2F 53 79 73 74 65 6D 2F  | ......../System/
0000000100000DC0 | 4C 69 62 72 61 72 79 2F  50 72 69 76 61 74 65 46  | Library/PrivateF
0000000100000DD0 | 72 61 6D 65 77 6F 72 6B  73 2F 53 70 72 69 6E 67  | rameworks/Spring
0000000100000DE0 | 42 6F 61 72 64 53 65 72  76 69 63 65 73 2E 66 72  | BoardServices.fr
0000000100000DF0 | 61 6D 65 77 6F 72 6B 2F  53 70 72 69 6E 67 42 6F  | amework/SpringBo
0000000100000E00 | 61 72 64 53 65 72 76 69  63 65 73 00 00 00 00 00  | ardServices.....
0000000100000E10 | 0C 00 00 00 58 00 00 00  18 00 00 00 02 00 00 00  | ....X...........
0000000100000E20 | 00 00 B3 07 00 00 2C 01  2F 53 79 73 74 65 6D 2F  | ......,./System/
0000000100000E30 | 4C 69 62 72 61 72 79 2F  46 72 61 6D 65 77 6F 72  | Library/Framewor
0000000100000E40 | 6B 73 2F 46 6F 75 6E 64  61 74 69 6F 6E 2E 66 72  | ks/Foundation.fr
0000000100000E50 | 61 6D 65 77 6F 72 6B 2F  46 6F 75 6E 64 61 74 69  | amework/Foundati
0000000100000E60 | 6F 6E 00 00 00 00 00 00  0C 00 00 00 68 00 00 00  | on..........h...
0000000100000E70 | 18 00 00 00 02 00 00 00  00 00 CC 04 00 00 01 00  | ................
0000000100000E80 | 2F 53 79 73 74 65 6D 2F  4C 69 62 72 61 72 79 2F  | /System/Library/
0000000100000E90 | 46 72 61 6D 65 77 6F 72  6B 73 2F 4D 6F 62 69 6C  | Frameworks/Mobil
0000000100000EA0 | 65 43 6F 72 65 53 65 72  76 69 63 65 73 2E 66 72  | eCoreServices.fr
0000000100000EB0 | 61 6D 65 77 6F 72 6B 2F  4D 6F 62 69 6C 65 43 6F  | amework/MobileCo
0000000100000EC0 | 72 65 53 65 72 76 69 63  65 73 00 00 00 00 00 00  | reServices......
0000000100000ED0 | 0C 00 00 00 38 00 00 00  18 00 00 00 02 00 00 00  | ....8...........
0000000100000EE0 | 00 00 E4 00 00 00 01 00  2F 75 73 72 2F 6C 69 62  | ......../usr/lib
0000000100000EF0 | 2F 6C 69 62 6F 62 6A 63  2E 41 2E 64 79 6C 69 62  | /libobjc.A.dylib
0000000100000F00 | 00 00 00 00 00 00 00 00  0C 00 00 00 38 00 00 00  | ............8...
0000000100000F10 | 18 00 00 00 02 00 00 00  03 64 27 05 00 00 01 00  | .........d'.....
0000000100000F20 | 2F 75 73 72 2F 6C 69 62  2F 6C 69 62 53 79 73 74  | /usr/lib/libSyst
0000000100000F30 | 65 6D 2E 42 2E 64 79 6C  69 62 00 00 00 00 00 00  | em.B.dylib......
0000000100000F40 | 0C 00 00 00 60 00 00 00  18 00 00 00 02 00 00 00  | ....`...........
0000000100000F50 | 00 00 B3 07 00 00 96 00  2F 53 79 73 74 65 6D 2F  | ......../System/
0000000100000F60 | 4C 69 62 72 61 72 79 2F  46 72 61 6D 65 77 6F 72  | Library/Framewor
0000000100000F70 | 6B 73 2F 43 6F 72 65 46  6F 75 6E 64 61 74 69 6F  | ks/CoreFoundatio
0000000100000F80 | 6E 2E 66 72 61 6D 65 77  6F 72 6B 2F 43 6F 72 65  | n.framework/Core
0000000100000F90 | 46 6F 75 6E 64 61 74 69  6F 6E 00 00 00 00 00 00  | Foundation......
0000000100000FA0 | 1C 00 00 80 28 00 00 00  0C 00 00 00 40 65 78 65  | ....(.......@exe
0000000100000FB0 | 63 75 74 61 62 6C 65 5F  70 61 74 68 2F 46 72 61  | cutable_path/Fra
0000000100000FC0 | 6D 65 77 6F 72 6B 73 00  1C 00 00 80 28 00 00 00  | meworks.....(...
0000000100000FD0 | 0C 00 00 00 40 6C 6F 61  64 65 72 5F 70 61 74 68  | ....@loader_path
0000000100000FE0 | 2F 46 72 61 6D 65 77 6F  72 6B 73 00 00 00 00 00  | /Frameworks.....
0000000100000FF0 | 26 00 00 00 10 00 00 00  58 9C 2A 00 F0 01 00 00  | &.......X.*.....
0000000100001000 | 29 00 00 00 10 00 00 00  48 9E 2A 00 00 00 00 00  | ).......H.*.....
0000000100001010 | 1D 00 00 00 10 00 00 00  20 C5 2A 00 10 99 00 00  | ........ .*.....
0000000100001020 | 00 00 00 00 00 00 00 00  00 00 00 00 00 00 00 00  | ................
0000000100001030 | 00 00 00 00 00 00 00 00  00 00 00 00 00 00 00 00  | ................
0000000100001040 | 00 00 00 00 00 00 00 00  00 00 00 00 00 00 00 00  | ................
0000000100001050 | 00 00 00 00 00 00 00 00  00 00 00 00 00 00 00 00  | ................
0000000100001060 | 00 00 00 00 00 00 00 00  00 00 00 00 00 00 00 00  | ................
0000000100001070 | 00 00 00 00 00 00 00 00  00 00 00 00 00 00 00 00  | ................
0000000100001080 | 00 00 00 00 00 00 00 00  00 00 00 00 00 00 00 00  | ................
0000000100001090 | 00 00 00 00 00 00 00 00  00 00 00 00 00 00 00 00  | ................
00000001000010A0 | 00 00 00 00 00 00 00 00  00 00 00 00 00 00 00 00  | ................
00000001000010B0 | 00 00 00 00 00 00 00 00  00 00 00 00 00 00 00 00  | ................
00000001000010C0 | 00 00 00 00 00 00 00 00  00 00 00 00 00 00 00 00  | ................
00000001000010D0 | 00 00 00 00 00 00 00 00  00 00 00 00 00 00 00 00  | ................
00000001000010E0 | 00 00 00 00 00 00 00 00  00 00 00 00 00 00 00 00  | ................
00000001000010F0 | 00 00 00 00 00 00 00 00  00 00 00 00 00 00 00 00  | ................
0000000100001100 | 00 00 00 00 00 00 00 00  00 00 00 00 00 00 00 00  | ................
0000000100001110 | 00 00 00 00 00 00 00 00  00 00 00 00 00 00 00 00  | ................
0000000100001120 | 00 00 00 00 00 00 00 00  00 00 00 00 00 00 00 00  | ................
0000000100001130 | 00 00 00 00 00 00 00 00  00 00 00 00 00 00 00 00  | ................
0000000100001140 | 00 00 00 00 00 00 00 00  00 00 00 00 00 00 00 00  | ................
0000000100001150 | 00 00 00 00 00 00 00 00  00 00 00 00 00 00 00 00  | ................
0000000100001160 | 00 00 00 00 00 00 00 00  00 00 00 00 00 00 00 00  | ................
0000000100001170 | 00 00 00 00 00 00 00 00  00 00 00 00 00 00 00 00  | ................
0000000100001180 | 00 00 00 00 00 00 00 00  00 00 00 00 00 00 00 00  | ................
0000000100001190 | 00 00 00 00 00 00 00 00  00 00 00 00 00 00 00 00  | ................
00000001000011A0 | 00 00 00 00 00 00 00 00  00 00 00 00 00 00 00 00  | ................
00000001000011B0 | 00 00 00 00 00 00 00 00  00 00 00 00 00 00 00 00  | ................
00000001000011C0 | 00 00 00 00 00 00 00 00  00 00 00 00 00 00 00 00  | ................
00000001000011D0 | 00 00 00 00 00 00 00 00  00 00 00 00 00 00 00 00  | ................
00000001000011E0 | 00 00 00 00 00 00 00 00  00 00 00 00 00 00 00 00  | ................
00000001000011F0 | 00 00 00 00 00 00 00 00  00 00 00 00 00 00 00 00  | ................
0000000100001200 | 00 00 00 00 00 00 00 00  00 00 00 00 00 00 00 00  | ................
0000000100001210 | 00 00 00 00 00 00 00 00  00 00 00 00 00 00 00 00  | ................
0000000100001220 | 00 00 00 00 00 00 00 00  00 00 00 00 00 00 00 00  | ................
0000000100001230 | 00 00 00 00 00 00 00 00  00 00 00 00 00 00 00 00  | ................
0000000100001240 | 00 00 00 00 00 00 00 00  00 00 00 00 00 00 00 00  | ................
0000000100001250 | 00 00 00 00 00 00 00 00  00 00 00 00 00 00 00 00  | ................
0000000100001260 | 00 00 00 00 00 00 00 00  00 00 00 00 00 00 00 00  | ................
0000000100001270 | 00 00 00 00 00 00 00 00  00 00 00 00 00 00 00 00  | ................
0000000100001280 | 00 00 00 00 00 00 00 00  00 00 00 00 00 00 00 00  | ................
0000000100001290 | 00 00 00 00 00 00 00 00  00 00 00 00 00 00 00 00  | ................
00000001000012A0 | 00 00 00 00 00 00 00 00  00 00 00 00 00 00 00 00  | ................
00000001000012B0 | 00 00 00 00 00 00 00 00  00 00 00 00 00 00 00 00  | ................
00000001000012C0 | 00 00 00 00 00 00 00 00  00 00 00 00 00 00 00 00  | ................
00000001000012D0 | 00 00 00 00 00 00 00 00  00 00 00 00 00 00 00 00  | ................
00000001000012E0 | 00 00 00 00 00 00 00 00  00 00 00 00 00 00 00 00  | ................
00000001000012F0 | 00 00 00 00 00 00 00 00  00 00 00 00 00 00 00 00  | ................
0000000100001300 | 00 00 00 00 00 00 00 00  00 00 00 00 00 00 00 00  | ................
0000000100001310 | 00 00 00 00 00 00 00 00  00 00 00 00 00 00 00 00  | ................
0000000100001320 | 00 00 00 00 00 00 00 00  00 00 00 00 00 00 00 00  | ................
0000000100001330 | 00 00 00 00 00 00 00 00  00 00 00 00 00 00 00 00  | ................
0000000100001340 | 00 00 00 00 00 00 00 00  00 00 00 00 00 00 00 00  | ................
0000000100001350 | 00 00 00 00 00 00 00 00  00 00 00 00 00 00 00 00  | ................
0000000100001360 | 00 00 00 00 00 00 00 00  00 00 00 00 00 00 00 00  | ................
0000000100001370 | 00 00 00 00 00 00 00 00  00 00 00 00 00 00 00 00  | ................
0000000100001380 | 00 00 00 00 00 00 00 00  00 00 00 00 00 00 00 00  | ................
0000000100001390 | 00 00 00 00 00 00 00 00  00 00 00 00 00 00 00 00  | ................
00000001000013A0 | 00 00 00 00 00 00 00 00  00 00 00 00 00 00 00 00  | ................
00000001000013B0 | 00 00 00 00 00 00 00 00  00 00 00 00 00 00 00 00  | ................
00000001000013C0 | 00 00 00 00 00 00 00 00  00 00 00 00 00 00 00 00  | ................
00000001000013D0 | 00 00 00 00 00 00 00 00  00 00 00 00 00 00 00 00  | ................
00000001000013E0 | 00 00 00 00 00 00 00 00  00 00 00 00 00 00 00 00  | ................
00000001000013F0 | 00 00 00 00 00 00 00 00  00 00 00 00 00 00 00 00  | ................
0000000100001400 | 00 00 00 00 00 00 00 00  00 00 00 00 00 00 00 00  | ................
0000000100001410 | 00 00 00 00 00 00 00 00  00 00 00 00 00 00 00 00  | ................
0000000100001420 | 00 00 00 00 00 00 00 00  00 00 00 00 00 00 00 00  | ................
0000000100001430 | 00 00 00 00 00 00 00 00  00 00 00 00 00 00 00 00  | ................
0000000100001440 | 00 00 00 00 00 00 00 00  00 00 00 00 00 00 00 00  | ................
0000000100001450 | 00 00 00 00 00 00 00 00  00 00 00 00 00 00 00 00  | ................
0000000100001460 | 00 00 00 00 00 00 00 00  00 00 00 00 00 00 00 00  | ................
0000000100001470 | 00 00 00 00 00 00 00 00  00 00 00 00 00 00 00 00  | ................
0000000100001480 | 00 00 00 00 00 00 00 00  00 00 00 00 00 00 00 00  | ................
0000000100001490 | 00 00 00 00 00 00 00 00  00 00 00 00 00 00 00 00  | ................
00000001000014A0 | 00 00 00 00 00 00 00 00  00 00 00 00 00 00 00 00  | ................
00000001000014B0 | 00 00 00 00 00 00 00 00  00 00 00 00 00 00 00 00  | ................
00000001000014C0 | 00 00 00 00 00 00 00 00  00 00 00 00 00 00 00 00  | ................
00000001000014D0 | 00 00 00 00 00 00 00 00  00 00 00 00 00 00 00 00  | ................
00000001000014E0 | 00 00 00 00 00 00 00 00  00 00 00 00 00 00 00 00  | ................
00000001000014F0 | 00 00 00 00 00 00 00 00  00 00 00 00 00 00 00 00  | ................
0000000100001500 | 00 00 00 00 00 00 00 00  00 00 00 00 00 00 00 00  | ................
0000000100001510 | 00 00 00 00 00 00 00 00  00 00 00 00 00 00 00 00  | ................
0000000100001520 | 00 00 00 00 00 00 00 00  00 00 00 00 00 00 00 00  | ................
0000000100001530 | 00 00 00 00 00 00 00 00  00 00 00 00 00 00 00 00  | ................
0000000100001540 | 00 00 00 00 00 00 00 00  00 00 00 00 00 00 00 00  | ................
0000000100001550 | 00 00 00 00 00 00 00 00  00 00 00 00 00 00 00 00  | ................
0000000100001560 | 00 00 00 00 00 00 00 00  00 00 00 00 00 00 00 00  | ................
0000000100001570 | 00 00 00 00 00 00 00 00  00 00 00 00 00 00 00 00  | ................
0000000100001580 | 00 00 00 00 00 00 00 00  00 00 00 00 00 00 00 00  | ................
0000000100001590 | 00 00 00 00 00 00 00 00  00 00 00 00 00 00 00 00  | ................
00000001000015A0 | 00 00 00 00 00 00 00 00  00 00 00 00 00 00 00 00  | ................
00000001000015B0 | 00 00 00 00 00 00 00 00  00 00 00 00 00 00 00 00  | ................
00000001000015C0 | 00 00 00 00 00 00 00 00  00 00 00 00 00 00 00 00  | ................
00000001000015D0 | 00 00 00 00 00 00 00 00  00 00 00 00 00 00 00 00  | ................
00000001000015E0 | 00 00 00 00 00 00 00 00  00 00 00 00 00 00 00 00  | ................
00000001000015F0 | 00 00 00 00 00 00 00 00  00 00 00 00 00 00 00 00  | ................
0000000100001600 | 00 00 00 00 00 00 00 00  00 00 00 00 00 00 00 00  | ................
0000000100001610 | 00 00 00 00 00 00 00 00  00 00 00 00 00 00 00 00  | ................
0000000100001620 | 00 00 00 00 00 00 00 00  00 00 00 00 00 00 00 00  | ................
0000000100001630 | 00 00 00 00 00 00 00 00  00 00 00 00 00 00 00 00  | ................
0000000100001640 | 00 00 00 00 00 00 00 00  00 00 00 00 00 00 00 00  | ................
0000000100001650 | 00 00 00 00 00 00 00 00  00 00 00 00 00 00 00 00  | ................
0000000100001660 | 00 00 00 00 00 00 00 00  00 00 00 00 00 00 00 00  | ................
0000000100001670 | 00 00 00 00 00 00 00 00  00 00 00 00 00 00 00 00  | ................
0000000100001680 | 00 00 00 00 00 00 00 00  00 00 00 00 00 00 00 00  | ................
0000000100001690 | 00 00 00 00 00 00 00 00  00 00 00 00 00 00 00 00  | ................
00000001000016A0 | 00 00 00 00 00 00 00 00  00 00 00 00 00 00 00 00  | ................
00000001000016B0 | 00 00 00 00 00 00 00 00  00 00 00 00 00 00 00 00  | ................
00000001000016C0 | 00 00 00 00 00 00 00 00  00 00 00 00 00 00 00 00  | ................
00000001000016D0 | 00 00 00 00 00 00 00 00  00 00 00 00 00 00 00 00  | ................
00000001000016E0 | 00 00 00 00 00 00 00 00  00 00 00 00 00 00 00 00  | ................
00000001000016F0 | 00 00 00 00 00 00 00 00  00 00 00 00 00 00 00 00  | ................
0000000100001700 | 00 00 00 00 00 00 00 00  00 00 00 00 00 00 00 00  | ................
0000000100001710 | 00 00 00 00 00 00 00 00  00 00 00 00 00 00 00 00  | ................
0000000100001720 | 00 00 00 00 00 00 00 00  00 00 00 00 00 00 00 00  | ................
0000000100001730 | 00 00 00 00 00 00 00 00  00 00 00 00 00 00 00 00  | ................
0000000100001740 | 00 00 00 00 00 00 00 00  00 00 00 00 00 00 00 00  | ................
0000000100001750 | 00 00 00 00 00 00 00 00  00 00 00 00 00 00 00 00  | ................
0000000100001760 | 00 00 00 00 00 00 00 00  00 00 00 00 00 00 00 00  | ................
0000000100001770 | 00 00 00 00 00 00 00 00  00 00 00 00 00 00 00 00  | ................
0000000100001780 | 00 00 00 00 00 00 00 00  00 00 00 00 00 00 00 00  | ................
0000000100001790 | 00 00 00 00 00 00 00 00  00 00 00 00 00 00 00 00  | ................
00000001000017A0 | 00 00 00 00 00 00 00 00  00 00 00 00 00 00 00 00  | ................
00000001000017B0 | 00 00 00 00 00 00 00 00  00 00 00 00 00 00 00 00  | ................
00000001000017C0 | 00 00 00 00 00 00 00 00  00 00 00 00 00 00 00 00  | ................
00000001000017D0 | 00 00 00 00 00 00 00 00  00 00 00 00 00 00 00 00  | ................
00000001000017E0 | 00 00 00 00 00 00 00 00  00 00 00 00 00 00 00 00  | ................
00000001000017F0 | 00 00 00 00 00 00 00 00  00 00 00 00 00 00 00 00  | ................
0000000100001800 | 00 00 00 00 00 00 00 00  00 00 00 00 00 00 00 00  | ................
0000000100001810 | 00 00 00 00 00 00 00 00  00 00 00 00 00 00 00 00  | ................
0000000100001820 | 00 00 00 00 00 00 00 00  00 00 00 00 00 00 00 00  | ................
0000000100001830 | 00 00 00 00 00 00 00 00  00 00 00 00 00 00 00 00  | ................
0000000100001840 | 00 00 00 00 00 00 00 00  00 00 00 00 00 00 00 00  | ................
0000000100001850 | 00 00 00 00 00 00 00 00  00 00 00 00 00 00 00 00  | ................
0000000100001860 | 00 00 00 00 00 00 00 00  00 00 00 00 00 00 00 00  | ................
0000000100001870 | 00 00 00 00 00 00 00 00  00 00 00 00 00 00 00 00  | ................
0000000100001880 | 00 00 00 00 00 00 00 00  00 00 00 00 00 00 00 00  | ................
0000000100001890 | 00 00 00 00 00 00 00 00  00 00 00 00 00 00 00 00  | ................
00000001000018A0 | 00 00 00 00 00 00 00 00  00 00 00 00 00 00 00 00  | ................
00000001000018B0 | 00 00 00 00 00 00 00 00  00 00 00 00 00 00 00 00  | ................
00000001000018C0 | 00 00 00 00 00 00 00 00  00 00 00 00 00 00 00 00  | ................
00000001000018D0 | 00 00 00 00 00 00 00 00  00 00 00 00 00 00 00 00  | ................
00000001000018E0 | 00 00 00 00 00 00 00 00  00 00 00 00 00 00 00 00  | ................
00000001000018F0 | 00 00 00 00 00 00 00 00  00 00 00 00 00 00 00 00  | ................
0000000100001900 | 00 00 00 00 00 00 00 00  00 00 00 00 00 00 00 00  | ................
0000000100001910 | 00 00 00 00 00 00 00 00  00 00 00 00 00 00 00 00  | ................
0000000100001920 | 00 00 00 00 00 00 00 00  00 00 00 00 00 00 00 00  | ................
0000000100001930 | 00 00 00 00 00 00 00 00  00 00 00 00 00 00 00 00  | ................
0000000100001940 | 00 00 00 00 00 00 00 00  00 00 00 00 00 00 00 00  | ................
0000000100001950 | 00 00 00 00 00 00 00 00  00 00 00 00 00 00 00 00  | ................
0000000100001960 | 00 00 00 00 00 00 00 00  00 00 00 00 00 00 00 00  | ................
0000000100001970 | 00 00 00 00 00 00 00 00  00 00 00 00 00 00 00 00  | ................
0000000100001980 | 00 00 00 00 00 00 00 00  00 00 00 00 00 00 00 00  | ................
0000000100001990 | 00 00 00 00 00 00 00 00  00 00 00 00 00 00 00 00  | ................
00000001000019A0 | 00 00 00 00 00 00 00 00  00 00 00 00 00 00 00 00  | ................
00000001000019B0 | 00 00 00 00 00 00 00 00  00 00 00 00 00 00 00 00  | ................
00000001000019C0 | 00 00 00 00 00 00 00 00  00 00 00 00 00 00 00 00  | ................
00000001000019D0 | 00 00 00 00 00 00 00 00  00 00 00 00 00 00 00 00  | ................
00000001000019E0 | 00 00 00 00 00 00 00 00  00 00 00 00 00 00 00 00  | ................
00000001000019F0 | 00 00 00 00 00 00 00 00  00 00 00 00 00 00 00 00  | ................
0000000100001A00 | 00 00 00 00 00 00 00 00  00 00 00 00 00 00 00 00  | ................
0000000100001A10 | 00 00 00 00 00 00 00 00  00 00 00 00 00 00 00 00  | ................
0000000100001A20 | 00 00 00 00 00 00 00 00  00 00 00 00 00 00 00 00  | ................
0000000100001A30 | 00 00 00 00 00 00 00 00  00 00 00 00 00 00 00 00  | ................
0000000100001A40 | 00 00 00 00 00 00 00 00  00 00 00 00 00 00 00 00  | ................
0000000100001A50 | 00 00 00 00 00 00 00 00  00 00 00 00 00 00 00 00  | ................
0000000100001A60 | 00 00 00 00 00 00 00 00  00 00 00 00 00 00 00 00  | ................
0000000100001A70 | 00 00 00 00 00 00 00 00  00 00 00 00 00 00 00 00  | ................
0000000100001A80 | 00 00 00 00 00 00 00 00  00 00 00 00 00 00 00 00  | ................
0000000100001A90 | 00 00 00 00 00 00 00 00  00 00 00 00 00 00 00 00  | ................
0000000100001AA0 | 00 00 00 00 00 00 00 00  00 00 00 00 00 00 00 00  | ................
0000000100001AB0 | 00 00 00 00 00 00 00 00  00 00 00 00 00 00 00 00  | ................
0000000100001AC0 | 00 00 00 00 00 00 00 00  00 00 00 00 00 00 00 00  | ................
0000000100001AD0 | 00 00 00 00 00 00 00 00  00 00 00 00 00 00 00 00  | ................
0000000100001AE0 | 00 00 00 00 00 00 00 00  00 00 00 00 00 00 00 00  | ................
0000000100001AF0 | 00 00 00 00 00 00 00 00  00 00 00 00 00 00 00 00  | ................
0000000100001B00 | 00 00 00 00 00 00 00 00  00 00 00 00 00 00 00 00  | ................
0000000100001B10 | 00 00 00 00 00 00 00 00  00 00 00 00 00 00 00 00  | ................
0000000100001B20 | 00 00 00 00 00 00 00 00  00 00 00 00 00 00 00 00  | ................
0000000100001B30 | 00 00 00 00 00 00 00 00  00 00 00 00 00 00 00 00  | ................
0000000100001B40 | 00 00 00 00 00 00 00 00  00 00 00 00 00 00 00 00  | ................
0000000100001B50 | 00 00 00 00 00 00 00 00  00 00 00 00 00 00 00 00  | ................
0000000100001B60 | 00 00 00 00 00 00 00 00  00 00 00 00 00 00 00 00  | ................
0000000100001B70 | 00 00 00 00 00 00 00 00  00 00 00 00 00 00 00 00  | ................
0000000100001B80 | 00 00 00 00 00 00 00 00  00 00 00 00 00 00 00 00  | ................
0000000100001B90 | 00 00 00 00 00 00 00 00  00 00 00 00 00 00 00 00  | ................
0000000100001BA0 | 00 00 00 00 00 00 00 00  00 00 00 00 00 00 00 00  | ................
0000000100001BB0 | 00 00 00 00 00 00 00 00  00 00 00 00 00 00 00 00  | ................
0000000100001BC0 | 00 00 00 00 00 00 00 00  00 00 00 00 00 00 00 00  | ................
0000000100001BD0 | 00 00 00 00 00 00 00 00  00 00 00 00 00 00 00 00  | ................
0000000100001BE0 | 00 00 00 00 00 00 00 00  00 00 00 00 00 00 00 00  | ................
0000000100001BF0 | 00 00 00 00 00 00 00 00  00 00 00 00 00 00 00 00  | ................
0000000100001C00 | 00 00 00 00 00 00 00 00  00 00 00 00 00 00 00 00  | ................
0000000100001C10 | 00 00 00 00 00 00 00 00  00 00 00 00 00 00 00 00  | ................
0000000100001C20 | 00 00 00 00 00 00 00 00  00 00 00 00 00 00 00 00  | ................
0000000100001C30 | 00 00 00 00 00 00 00 00  00 00 00 00 00 00 00 00  | ................
0000000100001C40 | 00 00 00 00 00 00 00 00  00 00 00 00 00 00 00 00  | ................
0000000100001C50 | 00 00 00 00 00 00 00 00  00 00 00 00 00 00 00 00  | ................
0000000100001C60 | 00 00 00 00 00 00 00 00  00 00 00 00 00 00 00 00  | ................
0000000100001C70 | 00 00 00 00 00 00 00 00  00 00 00 00 00 00 00 00  | ................
0000000100001C80 | 00 00 00 00 00 00 00 00  00 00 00 00 00 00 00 00  | ................
0000000100001C90 | 00 00 00 00 00 00 00 00  00 00 00 00 00 00 00 00  | ................
0000000100001CA0 | 00 00 00 00 00 00 00 00  00 00 00 00 00 00 00 00  | ................
0000000100001CB0 | 00 00 00 00 00 00 00 00  00 00 00 00 00 00 00 00  | ................
0000000100001CC0 | 00 00 00 00 00 00 00 00  00 00 00 00 00 00 00 00  | ................
0000000100001CD0 | 00 00 00 00 00 00 00 00  00 00 00 00 00 00 00 00  | ................
0000000100001CE0 | 00 00 00 00 00 00 00 00  00 00 00 00 00 00 00 00  | ................
0000000100001CF0 | 00 00 00 00 00 00 00 00  00 00 00 00 00 00 00 00  | ................
0000000100001D00 | 00 00 00 00 00 00 00 00  00 00 00 00 00 00 00 00  | ................
0000000100001D10 | 00 00 00 00 00 00 00 00  00 00 00 00 00 00 00 00  | ................
0000000100001D20 | 00 00 00 00 00 00 00 00  00 00 00 00 00 00 00 00  | ................
0000000100001D30 | 00 00 00 00 00 00 00 00  00 00 00 00 00 00 00 00  | ................
0000000100001D40 | 00 00 00 00 00 00 00 00  00 00 00 00 00 00 00 00  | ................
0000000100001D50 | 00 00 00 00 00 00 00 00  00 00 00 00 00 00 00 00  | ................
0000000100001D60 | 00 00 00 00 00 00 00 00  00 00 00 00 00 00 00 00  | ................
0000000100001D70 | 00 00 00 00 00 00 00 00  00 00 00 00 00 00 00 00  | ................
0000000100001D80 | 00 00 00 00 00 00 00 00  00 00 00 00 00 00 00 00  | ................
0000000100001D90 | 00 00 00 00 00 00 00 00  00 00 00 00 00 00 00 00  | ................
0000000100001DA0 | 00 00 00 00 00 00 00 00  00 00 00 00 00 00 00 00  | ................
0000000100001DB0 | 00 00 00 00 00 00 00 00  00 00 00 00 00 00 00 00  | ................
0000000100001DC0 | 00 00 00 00 00 00 00 00  00 00 00 00 00 00 00 00  | ................
0000000100001DD0 | 00 00 00 00 00 00 00 00  00 00 00 00 00 00 00 00  | ................
0000000100001DE0 | 00 00 00 00 00 00 00 00  00 00 00 00 00 00 00 00  | ................
0000000100001DF0 | 00 00 00 00 00 00 00 00  00 00 00 00 00 00 00 00  | ................
0000000100001E00 | 00 00 00 00 00 00 00 00  00 00 00 00 00 00 00 00  | ................
0000000100001E10 | 00 00 00 00 00 00 00 00  00 00 00 00 00 00 00 00  | ................
0000000100001E20 | 00 00 00 00 00 00 00 00  00 00 00 00 00 00 00 00  | ................
0000000100001E30 | 00 00 00 00 00 00 00 00  00 00 00 00 00 00 00 00  | ................
0000000100001E40 | 00 00 00 00 00 00 00 00  00 00 00 00 00 00 00 00  | ................
0000000100001E50 | 00 00 00 00 00 00 00 00  00 00 00 00 00 00 00 00  | ................
0000000100001E60 | 00 00 00 00 00 00 00 00  00 00 00 00 00 00 00 00  | ................
0000000100001E70 | 00 00 00 00 00 00 00 00  00 00 00 00 00 00 00 00  | ................
0000000100001E80 | 00 00 00 00 00 00 00 00  00 00 00 00 00 00 00 00  | ................
0000000100001E90 | 00 00 00 00 00 00 00 00  00 00 00 00 00 00 00 00  | ................
0000000100001EA0 | 00 00 00 00 00 00 00 00  00 00 00 00 00 00 00 00  | ................
0000000100001EB0 | 00 00 00 00 00 00 00 00  00 00 00 00 00 00 00 00  | ................
0000000100001EC0 | 00 00 00 00 00 00 00 00  00 00 00 00 00 00 00 00  | ................
0000000100001ED0 | 00 00 00 00 00 00 00 00  00 00 00 00 00 00 00 00  | ................
0000000100001EE0 | 00 00 00 00 00 00 00 00  00 00 00 00 00 00 00 00  | ................
0000000100001EF0 | 00 00 00 00 00 00 00 00  00 00 00 00 00 00 00 00  | ................
0000000100001F00 | 00 00 00 00 00 00 00 00  00 00 00 00 00 00 00 00  | ................
0000000100001F10 | 00 00 00 00 00 00 00 00  00 00 00 00 00 00 00 00  | ................
0000000100001F20 | 00 00 00 00 00 00 00 00  00 00 00 00 00 00 00 00  | ................
0000000100001F30 | 00 00 00 00 00 00 00 00  00 00 00 00 00 00 00 00  | ................
0000000100001F40 | 00 00 00 00 00 00 00 00  00 00 00 00 00 00 00 00  | ................
0000000100001F50 | 00 00 00 00 00 00 00 00  00 00 00 00 00 00 00 00  | ................
0000000100001F60 | 00 00 00 00 00 00 00 00  00 00 00 00 00 00 00 00  | ................
0000000100001F70 | 00 00 00 00 00 00 00 00  00 00 00 00 00 00 00 00  | ................
0000000100001F80 | 00 00 00 00 00 00 00 00  00 00 00 00 00 00 00 00  | ................
0000000100001F90 | 00 00 00 00 00 00 00 00  00 00 00 00 00 00 00 00  | ................
0000000100001FA0 | 00 00 00 00 00 00 00 00  00 00 00 00 00 00 00 00  | ................
0000000100001FB0 | 00 00 00 00 00 00 00 00  00 00 00 00 00 00 00 00  | ................
0000000100001FC0 | 00 00 00 00 00 00 00 00  00 00 00 00 00 00 00 00  | ................
0000000100001FD0 | 00 00 00 00 00 00 00 00  00 00 00 00 00 00 00 00  | ................
0000000100001FE0 | 00 00 00 00 00 00 00 00  00 00 00 00 00 00 00 00  | ................
0000000100001FF0 | 00 00 00 00 00 00 00 00  00 00 00 00 00 00 00 00  | ................
0000000100002000 | 00 00 00 00 00 00 00 00  00 00 00 00 00 00 00 00  | ................
0000000100002010 | 00 00 00 00 00 00 00 00  00 00 00 00 00 00 00 00  | ................
0000000100002020 | 00 00 00 00 00 00 00 00  00 00 00 00 00 00 00 00  | ................
0000000100002030 | 00 00 00 00 00 00 00 00  00 00 00 00 00 00 00 00  | ................
0000000100002040 | 00 00 00 00 00 00 00 00  00 00 00 00 00 00 00 00  | ................
0000000100002050 | 00 00 00 00 00 00 00 00  00 00 00 00 00 00 00 00  | ................
0000000100002060 | 00 00 00 00 00 00 00 00  00 00 00 00 00 00 00 00  | ................
0000000100002070 | 00 00 00 00 00 00 00 00  00 00 00 00 00 00 00 00  | ................
0000000100002080 | 00 00 00 00 00 00 00 00  00 00 00 00 00 00 00 00  | ................
0000000100002090 | 00 00 00 00 00 00 00 00  00 00 00 00 00 00 00 00  | ................
00000001000020A0 | 00 00 00 00 00 00 00 00  00 00 00 00 00 00 00 00  | ................
00000001000020B0 | 00 00 00 00 00 00 00 00  00 00 00 00 00 00 00 00  | ................
00000001000020C0 | 00 00 00 00 00 00 00 00  00 00 00 00 00 00 00 00  | ................
00000001000020D0 | 00 00 00 00 00 00 00 00  00 00 00 00 00 00 00 00  | ................
00000001000020E0 | 00 00 00 00 00 00 00 00  00 00 00 00 00 00 00 00  | ................
00000001000020F0 | 00 00 00 00 00 00 00 00  00 00 00 00 00 00 00 00  | ................
0000000100002100 | 00 00 00 00 00 00 00 00  00 00 00 00 00 00 00 00  | ................
0000000100002110 | 00 00 00 00 00 00 00 00  00 00 00 00 00 00 00 00  | ................
0000000100002120 | 00 00 00 00 00 00 00 00  00 00 00 00 00 00 00 00  | ................
0000000100002130 | 00 00 00 00 00 00 00 00  00 00 00 00 00 00 00 00  | ................
0000000100002140 | 00 00 00 00 00 00 00 00  00 00 00 00 00 00 00 00  | ................
0000000100002150 | 00 00 00 00 00 00 00 00  00 00 00 00 00 00 00 00  | ................
0000000100002160 | 00 00 00 00 00 00 00 00  00 00 00 00 00 00 00 00  | ................
0000000100002170 | 00 00 00 00 00 00 00 00  00 00 00 00 00 00 00 00  | ................
0000000100002180 | 00 00 00 00 00 00 00 00  00 00 00 00 00 00 00 00  | ................
0000000100002190 | 00 00 00 00 00 00 00 00  00 00 00 00 00 00 00 00  | ................
00000001000021A0 | 00 00 00 00 00 00 00 00  00 00 00 00 00 00 00 00  | ................
00000001000021B0 | 00 00 00 00 00 00 00 00  00 00 00 00 00 00 00 00  | ................
00000001000021C0 | 00 00 00 00 00 00 00 00  00 00 00 00 00 00 00 00  | ................
00000001000021D0 | 00 00 00 00 00 00 00 00  00 00 00 00 00 00 00 00  | ................
00000001000021E0 | 00 00 00 00 00 00 00 00  00 00 00 00 00 00 00 00  | ................
00000001000021F0 | 00 00 00 00 00 00 00 00  00 00 00 00 00 00 00 00  | ................
0000000100002200 | 00 00 00 00 00 00 00 00  00 00 00 00 00 00 00 00  | ................
0000000100002210 | 00 00 00 00 00 00 00 00  00 00 00 00 00 00 00 00  | ................
0000000100002220 | 00 00 00 00 00 00 00 00  00 00 00 00 00 00 00 00  | ................
0000000100002230 | 00 00 00 00 00 00 00 00  00 00 00 00 00 00 00 00  | ................
0000000100002240 | 00 00 00 00 00 00 00 00  00 00 00 00 00 00 00 00  | ................
0000000100002250 | 00 00 00 00 00 00 00 00  00 00 00 00 00 00 00 00  | ................
0000000100002260 | 00 00 00 00 00 00 00 00  00 00 00 00 00 00 00 00  | ................
0000000100002270 | 00 00 00 00 00 00 00 00  00 00 00 00 00 00 00 00  | ................
0000000100002280 | 00 00 00 00 00 00 00 00  00 00 00 00 00 00 00 00  | ................
0000000100002290 | 00 00 00 00 00 00 00 00  00 00 00 00 00 00 00 00  | ................
00000001000022A0 | 00 00 00 00 00 00 00 00  00 00 00 00 00 00 00 00  | ................
00000001000022B0 | 00 00 00 00 00 00 00 00  00 00 00 00 00 00 00 00  | ................
00000001000022C0 | 00 00 00 00 00 00 00 00  00 00 00 00 00 00 00 00  | ................
00000001000022D0 | 00 00 00 00 00 00 00 00  00 00 00 00 00 00 00 00  | ................
00000001000022E0 | 00 00 00 00 00 00 00 00  00 00 00 00 00 00 00 00  | ................
00000001000022F0 | 00 00 00 00 00 00 00 00  00 00 00 00 00 00 00 00  | ................
0000000100002300 | 00 00 00 00 00 00 00 00  00 00 00 00 00 00 00 00  | ................
0000000100002310 | 00 00 00 00 00 00 00 00  00 00 00 00 00 00 00 00  | ................
0000000100002320 | 00 00 00 00 00 00 00 00  00 00 00 00 00 00 00 00  | ................
0000000100002330 | 00 00 00 00 00 00 00 00  00 00 00 00 00 00 00 00  | ................
0000000100002340 | 00 00 00 00 00 00 00 00  00 00 00 00 00 00 00 00  | ................
0000000100002350 | 00 00 00 00 00 00 00 00  00 00 00 00 00 00 00 00  | ................
0000000100002360 | 00 00 00 00 00 00 00 00  00 00 00 00 00 00 00 00  | ................
0000000100002370 | 00 00 00 00 00 00 00 00  00 00 00 00 00 00 00 00  | ................
0000000100002380 | 00 00 00 00 00 00 00 00  00 00 00 00 00 00 00 00  | ................
0000000100002390 | 00 00 00 00 00 00 00 00  00 00 00 00 00 00 00 00  | ................
00000001000023A0 | 00 00 00 00 00 00 00 00  00 00 00 00 00 00 00 00  | ................
00000001000023B0 | 00 00 00 00 00 00 00 00  00 00 00 00 00 00 00 00  | ................
00000001000023C0 | 00 00 00 00 00 00 00 00  00 00 00 00 00 00 00 00  | ................
00000001000023D0 | 00 00 00 00 00 00 00 00  00 00 00 00 00 00 00 00  | ................
00000001000023E0 | 00 00 00 00 00 00 00 00  00 00 00 00 00 00 00 00  | ................
00000001000023F0 | 00 00 00 00 00 00 00 00  00 00 00 00 00 00 00 00  | ................
0000000100002400 | 00 00 00 00 00 00 00 00  00 00 00 00 00 00 00 00  | ................
0000000100002410 | 00 00 00 00 00 00 00 00  00 00 00 00 00 00 00 00  | ................
0000000100002420 | 00 00 00 00 00 00 00 00  00 00 00 00 00 00 00 00  | ................
0000000100002430 | 00 00 00 00 00 00 00 00  00 00 00 00 00 00 00 00  | ................
0000000100002440 | 00 00 00 00 00 00 00 00  00 00 00 00 00 00 00 00  | ................
0000000100002450 | 00 00 00 00 00 00 00 00  00 00 00 00 00 00 00 00  | ................
0000000100002460 | 00 00 00 00 00 00 00 00  00 00 00 00 00 00 00 00  | ................
0000000100002470 | 00 00 00 00 00 00 00 00  00 00 00 00 00 00 00 00  | ................
0000000100002480 | 00 00 00 00 00 00 00 00  00 00 00 00 00 00 00 00  | ................
0000000100002490 | 00 00 00 00 00 00 00 00  00 00 00 00 00 00 00 00  | ................
00000001000024A0 | 00 00 00 00 00 00 00 00  00 00 00 00 00 00 00 00  | ................
00000001000024B0 | 00 00 00 00 00 00 00 00  00 00 00 00 00 00 00 00  | ................
00000001000024C0 | 00 00 00 00 00 00 00 00  00 00 00 00 00 00 00 00  | ................
00000001000024D0 | 00 00 00 00 00 00 00 00  00 00 00 00 00 00 00 00  | ................
00000001000024E0 | 00 00 00 00 00 00 00 00  00 00 00 00 00 00 00 00  | ................
00000001000024F0 | 00 00 00 00 00 00 00 00  00 00 00 00 00 00 00 00  | ................
0000000100002500 | 00 00 00 00 00 00 00 00  00 00 00 00 00 00 00 00  | ................
0000000100002510 | 00 00 00 00 00 00 00 00  00 00 00 00 00 00 00 00  | ................
0000000100002520 | 00 00 00 00 00 00 00 00  00 00 00 00 00 00 00 00  | ................
0000000100002530 | 00 00 00 00 00 00 00 00  00 00 00 00 00 00 00 00  | ................
0000000100002540 | 00 00 00 00 00 00 00 00  00 00 00 00 00 00 00 00  | ................
0000000100002550 | 00 00 00 00 00 00 00 00  00 00 00 00 00 00 00 00  | ................
0000000100002560 | 00 00 00 00 00 00 00 00  00 00 00 00 00 00 00 00  | ................
0000000100002570 | 00 00 00 00 00 00 00 00  00 00 00 00 00 00 00 00  | ................
0000000100002580 | 00 00 00 00 00 00 00 00  00 00 00 00 00 00 00 00  | ................
0000000100002590 | 00 00 00 00 00 00 00 00  00 00 00 00 00 00 00 00  | ................
00000001000025A0 | 00 00 00 00 00 00 00 00  00 00 00 00 00 00 00 00  | ................
00000001000025B0 | 00 00 00 00 00 00 00 00  00 00 00 00 00 00 00 00  | ................
00000001000025C0 | 00 00 00 00 00 00 00 00  00 00 00 00 00 00 00 00  | ................
00000001000025D0 | 00 00 00 00 00 00 00 00  00 00 00 00 00 00 00 00  | ................
00000001000025E0 | 00 00 00 00 00 00 00 00  00 00 00 00 00 00 00 00  | ................
00000001000025F0 | 00 00 00 00 00 00 00 00  00 00 00 00 00 00 00 00  | ................
0000000100002600 | 00 00 00 00 00 00 00 00  00 00 00 00 00 00 00 00  | ................
0000000100002610 | 00 00 00 00 00 00 00 00  00 00 00 00 00 00 00 00  | ................
0000000100002620 | 00 00 00 00 00 00 00 00  00 00 00 00 00 00 00 00  | ................
0000000100002630 | 00 00 00 00 00 00 00 00  00 00 00 00 00 00 00 00  | ................
0000000100002640 | 00 00 00 00 00 00 00 00  00 00 00 00 00 00 00 00  | ................
0000000100002650 | 00 00 00 00 00 00 00 00  00 00 00 00 00 00 00 00  | ................
0000000100002660 | 00 00 00 00 00 00 00 00  00 00 00 00 00 00 00 00  | ................
0000000100002670 | 00 00 00 00 00 00 00 00  00 00 00 00 00 00 00 00  | ................
0000000100002680 | 00 00 00 00 00 00 00 00  00 00 00 00 00 00 00 00  | ................
0000000100002690 | 00 00 00 00 00 00 00 00  00 00 00 00 00 00 00 00  | ................
00000001000026A0 | 00 00 00 00 00 00 00 00  00 00 00 00 00 00 00 00  | ................
00000001000026B0 | 00 00 00 00 00 00 00 00  00 00 00 00 00 00 00 00  | ................
00000001000026C0 | 00 00 00 00 00 00 00 00  00 00 00 00 00 00 00 00  | ................
00000001000026D0 | 00 00 00 00 00 00 00 00  00 00 00 00 00 00 00 00  | ................
00000001000026E0 | 00 00 00 00 00 00 00 00  00 00 00 00 00 00 00 00  | ................
00000001000026F0 | 00 00 00 00 00 00 00 00  00 00 00 00 00 00 00 00  | ................
0000000100002700 | 00 00 00 00 00 00 00 00  00 00 00 00 00 00 00 00  | ................
0000000100002710 | 00 00 00 00 00 00 00 00  00 00 00 00 00 00 00 00  | ................
0000000100002720 | 00 00 00 00 00 00 00 00  00 00 00 00 00 00 00 00  | ................
0000000100002730 | 00 00 00 00 00 00 00 00  00 00 00 00 00 00 00 00  | ................
0000000100002740 | 00 00 00 00 00 00 00 00  00 00 00 00 00 00 00 00  | ................
0000000100002750 | 00 00 00 00 00 00 00 00  00 00 00 00 00 00 00 00  | ................
0000000100002760 | 00 00 00 00 00 00 00 00  00 00 00 00 00 00 00 00  | ................
0000000100002770 | 00 00 00 00 00 00 00 00  00 00 00 00 00 00 00 00  | ................
0000000100002780 | 00 00 00 00 00 00 00 00  00 00 00 00 00 00 00 00  | ................
0000000100002790 | 00 00 00 00 00 00 00 00  00 00 00 00 00 00 00 00  | ................
00000001000027A0 | 00 00 00 00 00 00 00 00  00 00 00 00 00 00 00 00  | ................
00000001000027B0 | 00 00 00 00 00 00 00 00  00 00 00 00 00 00 00 00  | ................
00000001000027C0 | 00 00 00 00 00 00 00 00  00 00 00 00 00 00 00 00  | ................
00000001000027D0 | 00 00 00 00 00 00 00 00  00 00 00 00 00 00 00 00  | ................
00000001000027E0 | 00 00 00 00 00 00 00 00  00 00 00 00 00 00 00 00  | ................
00000001000027F0 | 00 00 00 00 00 00 00 00  00 00 00 00 00 00 00 00  | ................
0000000100002800 | 00 00 00 00 00 00 00 00  00 00 00 00 00 00 00 00  | ................
0000000100002810 | 00 00 00 00 00 00 00 00  00 00 00 00 00 00 00 00  | ................
0000000100002820 | 00 00 00 00 00 00 00 00  00 00 00 00 00 00 00 00  | ................
0000000100002830 | 00 00 00 00 00 00 00 00  00 00 00 00 00 00 00 00  | ................
0000000100002840 | 00 00 00 00 00 00 00 00  00 00 00 00 00 00 00 00  | ................
0000000100002850 | 00 00 00 00 00 00 00 00  00 00 00 00 00 00 00 00  | ................
0000000100002860 | 00 00 00 00 00 00 00 00  00 00 00 00 00 00 00 00  | ................
0000000100002870 | 00 00 00 00 00 00 00 00  00 00 00 00 00 00 00 00  | ................
0000000100002880 | 00 00 00 00 00 00 00 00  00 00 00 00 00 00 00 00  | ................
0000000100002890 | 00 00 00 00 00 00 00 00  00 00 00 00 00 00 00 00  | ................
00000001000028A0 | 00 00 00 00 00 00 00 00  00 00 00 00 00 00 00 00  | ................
00000001000028B0 | 00 00 00 00 00 00 00 00  00 00 00 00 00 00 00 00  | ................
00000001000028C0 | 00 00 00 00 00 00 00 00  00 00 00 00 00 00 00 00  | ................
00000001000028D0 | 00 00 00 00 00 00 00 00  00 00 00 00 00 00 00 00  | ................
00000001000028E0 | 00 00 00 00 00 00 00 00  00 00 00 00 00 00 00 00  | ................
00000001000028F0 | 00 00 00 00 00 00 00 00  00 00 00 00 00 00 00 00  | ................
0000000100002900 | 00 00 00 00 00 00 00 00  00 00 00 00 00 00 00 00  | ................
0000000100002910 | 00 00 00 00 00 00 00 00  00 00 00 00 00 00 00 00  | ................
0000000100002920 | 00 00 00 00 00 00 00 00  00 00 00 00 00 00 00 00  | ................
0000000100002930 | 00 00 00 00 00 00 00 00  00 00 00 00 00 00 00 00  | ................
0000000100002940 | 00 00 00 00 00 00 00 00  00 00 00 00 00 00 00 00  | ................
0000000100002950 | 00 00 00 00 00 00 00 00  00 00 00 00 00 00 00 00  | ................
0000000100002960 | 00 00 00 00 00 00 00 00  00 00 00 00 00 00 00 00  | ................
0000000100002970 | 00 00 00 00 00 00 00 00  00 00 00 00 00 00 00 00  | ................
0000000100002980 | 00 00 00 00 00 00 00 00  00 00 00 00 00 00 00 00  | ................
0000000100002990 | 00 00 00 00 00 00 00 00  00 00 00 00 00 00 00 00  | ................
00000001000029A0 | 00 00 00 00 00 00 00 00  00 00 00 00 00 00 00 00  | ................
00000001000029B0 | 00 00 00 00 00 00 00 00  00 00 00 00 00 00 00 00  | ................
00000001000029C0 | 00 00 00 00 00 00 00 00  00 00 00 00 00 00 00 00  | ................
00000001000029D0 | 00 00 00 00 00 00 00 00  00 00 00 00 00 00 00 00  | ................
00000001000029E0 | 00 00 00 00 00 00 00 00  00 00 00 00 00 00 00 00  | ................
00000001000029F0 | 00 00 00 00 00 00 00 00  00 00 00 00 00 00 00 00  | ................
0000000100002A00 | 00 00 00 00 00 00 00 00  00 00 00 00 00 00 00 00  | ................
0000000100002A10 | 00 00 00 00 00 00 00 00  00 00 00 00 00 00 00 00  | ................
0000000100002A20 | 00 00 00 00 00 00 00 00  00 00 00 00 00 00 00 00  | ................
0000000100002A30 | 00 00 00 00 00 00 00 00  00 00 00 00 00 00 00 00  | ................
0000000100002A40 | 00 00 00 00 00 00 00 00  00 00 00 00 00 00 00 00  | ................
0000000100002A50 | 00 00 00 00 00 00 00 00  00 00 00 00 00 00 00 00  | ................
0000000100002A60 | 00 00 00 00 00 00 00 00  00 00 00 00 00 00 00 00  | ................
0000000100002A70 | 00 00 00 00 00 00 00 00  00 00 00 00 00 00 00 00  | ................
0000000100002A80 | 00 00 00 00 00 00 00 00  00 00 00 00 00 00 00 00  | ................
0000000100002A90 | 00 00 00 00 00 00 00 00  00 00 00 00 00 00 00 00  | ................
0000000100002AA0 | 00 00 00 00 00 00 00 00  00 00 00 00 00 00 00 00  | ................
0000000100002AB0 | 00 00 00 00 00 00 00 00  00 00 00 00 00 00 00 00  | ................
0000000100002AC0 | 00 00 00 00 00 00 00 00  00 00 00 00 00 00 00 00  | ................
0000000100002AD0 | 00 00 00 00 00 00 00 00  00 00 00 00 00 00 00 00  | ................
0000000100002AE0 | 00 00 00 00 00 00 00 00  00 00 00 00 00 00 00 00  | ................
0000000100002AF0 | 00 00 00 00 00 00 00 00  00 00 00 00 00 00 00 00  | ................
0000000100002B00 | 00 00 00 00 00 00 00 00  00 00 00 00 00 00 00 00  | ................
0000000100002B10 | 00 00 00 00 00 00 00 00  00 00 00 00 00 00 00 00  | ................
0000000100002B20 | 00 00 00 00 00 00 00 00  00 00 00 00 00 00 00 00  | ................
0000000100002B30 | 00 00 00 00 00 00 00 00  00 00 00 00 00 00 00 00  | ................
0000000100002B40 | 00 00 00 00 00 00 00 00  00 00 00 00 00 00 00 00  | ................
0000000100002B50 | 00 00 00 00 00 00 00 00  00 00 00 00 00 00 00 00  | ................
0000000100002B60 | 00 00 00 00 00 00 00 00  00 00 00 00 00 00 00 00  | ................
0000000100002B70 | 00 00 00 00 00 00 00 00  00 00 00 00 00 00 00 00  | ................
0000000100002B80 | 00 00 00 00 00 00 00 00  00 00 00 00 00 00 00 00  | ................
0000000100002B90 | 00 00 00 00 00 00 00 00  00 00 00 00 00 00 00 00  | ................
0000000100002BA0 | 00 00 00 00 00 00 00 00  00 00 00 00 00 00 00 00  | ................
0000000100002BB0 | 00 00 00 00 00 00 00 00  00 00 00 00 00 00 00 00  | ................
0000000100002BC0 | 00 00 00 00 00 00 00 00  00 00 00 00 00 00 00 00  | ................
0000000100002BD0 | 00 00 00 00 00 00 00 00  00 00 00 00 00 00 00 00  | ................
0000000100002BE0 | 00 00 00 00 00 00 00 00  00 00 00 00 00 00 00 00  | ................
0000000100002BF0 | 00 00 00 00 00 00 00 00  00 00 00 00 00 00 00 00  | ................
0000000100002C00 | 00 00 00 00 00 00 00 00  00 00 00 00 00 00 00 00  | ................
0000000100002C10 | 00 00 00 00 00 00 00 00  00 00 00 00 00 00 00 00  | ................
0000000100002C20 | 00 00 00 00 00 00 00 00  00 00 00 00 00 00 00 00  | ................
0000000100002C30 | 00 00 00 00 00 00 00 00  00 00 00 00 00 00 00 00  | ................
0000000100002C40 | 00 00 00 00 00 00 00 00  00 00 00 00 00 00 00 00  | ................
0000000100002C50 | 00 00 00 00 00 00 00 00  00 00 00 00 00 00 00 00  | ................
0000000100002C60 | 00 00 00 00 00 00 00 00  00 00 00 00 00 00 00 00  | ................
0000000100002C70 | 00 00 00 00 00 00 00 00  00 00 00 00 00 00 00 00  | ................
0000000100002C80 | 00 00 00 00 00 00 00 00  00 00 00 00 00 00 00 00  | ................
0000000100002C90 | 00 00 00 00 00 00 00 00  00 00 00 00 00 00 00 00  | ................
0000000100002CA0 | 00 00 00 00 00 00 00 00  00 00 00 00 00 00 00 00  | ................
0000000100002CB0 | 00 00 00 00 00 00 00 00  00 00 00 00 00 00 00 00  | ................
0000000100002CC0 | 00 00 00 00 00 00 00 00  00 00 00 00 00 00 00 00  | ................
0000000100002CD0 | 00 00 00 00 00 00 00 00  00 00 00 00 00 00 00 00  | ................
0000000100002CE0 | 00 00 00 00 00 00 00 00  00 00 00 00 00 00 00 00  | ................
0000000100002CF0 | 00 00 00 00 00 00 00 00  00 00 00 00 00 00 00 00  | ................
0000000100002D00 | 00 00 00 00 00 00 00 00  00 00 00 00 00 00 00 00  | ................
0000000100002D10 | 00 00 00 00 00 00 00 00  00 00 00 00 00 00 00 00  | ................
0000000100002D20 | 00 00 00 00 00 00 00 00  00 00 00 00 00 00 00 00  | ................
0000000100002D30 | 00 00 00 00 00 00 00 00  00 00 00 00 00 00 00 00  | ................
0000000100002D40 | 00 00 00 00 00 00 00 00  00 00 00 00 00 00 00 00  | ................
0000000100002D50 | 00 00 00 00 00 00 00 00  00 00 00 00 00 00 00 00  | ................
0000000100002D60 | 00 00 00 00 00 00 00 00  00 00 00 00 00 00 00 00  | ................
0000000100002D70 | 00 00 00 00 00 00 00 00  00 00 00 00 00 00 00 00  | ................
0000000100002D80 | 00 00 00 00 00 00 00 00  00 00 00 00 00 00 00 00  | ................
0000000100002D90 | 00 00 00 00 00 00 00 00  00 00 00 00 00 00 00 00  | ................
0000000100002DA0 | 00 00 00 00 00 00 00 00  00 00 00 00 00 00 00 00  | ................
0000000100002DB0 | 00 00 00 00 00 00 00 00  00 00 00 00 00 00 00 00  | ................
0000000100002DC0 | 00 00 00 00 00 00 00 00  00 00 00 00 00 00 00 00  | ................
0000000100002DD0 | 00 00 00 00 00 00 00 00  00 00 00 00 00 00 00 00  | ................
0000000100002DE0 | 00 00 00 00 00 00 00 00  00 00 00 00 00 00 00 00  | ................
0000000100002DF0 | 00 00 00 00 00 00 00 00  00 00 00 00 00 00 00 00  | ................
0000000100002E00 | 00 00 00 00 00 00 00 00  00 00 00 00 00 00 00 00  | ................
0000000100002E10 | 00 00 00 00 00 00 00 00  00 00 00 00 00 00 00 00  | ................
0000000100002E20 | 00 00 00 00 00 00 00 00  00 00 00 00 00 00 00 00  | ................
0000000100002E30 | 00 00 00 00 00 00 00 00  00 00 00 00 00 00 00 00  | ................
0000000100002E40 | 00 00 00 00 00 00 00 00  00 00 00 00 00 00 00 00  | ................
0000000100002E50 | 00 00 00 00 00 00 00 00  00 00 00 00 00 00 00 00  | ................
0000000100002E60 | 00 00 00 00 00 00 00 00  00 00 00 00 00 00 00 00  | ................
0000000100002E70 | 00 00 00 00 00 00 00 00  00 00 00 00 00 00 00 00  | ................
0000000100002E80 | 00 00 00 00 00 00 00 00  00 00 00 00 00 00 00 00  | ................
0000000100002E90 | 00 00 00 00 00 00 00 00  00 00 00 00 00 00 00 00  | ................
0000000100002EA0 | 00 00 00 00 00 00 00 00  00 00 00 00 00 00 00 00  | ................
0000000100002EB0 | 00 00 00 00 00 00 00 00  00 00 00 00 00 00 00 00  | ................
0000000100002EC0 | 00 00 00 00 00 00 00 00  00 00 00 00 00 00 00 00  | ................
0000000100002ED0 | 00 00 00 00 00 00 00 00  00 00 00 00 00 00 00 00  | ................
0000000100002EE0 | 00 00 00 00 00 00 00 00  00 00 00 00 00 00 00 00  | ................
0000000100002EF0 | 00 00 00 00 00 00 00 00  00 00 00 00 00 00 00 00  | ................
0000000100002F00 | 00 00 00 00 00 00 00 00  00 00 00 00 00 00 00 00  | ................
0000000100002F10 | 00 00 00 00 00 00 00 00  00 00 00 00 00 00 00 00  | ................
0000000100002F20 | 00 00 00 00 00 00 00 00  00 00 00 00 00 00 00 00  | ................
0000000100002F30 | 00 00 00 00 00 00 00 00  00 00 00 00 00 00 00 00  | ................
0000000100002F40 | 00 00 00 00 00 00 00 00  00 00 00 00 00 00 00 00  | ................
0000000100002F50 | 00 00 00 00 00 00 00 00  00 00 00 00 00 00 00 00  | ................
0000000100002F60 | 00 00 00 00 00 00 00 00  00 00 00 00 00 00 00 00  | ................
0000000100002F70 | 00 00 00 00 00 00 00 00  00 00 00 00 00 00 00 00  | ................
0000000100002F80 | 00 00 00 00 00 00 00 00  00 00 00 00 00 00 00 00  | ................
0000000100002F90 | 00 00 00 00 00 00 00 00  00 00 00 00 00 00 00 00  | ................
0000000100002FA0 | 00 00 00 00 00 00 00 00  00 00 00 00 00 00 00 00  | ................
0000000100002FB0 | 00 00 00 00 00 00 00 00  00 00 00 00 00 00 00 00  | ................
0000000100002FC0 | 00 00 00 00 00 00 00 00  00 00 00 00 00 00 00 00  | ................
0000000100002FD0 | 00 00 00 00 00 00 00 00  00 00 00 00 00 00 00 00  | ................
0000000100002FE0 | 00 00 00 00 00 00 00 00  00 00 00 00 00 00 00 00  | ................
0000000100002FF0 | 00 00 00 00 00 00 00 00  00 00 00 00 00 00 00 00  | ................
0000000100003000 | 00 00 00 00 00 00 00 00  00 00 00 00 00 00 00 00  | ................
0000000100003010 | 00 00 00 00 00 00 00 00  00 00 00 00 00 00 00 00  | ................
0000000100003020 | 00 00 00 00 00 00 00 00  00 00 00 00 00 00 00 00  | ................
0000000100003030 | 00 00 00 00 00 00 00 00  00 00 00 00 00 00 00 00  | ................
0000000100003040 | 00 00 00 00 00 00 00 00  00 00 00 00 00 00 00 00  | ................
0000000100003050 | 00 00 00 00 00 00 00 00  00 00 00 00 00 00 00 00  | ................
0000000100003060 | 00 00 00 00 00 00 00 00  00 00 00 00 00 00 00 00  | ................
0000000100003070 | 00 00 00 00 00 00 00 00  00 00 00 00 00 00 00 00  | ................
0000000100003080 | 00 00 00 00 00 00 00 00  00 00 00 00 00 00 00 00  | ................
0000000100003090 | 00 00 00 00 00 00 00 00  00 00 00 00 00 00 00 00  | ................
00000001000030A0 | 00 00 00 00 00 00 00 00  00 00 00 00 00 00 00 00  | ................
00000001000030B0 | 00 00 00 00 00 00 00 00  00 00 00 00 00 00 00 00  | ................
00000001000030C0 | 00 00 00 00 00 00 00 00  00 00 00 00 00 00 00 00  | ................
00000001000030D0 | 00 00 00 00 00 00 00 00  00 00 00 00 00 00 00 00  | ................
00000001000030E0 | 00 00 00 00 00 00 00 00  00 00 00 00 00 00 00 00  | ................
00000001000030F0 | 00 00 00 00 00 00 00 00  00 00 00 00 00 00 00 00  | ................
0000000100003100 | 00 00 00 00 00 00 00 00  00 00 00 00 00 00 00 00  | ................
0000000100003110 | 00 00 00 00 00 00 00 00  00 00 00 00 00 00 00 00  | ................
0000000100003120 | 00 00 00 00 00 00 00 00  00 00 00 00 00 00 00 00  | ................
0000000100003130 | 00 00 00 00 00 00 00 00  00 00 00 00 00 00 00 00  | ................
0000000100003140 | 00 00 00 00 00 00 00 00  00 00 00 00 00 00 00 00  | ................
0000000100003150 | 00 00 00 00 00 00 00 00  00 00 00 00 00 00 00 00  | ................
0000000100003160 | 00 00 00 00 00 00 00 00  00 00 00 00 00 00 00 00  | ................
0000000100003170 | 00 00 00 00 00 00 00 00  00 00 00 00 00 00 00 00  | ................
0000000100003180 | 00 00 00 00 00 00 00 00  00 00 00 00 00 00 00 00  | ................
0000000100003190 | 00 00 00 00 00 00 00 00  00 00 00 00 00 00 00 00  | ................
00000001000031A0 | 00 00 00 00 00 00 00 00  00 00 00 00 00 00 00 00  | ................
00000001000031B0 | 00 00 00 00 00 00 00 00  00 00 00 00 00 00 00 00  | ................
00000001000031C0 | 00 00 00 00 00 00 00 00  00 00 00 00 00 00 00 00  | ................
00000001000031D0 | 00 00 00 00 00 00 00 00  00 00 00 00 00 00 00 00  | ................
00000001000031E0 | 00 00 00 00 00 00 00 00  00 00 00 00 00 00 00 00  | ................
00000001000031F0 | 00 00 00 00 00 00 00 00  00 00 00 00 00 00 00 00  | ................
0000000100003200 | 00 00 00 00 00 00 00 00  00 00 00 00 00 00 00 00  | ................
0000000100003210 | 00 00 00 00 00 00 00 00  00 00 00 00 00 00 00 00  | ................
0000000100003220 | 00 00 00 00 00 00 00 00  00 00 00 00 00 00 00 00  | ................
0000000100003230 | 00 00 00 00 00 00 00 00  00 00 00 00 00 00 00 00  | ................
0000000100003240 | 00 00 00 00 00 00 00 00  00 00 00 00 00 00 00 00  | ................
0000000100003250 | 00 00 00 00 00 00 00 00  00 00 00 00 00 00 00 00  | ................
0000000100003260 | 00 00 00 00 00 00 00 00  00 00 00 00 00 00 00 00  | ................
0000000100003270 | 00 00 00 00 00 00 00 00  00 00 00 00 00 00 00 00  | ................
0000000100003280 | 00 00 00 00 00 00 00 00  00 00 00 00 00 00 00 00  | ................
0000000100003290 | 00 00 00 00 00 00 00 00  00 00 00 00 00 00 00 00  | ................
00000001000032A0 | 00 00 00 00 00 00 00 00  00 00 00 00 00 00 00 00  | ................
00000001000032B0 | 00 00 00 00 00 00 00 00  00 00 00 00 00 00 00 00  | ................
00000001000032C0 | 00 00 00 00 00 00 00 00  00 00 00 00 00 00 00 00  | ................
00000001000032D0 | 00 00 00 00 00 00 00 00  00 00 00 00 00 00 00 00  | ................
00000001000032E0 | 00 00 00 00 00 00 00 00  00 00 00 00 00 00 00 00  | ................
00000001000032F0 | 00 00 00 00 00 00 00 00  00 00 00 00 00 00 00 00  | ................
0000000100003300 | 00 00 00 00 00 00 00 00  00 00 00 00 00 00 00 00  | ................
0000000100003310 | 00 00 00 00 00 00 00 00  00 00 00 00 00 00 00 00  | ................
0000000100003320 | 00 00 00 00 00 00 00 00  00 00 00 00 00 00 00 00  | ................
0000000100003330 | 00 00 00 00 00 00 00 00  00 00 00 00 00 00 00 00  | ................
0000000100003340 | 00 00 00 00 00 00 00 00  00 00 00 00 00 00 00 00  | ................
0000000100003350 | 00 00 00 00 00 00 00 00  00 00 00 00 00 00 00 00  | ................
0000000100003360 | 00 00 00 00 00 00 00 00  00 00 00 00 00 00 00 00  | ................
0000000100003370 | 00 00 00 00 00 00 00 00  00 00 00 00 00 00 00 00  | ................
0000000100003380 | 00 00 00 00 00 00 00 00  00 00 00 00 00 00 00 00  | ................
0000000100003390 | 00 00 00 00 00 00 00 00  00 00 00 00 00 00 00 00  | ................
00000001000033A0 | 00 00 00 00 00 00 00 00  00 00 00 00 00 00 00 00  | ................
00000001000033B0 | 00 00 00 00 00 00 00 00  00 00 00 00 00 00 00 00  | ................
00000001000033C0 | 00 00 00 00 00 00 00 00  00 00 00 00 00 00 00 00  | ................
00000001000033D0 | 00 00 00 00 00 00 00 00  00 00 00 00 00 00 00 00  | ................
00000001000033E0 | 00 00 00 00 00 00 00 00  00 00 00 00 00 00 00 00  | ................
00000001000033F0 | 00 00 00 00 00 00 00 00  00 00 00 00 00 00 00 00  | ................
0000000100003400 | 00 00 00 00 00 00 00 00  00 00 00 00 00 00 00 00  | ................
0000000100003410 | 00 00 00 00 00 00 00 00  00 00 00 00 00 00 00 00  | ................
0000000100003420 | 00 00 00 00 00 00 00 00  00 00 00 00 00 00 00 00  | ................
0000000100003430 | 00 00 00 00 00 00 00 00  00 00 00 00 00 00 00 00  | ................
0000000100003440 | 00 00 00 00 00 00 00 00  00 00 00 00 00 00 00 00  | ................
0000000100003450 | 00 00 00 00 00 00 00 00  00 00 00 00 00 00 00 00  | ................
0000000100003460 | 00 00 00 00 00 00 00 00  00 00 00 00 00 00 00 00  | ................
0000000100003470 | 00 00 00 00 00 00 00 00  00 00 00 00 00 00 00 00  | ................
0000000100003480 | 00 00 00 00 00 00 00 00  00 00 00 00 00 00 00 00  | ................
0000000100003490 | 00 00 00 00 00 00 00 00  00 00 00 00 00 00 00 00  | ................
00000001000034A0 | 00 00 00 00 00 00 00 00  00 00 00 00 00 00 00 00  | ................
00000001000034B0 | 00 00 00 00 00 00 00 00  00 00 00 00 00 00 00 00  | ................
00000001000034C0 | 00 00 00 00 00 00 00 00  00 00 00 00 00 00 00 00  | ................
00000001000034D0 | 00 00 00 00 00 00 00 00  00 00 00 00 00 00 00 00  | ................
00000001000034E0 | 00 00 00 00 00 00 00 00  00 00 00 00 00 00 00 00  | ................
00000001000034F0 | 00 00 00 00 00 00 00 00  00 00 00 00 00 00 00 00  | ................
0000000100003500 | 00 00 00 00 00 00 00 00  00 00 00 00 00 00 00 00  | ................
0000000100003510 | 00 00 00 00 00 00 00 00  00 00 00 00 00 00 00 00  | ................
0000000100003520 | 00 00 00 00 00 00 00 00  00 00 00 00 00 00 00 00  | ................
0000000100003530 | 00 00 00 00 00 00 00 00  00 00 00 00 00 00 00 00  | ................
0000000100003540 | 00 00 00 00 00 00 00 00  00 00 00 00 00 00 00 00  | ................
0000000100003550 | 00 00 00 00 00 00 00 00  00 00 00 00 00 00 00 00  | ................
0000000100003560 | 00 00 00 00 00 00 00 00  00 00 00 00 00 00 00 00  | ................
0000000100003570 | 00 00 00 00 00 00 00 00  00 00 00 00 00 00 00 00  | ................
0000000100003580 | 00 00 00 00 00 00 00 00  00 00 00 00 00 00 00 00  | ................
0000000100003590 | 00 00 00 00 00 00 00 00  00 00 00 00 00 00 00 00  | ................
00000001000035A0 | 00 00 00 00 00 00 00 00  00 00 00 00 00 00 00 00  | ................
00000001000035B0 | 00 00 00 00 00 00 00 00  00 00 00 00 00 00 00 00  | ................
00000001000035C0 | 00 00 00 00 00 00 00 00  00 00 00 00 00 00 00 00  | ................
00000001000035D0 | 00 00 00 00 00 00 00 00  00 00 00 00 00 00 00 00  | ................
00000001000035E0 | 00 00 00 00 00 00 00 00  00 00 00 00 00 00 00 00  | ................
00000001000035F0 | 00 00 00 00 00 00 00 00  00 00 00 00 00 00 00 00  | ................
0000000100003600 | 00 00 00 00 00 00 00 00  00 00 00 00 00 00 00 00  | ................
0000000100003610 | 00 00 00 00 00 00 00 00  00 00 00 00 00 00 00 00  | ................
0000000100003620 | 00 00 00 00 00 00 00 00  00 00 00 00 00 00 00 00  | ................
0000000100003630 | 00 00 00 00 00 00 00 00  00 00 00 00 00 00 00 00  | ................
0000000100003640 | 00 00 00 00 00 00 00 00  00 00 00 00 00 00 00 00  | ................
0000000100003650 | 00 00 00 00 00 00 00 00  00 00 00 00 00 00 00 00  | ................
0000000100003660 | 00 00 00 00 00 00 00 00  00 00 00 00 00 00 00 00  | ................
0000000100003670 | 00 00 00 00 00 00 00 00  00 00 00 00 00 00 00 00  | ................
0000000100003680 | 00 00 00 00 00 00 00 00  00 00 00 00 00 00 00 00  | ................
0000000100003690 | 00 00 00 00 00 00 00 00  00 00 00 00 00 00 00 00  | ................
00000001000036A0 | 00 00 00 00 00 00 00 00  00 00 00 00 00 00 00 00  | ................
00000001000036B0 | 00 00 00 00 00 00 00 00  00 00 00 00 00 00 00 00  | ................
00000001000036C0 | 00 00 00 00 00 00 00 00  00 00 00 00 00 00 00 00  | ................
00000001000036D0 | 00 00 00 00 00 00 00 00  00 00 00 00 00 00 00 00  | ................
00000001000036E0 | 00 00 00 00 00 00 00 00  00 00 00 00 00 00 00 00  | ................
00000001000036F0 | 00 00 00 00 00 00 00 00  00 00 00 00 00 00 00 00  | ................
0000000100003700 | 00 00 00 00 00 00 00 00  00 00 00 00 00 00 00 00  | ................
0000000100003710 | 00 00 00 00 00 00 00 00  00 00 00 00 00 00 00 00  | ................
0000000100003720 | 00 00 00 00 00 00 00 00  00 00 00 00 00 00 00 00  | ................
0000000100003730 | 00 00 00 00 00 00 00 00  00 00 00 00 00 00 00 00  | ................
0000000100003740 | 00 00 00 00 00 00 00 00  00 00 00 00 00 00 00 00  | ................
0000000100003750 | 00 00 00 00 00 00 00 00  00 00 00 00 00 00 00 00  | ................
0000000100003760 | 00 00 00 00 00 00 00 00  00 00 00 00 00 00 00 00  | ................
0000000100003770 | 00 00 00 00 00 00 00 00  00 00 00 00 00 00 00 00  | ................
0000000100003780 | 00 00 00 00 00 00 00 00  00 00 00 00 00 00 00 00  | ................
0000000100003790 | 00 00 00 00 00 00 00 00  00 00 00 00 00 00 00 00  | ................
00000001000037A0 | 00 00 00 00 00 00 00 00  00 00 00 00 00 00 00 00  | ................
00000001000037B0 | 00 00 00 00 00 00 00 00  00 00 00 00 00 00 00 00  | ................
00000001000037C0 | 00 00 00 00 00 00 00 00  00 00 00 00 00 00 00 00  | ................
00000001000037D0 | 00 00 00 00 00 00 00 00  00 00 00 00 00 00 00 00  | ................
00000001000037E0 | 00 00 00 00 00 00 00 00  00 00 00 00 00 00 00 00  | ................
00000001000037F0 | 00 00 00 00 00 00 00 00  00 00 00 00 00 00 00 00  | ................
0000000100003800 | 00 00 00 00 00 00 00 00  00 00 00 00 00 00 00 00  | ................
0000000100003810 | 00 00 00 00 00 00 00 00  00 00 00 00 00 00 00 00  | ................
0000000100003820 | 00 00 00 00 00 00 00 00  00 00 00 00 00 00 00 00  | ................
0000000100003830 | 00 00 00 00 00 00 00 00  00 00 00 00 00 00 00 00  | ................
0000000100003840 | 00 00 00 00 00 00 00 00  00 00 00 00 00 00 00 00  | ................
0000000100003850 | 00 00 00 00 00 00 00 00  00 00 00 00 00 00 00 00  | ................
0000000100003860 | 00 00 00 00 00 00 00 00  00 00 00 00 00 00 00 00  | ................
0000000100003870 | 00 00 00 00 00 00 00 00  00 00 00 00 00 00 00 00  | ................
0000000100003880 | 00 00 00 00 00 00 00 00  00 00 00 00 00 00 00 00  | ................
0000000100003890 | 00 00 00 00 00 00 00 00  00 00 00 00 00 00 00 00  | ................
00000001000038A0 | 00 00 00 00 00 00 00 00  00 00 00 00 00 00 00 00  | ................
00000001000038B0 | 00 00 00 00 00 00 00 00  00 00 00 00 00 00 00 00  | ................
00000001000038C0 | 00 00 00 00 00 00 00 00  00 00 00 00 00 00 00 00  | ................
00000001000038D0 | 00 00 00 00 00 00 00 00  00 00 00 00 00 00 00 00  | ................
00000001000038E0 | 00 00 00 00 00 00 00 00  00 00 00 00 00 00 00 00  | ................
00000001000038F0 | 00 00 00 00 00 00 00 00  00 00 00 00 00 00 00 00  | ................
0000000100003900 | 00 00 00 00 00 00 00 00  00 00 00 00 00 00 00 00  | ................
0000000100003910 | 00 00 00 00 00 00 00 00  00 00 00 00 00 00 00 00  | ................
0000000100003920 | 00 00 00 00 00 00 00 00  00 00 00 00 00 00 00 00  | ................
0000000100003930 | 00 00 00 00 00 00 00 00  00 00 00 00 00 00 00 00  | ................
0000000100003940 | 00 00 00 00 00 00 00 00  00 00 00 00 00 00 00 00  | ................
0000000100003950 | 00 00 00 00 00 00 00 00  00 00 00 00 00 00 00 00  | ................
0000000100003960 | 00 00 00 00 00 00 00 00  00 00 00 00 00 00 00 00  | ................
0000000100003970 | 00 00 00 00 00 00 00 00  00 00 00 00 00 00 00 00  | ................
0000000100003980 | 00 00 00 00 00 00 00 00  00 00 00 00 00 00 00 00  | ................
0000000100003990 | 00 00 00 00 00 00 00 00  00 00 00 00 00 00 00 00  | ................
00000001000039A0 | 00 00 00 00 00 00 00 00  00 00 00 00 00 00 00 00  | ................
00000001000039B0 | 00 00 00 00 00 00 00 00  00 00 00 00 00 00 00 00  | ................
00000001000039C0 | 00 00 00 00 00 00 00 00  00 00 00 00 00 00 00 00  | ................
00000001000039D0 | 00 00 00 00 00 00 00 00  00 00 00 00 00 00 00 00  | ................
00000001000039E0 | 00 00 00 00 00 00 00 00  00 00 00 00 00 00 00 00  | ................
00000001000039F0 | 00 00 00 00 00 00 00 00  00 00 00 00 00 00 00 00  | ................
0000000100003A00 | 00 00 00 00 00 00 00 00  00 00 00 00 00 00 00 00  | ................
0000000100003A10 | 00 00 00 00 00 00 00 00  00 00 00 00 00 00 00 00  | ................
0000000100003A20 | 00 00 00 00 00 00 00 00  00 00 00 00 00 00 00 00  | ................
0000000100003A30 | 00 00 00 00 00 00 00 00  00 00 00 00 00 00 00 00  | ................
0000000100003A40 | 00 00 00 00 00 00 00 00  00 00 00 00 00 00 00 00  | ................
0000000100003A50 | 00 00 00 00 00 00 00 00  00 00 00 00 00 00 00 00  | ................
0000000100003A60 | 00 00 00 00 00 00 00 00  00 00 00 00 00 00 00 00  | ................
0000000100003A70 | 00 00 00 00 00 00 00 00  00 00 00 00 00 00 00 00  | ................
0000000100003A80 | 00 00 00 00 00 00 00 00  00 00 00 00 00 00 00 00  | ................
0000000100003A90 | 00 00 00 00 00 00 00 00  00 00 00 00 00 00 00 00  | ................
0000000100003AA0 | 00 00 00 00 00 00 00 00  00 00 00 00 00 00 00 00  | ................
0000000100003AB0 | 00 00 00 00 00 00 00 00  00 00 00 00 00 00 00 00  | ................
0000000100003AC0 | 00 00 00 00 00 00 00 00  00 00 00 00 00 00 00 00  | ................
0000000100003AD0 | 00 00 00 00 00 00 00 00  00 00 00 00 00 00 00 00  | ................
0000000100003AE0 | 00 00 00 00 00 00 00 00  00 00 00 00 00 00 00 00  | ................
0000000100003AF0 | 00 00 00 00 00 00 00 00  00 00 00 00 00 00 00 00  | ................
0000000100003B00 | 00 00 00 00 00 00 00 00  00 00 00 00 00 00 00 00  | ................
0000000100003B10 | 00 00 00 00 00 00 00 00  00 00 00 00 00 00 00 00  | ................
0000000100003B20 | 00 00 00 00 00 00 00 00  00 00 00 00 00 00 00 00  | ................
0000000100003B30 | 00 00 00 00 00 00 00 00  00 00 00 00 00 00 00 00  | ................
0000000100003B40 | 00 00 00 00 00 00 00 00  00 00 00 00 00 00 00 00  | ................
0000000100003B50 | 00 00 00 00 00 00 00 00  00 00 00 00 00 00 00 00  | ................
0000000100003B60 | 00 00 00 00 00 00 00 00  00 00 00 00 00 00 00 00  | ................
0000000100003B70 | 00 00 00 00 00 00 00 00  00 00 00 00 00 00 00 00  | ................
0000000100003B80 | 00 00 00 00 00 00 00 00  00 00 00 00 00 00 00 00  | ................
0000000100003B90 | 00 00 00 00 00 00 00 00  00 00 00 00 00 00 00 00  | ................
0000000100003BA0 | 00 00 00 00 00 00 00 00  00 00 00 00 00 00 00 00  | ................
0000000100003BB0 | 00 00 00 00 00 00 00 00  00 00 00 00 00 00 00 00  | ................
0000000100003BC0 | 00 00 00 00 00 00 00 00  00 00 00 00 00 00 00 00  | ................
0000000100003BD0 | 00 00 00 00 00 00 00 00  00 00 00 00 00 00 00 00  | ................
0000000100003BE0 | 00 00 00 00 00 00 00 00  00 00 00 00 00 00 00 00  | ................
0000000100003BF0 | 00 00 00 00 00 00 00 00  00 00 00 00 00 00 00 00  | ................
0000000100003C00 | 00 00 00 00 00 00 00 00  00 00 00 00 00 00 00 00  | ................
0000000100003C10 | 00 00 00 00 00 00 00 00  00 00 00 00 00 00 00 00  | ................
0000000100003C20 | 00 00 00 00 00 00 00 00  00 00 00 00 00 00 00 00  | ................
0000000100003C30 | 00 00 00 00 00 00 00 00  00 00 00 00 00 00 00 00  | ................
0000000100003C40 | 00 00 00 00 00 00 00 00  00 00 00 00 00 00 00 00  | ................
0000000100003C50 | 00 00 00 00 00 00 00 00  00 00 00 00 00 00 00 00  | ................
0000000100003C60 | 00 00 00 00 00 00 00 00  00 00 00 00 00 00 00 00  | ................
0000000100003C70 | 00 00 00 00 00 00 00 00  00 00 00 00 00 00 00 00  | ................
0000000100003C80 | 00 00 00 00 00 00 00 00  00 00 00 00 00 00 00 00  | ................
0000000100003C90 | 00 00 00 00 00 00 00 00  00 00 00 00 00 00 00 00  | ................
0000000100003CA0 | 00 00 00 00 00 00 00 00  00 00 00 00 00 00 00 00  | ................
0000000100003CB0 | 00 00 00 00 00 00 00 00  00 00 00 00 00 00 00 00  | ................
0000000100003CC0 | 00 00 00 00 00 00 00 00  00 00 00 00 00 00 00 00  | ................
0000000100003CD0 | 00 00 00 00 00 00 00 00  00 00 00 00 00 00 00 00  | ................
0000000100003CE0 | 00 00 00 00 00 00 00 00  00 00 00 00 00 00 00 00  | ................
0000000100003CF0 | 00 00 00 00 00 00 00 00  00 00 00 00 00 00 00 00  | ................
0000000100003D00 | 00 00 00 00 00 00 00 00  00 00 00 00 00 00 00 00  | ................
0000000100003D10 | 00 00 00 00 00 00 00 00  00 00 00 00 00 00 00 00  | ................
0000000100003D20 | 00 00 00 00 00 00 00 00  00 00 00 00 00 00 00 00  | ................
0000000100003D30 | 00 00 00 00 00 00 00 00  00 00 00 00 00 00 00 00  | ................
0000000100003D40 | 00 00 00 00 00 00 00 00  00 00 00 00 00 00 00 00  | ................
0000000100003D50 | 00 00 00 00 00 00 00 00  00 00 00 00 00 00 00 00  | ................
0000000100003D60 | 00 00 00 00 00 00 00 00  00 00 00 00 00 00 00 00  | ................
0000000100003D70 | 00 00 00 00 00 00 00 00  00 00 00 00 00 00 00 00  | ................
0000000100003D80 | 00 00 00 00 00 00 00 00  00 00 00 00 00 00 00 00  | ................
0000000100003D90 | 00 00 00 00 00 00 00 00  00 00 00 00 00 00 00 00  | ................
0000000100003DA0 | 00 00 00 00 00 00 00 00  00 00 00 00 00 00 00 00  | ................
0000000100003DB0 | 00 00 00 00 00 00 00 00  00 00 00 00 00 00 00 00  | ................
0000000100003DC0 | 00 00 00 00 00 00 00 00  00 00 00 00 00 00 00 00  | ................
0000000100003DD0 | 00 00 00 00 00 00 00 00  00 00 00 00 00 00 00 00  | ................
0000000100003DE0 | 00 00 00 00 00 00 00 00  00 00 00 00 00 00 00 00  | ................
0000000100003DF0 | 00 00 00 00 00 00 00 00  00 00 00 00 00 00 00 00  | ................
0000000100003E00 | 00 00 00 00 00 00 00 00  00 00 00 00 00 00 00 00  | ................
0000000100003E10 | 00 00 00 00 00 00 00 00  00 00 00 00 00 00 00 00  | ................
0000000100003E20 | 00 00 00 00 00 00 00 00  00 00 00 00 00 00 00 00  | ................
0000000100003E30 | 00 00 00 00 00 00 00 00  00 00 00 00 00 00 00 00  | ................
0000000100003E40 | 00 00 00 00 00 00 00 00  00 00 00 00 00 00 00 00  | ................
0000000100003E50 | 00 00 00 00 00 00 00 00  00 00 00 00 00 00 00 00  | ................
0000000100003E60 | 00 00 00 00 00 00 00 00  00 00 00 00 00 00 00 00  | ................
0000000100003E70 | 00 00 00 00 00 00 00 00  00 00 00 00 00 00 00 00  | ................
0000000100003E80 | 00 00 00 00 00 00 00 00  00 00 00 00 00 00 00 00  | ................
0000000100003E90 | 00 00 00 00 00 00 00 00  00 00 00 00 00 00 00 00  | ................
0000000100003EA0 | 00 00 00 00 00 00 00 00  00 00 00 00 00 00 00 00  | ................
0000000100003EB0 | 00 00 00 00 00 00 00 00  00 00 00 00 00 00 00 00  | ................
0000000100003EC0 | 00 00 00 00 00 00 00 00  00 00 00 00 00 00 00 00  | ................
0000000100003ED0 | 00 00 00 00 00 00 00 00  00 00 00 00 00 00 00 00  | ................
0000000100003EE0 | 00 00 00 00 00 00 00 00  00 00 00 00 00 00 00 00  | ................
0000000100003EF0 | 00 00 00 00 00 00 00 00  00 00 00 00 00 00 00 00  | ................
0000000100003F00 | 00 00 00 00 00 00 00 00  00 00 00 00 00 00 00 00  | ................
0000000100003F10 | 00 00 00 00 00 00 00 00  00 00 00 00 00 00 00 00  | ................
0000000100003F20 | 00 00 00 00 00 00 00 00  00 00 00 00 00 00 00 00  | ................
0000000100003F30 | 00 00 00 00 00 00 00 00  00 00 00 00 00 00 00 00  | ................
0000000100003F40 | 00 00 00 00 00 00 00 00  00 00 00 00 00 00 00 00  | ................
0000000100003F50 | 00 00 00 00 00 00 00 00  00 00 00 00 00 00 00 00  | ................
0000000100003F60 | 00 00 00 00 00 00 00 00  00 00 00 00 00 00 00 00  | ................
0000000100003F70 | 00 00 00 00 00 00 00 00  00 00 00 00 00 00 00 00  | ................
0000000100003F80 | 00 00 00 00 00 00 00 00  00 00 00 00 00 00 00 00  | ................
0000000100003F90 | 00 00 00 00 00 00 00 00  00 00 00 00 00 00 00 00  | ................
0000000100003FA0 | 00 00 00 00 00 00 00 00  00 00 00 00 00 00 00 00  | ................
0000000100003FB0 | 00 00 00 00 00 00 00 00  00 00 00 00 00 00 00 00  | ................
0000000100003FC0 | 00 00 00 00 00 00 00 00  00 00 00 00 00 00 00 00  | ................
0000000100003FD0 | 00 00 00 00 00 00 00 00  00 00 00 00 00 00 00 00  | ................
0000000100003FE0 | 00 00 00 00 00 00 00 00  00 00 00 00 00 00 00 00  | ................
0000000100003FF0 | 00 00 00 00 00 00 00 00  00 00 00 00 00 00 00 00  | ................
0000000100004000 | 00 00 00 00 00 00 00 00  00 00 00 00 00 00 00 00  | ................
0000000100004010 | 00 00 00 00 00 00 00 00  00 00 00 00 00 00 00 00  | ................
0000000100004020 | 00 00 00 00 00 00 00 00  00 00 00 00 00 00 00 00  | ................
0000000100004030 | 00 00 00 00 00 00 00 00  00 00 00 00 00 00 00 00  | ................
0000000100004040 | 00 00 00 00 00 00 00 00  00 00 00 00 00 00 00 00  | ................
0000000100004050 | 00 00 00 00 00 00 00 00  00 00 00 00 00 00 00 00  | ................
0000000100004060 | 00 00 00 00 00 00 00 00  00 00 00 00 00 00 00 00  | ................
0000000100004070 | 00 00 00 00 00 00 00 00  00 00 00 00 00 00 00 00  | ................
0000000100004080 | 00 00 00 00 00 00 00 00  00 00 00 00 00 00 00 00  | ................
0000000100004090 | 00 00 00 00 00 00 00 00  00 00 00 00 00 00 00 00  | ................
00000001000040A0 | 00 00 00 00 00 00 00 00  00 00 00 00 00 00 00 00  | ................
00000001000040B0 | 00 00 00 00 00 00 00 00  00 00 00 00 00 00 00 00  | ................
00000001000040C0 | 00 00 00 00 00 00 00 00  00 00 00 00 00 00 00 00  | ................
00000001000040D0 | 00 00 00 00 00 00 00 00  00 00 00 00 00 00 00 00  | ................
00000001000040E0 | 00 00 00 00 00 00 00 00  00 00 00 00 00 00 00 00  | ................
00000001000040F0 | 00 00 00 00 00 00 00 00  00 00 00 00 00 00 00 00  | ................
0000000100004100 | 00 00 00 00 00 00 00 00  00 00 00 00 00 00 00 00  | ................
0000000100004110 | 00 00 00 00 00 00 00 00  00 00 00 00 00 00 00 00  | ................
0000000100004120 | 00 00 00 00 00 00 00 00  00 00 00 00 00 00 00 00  | ................
0000000100004130 | 00 00 00 00 00 00 00 00  00 00 00 00 00 00 00 00  | ................
0000000100004140 | 00 00 00 00 00 00 00 00  00 00 00 00 00 00 00 00  | ................
0000000100004150 | 00 00 00 00 00 00 00 00  00 00 00 00 00 00 00 00  | ................
0000000100004160 | 00 00 00 00 00 00 00 00  00 00 00 00 00 00 00 00  | ................
0000000100004170 | 00 00 00 00 00 00 00 00  00 00 00 00 00 00 00 00  | ................
0000000100004180 | 00 00 00 00 00 00 00 00  00 00 00 00 00 00 00 00  | ................
0000000100004190 | 00 00 00 00 00 00 00 00  00 00 00 00 00 00 00 00  | ................
00000001000041A0 | 00 00 00 00 00 00 00 00  00 00 00 00 00 00 00 00  | ................
00000001000041B0 | 00 00 00 00 00 00 00 00  00 00 00 00 00 00 00 00  | ................
00000001000041C0 | 00 00 00 00 00 00 00 00  00 00 00 00 00 00 00 00  | ................
00000001000041D0 | 00 00 00 00 00 00 00 00  00 00 00 00 00 00 00 00  | ................
00000001000041E0 | 00 00 00 00 00 00 00 00  00 00 00 00 00 00 00 00  | ................
00000001000041F0 | 00 00 00 00 00 00 00 00  00 00 00 00 00 00 00 00  | ................
0000000100004200 | 00 00 00 00 00 00 00 00  00 00 00 00 00 00 00 00  | ................
0000000100004210 | 00 00 00 00 00 00 00 00  00 00 00 00 00 00 00 00  | ................
0000000100004220 | 00 00 00 00 00 00 00 00  00 00 00 00 00 00 00 00  | ................
0000000100004230 | 00 00 00 00 00 00 00 00  00 00 00 00 00 00 00 00  | ................
0000000100004240 | 00 00 00 00 00 00 00 00  00 00 00 00 00 00 00 00  | ................
0000000100004250 | 00 00 00 00 00 00 00 00  00 00 00 00 00 00 00 00  | ................
0000000100004260 | 00 00 00 00 00 00 00 00  00 00 00 00 00 00 00 00  | ................
0000000100004270 | 00 00 00 00 00 00 00 00  00 00 00 00 00 00 00 00  | ................
0000000100004280 | 00 00 00 00 00 00 00 00  00 00 00 00 00 00 00 00  | ................
0000000100004290 | 00 00 00 00 00 00 00 00  00 00 00 00 00 00 00 00  | ................
00000001000042A0 | 00 00 00 00 00 00 00 00  00 00 00 00 00 00 00 00  | ................
00000001000042B0 | 00 00 00 00 00 00 00 00  00 00 00 00 00 00 00 00  | ................
00000001000042C0 | 00 00 00 00 00 00 00 00  00 00 00 00 00 00 00 00  | ................
00000001000042D0 | 00 00 00 00 00 00 00 00  00 00 00 00 00 00 00 00  | ................
00000001000042E0 | 00 00 00 00 00 00 00 00  00 00 00 00 00 00 00 00  | ................
00000001000042F0 | 00 00 00 00 00 00 00 00  00 00 00 00 00 00 00 00  | ................
0000000100004300 | 00 00 00 00 00 00 00 00  00 00 00 00 00 00 00 00  | ................
0000000100004310 | 00 00 00 00 00 00 00 00  00 00 00 00 00 00 00 00  | ................
0000000100004320 | 00 00 00 00 00 00 00 00  00 00 00 00 00 00 00 00  | ................
0000000100004330 | 00 00 00 00 00 00 00 00  00 00 00 00 00 00 00 00  | ................
0000000100004340 | 00 00 00 00 00 00 00 00  00 00 00 00 00 00 00 00  | ................
0000000100004350 | 00 00 00 00 00 00 00 00  00 00 00 00 00 00 00 00  | ................
0000000100004360 | 00 00 00 00 00 00 00 00  00 00 00 00 00 00 00 00  | ................
0000000100004370 | 00 00 00 00 00 00 00 00  00 00 00 00 00 00 00 00  | ................
0000000100004380 | 00 00 00 00 00 00 00 00  00 00 00 00 00 00 00 00  | ................
0000000100004390 | 00 00 00 00 00 00 00 00  00 00 00 00 00 00 00 00  | ................
00000001000043A0 | 00 00 00 00 00 00 00 00  00 00 00 00 00 00 00 00  | ................
00000001000043B0 | 00 00 00 00 00 00 00 00  00 00 00 00 00 00 00 00  | ................
00000001000043C0 | 00 00 00 00 00 00 00 00  00 00 00 00 00 00 00 00  | ................
00000001000043D0 | 00 00 00 00 00 00 00 00  00 00 00 00 00 00 00 00  | ................
00000001000043E0 | 00 00 00 00 00 00 00 00  00 00 00 00 00 00 00 00  | ................
00000001000043F0 | 00 00 00 00 00 00 00 00  00 00 00 00 00 00 00 00  | ................
0000000100004400 | 00 00 00 00 00 00 00 00  00 00 00 00 00 00 00 00  | ................
0000000100004410 | 00 00 00 00 00 00 00 00  00 00 00 00 00 00 00 00  | ................
0000000100004420 | 00 00 00 00 00 00 00 00  00 00 00 00 00 00 00 00  | ................
0000000100004430 | 00 00 00 00 00 00 00 00  00 00 00 00 00 00 00 00  | ................
0000000100004440 | 00 00 00 00 00 00 00 00  00 00 00 00 00 00 00 00  | ................
0000000100004450 | 00 00 00 00 00 00 00 00  00 00 00 00 00 00 00 00  | ................
0000000100004460 | 00 00 00 00 00 00 00 00  00 00 00 00 00 00 00 00  | ................
0000000100004470 | 00 00 00 00 00 00 00 00  00 00 00 00 00 00 00 00  | ................
0000000100004480 | 00 00 00 00 00 00 00 00  00 00 00 00 00 00 00 00  | ................
0000000100004490 | 00 00 00 00 00 00 00 00  00 00 00 00 00 00 00 00  | ................
00000001000044A0 | 00 00 00 00 00 00 00 00  00 00 00 00 00 00 00 00  | ................
00000001000044B0 | 00 00 00 00 00 00 00 00  00 00 00 00 00 00 00 00  | ................
00000001000044C0 | 00 00 00 00 00 00 00 00  00 00 00 00 00 00 00 00  | ................
00000001000044D0 | 00 00 00 00 00 00 00 00  00 00 00 00 00 00 00 00  | ................
00000001000044E0 | 00 00 00 00 00 00 00 00  00 00 00 00 00 00 00 00  | ................
00000001000044F0 | 00 00 00 00 00 00 00 00  00 00 00 00 00 00 00 00  | ................
0000000100004500 | 00 00 00 00 00 00 00 00  00 00 00 00 00 00 00 00  | ................
0000000100004510 | 00 00 00 00 00 00 00 00  00 00 00 00 00 00 00 00  | ................
0000000100004520 | 00 00 00 00 00 00 00 00  00 00 00 00 00 00 00 00  | ................
0000000100004530 | 00 00 00 00 00 00 00 00  00 00 00 00 00 00 00 00  | ................
0000000100004540 | 00 00 00 00 00 00 00 00  00 00 00 00 00 00 00 00  | ................
0000000100004550 | 00 00 00 00 00 00 00 00  00 00 00 00 00 00 00 00  | ................
0000000100004560 | 00 00 00 00 00 00 00 00  00 00 00 00 00 00 00 00  | ................
0000000100004570 | 00 00 00 00 00 00 00 00  00 00 00 00 00 00 00 00  | ................
0000000100004580 | 00 00 00 00 00 00 00 00  00 00 00 00 00 00 00 00  | ................
0000000100004590 | 00 00 00 00 00 00 00 00  00 00 00 00 00 00 00 00  | ................
00000001000045A0 | 00 00 00 00 00 00 00 00  00 00 00 00 00 00 00 00  | ................
00000001000045B0 | 00 00 00 00 00 00 00 00  00 00 00 00 00 00 00 00  | ................
00000001000045C0 | 00 00 00 00 00 00 00 00  00 00 00 00 00 00 00 00  | ................
00000001000045D0 | 00 00 00 00 00 00 00 00  00 00 00 00 00 00 00 00  | ................
00000001000045E0 | 00 00 00 00 00 00 00 00  00 00 00 00 00 00 00 00  | ................
00000001000045F0 | 00 00 00 00 00 00 00 00  00 00 00 00 00 00 00 00  | ................
0000000100004600 | 00 00 00 00 00 00 00 00  00 00 00 00 00 00 00 00  | ................
0000000100004610 | 00 00 00 00 00 00 00 00  00 00 00 00 00 00 00 00  | ................
0000000100004620 | 00 00 00 00 00 00 00 00  00 00 00 00 00 00 00 00  | ................
0000000100004630 | 00 00 00 00 00 00 00 00  00 00 00 00 00 00 00 00  | ................
0000000100004640 | 00 00 00 00 00 00 00 00  00 00 00 00 00 00 00 00  | ................
0000000100004650 | 00 00 00 00 00 00 00 00  00 00 00 00 00 00 00 00  | ................
0000000100004660 | 00 00 00 00 00 00 00 00  00 00 00 00 00 00 00 00  | ................
0000000100004670 | 00 00 00 00 00 00 00 00  00 00 00 00 00 00 00 00  | ................
0000000100004680 | 00 00 00 00 00 00 00 00  00 00 00 00 00 00 00 00  | ................
0000000100004690 | 00 00 00 00 00 00 00 00  00 00 00 00 00 00 00 00  | ................
00000001000046A0 | 00 00 00 00 00 00 00 00  00 00 00 00 00 00 00 00  | ................
00000001000046B0 | 00 00 00 00 00 00 00 00  00 00 00 00 00 00 00 00  | ................
00000001000046C0 | 00 00 00 00 00 00 00 00  00 00 00 00 00 00 00 00  | ................
00000001000046D0 | 00 00 00 00 00 00 00 00  00 00 00 00 00 00 00 00  | ................
00000001000046E0 | 00 00 00 00 00 00 00 00  00 00 00 00 00 00 00 00  | ................
00000001000046F0 | 00 00 00 00 00 00 00 00  00 00 00 00 00 00 00 00  | ................
0000000100004700 | 00 00 00 00 00 00 00 00  00 00 00 00 00 00 00 00  | ................
0000000100004710 | 00 00 00 00 00 00 00 00  00 00 00 00 00 00 00 00  | ................
0000000100004720 | 00 00 00 00 00 00 00 00  00 00 00 00 00 00 00 00  | ................
0000000100004730 | 00 00 00 00 00 00 00 00  00 00 00 00 00 00 00 00  | ................
0000000100004740 | 00 00 00 00 00 00 00 00  00 00 00 00 00 00 00 00  | ................
0000000100004750 | 00 00 00 00 00 00 00 00  00 00 00 00 00 00 00 00  | ................
0000000100004760 | 00 00 00 00 00 00 00 00  00 00 00 00 00 00 00 00  | ................
0000000100004770 | 00 00 00 00 00 00 00 00  00 00 00 00 00 00 00 00  | ................
0000000100004780 | 00 00 00 00 00 00 00 00  00 00 00 00 00 00 00 00  | ................
0000000100004790 | 00 00 00 00 00 00 00 00  00 00 00 00 00 00 00 00  | ................
00000001000047A0 | 00 00 00 00 00 00 00 00  00 00 00 00 00 00 00 00  | ................
00000001000047B0 | 00 00 00 00 00 00 00 00  00 00 00 00 00 00 00 00  | ................
00000001000047C0 | 00 00 00 00 00 00 00 00  00 00 00 00 00 00 00 00  | ................
00000001000047D0 | 00 00 00 00 00 00 00 00  00 00 00 00 00 00 00 00  | ................
00000001000047E0 | 00 00 00 00 00 00 00 00  00 00 00 00 00 00 00 00  | ................
00000001000047F0 | 00 00 00 00 00 00 00 00  00 00 00 00 00 00 00 00  | ................
0000000100004800 | 00 00 00 00 00 00 00 00  00 00 00 00 00 00 00 00  | ................
0000000100004810 | 00 00 00 00 00 00 00 00  00 00 00 00 00 00 00 00  | ................
0000000100004820 | 00 00 00 00 00 00 00 00  00 00 00 00 00 00 00 00  | ................
0000000100004830 | 00 00 00 00 00 00 00 00  00 00 00 00 00 00 00 00  | ................
0000000100004840 | 00 00 00 00 00 00 00 00  00 00 00 00 00 00 00 00  | ................
0000000100004850 | 00 00 00 00 00 00 00 00  00 00 00 00 00 00 00 00  | ................
0000000100004860 | 00 00 00 00 00 00 00 00  00 00 00 00 00 00 00 00  | ................
0000000100004870 | 00 00 00 00 00 00 00 00  00 00 00 00 00 00 00 00  | ................
0000000100004880 | 00 00 00 00 00 00 00 00  00 00 00 00 00 00 00 00  | ................
0000000100004890 | 00 00 00 00 00 00 00 00  00 00 00 00 00 00 00 00  | ................
00000001000048A0 | 00 00 00 00 00 00 00 00  00 00 00 00 00 00 00 00  | ................
00000001000048B0 | 00 00 00 00 00 00 00 00  00 00 00 00 00 00 00 00  | ................
00000001000048C0 | 00 00 00 00 00 00 00 00  00 00 00 00 00 00 00 00  | ................
00000001000048D0 | 00 00 00 00 00 00 00 00  00 00 00 00 00 00 00 00  | ................
00000001000048E0 | 00 00 00 00 00 00 00 00  00 00 00 00 00 00 00 00  | ................
00000001000048F0 | 00 00 00 00 00 00 00 00  00 00 00 00 00 00 00 00  | ................
0000000100004900 | 00 00 00 00 00 00 00 00  00 00 00 00 00 00 00 00  | ................
0000000100004910 | 00 00 00 00 00 00 00 00  00 00 00 00 00 00 00 00  | ................
0000000100004920 | 00 00 00 00 00 00 00 00  00 00 00 00 00 00 00 00  | ................
0000000100004930 | 00 00 00 00 00 00 00 00  00 00 00 00 00 00 00 00  | ................
0000000100004940 | 00 00 00 00 00 00 00 00  00 00 00 00 00 00 00 00  | ................
0000000100004950 | 00 00 00 00 00 00 00 00  00 00 00 00 00 00 00 00  | ................
0000000100004960 | 00 00 00 00 00 00 00 00  00 00 00 00 00 00 00 00  | ................
0000000100004970 | 00 00 00 00 00 00 00 00  00 00 00 00 00 00 00 00  | ................
0000000100004980 | 00 00 00 00 00 00 00 00  00 00 00 00 00 00 00 00  | ................
0000000100004990 | 00 00 00 00 00 00 00 00  00 00 00 00 00 00 00 00  | ................
00000001000049A0 | 00 00 00 00 00 00 00 00  00 00 00 00 00 00 00 00  | ................
00000001000049B0 | 00 00 00 00 00 00 00 00  00 00 00 00 00 00 00 00  | ................
00000001000049C0 | 00 00 00 00 00 00 00 00  00 00 00 00 00 00 00 00  | ................
00000001000049D0 | 00 00 00 00 00 00 00 00  00 00 00 00 00 00 00 00  | ................
00000001000049E0 | 00 00 00 00 00 00 00 00  00 00 00 00 00 00 00 00  | ................
00000001000049F0 | 00 00 00 00 00 00 00 00  00 00 00 00 00 00 00 00  | ................
0000000100004A00 | 00 00 00 00 00 00 00 00  00 00 00 00 00 00 00 00  | ................
0000000100004A10 | 00 00 00 00 00 00 00 00  00 00 00 00 00 00 00 00  | ................
0000000100004A20 | 00 00 00 00 00 00 00 00  00 00 00 00 00 00 00 00  | ................
0000000100004A30 | 00 00 00 00 00 00 00 00  00 00 00 00 00 00 00 00  | ................
0000000100004A40 | 00 00 00 00 00 00 00 00  00 00 00 00 00 00 00 00  | ................
0000000100004A50 | 00 00 00 00 00 00 00 00  00 00 00 00 00 00 00 00  | ................
0000000100004A60 | 00 00 00 00 00 00 00 00  00 00 00 00 00 00 00 00  | ................
0000000100004A70 | 00 00 00 00 00 00 00 00  00 00 00 00 00 00 00 00  | ................
0000000100004A80 | 00 00 00 00 00 00 00 00  00 00 00 00 00 00 00 00  | ................
0000000100004A90 | 00 00 00 00 00 00 00 00  00 00 00 00 00 00 00 00  | ................
0000000100004AA0 | 00 00 00 00 00 00 00 00  00 00 00 00 00 00 00 00  | ................
0000000100004AB0 | 00 00 00 00 00 00 00 00  00 00 00 00 00 00 00 00  | ................
0000000100004AC0 | 00 00 00 00 00 00 00 00  00 00 00 00 00 00 00 00  | ................
0000000100004AD0 | 00 00 00 00 00 00 00 00  00 00 00 00 00 00 00 00  | ................
0000000100004AE0 | 00 00 00 00 00 00 00 00  00 00 00 00 00 00 00 00  | ................
0000000100004AF0 | 00 00 00 00 00 00 00 00  00 00 00 00 00 00 00 00  | ................
0000000100004B00 | 00 00 00 00 00 00 00 00  00 00 00 00 00 00 00 00  | ................
0000000100004B10 | 00 00 00 00 00 00 00 00  00 00 00 00 00 00 00 00  | ................
0000000100004B20 | 00 00 00 00 00 00 00 00  00 00 00 00 00 00 00 00  | ................
0000000100004B30 | 00 00 00 00 00 00 00 00  00 00 00 00 00 00 00 00  | ................
0000000100004B40 | 00 00 00 00 00 00 00 00  00 00 00 00 00 00 00 00  | ................
0000000100004B50 | 00 00 00 00 00 00 00 00  00 00 00 00 00 00 00 00  | ................
0000000100004B60 | 00 00 00 00 00 00 00 00  00 00 00 00 00 00 00 00  | ................
0000000100004B70 | 00 00 00 00 00 00 00 00  00 00 00 00 00 00 00 00  | ................
0000000100004B80 | 00 00 00 00 00 00 00 00  00 00 00 00 00 00 00 00  | ................
0000000100004B90 | 00 00 00 00 00 00 00 00  00 00 00 00 00 00 00 00  | ................
0000000100004BA0 | 00 00 00 00 00 00 00 00  00 00 00 00 00 00 00 00  | ................
0000000100004BB0 | 00 00 00 00 00 00 00 00  00 00 00 00 00 00 00 00  | ................
0000000100004BC0 | 00 00 00 00 00 00 00 00  00 00 00 00 00 00 00 00  | ................
0000000100004BD0 | 00 00 00 00 00 00 00 00  00 00 00 00 00 00 00 00  | ................
0000000100004BE0 | 00 00 00 00 00 00 00 00  00 00 00 00 00 00 00 00  | ................
0000000100004BF0 | 00 00 00 00 00 00 00 00  00 00 00 00 00 00 00 00  | ................
0000000100004C00 | 00 00 00 00 00 00 00 00  00 00 00 00 00 00 00 00  | ................
0000000100004C10 | 00 00 00 00 00 00 00 00  00 00 00 00 00 00 00 00  | ................
0000000100004C20 | 00 00 00 00 00 00 00 00  00 00 00 00 00 00 00 00  | ................
0000000100004C30 | 00 00 00 00 00 00 00 00  00 00 00 00 00 00 00 00  | ................
0000000100004C40 | 00 00 00 00 00 00 00 00  00 00 00 00 00 00 00 00  | ................
0000000100004C50 | 00 00 00 00 00 00 00 00  00 00 00 00 00 00 00 00  | ................
0000000100004C60 | 00 00 00 00 00 00 00 00  00 00 00 00 00 00 00 00  | ................
0000000100004C70 | 00 00 00 00 00 00 00 00  00 00 00 00 00 00 00 00  | ................
0000000100004C80 | 00 00 00 00 00 00 00 00  00 00 00 00 00 00 00 00  | ................
0000000100004C90 | 00 00 00 00 00 00 00 00  00 00 00 00 00 00 00 00  | ................
0000000100004CA0 | 00 00 00 00 00 00 00 00  00 00 00 00 00 00 00 00  | ................
0000000100004CB0 | 00 00 00 00 00 00 00 00  00 00 00 00 00 00 00 00  | ................
0000000100004CC0 | 00 00 00 00 00 00 00 00  00 00 00 00 00 00 00 00  | ................
0000000100004CD0 | 00 00 00 00 00 00 00 00  00 00 00 00 00 00 00 00  | ................
0000000100004CE0 | 00 00 00 00 00 00 00 00  00 00 00 00 00 00 00 00  | ................
0000000100004CF0 | 00 00 00 00 00 00 00 00  00 00 00 00 00 00 00 00  | ................
0000000100004D00 | 00 00 00 00 00 00 00 00  00 00 00 00 00 00 00 00  | ................
0000000100004D10 | 00 00 00 00 00 00 00 00  00 00 00 00 00 00 00 00  | ................
0000000100004D20 | 00 00 00 00 00 00 00 00  00 00 00 00 00 00 00 00  | ................
0000000100004D30 | 00 00 00 00 00 00 00 00  00 00 00 00 00 00 00 00  | ................
0000000100004D40 | 00 00 00 00 00 00 00 00  00 00 00 00 00 00 00 00  | ................
0000000100004D50 | 00 00 00 00 00 00 00 00  00 00 00 00 00 00 00 00  | ................
0000000100004D60 | 00 00 00 00 00 00 00 00  00 00 00 00 00 00 00 00  | ................
0000000100004D70 | 00 00 00 00 00 00 00 00  00 00 00 00 00 00 00 00  | ................
0000000100004D80 | 00 00 00 00 00 00 00 00  00 00 00 00 00 00 00 00  | ................
0000000100004D90 | 00 00 00 00 00 00 00 00  00 00 00 00 00 00 00 00  | ................
0000000100004DA0 | 00 00 00 00 00 00 00 00  00 00 00 00 00 00 00 00  | ................
0000000100004DB0 | 00 00 00 00 00 00 00 00  00 00 00 00 00 00 00 00  | ................
0000000100004DC0 | 00 00 00 00 00 00 00 00  00 00 00 00 00 00 00 00  | ................
0000000100004DD0 | 00 00 00 00 00 00 00 00  00 00 00 00 00 00 00 00  | ................
0000000100004DE0 | 00 00 00 00 00 00 00 00  00 00 00 00 00 00 00 00  | ................
0000000100004DF0 | 00 00 00 00 00 00 00 00  00 00 00 00 00 00 00 00  | ................
0000000100004E00 | 00 00 00 00 00 00 00 00  00 00 00 00 00 00 00 00  | ................
0000000100004E10 | 00 00 00 00 00 00 00 00  00 00 00 00 00 00 00 00  | ................
0000000100004E20 | 00 00 00 00 00 00 00 00  00 00 00 00 00 00 00 00  | ................
0000000100004E30 | 00 00 00 00 00 00 00 00  00 00 00 00 00 00 00 00  | ................
0000000100004E40 | 00 00 00 00 00 00 00 00  00 00 00 00 00 00 00 00  | ................
0000000100004E50 | 00 00 00 00 00 00 00 00  00 00 00 00 00 00 00 00  | ................
0000000100004E60 | 00 00 00 00 00 00 00 00  00 00 00 00 00 00 00 00  | ................
0000000100004E70 | 00 00 00 00 00 00 00 00  00 00 00 00 00 00 00 00  | ................
0000000100004E80 | 00 00 00 00 00 00 00 00  00 00 00 00 00 00 00 00  | ................
0000000100004E90 | 00 00 00 00 00 00 00 00  00 00 00 00 00 00 00 00  | ................
0000000100004EA0 | 00 00 00 00 00 00 00 00  00 00 00 00 00 00 00 00  | ................
0000000100004EB0 | 00 00 00 00 00 00 00 00  00 00 00 00 00 00 00 00  | ................
0000000100004EC0 | 00 00 00 00 00 00 00 00  00 00 00 00 00 00 00 00  | ................
0000000100004ED0 | 00 00 00 00 00 00 00 00  00 00 00 00 00 00 00 00  | ................
0000000100004EE0 | 00 00 00 00 00 00 00 00  00 00 00 00 00 00 00 00  | ................
0000000100004EF0 | 00 00 00 00 00 00 00 00  00 00 00 00 00 00 00 00  | ................
0000000100004F00 | 00 00 00 00 00 00 00 00  00 00 00 00 00 00 00 00  | ................
0000000100004F10 | 00 00 00 00 00 00 00 00  00 00 00 00 00 00 00 00  | ................
0000000100004F20 | 00 00 00 00 00 00 00 00  00 00 00 00 00 00 00 00  | ................
0000000100004F30 | 00 00 00 00 00 00 00 00  00 00 00 00 00 00 00 00  | ................
0000000100004F40 | 00 00 00 00 00 00 00 00  00 00 00 00 00 00 00 00  | ................
0000000100004F50 | 00 00 00 00 00 00 00 00  00 00 00 00 00 00 00 00  | ................
0000000100004F60 | 00 00 00 00 00 00 00 00  00 00 00 00 00 00 00 00  | ................
0000000100004F70 | 00 00 00 00 00 00 00 00  00 00 00 00 00 00 00 00  | ................
0000000100004F80 | 00 00 00 00 00 00 00 00  00 00 00 00 00 00 00 00  | ................
0000000100004F90 | 00 00 00 00 00 00 00 00  00 00 00 00 00 00 00 00  | ................
0000000100004FA0 | 00 00 00 00 00 00 00 00  00 00 00 00 00 00 00 00  | ................
0000000100004FB0 | 00 00 00 00 00 00 00 00  00 00 00 00 00 00 00 00  | ................
0000000100004FC0 | 00 00 00 00 00 00 00 00  00 00 00 00 00 00 00 00  | ................
0000000100004FD0 | 00 00 00 00 00 00 00 00  00 00 00 00 00 00 00 00  | ................
0000000100004FE0 | 00 00 00 00 00 00 00 00  00 00 00 00 00 00 00 00  | ................
0000000100004FF0 | 00 00 00 00 00 00 00 00  00 00 00 00 00 00 00 00  | ................
0000000100005000 | 00 00 00 00 00 00 00 00  00 00 00 00 00 00 00 00  | ................
0000000100005010 | 00 00 00 00 00 00 00 00  00 00 00 00 00 00 00 00  | ................
0000000100005020 | 00 00 00 00 00 00 00 00  00 00 00 00 00 00 00 00  | ................
0000000100005030 | 00 00 00 00 00 00 00 00  00 00 00 00 00 00 00 00  | ................
0000000100005040 | 00 00 00 00 00 00 00 00  00 00 00 00 00 00 00 00  | ................
0000000100005050 | 00 00 00 00 00 00 00 00  00 00 00 00 00 00 00 00  | ................
0000000100005060 | 00 00 00 00 00 00 00 00  00 00 00 00 00 00 00 00  | ................
0000000100005070 | 00 00 00 00 00 00 00 00  00 00 00 00 00 00 00 00  | ................
0000000100005080 | 00 00 00 00 00 00 00 00  00 00 00 00 00 00 00 00  | ................
0000000100005090 | 00 00 00 00 00 00 00 00  00 00 00 00 00 00 00 00  | ................
00000001000050A0 | 00 00 00 00 00 00 00 00  00 00 00 00 00 00 00 00  | ................
00000001000050B0 | 00 00 00 00 00 00 00 00  00 00 00 00 00 00 00 00  | ................
00000001000050C0 | 00 00 00 00 00 00 00 00  00 00 00 00 00 00 00 00  | ................
00000001000050D0 | 00 00 00 00 00 00 00 00  00 00 00 00 00 00 00 00  | ................
00000001000050E0 | 00 00 00 00 00 00 00 00  00 00 00 00 00 00 00 00  | ................
00000001000050F0 | 00 00 00 00 00 00 00 00  00 00 00 00 00 00 00 00  | ................
0000000100005100 | 00 00 00 00 00 00 00 00  00 00 00 00 00 00 00 00  | ................
0000000100005110 | 00 00 00 00 00 00 00 00  00 00 00 00 00 00 00 00  | ................
0000000100005120 | 00 00 00 00 00 00 00 00  00 00 00 00 00 00 00 00  | ................
0000000100005130 | 00 00 00 00 00 00 00 00  00 00 00 00 00 00 00 00  | ................
0000000100005140 | 00 00 00 00 00 00 00 00  00 00 00 00 00 00 00 00  | ................
0000000100005150 | 00 00 00 00 00 00 00 00  00 00 00 00 00 00 00 00  | ................
0000000100005160 | 00 00 00 00 00 00 00 00  00 00 00 00 00 00 00 00  | ................
0000000100005170 | 00 00 00 00 00 00 00 00  00 00 00 00 00 00 00 00  | ................
0000000100005180 | 00 00 00 00 00 00 00 00  00 00 00 00 00 00 00 00  | ................
0000000100005190 | 00 00 00 00 00 00 00 00  00 00 00 00 00 00 00 00  | ................
00000001000051A0 | 00 00 00 00 00 00 00 00  00 00 00 00 00 00 00 00  | ................
00000001000051B0 | 00 00 00 00 00 00 00 00  00 00 00 00 00 00 00 00  | ................
00000001000051C0 | 00 00 00 00 00 00 00 00  00 00 00 00 00 00 00 00  | ................
00000001000051D0 | 00 00 00 00 00 00 00 00  00 00 00 00 00 00 00 00  | ................
00000001000051E0 | 00 00 00 00 00 00 00 00  00 00 00 00 00 00 00 00  | ................
00000001000051F0 | 00 00 00 00 00 00 00 00  00 00 00 00 00 00 00 00  | ................
0000000100005200 | 00 00 00 00 00 00 00 00  00 00 00 00 00 00 00 00  | ................
0000000100005210 | 00 00 00 00 00 00 00 00  00 00 00 00 00 00 00 00  | ................
0000000100005220 | 00 00 00 00 00 00 00 00  00 00 00 00 00 00 00 00  | ................
0000000100005230 | 00 00 00 00 00 00 00 00  00 00 00 00 00 00 00 00  | ................
0000000100005240 | 00 00 00 00 00 00 00 00  00 00 00 00 00 00 00 00  | ................
0000000100005250 | 00 00 00 00 00 00 00 00  00 00 00 00 00 00 00 00  | ................
0000000100005260 | 00 00 00 00 00 00 00 00  00 00 00 00 00 00 00 00  | ................
0000000100005270 | 00 00 00 00 00 00 00 00  00 00 00 00 00 00 00 00  | ................
0000000100005280 | 00 00 00 00 00 00 00 00  00 00 00 00 00 00 00 00  | ................
0000000100005290 | 00 00 00 00 00 00 00 00  00 00 00 00 00 00 00 00  | ................
00000001000052A0 | 00 00 00 00 00 00 00 00  00 00 00 00 00 00 00 00  | ................
00000001000052B0 | 00 00 00 00 00 00 00 00  00 00 00 00 00 00 00 00  | ................
00000001000052C0 | 00 00 00 00 00 00 00 00  00 00 00 00 00 00 00 00  | ................
00000001000052D0 | 00 00 00 00 00 00 00 00  00 00 00 00 00 00 00 00  | ................
00000001000052E0 | 00 00 00 00 00 00 00 00  00 00 00 00 00 00 00 00  | ................
00000001000052F0 | 00 00 00 00 00 00 00 00  00 00 00 00 00 00 00 00  | ................
0000000100005300 | 00 00 00 00 00 00 00 00  00 00 00 00 00 00 00 00  | ................
0000000100005310 | 00 00 00 00 00 00 00 00  00 00 00 00 00 00 00 00  | ................
0000000100005320 | 00 00 00 00 00 00 00 00  00 00 00 00 00 00 00 00  | ................
0000000100005330 | 00 00 00 00 00 00 00 00  00 00 00 00 00 00 00 00  | ................
0000000100005340 | 00 00 00 00 00 00 00 00  00 00 00 00 00 00 00 00  | ................
0000000100005350 | 00 00 00 00 00 00 00 00  00 00 00 00 00 00 00 00  | ................
0000000100005360 | 00 00 00 00 00 00 00 00  00 00 00 00 00 00 00 00  | ................
0000000100005370 | 00 00 00 00 00 00 00 00  00 00 00 00 00 00 00 00  | ................
0000000100005380 | 00 00 00 00 00 00 00 00  00 00 00 00 00 00 00 00  | ................
0000000100005390 | 00 00 00 00 00 00 00 00  00 00 00 00 00 00 00 00  | ................
00000001000053A0 | 00 00 00 00 00 00 00 00  00 00 00 00 00 00 00 00  | ................
00000001000053B0 | 00 00 00 00 00 00 00 00  00 00 00 00 00 00 00 00  | ................
00000001000053C0 | 00 00 00 00 00 00 00 00  00 00 00 00 00 00 00 00  | ................
00000001000053D0 | 00 00 00 00 00 00 00 00  00 00 00 00 00 00 00 00  | ................
00000001000053E0 | 00 00 00 00 00 00 00 00  00 00 00 00 00 00 00 00  | ................
00000001000053F0 | 00 00 00 00 00 00 00 00  00 00 00 00 00 00 00 00  | ................
0000000100005400 | 00 00 00 00 00 00 00 00  00 00 00 00 00 00 00 00  | ................
0000000100005410 | 00 00 00 00 00 00 00 00  00 00 00 00 00 00 00 00  | ................
0000000100005420 | 00 00 00 00 00 00 00 00  00 00 00 00 00 00 00 00  | ................
0000000100005430 | 00 00 00 00 00 00 00 00  00 00 00 00 00 00 00 00  | ................
0000000100005440 | 00 00 00 00 00 00 00 00  00 00 00 00 00 00 00 00  | ................
