# Memory dump: 0x1c630 - 0x37af0
# Segment: __const
#============================================================================

# Address        | Hex Bytes                                       | ASCII
#----------------------------------------------------------------------------
000000000001C630 | 00 00 00 00 00 00 00 00  28 00 00 00 00 00 00 00  | ........(.......
000000000001C640 | 4C 39 00 00 00 00 00 00  5C 39 00 00 00 00 00 00  | L9......\9......
000000000001C650 | D6 57 01 00 00 00 00 00  00 00 00 00 00 00 00 00  | .W..............
000000000001C660 | 00 00 00 00 00 00 00 00  20 00 00 00 00 00 00 00  | ........ .......
000000000001C670 | C8 58 01 00 00 00 00 00  00 00 00 00 00 00 00 00  | .X..............
000000000001C680 | 38 E1 03 00 00 00 00 00  00 00 00 50 00 00 00 00  | 8..........P....
000000000001C690 | 1C 3B 00 00 00 00 00 00  60 C6 01 00 00 00 00 00  | .;......`.......
000000000001C6A0 | 00 00 00 00 00 00 00 00  20 00 00 00 00 00 00 00  | ........ .......
000000000001C6B0 | C8 58 01 00 00 00 00 00  00 00 00 00 00 00 00 00  | .X..............
000000000001C6C0 | 38 E1 03 00 00 00 00 00  00 00 00 50 00 00 00 00  | 8..........P....
000000000001C6D0 | 30 3C 00 00 00 00 00 00  A0 C6 01 00 00 00 00 00  | 0<..............
000000000001C6E0 | 00 00 00 00 00 00 00 00  20 00 00 00 00 00 00 00  | ........ .......
000000000001C6F0 | C8 58 01 00 00 00 00 00  00 00 00 00 00 00 00 00  | .X..............
000000000001C700 | 38 E1 03 00 00 00 00 00  00 00 00 50 00 00 00 00  | 8..........P....
000000000001C710 | 48 3D 00 00 00 00 00 00  E0 C6 01 00 00 00 00 00  | H=..............
000000000001C720 | 00 00 00 00 00 00 00 00  20 00 00 00 00 00 00 00  | ........ .......
000000000001C730 | C8 58 01 00 00 00 00 00  00 00 00 00 00 00 00 00  | .X..............
000000000001C740 | 38 E1 03 00 00 00 00 00  00 00 00 50 00 00 00 00  | 8..........P....
000000000001C750 | 9C 3F 00 00 00 00 00 00  20 C7 01 00 00 00 00 00  | .?...... .......
000000000001C760 | 00 00 00 00 00 00 00 00  39 00 00 00 00 00 00 00  | ........9.......
000000000001C770 | 0C 4B 00 00 00 00 00 00  1C 4B 00 00 00 00 00 00  | .K.......K......
000000000001C780 | 4A 5A 01 00 00 00 00 00  00 00 00 00 00 00 00 00  | JZ..............
000000000001C790 | 00 00 00 00 00 00 00 00  34 00 00 00 00 00 00 00  | ........4.......
000000000001C7A0 | 38 4C 00 00 00 00 00 00  48 4C 00 00 00 00 00 00  | 8L......HL......
000000000001C7B0 | D6 57 01 00 00 00 00 00  00 00 00 00 00 00 00 00  | .W..............
000000000001C7C0 | 00 00 00 00 00 00 00 00  20 00 00 00 00 00 00 00  | ........ .......
000000000001C7D0 | C8 58 01 00 00 00 00 00  00 00 00 00 00 00 00 00  | .X..............
000000000001C7E0 | 38 E1 03 00 00 00 00 00  00 00 00 50 00 00 00 00  | 8..........P....
000000000001C7F0 | 14 51 00 00 00 00 00 00  C0 C7 01 00 00 00 00 00  | .Q..............
000000000001C800 | 00 00 00 00 00 00 00 00  29 00 00 00 00 00 00 00  | ........).......
000000000001C810 | C0 56 00 00 00 00 00 00  D0 56 00 00 00 00 00 00  | .V.......V......
000000000001C820 | 4A 5A 01 00 00 00 00 00  00 00 00 00 00 00 00 00  | JZ..............
000000000001C830 | 90 81 03 00 00 00 00 00  B0 81 03 00 00 00 00 00  | ................
000000000001C840 | D0 81 03 00 00 00 00 00  F0 81 03 00 00 00 00 00  | ................
000000000001C850 | 10 82 03 00 00 00 00 00  30 82 03 00 00 00 00 00  | ........0.......
000000000001C860 | 50 82 03 00 00 00 00 00  00 00 00 00 00 00 00 00  | P...............
000000000001C870 | 00 00 00 00 00 00 00 00  20 00 00 00 00 00 00 00  | ........ .......
000000000001C880 | C8 58 01 00 00 00 00 00  00 00 00 00 00 00 00 00  | .X..............
000000000001C890 | 38 E1 03 00 00 00 00 00  00 00 00 50 00 00 00 00  | 8..........P....
000000000001C8A0 | B4 57 00 00 00 00 00 00  70 C8 01 00 00 00 00 00  | .W......p.......
000000000001C8B0 | 00 00 00 00 00 00 00 00  00 00 00 00 00 00 00 00  | ................
000000000001C8C0 | 87 64 01 00 00 00 00 00  94 64 01 00 00 00 00 00  | .d.......d......
000000000001C8D0 | 9C 64 01 00 00 00 00 00  A5 64 01 00 00 00 00 00  | .d.......d......
000000000001C8E0 | B4 64 01 00 00 00 00 00  C3 64 01 00 00 00 00 00  | .d.......d......
000000000001C8F0 | D3 64 01 00 00 00 00 00  E3 64 01 00 00 00 00 00  | .d.......d......
000000000001C900 | EC 64 01 00 00 00 00 00  F3 64 01 00 00 00 00 00  | .d.......d......
000000000001C910 | 00 00 00 00 00 00 00 00  30 00 00 00 00 00 00 00  | ........0.......
000000000001C920 | FC 6C 00 00 00 00 00 00  0C 6D 00 00 00 00 00 00  | .l.......m......
000000000001C930 | C9 63 01 00 00 00 00 00  00 00 00 00 00 00 00 00  | .c..............
000000000001C940 | 00 00 00 00 00 00 00 00  28 00 00 00 00 00 00 00  | ........(.......
000000000001C950 | 18 6D 00 00 00 00 00 00  28 6D 00 00 00 00 00 00  | .m......(m......
000000000001C960 | D3 63 01 00 00 00 00 00  00 00 00 00 00 00 00 00  | .c..............
000000000001C970 | 70 85 03 00 00 00 00 00  3C 3B 3B 00 00 00 00 00  | p.......<;;.....
000000000001C980 | 90 85 03 00 00 00 00 00  E3 E4 E1 00 00 00 00 00  | ................
000000000001C990 | B0 85 03 00 00 00 00 00  41 39 C8 00 00 00 00 00  | ........A9......
000000000001C9A0 | D0 85 03 00 00 00 00 00  D8 D9 D7 00 00 00 00 00  | ................
000000000001C9B0 | F0 85 03 00 00 00 00 00  81 6C E8 00 00 00 00 00  | .........l......
000000000001C9C0 | 10 86 03 00 00 00 00 00  CD AA 00 00 00 00 00 00  | ................
000000000001C9D0 | 30 86 03 00 00 00 00 00  58 CD CB 00 00 00 00 00  | 0.......X.......
000000000001C9E0 | 50 86 03 00 00 00 00 00  B3 C5 D4 00 00 00 00 00  | P...............
000000000001C9F0 | 70 86 03 00 00 00 00 00  9B 98 99 00 00 00 00 00  | p...............
000000000001CA00 | 00 00 00 00 00 00 00 00  20 00 00 00 00 00 00 00  | ........ .......
000000000001CA10 | C8 58 01 00 00 00 00 00  00 00 00 00 00 00 00 00  | .X..............
000000000001CA20 | 38 E1 03 00 00 00 00 00  00 00 00 50 00 00 00 00  | 8..........P....
000000000001CA30 | D0 6D 00 00 00 00 00 00  00 CA 01 00 00 00 00 00  | .m..............
000000000001CA40 | 00 00 00 00 00 00 00 00  20 00 00 00 00 00 00 00  | ........ .......
000000000001CA50 | C8 58 01 00 00 00 00 00  00 00 00 00 00 00 00 00  | .X..............
000000000001CA60 | 38 E1 03 00 00 00 00 00  00 00 00 50 00 00 00 00  | 8..........P....
000000000001CA70 | 2C 73 00 00 00 00 00 00  40 CA 01 00 00 00 00 00  | ,s......@.......
000000000001CA80 | 00 00 00 00 00 00 00 00  20 00 00 00 00 00 00 00  | ........ .......
000000000001CA90 | C8 58 01 00 00 00 00 00  00 00 00 00 00 00 00 00  | .X..............
000000000001CAA0 | 38 E1 03 00 00 00 00 00  00 00 00 50 00 00 00 00  | 8..........P....
000000000001CAB0 | CC 74 00 00 00 00 00 00  80 CA 01 00 00 00 00 00  | .t..............
000000000001CAC0 | 00 00 00 00 00 00 00 00  20 00 00 00 00 00 00 00  | ........ .......
000000000001CAD0 | C8 58 01 00 00 00 00 00  00 00 00 00 00 00 00 00  | .X..............
000000000001CAE0 | 38 E1 03 00 00 00 00 00  00 00 00 50 00 00 00 00  | 8..........P....
000000000001CAF0 | 50 75 00 00 00 00 00 00  C0 CA 01 00 00 00 00 00  | Pu..............
000000000001CB00 | 00 00 00 00 00 00 00 00  00 00 00 00 00 00 00 00  | ................
000000000001CB10 | 00 00 00 00 00 00 00 00  00 00 00 00 00 00 00 00  | ................
000000000001CB20 | 00 00 00 00 00 00 00 00  00 00 00 00 00 00 00 00  | ................
000000000001CB30 | 00 00 00 00 00 00 00 00  00 00 00 00 00 00 00 00  | ................
000000000001CB40 | 00 00 00 00 00 00 00 00  00 00 00 00 00 00 00 00  | ................
000000000001CB50 | 00 00 00 00 00 00 00 00  00 00 00 00 00 00 00 00  | ................
000000000001CB60 | 00 00 00 00 00 00 00 00  00 00 00 00 00 00 00 00  | ................
000000000001CB70 | 00 00 00 00 00 00 00 00  00 00 00 00 00 00 00 00  | ................
000000000001CB80 | 00 00 00 00 00 00 00 00  00 00 00 00 00 00 00 00  | ................
000000000001CB90 | 00 00 00 00 00 00 00 00  00 00 00 00 00 00 00 00  | ................
000000000001CBA0 | 00 00 00 00 00 00 00 00  00 00 00 00 00 00 00 00  | ................
000000000001CBB0 | 00 00 00 00 00 00 00 00  00 00 00 00 00 00 00 00  | ................
000000000001CBC0 | 00 00 00 00 00 00 00 00  00 00 00 00 00 00 00 00  | ................
000000000001CBD0 | 00 00 00 00 00 00 00 00  00 00 00 00 00 00 00 00  | ................
000000000001CBE0 | 00 00 00 00 00 00 00 00  00 00 00 00 00 00 00 00  | ................
000000000001CBF0 | 00 00 00 00 00 00 00 00  00 00 00 00 00 00 00 00  | ................
000000000001CC00 | 00 00 00 00 00 00 00 00  00 00 00 00 00 00 00 00  | ................
000000000001CC10 | 00 00 00 00 00 00 00 00  00 00 00 00 00 00 00 00  | ................
000000000001CC20 | 00 00 00 00 00 00 00 00  00 00 00 00 00 00 00 00  | ................
000000000001CC30 | 00 00 00 00 00 00 00 00  00 00 00 00 00 00 00 00  | ................
000000000001CC40 | 00 00 00 00 00 00 00 00  00 00 00 00 00 00 00 00  | ................
000000000001CC50 | 00 00 00 00 00 00 00 00  00 00 00 00 00 00 00 00  | ................
000000000001CC60 | 00 00 00 00 00 00 00 00  00 00 00 00 00 00 00 00  | ................
000000000001CC70 | 00 00 00 00 00 00 00 00  00 00 00 00 00 00 00 00  | ................
000000000001CC80 | 00 00 00 00 00 00 00 00  00 00 00 00 00 00 00 00  | ................
000000000001CC90 | 00 00 00 00 00 00 00 00  00 00 00 00 00 00 00 00  | ................
000000000001CCA0 | 00 00 00 00 00 00 00 00  00 00 00 00 00 00 00 00  | ................
000000000001CCB0 | 00 00 00 00 00 00 00 00  00 00 00 00 00 00 00 00  | ................
000000000001CCC0 | 00 00 00 00 00 00 00 00  00 00 00 00 00 00 00 00  | ................
000000000001CCD0 | 00 00 00 00 00 00 00 00  00 00 00 00 00 00 00 00  | ................
000000000001CCE0 | 00 00 00 00 00 00 00 00  00 00 00 00 00 00 00 00  | ................
000000000001CCF0 | 00 00 00 00 00 00 00 00  00 00 00 00 00 00 00 00  | ................
000000000001CD00 | 00 00 00 00 00 00 00 00  00 00 00 00 00 00 00 00  | ................
000000000001CD10 | 00 00 00 00 00 00 00 00  00 00 00 00 00 00 00 00  | ................
000000000001CD20 | 00 00 00 00 00 00 00 00  00 00 00 00 00 00 00 00  | ................
000000000001CD30 | 00 00 00 00 00 00 00 00  00 00 00 00 00 00 00 00  | ................
000000000001CD40 | 00 00 00 00 00 00 00 00  00 00 00 00 00 00 00 00  | ................
000000000001CD50 | 00 00 00 00 00 00 00 00  00 00 00 00 00 00 00 00  | ................
000000000001CD60 | 00 00 00 00 00 00 00 00  00 00 00 00 00 00 00 00  | ................
000000000001CD70 | 00 00 00 00 00 00 00 00  00 00 00 00 00 00 00 00  | ................
000000000001CD80 | 00 00 00 00 00 00 00 00  00 00 00 00 00 00 00 00  | ................
000000000001CD90 | 00 00 00 00 00 00 00 00  00 00 00 00 00 00 00 00  | ................
000000000001CDA0 | 00 00 00 00 00 00 00 00  00 00 00 00 00 00 00 00  | ................
000000000001CDB0 | 00 00 00 00 00 00 00 00  00 00 00 00 00 00 00 00  | ................
000000000001CDC0 | 00 00 00 00 00 00 00 00  00 00 00 00 00 00 00 00  | ................
000000000001CDD0 | 00 00 00 00 00 00 00 00  00 00 00 00 00 00 00 00  | ................
000000000001CDE0 | 00 00 00 00 00 00 00 00  00 00 00 00 00 00 00 00  | ................
000000000001CDF0 | 00 00 00 00 00 00 00 00  00 00 00 00 00 00 00 00  | ................
000000000001CE00 | 00 00 00 00 00 00 00 00  00 00 00 00 00 00 00 00  | ................
000000000001CE10 | 00 00 00 00 00 00 00 00  00 00 00 00 00 00 00 00  | ................
000000000001CE20 | 00 00 00 00 00 00 00 00  00 00 00 00 00 00 00 00  | ................
000000000001CE30 | 00 00 00 00 00 00 00 00  00 00 00 00 00 00 00 00  | ................
000000000001CE40 | 00 00 00 00 00 00 00 00  00 00 00 00 00 00 00 00  | ................
000000000001CE50 | 00 00 00 00 00 00 00 00  00 00 00 00 00 00 00 00  | ................
000000000001CE60 | 00 00 00 00 00 00 00 00  00 00 00 00 00 00 00 00  | ................
000000000001CE70 | 00 00 00 00 00 00 00 00  00 00 00 00 00 00 00 00  | ................
000000000001CE80 | 00 00 00 00 00 00 00 00  00 00 00 00 00 00 00 00  | ................
000000000001CE90 | 00 00 00 00 00 00 00 00  00 00 00 00 00 00 00 00  | ................
000000000001CEA0 | 00 00 00 00 00 00 00 00  00 00 00 00 00 00 00 00  | ................
000000000001CEB0 | 00 00 00 00 00 00 00 00  00 00 00 00 00 00 00 00  | ................
000000000001CEC0 | 00 00 00 00 00 00 00 00  00 00 00 00 00 00 00 00  | ................
000000000001CED0 | 00 00 00 00 00 00 00 00  00 00 00 00 00 00 00 00  | ................
000000000001CEE0 | 00 00 00 00 00 00 00 00  00 00 00 00 00 00 00 00  | ................
000000000001CEF0 | 00 00 00 00 00 00 00 00  00 00 00 00 00 00 00 00  | ................
000000000001CF00 | 00 00 00 00 00 00 00 00  00 00 00 00 00 00 00 00  | ................
000000000001CF10 | 00 00 00 00 00 00 00 00  00 00 00 00 00 00 00 00  | ................
000000000001CF20 | 00 00 00 00 00 00 00 00  00 00 00 00 00 00 00 00  | ................
000000000001CF30 | 00 00 00 00 00 00 00 00  00 00 00 00 00 00 00 00  | ................
000000000001CF40 | 00 00 00 00 00 00 00 00  00 00 00 00 00 00 00 00  | ................
000000000001CF50 | 00 00 00 00 00 00 00 00  00 00 00 00 00 00 00 00  | ................
000000000001CF60 | 00 00 00 00 00 00 00 00  00 00 00 00 00 00 00 00  | ................
000000000001CF70 | 00 00 00 00 00 00 00 00  00 00 00 00 00 00 00 00  | ................
000000000001CF80 | 00 00 00 00 00 00 00 00  00 00 00 00 00 00 00 00  | ................
000000000001CF90 | 00 00 00 00 00 00 00 00  00 00 00 00 00 00 00 00  | ................
000000000001CFA0 | 00 00 00 00 00 00 00 00  00 00 00 00 00 00 00 00  | ................
000000000001CFB0 | 00 00 00 00 00 00 00 00  00 00 00 00 00 00 00 00  | ................
000000000001CFC0 | 00 00 00 00 00 00 00 00  00 00 00 00 00 00 00 00  | ................
000000000001CFD0 | 00 00 00 00 00 00 00 00  00 00 00 00 00 00 00 00  | ................
000000000001CFE0 | 00 00 00 00 00 00 00 00  00 00 00 00 00 00 00 00  | ................
000000000001CFF0 | 00 00 00 00 00 00 00 00  00 00 00 00 00 00 00 00  | ................
000000000001D000 | 00 00 00 00 00 00 00 00  00 00 00 00 00 00 00 00  | ................
000000000001D010 | 00 00 00 00 00 00 00 00  00 00 00 00 00 00 00 00  | ................
000000000001D020 | 00 00 00 00 00 00 00 00  00 00 00 00 00 00 00 00  | ................
000000000001D030 | 00 00 00 00 00 00 00 00  00 00 00 00 00 00 00 00  | ................
000000000001D040 | 00 00 00 00 00 00 00 00  00 00 00 00 00 00 00 00  | ................
000000000001D050 | 00 00 00 00 00 00 00 00  00 00 00 00 00 00 00 00  | ................
000000000001D060 | 00 00 00 00 00 00 00 00  00 00 00 00 00 00 00 00  | ................
000000000001D070 | 00 00 00 00 00 00 00 00  00 00 00 00 00 00 00 00  | ................
000000000001D080 | 00 00 00 00 00 00 00 00  00 00 00 00 00 00 00 00  | ................
000000000001D090 | 00 00 00 00 00 00 00 00  00 00 00 00 00 00 00 00  | ................
000000000001D0A0 | 00 00 00 00 00 00 00 00  00 00 00 00 00 00 00 00  | ................
000000000001D0B0 | 00 00 00 00 00 00 00 00  00 00 00 00 00 00 00 00  | ................
000000000001D0C0 | 00 00 00 00 00 00 00 00  00 00 00 00 00 00 00 00  | ................
000000000001D0D0 | 00 00 00 00 00 00 00 00  00 00 00 00 00 00 00 00  | ................
000000000001D0E0 | 00 00 00 00 00 00 00 00  00 00 00 00 00 00 00 00  | ................
000000000001D0F0 | 00 00 00 00 00 00 00 00  00 00 00 00 00 00 00 00  | ................
000000000001D100 | 00 00 00 00 00 00 00 00  00 00 00 00 00 00 00 00  | ................
000000000001D110 | 00 00 00 00 00 00 00 00  00 00 00 00 00 00 00 00  | ................
000000000001D120 | 00 00 00 00 00 00 00 00  00 00 00 00 00 00 00 00  | ................
000000000001D130 | 00 00 00 00 00 00 00 00  00 00 00 00 00 00 00 00  | ................
000000000001D140 | 00 00 00 00 00 00 00 00  00 00 00 00 00 00 00 00  | ................
000000000001D150 | 00 00 00 00 00 00 00 00  00 00 00 00 00 00 00 00  | ................
000000000001D160 | 00 00 00 00 00 00 00 00  00 00 00 00 00 00 00 00  | ................
000000000001D170 | 00 00 00 00 00 00 00 00  00 00 00 00 00 00 00 00  | ................
000000000001D180 | 00 00 00 00 00 00 00 00  00 00 00 00 00 00 00 00  | ................
000000000001D190 | 00 00 00 00 00 00 00 00  00 00 00 00 00 00 00 00  | ................
000000000001D1A0 | 00 00 00 00 00 00 00 00  00 00 00 00 00 00 00 00  | ................
000000000001D1B0 | 00 00 00 00 00 00 00 00  00 00 00 00 00 00 00 00  | ................
000000000001D1C0 | 00 00 00 00 00 00 00 00  00 00 00 00 00 00 00 00  | ................
000000000001D1D0 | 00 00 00 00 00 00 00 00  00 00 00 00 00 00 00 00  | ................
000000000001D1E0 | 00 00 00 00 00 00 00 00  00 00 00 00 00 00 00 00  | ................
000000000001D1F0 | 00 00 00 00 00 00 00 00  00 00 00 00 00 00 00 00  | ................
000000000001D200 | 00 00 00 00 00 00 00 00  00 00 00 00 00 00 00 00  | ................
000000000001D210 | 00 00 00 00 00 00 00 00  00 00 00 00 00 00 00 00  | ................
000000000001D220 | 00 00 00 00 00 00 00 00  00 00 00 00 00 00 00 00  | ................
000000000001D230 | 00 00 00 00 00 00 00 00  00 00 00 00 00 00 00 00  | ................
000000000001D240 | 00 00 00 00 00 00 00 00  00 00 00 00 00 00 00 00  | ................
000000000001D250 | 00 00 00 00 00 00 00 00  00 00 00 00 00 00 00 00  | ................
000000000001D260 | 00 00 00 00 00 00 00 00  00 00 00 00 00 00 00 00  | ................
000000000001D270 | 00 00 00 00 00 00 00 00  00 00 00 00 00 00 00 00  | ................
000000000001D280 | 00 00 00 00 00 00 00 00  00 00 00 00 00 00 00 00  | ................
000000000001D290 | 00 00 00 00 00 00 00 00  00 00 00 00 00 00 00 00  | ................
000000000001D2A0 | 00 00 00 00 00 00 00 00  00 00 00 00 00 00 00 00  | ................
000000000001D2B0 | 00 00 00 00 00 00 00 00  00 00 00 00 00 00 00 00  | ................
000000000001D2C0 | 00 00 00 00 00 00 00 00  00 00 00 00 00 00 00 00  | ................
000000000001D2D0 | 00 00 00 00 00 00 00 00  00 00 00 00 00 00 00 00  | ................
000000000001D2E0 | 00 00 00 00 00 00 00 00  00 00 00 00 00 00 00 00  | ................
000000000001D2F0 | 00 00 00 00 00 00 00 00  00 00 00 00 00 00 00 00  | ................
000000000001D300 | 00 00 00 00 00 00 00 00  00 00 00 00 00 00 00 00  | ................
000000000001D310 | 00 00 00 00 00 00 00 00  00 00 00 00 00 00 00 00  | ................
000000000001D320 | 00 00 00 00 00 00 00 00  00 00 00 00 00 00 00 00  | ................
000000000001D330 | 00 00 00 00 00 00 00 00  00 00 00 00 00 00 00 00  | ................
000000000001D340 | 00 00 00 00 00 00 00 00  00 00 00 00 00 00 00 00  | ................
000000000001D350 | 00 00 00 00 00 00 00 00  00 00 00 00 00 00 00 00  | ................
000000000001D360 | 00 00 00 00 00 00 00 00  00 00 00 00 00 00 00 00  | ................
000000000001D370 | 00 00 00 00 00 00 00 00  00 00 00 00 00 00 00 00  | ................
000000000001D380 | 00 00 00 00 00 00 00 00  00 00 00 00 00 00 00 00  | ................
000000000001D390 | 00 00 00 00 00 00 00 00  00 00 00 00 00 00 00 00  | ................
000000000001D3A0 | 00 00 00 00 00 00 00 00  00 00 00 00 00 00 00 00  | ................
000000000001D3B0 | 00 00 00 00 00 00 00 00  00 00 00 00 00 00 00 00  | ................
000000000001D3C0 | 00 00 00 00 00 00 00 00  00 00 00 00 00 00 00 00  | ................
000000000001D3D0 | 00 00 00 00 00 00 00 00  00 00 00 00 00 00 00 00  | ................
000000000001D3E0 | 00 00 00 00 00 00 00 00  00 00 00 00 00 00 00 00  | ................
000000000001D3F0 | 00 00 00 00 00 00 00 00  00 00 00 00 00 00 00 00  | ................
000000000001D400 | 00 00 00 00 00 00 00 00  00 00 00 00 00 00 00 00  | ................
000000000001D410 | 00 00 00 00 00 00 00 00  00 00 00 00 00 00 00 00  | ................
000000000001D420 | 00 00 00 00 00 00 00 00  00 00 00 00 00 00 00 00  | ................
000000000001D430 | 00 00 00 00 00 00 00 00  00 00 00 00 00 00 00 00  | ................
000000000001D440 | 00 00 00 00 00 00 00 00  00 00 00 00 00 00 00 00  | ................
000000000001D450 | 00 00 00 00 00 00 00 00  00 00 00 00 00 00 00 00  | ................
000000000001D460 | 00 00 00 00 00 00 00 00  00 00 00 00 00 00 00 00  | ................
000000000001D470 | 00 00 00 00 00 00 00 00  00 00 00 00 00 00 00 00  | ................
000000000001D480 | 00 00 00 00 00 00 00 00  00 00 00 00 00 00 00 00  | ................
000000000001D490 | 00 00 00 00 00 00 00 00  00 00 00 00 00 00 00 00  | ................
000000000001D4A0 | 00 00 00 00 00 00 00 00  00 00 00 00 00 00 00 00  | ................
000000000001D4B0 | 00 00 00 00 00 00 00 00  00 00 00 00 00 00 00 00  | ................
000000000001D4C0 | 00 00 00 00 00 00 00 00  00 00 00 00 00 00 00 00  | ................
000000000001D4D0 | 00 00 00 00 00 00 00 00  00 00 00 00 00 00 00 00  | ................
000000000001D4E0 | 00 00 00 00 00 00 00 00  00 00 00 00 00 00 00 00  | ................
000000000001D4F0 | 00 00 00 00 00 00 00 00  00 00 00 00 00 00 00 00  | ................
000000000001D500 | 00 00 00 00 00 00 00 00  00 00 00 00 00 00 00 00  | ................
000000000001D510 | 00 00 00 00 00 00 00 00  00 00 00 00 00 00 00 00  | ................
000000000001D520 | 00 00 00 00 00 00 00 00  00 00 00 00 00 00 00 00  | ................
000000000001D530 | 00 00 00 00 00 00 00 00  00 00 00 00 00 00 00 00  | ................
000000000001D540 | 00 00 00 00 00 00 00 00  00 00 00 00 00 00 00 00  | ................
000000000001D550 | 00 00 00 00 00 00 00 00  00 00 00 00 00 00 00 00  | ................
000000000001D560 | 00 00 00 00 00 00 00 00  00 00 00 00 00 00 00 00  | ................
000000000001D570 | 00 00 00 00 00 00 00 00  00 00 00 00 00 00 00 00  | ................
000000000001D580 | 00 00 00 00 00 00 00 00  00 00 00 00 00 00 00 00  | ................
000000000001D590 | 00 00 00 00 00 00 00 00  00 00 00 00 00 00 00 00  | ................
000000000001D5A0 | 00 00 00 00 00 00 00 00  00 00 00 00 00 00 00 00  | ................
000000000001D5B0 | 00 00 00 00 00 00 00 00  00 00 00 00 00 00 00 00  | ................
000000000001D5C0 | 00 00 00 00 00 00 00 00  00 00 00 00 00 00 00 00  | ................
000000000001D5D0 | 00 00 00 00 00 00 00 00  00 00 00 00 00 00 00 00  | ................
000000000001D5E0 | 00 00 00 00 00 00 00 00  00 00 00 00 00 00 00 00  | ................
000000000001D5F0 | 00 00 00 00 00 00 00 00  00 00 00 00 00 00 00 00  | ................
000000000001D600 | 00 00 00 00 00 00 00 00  00 00 00 00 00 00 00 00  | ................
000000000001D610 | 00 00 00 00 00 00 00 00  00 00 00 00 00 00 00 00  | ................
000000000001D620 | 00 00 00 00 00 00 00 00  00 00 00 00 00 00 00 00  | ................
000000000001D630 | 00 00 00 00 00 00 00 00  00 00 00 00 00 00 00 00  | ................
000000000001D640 | 00 00 00 00 00 00 00 00  00 00 00 00 00 00 00 00  | ................
000000000001D650 | 00 00 00 00 00 00 00 00  00 00 00 00 00 00 00 00  | ................
000000000001D660 | 00 00 00 00 00 00 00 00  00 00 00 00 00 00 00 00  | ................
000000000001D670 | 00 00 00 00 00 00 00 00  00 00 00 00 00 00 00 00  | ................
000000000001D680 | 00 00 00 00 00 00 00 00  00 00 00 00 00 00 00 00  | ................
000000000001D690 | 00 00 00 00 00 00 00 00  00 00 00 00 00 00 00 00  | ................
000000000001D6A0 | 00 00 00 00 00 00 00 00  00 00 00 00 00 00 00 00  | ................
000000000001D6B0 | 28 66 01 00 00 00 00 00  64 75 00 00 00 00 00 00  | (f......du......
000000000001D6C0 | 00 00 00 00 00 00 00 00  00 00 00 00 00 00 00 00  | ................
000000000001D6D0 | 00 00 00 00 00 00 00 00  00 00 00 00 00 00 00 00  | ................
000000000001D6E0 | 00 00 00 00 00 00 00 00  00 00 00 00 00 00 00 00  | ................
000000000001D6F0 | 00 00 00 00 00 00 00 00  00 00 00 00 00 00 00 00  | ................
000000000001D700 | 00 00 00 00 00 00 00 00  00 00 00 00 00 00 00 00  | ................
000000000001D710 | 00 00 00 00 00 00 00 00  00 00 00 00 00 00 00 00  | ................
000000000001D720 | 00 00 00 00 00 00 00 00  00 00 00 00 00 00 00 00  | ................
000000000001D730 | 00 00 FF FF 02 00 00 00  99 A5 01 00 00 00 00 00  | ................
000000000001D740 | E8 75 00 00 00 00 00 00  00 00 00 00 00 00 00 00  | .u..............
000000000001D750 | 00 00 00 00 00 00 00 00  00 00 00 00 00 00 00 00  | ................
000000000001D760 | 00 00 00 00 00 00 00 00  00 00 00 00 00 00 00 00  | ................
000000000001D770 | 00 00 00 00 00 00 00 00  00 00 00 00 00 00 00 00  | ................
000000000001D780 | 00 00 00 00 00 00 00 00  00 00 00 00 00 00 00 00  | ................
000000000001D790 | 00 00 00 00 00 00 00 00  00 00 00 00 00 00 00 00  | ................
000000000001D7A0 | 00 00 00 00 00 00 00 00  00 00 00 00 00 00 00 00  | ................
000000000001D7B0 | 00 00 00 00 00 00 00 00  19 00 ED 00 0B 00 00 00  | ................
000000000001D7C0 | 3F 66 01 00 00 00 00 00  10 76 00 00 00 00 00 00  | ?f.......v......
000000000001D7D0 | 00 00 00 00 00 00 00 00  00 00 00 00 00 00 00 00  | ................
000000000001D7E0 | 00 00 00 00 00 00 00 00  00 00 00 00 00 00 00 00  | ................
000000000001D7F0 | 00 00 00 00 00 00 00 00  00 00 00 00 00 00 00 00  | ................
000000000001D800 | 00 00 00 00 00 00 00 00  00 00 00 00 00 00 00 00  | ................
000000000001D810 | 00 00 00 00 00 00 00 00  00 00 00 00 00 00 00 00  | ................
000000000001D820 | 00 00 00 00 00 00 00 00  00 00 00 00 00 00 00 00  | ................
000000000001D830 | 00 00 00 00 00 00 00 00  00 00 00 00 00 00 00 00  | ................
000000000001D840 | 19 00 0D 00 0B 00 00 00  19 88 01 00 00 00 00 00  | ................
000000000001D850 | 30 77 00 00 00 00 00 00  00 00 00 00 00 00 00 00  | 0w..............
000000000001D860 | 00 00 00 00 00 00 00 00  06 00 00 00 00 00 00 00  | ................
000000000001D870 | 00 00 00 00 00 00 00 00  00 00 00 00 00 00 00 00  | ................
000000000001D880 | 00 00 00 00 00 00 00 00  00 00 00 00 00 00 00 00  | ................
000000000001D890 | 00 00 00 00 00 00 00 00  00 00 00 00 00 00 00 00  | ................
000000000001D8A0 | 00 00 00 00 00 00 00 00  00 00 00 00 00 00 00 00  | ................
000000000001D8B0 | 00 00 00 00 00 00 00 00  00 00 00 00 00 00 00 00  | ................
000000000001D8C0 | 00 00 00 00 00 00 00 00  01 00 FF FF 0B 00 00 00  | ................
000000000001D8D0 | 56 66 01 00 00 00 00 00  54 77 00 00 00 00 00 00  | Vf......Tw......
000000000001D8E0 | 00 00 00 00 00 00 00 00  00 00 00 00 00 00 00 00  | ................
000000000001D8F0 | 00 00 00 00 00 00 00 00  00 00 00 00 00 00 00 00  | ................
000000000001D900 | 00 00 00 00 00 00 00 00  00 00 00 00 00 00 00 00  | ................
000000000001D910 | 00 00 00 00 00 00 00 00  00 00 00 00 00 00 00 00  | ................
000000000001D920 | 00 00 00 00 00 00 00 00  00 00 00 00 00 00 00 00  | ................
000000000001D930 | 00 00 00 00 00 00 00 00  00 00 00 00 00 00 00 00  | ................
000000000001D940 | 00 00 00 00 00 00 00 00  00 00 00 00 00 00 00 00  | ................
000000000001D950 | 19 00 AF 00 0B 00 00 00  6D 66 01 00 00 00 00 00  | ........mf......
000000000001D960 | 7C 77 00 00 00 00 00 00  00 00 00 00 00 00 00 00  | |w..............
000000000001D970 | 00 00 00 00 00 00 00 00  00 00 00 00 00 00 00 00  | ................
000000000001D980 | 00 00 00 00 00 00 00 00  00 00 00 00 00 00 00 00  | ................
000000000001D990 | 00 00 00 00 00 00 00 00  00 00 00 00 00 00 00 00  | ................
000000000001D9A0 | 00 00 00 00 00 00 00 00  00 00 00 00 00 00 00 00  | ................
000000000001D9B0 | 00 00 00 00 00 00 00 00  00 00 00 00 00 00 00 00  | ................
000000000001D9C0 | 00 00 00 00 00 00 00 00  00 00 00 00 00 00 00 00  | ................
000000000001D9D0 | 00 00 00 00 00 00 00 00  19 00 26 00 0B 00 00 00  | ..........&.....
000000000001D9E0 | 84 66 01 00 00 00 00 00  A4 77 00 00 00 00 00 00  | .f.......w......
000000000001D9F0 | 00 00 00 00 00 00 00 00  00 00 00 00 00 00 00 00  | ................
000000000001DA00 | 00 00 00 00 00 00 00 00  00 00 00 00 00 00 00 00  | ................
000000000001DA10 | 00 00 00 00 00 00 00 00  00 00 00 00 00 00 00 00  | ................
000000000001DA20 | 00 00 00 00 00 00 00 00  00 00 00 00 00 00 00 00  | ................
000000000001DA30 | 00 00 00 00 00 00 00 00  00 00 00 00 00 00 00 00  | ................
000000000001DA40 | 00 00 00 00 00 00 00 00  00 00 00 00 00 00 00 00  | ................
000000000001DA50 | 00 00 00 00 00 00 00 00  00 00 00 00 00 00 00 00  | ................
000000000001DA60 | 19 00 E2 00 0B 00 00 00  EE 95 01 00 00 00 00 00  | ................
000000000001DA70 | AC 77 00 00 00 00 00 00  00 00 00 00 00 00 00 00  | .w..............
000000000001DA80 | 00 00 00 00 00 00 00 00  00 00 00 00 00 00 00 00  | ................
000000000001DA90 | 00 00 00 00 00 00 00 00  00 00 00 00 00 00 00 00  | ................
000000000001DAA0 | 00 00 00 00 00 00 00 00  00 00 00 00 00 00 00 00  | ................
000000000001DAB0 | 00 00 00 00 00 00 00 00  00 00 00 00 00 00 00 00  | ................
000000000001DAC0 | 00 00 00 00 00 00 00 00  00 00 00 00 00 00 00 00  | ................
000000000001DAD0 | 00 00 00 00 00 00 00 00  00 00 00 00 00 00 00 00  | ................
000000000001DAE0 | 00 00 00 00 00 00 00 00  00 00 FF FF 02 00 00 00  | ................
000000000001DAF0 | 9B 66 01 00 00 00 00 00  F8 77 00 00 00 00 00 00  | .f.......w......
000000000001DB00 | 00 00 00 00 00 00 00 00  00 00 00 00 00 00 00 00  | ................
000000000001DB10 | 00 00 00 00 00 00 00 00  00 00 00 00 00 00 00 00  | ................
000000000001DB20 | 00 00 00 00 00 00 00 00  00 00 00 00 00 00 00 00  | ................
000000000001DB30 | 00 00 00 00 00 00 00 00  00 00 00 00 00 00 00 00  | ................
000000000001DB40 | 00 00 00 00 00 00 00 00  00 00 00 00 00 00 00 00  | ................
000000000001DB50 | 00 00 00 00 00 00 00 00  00 00 00 00 00 00 00 00  | ................
000000000001DB60 | 00 00 00 00 00 00 00 00  00 00 00 00 00 00 00 00  | ................
000000000001DB70 | 19 00 38 00 0B 00 00 00  B2 66 01 00 00 00 00 00  | ..8......f......
000000000001DB80 | 24 78 00 00 00 00 00 00  00 00 00 00 00 00 00 00  | $x..............
000000000001DB90 | 00 00 00 00 00 00 00 00  00 00 00 00 00 00 00 00  | ................
000000000001DBA0 | 00 00 00 00 00 00 00 00  00 00 00 00 00 00 00 00  | ................
000000000001DBB0 | 00 00 00 00 00 00 00 00  00 00 00 00 00 00 00 00  | ................
000000000001DBC0 | 00 00 00 00 00 00 00 00  00 00 00 00 00 00 00 00  | ................
000000000001DBD0 | 00 00 00 00 00 00 00 00  00 00 00 00 00 00 00 00  | ................
000000000001DBE0 | 00 00 00 00 00 00 00 00  00 00 00 00 00 00 00 00  | ................
000000000001DBF0 | 00 00 00 00 00 00 00 00  19 00 29 00 0B 00 00 00  | ..........).....
000000000001DC00 | DB A4 01 00 00 00 00 00  4C 78 00 00 00 00 00 00  | ........Lx......
000000000001DC10 | 00 00 00 00 00 00 00 00  00 00 00 00 00 00 00 00  | ................
000000000001DC20 | 00 00 00 00 00 00 00 00  00 00 00 00 00 00 00 00  | ................
000000000001DC30 | 00 00 00 00 00 00 00 00  00 00 00 00 00 00 00 00  | ................
000000000001DC40 | 00 00 00 00 00 00 00 00  00 00 00 00 00 00 00 00  | ................
000000000001DC50 | 00 00 00 00 00 00 00 00  00 00 00 00 00 00 00 00  | ................
000000000001DC60 | 00 00 00 00 00 00 00 00  00 00 00 00 00 00 00 00  | ................
000000000001DC70 | 00 00 00 00 00 00 00 00  00 00 00 00 00 00 00 00  | ................
000000000001DC80 | 19 00 83 00 0B 00 00 00  C9 66 01 00 00 00 00 00  | .........f......
000000000001DC90 | 74 78 00 00 00 00 00 00  00 00 00 00 00 00 00 00  | tx..............
000000000001DCA0 | 00 00 00 00 00 00 00 00  00 00 00 00 00 00 00 00  | ................
000000000001DCB0 | 00 00 00 00 00 00 00 00  00 00 00 00 00 00 00 00  | ................
000000000001DCC0 | 00 00 00 00 00 00 00 00  00 00 00 00 00 00 00 00  | ................
000000000001DCD0 | 00 00 00 00 00 00 00 00  00 00 00 00 00 00 00 00  | ................
000000000001DCE0 | 00 00 00 00 00 00 00 00  00 00 00 00 00 00 00 00  | ................
000000000001DCF0 | 00 00 00 00 00 00 00 00  00 00 00 00 00 00 00 00  | ................
000000000001DD00 | 00 00 00 00 00 00 00 00  18 00 C1 00 05 00 00 00  | ................
000000000001DD10 | E0 66 01 00 00 00 00 00  8C 78 00 00 00 00 00 00  | .f.......x......
000000000001DD20 | 00 00 00 00 00 00 00 00  00 00 00 00 00 00 00 00  | ................
000000000001DD30 | 00 00 00 00 00 00 00 00  00 00 00 00 00 00 00 00  | ................
000000000001DD40 | 00 00 00 00 00 00 00 00  00 00 00 00 00 00 00 00  | ................
000000000001DD50 | 00 00 00 00 00 00 00 00  00 00 00 00 00 00 00 00  | ................
000000000001DD60 | 00 00 00 00 00 00 00 00  00 00 00 00 00 00 00 00  | ................
000000000001DD70 | 00 00 00 00 00 00 00 00  00 00 00 00 00 00 00 00  | ................
000000000001DD80 | 00 00 00 00 00 00 00 00  00 00 00 00 00 00 00 00  | ................
000000000001DD90 | 19 00 51 00 0B 00 00 00  F7 66 01 00 00 00 00 00  | ..Q......f......
000000000001DDA0 | B4 78 00 00 00 00 00 00  00 00 00 00 00 00 00 00  | .x..............
000000000001DDB0 | 00 00 00 00 00 00 00 00  00 00 00 00 00 00 00 00  | ................
000000000001DDC0 | 00 00 00 00 00 00 00 00  00 00 00 00 00 00 00 00  | ................
000000000001DDD0 | 00 00 00 00 00 00 00 00  00 00 00 00 00 00 00 00  | ................
000000000001DDE0 | 00 00 00 00 00 00 00 00  00 00 00 00 00 00 00 00  | ................
000000000001DDF0 | 00 00 00 00 00 00 00 00  00 00 00 00 00 00 00 00  | ................
000000000001DE00 | 00 00 00 00 00 00 00 00  00 00 00 00 00 00 00 00  | ................
000000000001DE10 | 00 00 00 00 00 00 00 00  18 00 BD 00 09 00 00 00  | ................
000000000001DE20 | 96 A4 01 00 00 00 00 00  C8 78 00 00 00 00 00 00  | .........x......
000000000001DE30 | FC 78 00 00 00 00 00 00  24 79 00 00 00 00 00 00  | .x......$y......
000000000001DE40 | 00 00 00 00 00 00 00 00  00 00 00 00 00 00 00 00  | ................
000000000001DE50 | 00 00 00 00 00 00 00 00  00 00 00 00 00 00 00 00  | ................
000000000001DE60 | 00 00 00 00 00 00 00 00  00 00 00 00 00 00 00 00  | ................
000000000001DE70 | 00 00 00 00 00 00 00 00  00 00 00 00 00 00 00 00  | ................
000000000001DE80 | 00 00 00 00 00 00 00 00  00 00 00 00 00 00 00 00  | ................
000000000001DE90 | 00 00 00 00 00 00 00 00  00 00 00 00 00 00 00 00  | ................
000000000001DEA0 | 00 00 FF FF 09 00 00 00  21 94 01 00 00 00 00 00  | ........!.......
000000000001DEB0 | 4C 79 00 00 00 00 00 00  00 00 00 00 00 00 00 00  | Ly..............
000000000001DEC0 | 00 00 00 00 00 00 00 00  00 00 00 00 00 00 00 00  | ................
000000000001DED0 | 00 00 00 00 00 00 00 00  00 00 00 00 00 00 00 00  | ................
000000000001DEE0 | 00 00 00 00 00 00 00 00  00 00 00 00 00 00 00 00  | ................
000000000001DEF0 | 00 00 00 00 00 00 00 00  00 00 00 00 00 00 00 00  | ................
000000000001DF00 | 00 00 00 00 00 00 00 00  00 00 00 00 00 00 00 00  | ................
000000000001DF10 | 00 00 00 00 00 00 00 00  00 00 00 00 00 00 00 00  | ................
000000000001DF20 | 00 00 00 00 00 00 00 00  19 00 AD 00 05 00 00 00  | ................
000000000001DF30 | 0E 67 01 00 00 00 00 00  80 79 00 00 00 00 00 00  | .g.......y......
000000000001DF40 | 00 00 00 00 00 00 00 00  00 00 00 00 00 00 00 00  | ................
000000000001DF50 | 00 00 00 00 00 00 00 00  00 00 00 00 00 00 00 00  | ................
000000000001DF60 | 00 00 00 00 00 00 00 00  00 00 00 00 00 00 00 00  | ................
000000000001DF70 | 00 00 00 00 00 00 00 00  00 00 00 00 00 00 00 00  | ................
000000000001DF80 | 00 00 00 00 00 00 00 00  00 00 00 00 00 00 00 00  | ................
000000000001DF90 | 00 00 00 00 00 00 00 00  00 00 00 00 00 00 00 00  | ................
000000000001DFA0 | 00 00 00 00 00 00 00 00  00 00 00 00 00 00 00 00  | ................
000000000001DFB0 | 19 00 A1 00 0B 00 00 00  25 67 01 00 00 00 00 00  | ........%g......
000000000001DFC0 | A8 79 00 00 00 00 00 00  00 00 00 00 00 00 00 00  | .y..............
000000000001DFD0 | 00 00 00 00 00 00 00 00  00 00 00 00 00 00 00 00  | ................
000000000001DFE0 | 00 00 00 00 00 00 00 00  00 00 00 00 00 00 00 00  | ................
000000000001DFF0 | 00 00 00 00 00 00 00 00  00 00 00 00 00 00 00 00  | ................
000000000001E000 | 00 00 00 00 00 00 00 00  00 00 00 00 00 00 00 00  | ................
000000000001E010 | 00 00 00 00 00 00 00 00  00 00 00 00 00 00 00 00  | ................
000000000001E020 | 00 00 00 00 00 00 00 00  00 00 00 00 00 00 00 00  | ................
000000000001E030 | 00 00 00 00 00 00 00 00  19 00 3A 00 0B 00 00 00  | ..........:.....
000000000001E040 | 3C 67 01 00 00 00 00 00  00 00 00 00 00 00 00 00  | <g..............
000000000001E050 | 00 00 00 00 00 00 00 00  00 00 00 00 00 00 00 00  | ................
000000000001E060 | 07 00 00 00 00 00 00 00  00 00 00 00 00 00 00 00  | ................
000000000001E070 | 00 00 00 00 00 00 00 00  00 00 00 00 00 00 00 00  | ................
000000000001E080 | 00 00 00 00 00 00 00 00  00 00 00 00 00 00 00 00  | ................
000000000001E090 | 00 00 00 00 00 00 00 00  00 00 00 00 00 00 00 00  | ................
000000000001E0A0 | 00 00 00 00 00 00 00 00  00 00 00 00 00 00 00 00  | ................
000000000001E0B0 | 00 00 00 00 00 00 00 00  00 00 00 00 00 00 00 00  | ................
000000000001E0C0 | 00 00 FF FF 0B 00 00 00  CD 91 01 00 00 00 00 00  | ................
000000000001E0D0 | D0 79 00 00 00 00 00 00  00 00 00 00 00 00 00 00  | .y..............
000000000001E0E0 | 00 00 00 00 00 00 00 00  00 00 00 00 00 00 00 00  | ................
000000000001E0F0 | 00 00 00 00 00 00 00 00  00 00 00 00 00 00 00 00  | ................
000000000001E100 | 00 00 00 00 00 00 00 00  00 00 00 00 00 00 00 00  | ................
000000000001E110 | 00 00 00 00 00 00 00 00  00 00 00 00 00 00 00 00  | ................
000000000001E120 | 00 00 00 00 00 00 00 00  00 00 00 00 00 00 00 00  | ................
000000000001E130 | 00 00 00 00 00 00 00 00  00 00 00 00 00 00 00 00  | ................
000000000001E140 | 00 00 00 00 00 00 00 00  00 00 FF FF 09 00 00 00  | ................
000000000001E150 | 53 67 01 00 00 00 00 00  C8 7B 00 00 00 00 00 00  | Sg.......{......
000000000001E160 | 00 00 00 00 00 00 00 00  00 00 00 00 00 00 00 00  | ................
000000000001E170 | 00 00 00 00 00 00 00 00  00 00 00 00 00 00 00 00  | ................
000000000001E180 | 00 00 00 00 00 00 00 00  00 00 00 00 00 00 00 00  | ................
000000000001E190 | 00 00 00 00 00 00 00 00  00 00 00 00 00 00 00 00  | ................
000000000001E1A0 | 00 00 00 00 00 00 00 00  00 00 00 00 00 00 00 00  | ................
000000000001E1B0 | 00 00 00 00 00 00 00 00  00 00 00 00 00 00 00 00  | ................
000000000001E1C0 | 00 00 00 00 00 00 00 00  00 00 00 00 00 00 00 00  | ................
000000000001E1D0 | 02 00 FF FF 09 00 00 00  6A 67 01 00 00 00 00 00  | ........jg......
000000000001E1E0 | 10 7C 00 00 00 00 00 00  00 00 00 00 00 00 00 00  | .|..............
000000000001E1F0 | 00 00 00 00 00 00 00 00  00 00 00 00 00 00 00 00  | ................
000000000001E200 | 00 00 00 00 00 00 00 00  00 00 00 00 00 00 00 00  | ................
000000000001E210 | 00 00 00 00 00 00 00 00  00 00 00 00 00 00 00 00  | ................
000000000001E220 | 00 00 00 00 00 00 00 00  00 00 00 00 00 00 00 00  | ................
000000000001E230 | 00 00 00 00 00 00 00 00  00 00 00 00 00 00 00 00  | ................
000000000001E240 | 00 00 00 00 00 00 00 00  00 00 00 00 00 00 00 00  | ................
000000000001E250 | 00 00 00 00 00 00 00 00  19 00 6F 00 0B 00 00 00  | ..........o.....
000000000001E260 | 81 67 01 00 00 00 00 00  60 7C 00 00 00 00 00 00  | .g......`|......
000000000001E270 | 00 00 00 00 00 00 00 00  00 00 00 00 00 00 00 00  | ................
000000000001E280 | 00 00 00 00 00 00 00 00  00 00 00 00 00 00 00 00  | ................
000000000001E290 | 00 00 00 00 00 00 00 00  00 00 00 00 00 00 00 00  | ................
000000000001E2A0 | 00 00 00 00 00 00 00 00  00 00 00 00 00 00 00 00  | ................
000000000001E2B0 | 00 00 00 00 00 00 00 00  00 00 00 00 00 00 00 00  | ................
000000000001E2C0 | 00 00 00 00 00 00 00 00  00 00 00 00 00 00 00 00  | ................
000000000001E2D0 | 00 00 00 00 00 00 00 00  00 00 00 00 00 00 00 00  | ................
000000000001E2E0 | 01 00 FF FF 07 00 00 00  98 67 01 00 00 00 00 00  | .........g......
000000000001E2F0 | E8 7C 00 00 00 00 00 00  00 00 00 00 00 00 00 00  | .|..............
000000000001E300 | 00 00 00 00 00 00 00 00  00 00 00 00 00 00 00 00  | ................
000000000001E310 | 00 00 00 00 00 00 00 00  00 00 00 00 00 00 00 00  | ................
000000000001E320 | 00 00 00 00 00 00 00 00  00 00 00 00 00 00 00 00  | ................
000000000001E330 | 00 00 00 00 00 00 00 00  00 00 00 00 00 00 00 00  | ................
000000000001E340 | 00 00 00 00 00 00 00 00  00 00 00 00 00 00 00 00  | ................
000000000001E350 | 00 00 00 00 00 00 00 00  00 00 00 00 00 00 00 00  | ................
000000000001E360 | 00 00 00 00 00 00 00 00  00 00 FF FF 0B 00 00 00  | ................
000000000001E370 | AF 67 01 00 00 00 00 00  F8 7C 00 00 00 00 00 00  | .g.......|......
000000000001E380 | 00 00 00 00 00 00 00 00  00 00 00 00 00 00 00 00  | ................
000000000001E390 | 00 00 00 00 00 00 00 00  00 00 00 00 00 00 00 00  | ................
000000000001E3A0 | 00 00 00 00 00 00 00 00  00 00 00 00 00 00 00 00  | ................
000000000001E3B0 | 00 00 00 00 00 00 00 00  00 00 00 00 00 00 00 00  | ................
000000000001E3C0 | 00 00 00 00 00 00 00 00  00 00 00 00 00 00 00 00  | ................
000000000001E3D0 | 00 00 00 00 00 00 00 00  00 00 00 00 00 00 00 00  | ................
000000000001E3E0 | 00 00 00 00 00 00 00 00  00 00 00 00 00 00 00 00  | ................
000000000001E3F0 | 00 00 FF FF 01 00 00 00  C6 67 01 00 00 00 00 00  | .........g......
000000000001E400 | 10 7D 00 00 00 00 00 00  00 00 00 00 00 00 00 00  | .}..............
000000000001E410 | 00 00 00 00 00 00 00 00  00 00 00 00 00 00 00 00  | ................
000000000001E420 | 00 00 00 00 00 00 00 00  00 00 00 00 00 00 00 00  | ................
000000000001E430 | 00 00 00 00 00 00 00 00  00 00 00 00 00 00 00 00  | ................
000000000001E440 | 00 00 00 00 00 00 00 00  00 00 00 00 00 00 00 00  | ................
000000000001E450 | 00 00 00 00 00 00 00 00  00 00 00 00 00 00 00 00  | ................
000000000001E460 | 00 00 00 00 00 00 00 00  00 00 00 00 00 00 00 00  | ................
000000000001E470 | 00 00 00 00 00 00 00 00  19 00 B3 00 0B 00 00 00  | ................
000000000001E480 | 4F 8C 01 00 00 00 00 00  2C 7D 00 00 00 00 00 00  | O.......,}......
000000000001E490 | 44 7D 00 00 00 00 00 00  6C 7D 00 00 00 00 00 00  | D}......l}......
000000000001E4A0 | 00 00 00 00 00 00 00 00  00 00 00 00 00 00 00 00  | ................
000000000001E4B0 | 00 00 00 00 00 00 00 00  00 00 00 00 00 00 00 00  | ................
000000000001E4C0 | 00 00 00 00 00 00 00 00  00 00 00 00 00 00 00 00  | ................
000000000001E4D0 | 00 00 00 00 00 00 00 00  00 00 00 00 00 00 00 00  | ................
000000000001E4E0 | 00 00 00 00 00 00 00 00  00 00 00 00 00 00 00 00  | ................
000000000001E4F0 | 00 00 00 00 00 00 00 00  00 00 00 00 00 00 00 00  | ................
000000000001E500 | 08 00 D6 00 09 00 00 00  B8 82 01 00 00 00 00 00  | ................
000000000001E510 | 94 7D 00 00 00 00 00 00  00 00 00 00 00 00 00 00  | .}..............
000000000001E520 | 00 00 00 00 00 00 00 00  00 00 00 00 00 00 00 00  | ................
000000000001E530 | 00 00 00 00 00 00 00 00  00 00 00 00 00 00 00 00  | ................
000000000001E540 | 00 00 00 00 00 00 00 00  00 00 00 00 00 00 00 00  | ................
000000000001E550 | 00 00 00 00 00 00 00 00  00 00 00 00 00 00 00 00  | ................
000000000001E560 | 00 00 00 00 00 00 00 00  00 00 00 00 00 00 00 00  | ................
000000000001E570 | 00 00 00 00 00 00 00 00  00 00 00 00 00 00 00 00  | ................
000000000001E580 | 00 00 00 00 00 00 00 00  19 00 44 00 0B 00 00 00  | ..........D.....
000000000001E590 | DD 67 01 00 00 00 00 00  00 00 00 00 00 00 00 00  | .g..............
000000000001E5A0 | 00 00 00 00 00 00 00 00  00 00 00 00 00 00 00 00  | ................
000000000001E5B0 | 07 00 00 00 00 00 00 00  00 00 00 00 00 00 00 00  | ................
000000000001E5C0 | 00 00 00 00 00 00 00 00  00 00 00 00 00 00 00 00  | ................
000000000001E5D0 | 00 00 00 00 00 00 00 00  00 00 00 00 00 00 00 00  | ................
000000000001E5E0 | 00 00 00 00 00 00 00 00  00 00 00 00 00 00 00 00  | ................
000000000001E5F0 | 00 00 00 00 00 00 00 00  00 00 00 00 00 00 00 00  | ................
000000000001E600 | 00 00 00 00 00 00 00 00  00 00 00 00 00 00 00 00  | ................
000000000001E610 | 00 00 FF FF 0B 00 00 00  BA A2 01 00 00 00 00 00  | ................
000000000001E620 | BC 7D 00 00 00 00 00 00  00 00 00 00 00 00 00 00  | .}..............
000000000001E630 | 00 00 00 00 00 00 00 00  00 00 00 00 00 00 00 00  | ................
000000000001E640 | 00 00 00 00 00 00 00 00  00 00 00 00 00 00 00 00  | ................
000000000001E650 | 00 00 00 00 00 00 00 00  00 00 00 00 00 00 00 00  | ................
000000000001E660 | 00 00 00 00 00 00 00 00  00 00 00 00 00 00 00 00  | ................
000000000001E670 | 00 00 00 00 00 00 00 00  00 00 00 00 00 00 00 00  | ................
000000000001E680 | 00 00 00 00 00 00 00 00  00 00 00 00 00 00 00 00  | ................
000000000001E690 | 00 00 00 00 00 00 00 00  19 00 B4 00 0B 00 00 00  | ................
000000000001E6A0 | F4 67 01 00 00 00 00 00  00 00 00 00 00 00 00 00  | .g..............
000000000001E6B0 | 00 00 00 00 00 00 00 00  00 00 00 00 00 00 00 00  | ................
000000000001E6C0 | 07 00 00 00 00 00 00 00  00 00 00 00 00 00 00 00  | ................
000000000001E6D0 | 00 00 00 00 00 00 00 00  00 00 00 00 00 00 00 00  | ................
000000000001E6E0 | 00 00 00 00 00 00 00 00  00 00 00 00 00 00 00 00  | ................
000000000001E6F0 | 00 00 00 00 00 00 00 00  00 00 00 00 00 00 00 00  | ................
000000000001E700 | 00 00 00 00 00 00 00 00  00 00 00 00 00 00 00 00  | ................
000000000001E710 | 00 00 00 00 00 00 00 00  00 00 00 00 00 00 00 00  | ................
000000000001E720 | 00 00 FF FF 0B 00 00 00  0B 68 01 00 00 00 00 00  | .........h......
000000000001E730 | E4 7D 00 00 00 00 00 00  00 00 00 00 00 00 00 00  | .}..............
000000000001E740 | 00 00 00 00 00 00 00 00  00 00 00 00 00 00 00 00  | ................
000000000001E750 | 00 00 00 00 00 00 00 00  00 00 00 00 00 00 00 00  | ................
000000000001E760 | 00 00 00 00 00 00 00 00  00 00 00 00 00 00 00 00  | ................
000000000001E770 | 00 00 00 00 00 00 00 00  00 00 00 00 00 00 00 00  | ................
000000000001E780 | 00 00 00 00 00 00 00 00  00 00 00 00 00 00 00 00  | ................
000000000001E790 | 00 00 00 00 00 00 00 00  00 00 00 00 00 00 00 00  | ................
000000000001E7A0 | 00 00 00 00 00 00 00 00  19 00 3B 00 0B 00 00 00  | ..........;.....
000000000001E7B0 | 52 85 01 00 00 00 00 00  10 7E 00 00 00 00 00 00  | R........~......
000000000001E7C0 | 00 00 00 00 00 00 00 00  00 00 00 00 00 00 00 00  | ................
000000000001E7D0 | 00 00 00 00 00 00 00 00  00 00 00 00 00 00 00 00  | ................
000000000001E7E0 | 00 00 00 00 00 00 00 00  00 00 00 00 00 00 00 00  | ................
000000000001E7F0 | 00 00 00 00 00 00 00 00  00 00 00 00 00 00 00 00  | ................
000000000001E800 | 00 00 00 00 00 00 00 00  00 00 00 00 00 00 00 00  | ................
000000000001E810 | 00 00 00 00 00 00 00 00  00 00 00 00 00 00 00 00  | ................
000000000001E820 | 00 00 00 00 00 00 00 00  00 00 00 00 00 00 00 00  | ................
000000000001E830 | 00 00 FF FF 09 00 00 00  22 68 01 00 00 00 00 00  | ........"h......
000000000001E840 | 58 7F 00 00 00 00 00 00  00 00 00 00 00 00 00 00  | X...............
000000000001E850 | 00 00 00 00 00 00 00 00  00 00 00 00 00 00 00 00  | ................
000000000001E860 | 00 00 00 00 00 00 00 00  00 00 00 00 00 00 00 00  | ................
000000000001E870 | 00 00 00 00 00 00 00 00  00 00 00 00 00 00 00 00  | ................
000000000001E880 | 00 00 00 00 00 00 00 00  00 00 00 00 00 00 00 00  | ................
000000000001E890 | 00 00 00 00 00 00 00 00  00 00 00 00 00 00 00 00  | ................
000000000001E8A0 | 00 00 00 00 00 00 00 00  00 00 00 00 00 00 00 00  | ................
000000000001E8B0 | 00 00 00 00 00 00 00 00  19 00 EE 00 0B 00 00 00  | ................
000000000001E8C0 | 17 A3 01 00 00 00 00 00  88 7F 00 00 00 00 00 00  | ................
000000000001E8D0 | 00 00 00 00 00 00 00 00  00 00 00 00 00 00 00 00  | ................
000000000001E8E0 | 06 00 00 00 00 00 00 00  00 00 00 00 00 00 00 00  | ................
000000000001E8F0 | 00 00 00 00 00 00 00 00  00 00 00 00 00 00 00 00  | ................
000000000001E900 | 00 00 00 00 00 00 00 00  00 00 00 00 00 00 00 00  | ................
000000000001E910 | 00 00 00 00 00 00 00 00  00 00 00 00 00 00 00 00  | ................
000000000001E920 | 00 00 00 00 00 00 00 00  00 00 00 00 00 00 00 00  | ................
000000000001E930 | 00 00 00 00 00 00 00 00  00 00 00 00 00 00 00 00  | ................
000000000001E940 | 01 00 FF FF 0B 00 00 00  39 68 01 00 00 00 00 00  | ........9h......
000000000001E950 | 00 00 00 00 00 00 00 00  00 00 00 00 00 00 00 00  | ................
000000000001E960 | 00 00 00 00 00 00 00 00  07 00 00 00 00 00 00 00  | ................
000000000001E970 | 00 00 00 00 00 00 00 00  00 00 00 00 00 00 00 00  | ................
000000000001E980 | 00 00 00 00 00 00 00 00  00 00 00 00 00 00 00 00  | ................
000000000001E990 | 00 00 00 00 00 00 00 00  00 00 00 00 00 00 00 00  | ................
000000000001E9A0 | 00 00 00 00 00 00 00 00  00 00 00 00 00 00 00 00  | ................
000000000001E9B0 | 00 00 00 00 00 00 00 00  00 00 00 00 00 00 00 00  | ................
000000000001E9C0 | 00 00 00 00 00 00 00 00  00 00 FF FF 0B 00 00 00  | ................
000000000001E9D0 | 50 68 01 00 00 00 00 00  AC 7F 00 00 00 00 00 00  | Ph..............
000000000001E9E0 | 00 00 00 00 00 00 00 00  00 00 00 00 00 00 00 00  | ................
000000000001E9F0 | 00 00 00 00 00 00 00 00  00 00 00 00 00 00 00 00  | ................
000000000001EA00 | 00 00 00 00 00 00 00 00  00 00 00 00 00 00 00 00  | ................
000000000001EA10 | 00 00 00 00 00 00 00 00  00 00 00 00 00 00 00 00  | ................
000000000001EA20 | 00 00 00 00 00 00 00 00  00 00 00 00 00 00 00 00  | ................
000000000001EA30 | 00 00 00 00 00 00 00 00  00 00 00 00 00 00 00 00  | ................
000000000001EA40 | 00 00 00 00 00 00 00 00  00 00 00 00 00 00 00 00  | ................
000000000001EA50 | 19 00 46 00 0B 00 00 00  67 68 01 00 00 00 00 00  | ..F.....gh......
000000000001EA60 | D8 7F 00 00 00 00 00 00  00 00 00 00 00 00 00 00  | ................
000000000001EA70 | 00 00 00 00 00 00 00 00  00 00 00 00 00 00 00 00  | ................
000000000001EA80 | 00 00 00 00 00 00 00 00  00 00 00 00 00 00 00 00  | ................
000000000001EA90 | 00 00 00 00 00 00 00 00  00 00 00 00 00 00 00 00  | ................
000000000001EAA0 | 00 00 00 00 00 00 00 00  00 00 00 00 00 00 00 00  | ................
000000000001EAB0 | 00 00 00 00 00 00 00 00  00 00 00 00 00 00 00 00  | ................
000000000001EAC0 | 00 00 00 00 00 00 00 00  00 00 00 00 00 00 00 00  | ................
000000000001EAD0 | 00 00 00 00 00 00 00 00  00 00 FF FF 0B 00 00 00  | ................
000000000001EAE0 | 9F 9A 01 00 00 00 00 00  F0 7F 00 00 00 00 00 00  | ................
000000000001EAF0 | 00 00 00 00 00 00 00 00  00 00 00 00 00 00 00 00  | ................
000000000001EB00 | 00 00 00 00 00 00 00 00  00 00 00 00 00 00 00 00  | ................
000000000001EB10 | 00 00 00 00 00 00 00 00  00 00 00 00 00 00 00 00  | ................
000000000001EB20 | 00 00 00 00 00 00 00 00  00 00 00 00 00 00 00 00  | ................
000000000001EB30 | 00 00 00 00 00 00 00 00  00 00 00 00 00 00 00 00  | ................
000000000001EB40 | 00 00 00 00 00 00 00 00  00 00 00 00 00 00 00 00  | ................
000000000001EB50 | 00 00 00 00 00 00 00 00  00 00 00 00 00 00 00 00  | ................
000000000001EB60 | 19 00 7D 00 0B 00 00 00  7E 68 01 00 00 00 00 00  | ..}.....~h......
000000000001EB70 | 20 80 00 00 00 00 00 00  00 00 00 00 00 00 00 00  |  ...............
000000000001EB80 | 00 00 00 00 00 00 00 00  00 00 00 00 00 00 00 00  | ................
000000000001EB90 | 00 00 00 00 00 00 00 00  00 00 00 00 00 00 00 00  | ................
000000000001EBA0 | 00 00 00 00 00 00 00 00  00 00 00 00 00 00 00 00  | ................
000000000001EBB0 | 00 00 00 00 00 00 00 00  00 00 00 00 00 00 00 00  | ................
000000000001EBC0 | 00 00 00 00 00 00 00 00  00 00 00 00 00 00 00 00  | ................
000000000001EBD0 | 00 00 00 00 00 00 00 00  00 00 00 00 00 00 00 00  | ................
000000000001EBE0 | 00 00 00 00 00 00 00 00  19 00 49 00 0B 00 00 00  | ..........I.....
000000000001EBF0 | 95 68 01 00 00 00 00 00  4C 80 00 00 00 00 00 00  | .h......L.......
000000000001EC00 | 00 00 00 00 00 00 00 00  00 00 00 00 00 00 00 00  | ................
000000000001EC10 | 00 00 00 00 00 00 00 00  00 00 00 00 00 00 00 00  | ................
000000000001EC20 | 00 00 00 00 00 00 00 00  00 00 00 00 00 00 00 00  | ................
000000000001EC30 | 00 00 00 00 00 00 00 00  00 00 00 00 00 00 00 00  | ................
000000000001EC40 | 00 00 00 00 00 00 00 00  00 00 00 00 00 00 00 00  | ................
000000000001EC50 | 00 00 00 00 00 00 00 00  00 00 00 00 00 00 00 00  | ................
000000000001EC60 | 00 00 00 00 00 00 00 00  00 00 00 00 00 00 00 00  | ................
000000000001EC70 | 18 00 BF 00 09 00 00 00  AC 68 01 00 00 00 00 00  | .........h......
000000000001EC80 | 60 80 00 00 00 00 00 00  00 00 00 00 00 00 00 00  | `...............
000000000001EC90 | 00 00 00 00 00 00 00 00  00 00 00 00 00 00 00 00  | ................
000000000001ECA0 | 00 00 00 00 00 00 00 00  00 00 00 00 00 00 00 00  | ................
000000000001ECB0 | 00 00 00 00 00 00 00 00  00 00 00 00 00 00 00 00  | ................
000000000001ECC0 | 00 00 00 00 00 00 00 00  00 00 00 00 00 00 00 00  | ................
000000000001ECD0 | 00 00 00 00 00 00 00 00  00 00 00 00 00 00 00 00  | ................
000000000001ECE0 | 00 00 00 00 00 00 00 00  00 00 00 00 00 00 00 00  | ................
000000000001ECF0 | 00 00 00 00 00 00 00 00  18 00 B2 00 05 00 00 00  | ................
000000000001ED00 | 00 00 00 00 00 00 00 00  00 00 00 00 00 00 00 00  | ................
000000000001ED10 | 00 00 00 00 00 00 00 00  00 00 00 00 00 00 00 00  | ................
000000000001ED20 | 00 00 00 00 00 00 00 00  00 00 00 00 00 00 00 00  | ................
000000000001ED30 | 00 00 00 00 00 00 00 00  00 00 00 00 00 00 00 00  | ................
000000000001ED40 | 00 00 00 00 00 00 00 00  00 00 00 00 00 00 00 00  | ................
000000000001ED50 | 00 00 00 00 00 00 00 00  00 00 00 00 00 00 00 00  | ................
000000000001ED60 | 00 00 00 00 00 00 00 00  00 00 00 00 00 00 00 00  | ................
000000000001ED70 | 00 00 00 00 00 00 00 00  00 00 00 00 00 00 00 00  | ................
000000000001ED80 | 00 00 00 00 00 00 00 00  C3 68 01 00 00 00 00 00  | .........h......
000000000001ED90 | 78 80 00 00 00 00 00 00  00 00 00 00 00 00 00 00  | x...............
000000000001EDA0 | 00 00 00 00 00 00 00 00  00 00 00 00 00 00 00 00  | ................
000000000001EDB0 | 00 00 00 00 00 00 00 00  00 00 00 00 00 00 00 00  | ................
000000000001EDC0 | 00 00 00 00 00 00 00 00  00 00 00 00 00 00 00 00  | ................
000000000001EDD0 | 00 00 00 00 00 00 00 00  00 00 00 00 00 00 00 00  | ................
000000000001EDE0 | 00 00 00 00 00 00 00 00  00 00 00 00 00 00 00 00  | ................
000000000001EDF0 | 00 00 00 00 00 00 00 00  00 00 00 00 00 00 00 00  | ................
000000000001EE00 | 00 00 00 00 00 00 00 00  19 00 8D 00 0B 00 00 00  | ................
000000000001EE10 | DA 68 01 00 00 00 00 00  94 80 00 00 00 00 00 00  | .h..............
000000000001EE20 | 00 00 00 00 00 00 00 00  00 00 00 00 00 00 00 00  | ................
000000000001EE30 | 00 00 00 00 00 00 00 00  00 00 00 00 00 00 00 00  | ................
000000000001EE40 | 00 00 00 00 00 00 00 00  00 00 00 00 00 00 00 00  | ................
000000000001EE50 | 00 00 00 00 00 00 00 00  00 00 00 00 00 00 00 00  | ................
000000000001EE60 | 00 00 00 00 00 00 00 00  00 00 00 00 00 00 00 00  | ................
000000000001EE70 | 00 00 00 00 00 00 00 00  00 00 00 00 00 00 00 00  | ................
000000000001EE80 | 00 00 00 00 00 00 00 00  00 00 00 00 00 00 00 00  | ................
000000000001EE90 | 19 00 8B 00 0B 00 00 00  F1 68 01 00 00 00 00 00  | .........h......
000000000001EEA0 | BC 80 00 00 00 00 00 00  00 00 00 00 00 00 00 00  | ................
000000000001EEB0 | 00 00 00 00 00 00 00 00  00 00 00 00 00 00 00 00  | ................
000000000001EEC0 | 00 00 00 00 00 00 00 00  00 00 00 00 00 00 00 00  | ................
000000000001EED0 | 00 00 00 00 00 00 00 00  00 00 00 00 00 00 00 00  | ................
000000000001EEE0 | 00 00 00 00 00 00 00 00  00 00 00 00 00 00 00 00  | ................
000000000001EEF0 | 00 00 00 00 00 00 00 00  00 00 00 00 00 00 00 00  | ................
000000000001EF00 | 00 00 00 00 00 00 00 00  00 00 00 00 00 00 00 00  | ................
000000000001EF10 | 00 00 00 00 00 00 00 00  19 00 91 00 0B 00 00 00  | ................
000000000001EF20 | 00 00 00 00 00 00 00 00  00 00 00 00 00 00 00 00  | ................
000000000001EF30 | 00 00 00 00 00 00 00 00  00 00 00 00 00 00 00 00  | ................
000000000001EF40 | 00 00 00 00 00 00 00 00  00 00 00 00 00 00 00 00  | ................
000000000001EF50 | 00 00 00 00 00 00 00 00  00 00 00 00 00 00 00 00  | ................
000000000001EF60 | 00 00 00 00 00 00 00 00  00 00 00 00 00 00 00 00  | ................
000000000001EF70 | 00 00 00 00 00 00 00 00  00 00 00 00 00 00 00 00  | ................
000000000001EF80 | 00 00 00 00 00 00 00 00  00 00 00 00 00 00 00 00  | ................
000000000001EF90 | 00 00 00 00 00 00 00 00  00 00 00 00 00 00 00 00  | ................
000000000001EFA0 | 00 00 00 00 00 00 00 00  08 69 01 00 00 00 00 00  | .........i......
000000000001EFB0 | D8 80 00 00 00 00 00 00  00 00 00 00 00 00 00 00  | ................
000000000001EFC0 | 00 00 00 00 00 00 00 00  00 00 00 00 00 00 00 00  | ................
000000000001EFD0 | 00 00 00 00 00 00 00 00  00 00 00 00 00 00 00 00  | ................
000000000001EFE0 | 00 00 00 00 00 00 00 00  00 00 00 00 00 00 00 00  | ................
000000000001EFF0 | 00 00 00 00 00 00 00 00  00 00 00 00 00 00 00 00  | ................
000000000001F000 | 00 00 00 00 00 00 00 00  00 00 00 00 00 00 00 00  | ................
000000000001F010 | 00 00 00 00 00 00 00 00  00 00 00 00 00 00 00 00  | ................
000000000001F020 | 00 00 00 00 00 00 00 00  19 00 66 00 0B 00 00 00  | ..........f.....
000000000001F030 | 1F 69 01 00 00 00 00 00  00 81 00 00 00 00 00 00  | .i..............
000000000001F040 | 00 00 00 00 00 00 00 00  00 00 00 00 00 00 00 00  | ................
000000000001F050 | 00 00 00 00 00 00 00 00  00 00 00 00 00 00 00 00  | ................
000000000001F060 | 00 00 00 00 00 00 00 00  00 00 00 00 00 00 00 00  | ................
000000000001F070 | 00 00 00 00 00 00 00 00  00 00 00 00 00 00 00 00  | ................
000000000001F080 | 00 00 00 00 00 00 00 00  00 00 00 00 00 00 00 00  | ................
000000000001F090 | 00 00 00 00 00 00 00 00  00 00 00 00 00 00 00 00  | ................
000000000001F0A0 | 00 00 00 00 00 00 00 00  00 00 00 00 00 00 00 00  | ................
000000000001F0B0 | 19 00 8F 00 0B 00 00 00  36 69 01 00 00 00 00 00  | ........6i......
000000000001F0C0 | 08 81 00 00 00 00 00 00  00 00 00 00 00 00 00 00  | ................
000000000001F0D0 | 00 00 00 00 00 00 00 00  00 00 00 00 00 00 00 00  | ................
000000000001F0E0 | 00 00 00 00 00 00 00 00  00 00 00 00 00 00 00 00  | ................
000000000001F0F0 | 00 00 00 00 00 00 00 00  00 00 00 00 00 00 00 00  | ................
000000000001F100 | 00 00 00 00 00 00 00 00  00 00 00 00 00 00 00 00  | ................
000000000001F110 | 00 00 00 00 00 00 00 00  00 00 00 00 00 00 00 00  | ................
000000000001F120 | 00 00 00 00 00 00 00 00  00 00 00 00 00 00 00 00  | ................
000000000001F130 | 00 00 00 00 00 00 00 00  00 00 FF FF 0A 00 00 00  | ................
000000000001F140 | 48 A1 01 00 00 00 00 00  C4 81 00 00 00 00 00 00  | H...............
000000000001F150 | F8 81 00 00 00 00 00 00  20 82 00 00 00 00 00 00  | ........ .......
000000000001F160 | 00 00 00 00 00 00 00 00  00 00 00 00 00 00 00 00  | ................
000000000001F170 | 00 00 00 00 00 00 00 00  00 00 00 00 00 00 00 00  | ................
000000000001F180 | 00 00 00 00 00 00 00 00  00 00 00 00 00 00 00 00  | ................
000000000001F190 | 00 00 00 00 00 00 00 00  00 00 00 00 00 00 00 00  | ................
000000000001F1A0 | 00 00 00 00 00 00 00 00  00 00 00 00 00 00 00 00  | ................
000000000001F1B0 | 00 00 00 00 00 00 00 00  00 00 00 00 00 00 00 00  | ................
000000000001F1C0 | 00 00 FF FF 09 00 00 00  4D 69 01 00 00 00 00 00  | ........Mi......
000000000001F1D0 | 48 82 00 00 00 00 00 00  00 00 00 00 00 00 00 00  | H...............
000000000001F1E0 | 00 00 00 00 00 00 00 00  00 00 00 00 00 00 00 00  | ................
000000000001F1F0 | 00 00 00 00 00 00 00 00  00 00 00 00 00 00 00 00  | ................
000000000001F200 | 00 00 00 00 00 00 00 00  00 00 00 00 00 00 00 00  | ................
000000000001F210 | 00 00 00 00 00 00 00 00  00 00 00 00 00 00 00 00  | ................
000000000001F220 | 00 00 00 00 00 00 00 00  00 00 00 00 00 00 00 00  | ................
000000000001F230 | 00 00 00 00 00 00 00 00  00 00 00 00 00 00 00 00  | ................
000000000001F240 | 00 00 00 00 00 00 00 00  19 00 B8 00 0B 00 00 00  | ................
000000000001F250 | 64 69 01 00 00 00 00 00  50 82 00 00 00 00 00 00  | di......P.......
000000000001F260 | 00 00 00 00 00 00 00 00  00 00 00 00 00 00 00 00  | ................
000000000001F270 | 00 00 00 00 00 00 00 00  00 00 00 00 00 00 00 00  | ................
000000000001F280 | 00 00 00 00 00 00 00 00  00 00 00 00 00 00 00 00  | ................
000000000001F290 | 00 00 00 00 00 00 00 00  00 00 00 00 00 00 00 00  | ................
000000000001F2A0 | 00 00 00 00 00 00 00 00  00 00 00 00 00 00 00 00  | ................
000000000001F2B0 | 00 00 00 00 00 00 00 00  00 00 00 00 00 00 00 00  | ................
000000000001F2C0 | 00 00 00 00 00 00 00 00  00 00 00 00 00 00 00 00  | ................
000000000001F2D0 | 19 00 B7 00 0B 00 00 00  00 00 00 00 00 00 00 00  | ................
000000000001F2E0 | 00 00 00 00 00 00 00 00  00 00 00 00 00 00 00 00  | ................
000000000001F2F0 | 00 00 00 00 00 00 00 00  00 00 00 00 00 00 00 00  | ................
000000000001F300 | 00 00 00 00 00 00 00 00  00 00 00 00 00 00 00 00  | ................
000000000001F310 | 00 00 00 00 00 00 00 00  00 00 00 00 00 00 00 00  | ................
000000000001F320 | 00 00 00 00 00 00 00 00  00 00 00 00 00 00 00 00  | ................
000000000001F330 | 00 00 00 00 00 00 00 00  00 00 00 00 00 00 00 00  | ................
000000000001F340 | 00 00 00 00 00 00 00 00  00 00 00 00 00 00 00 00  | ................
000000000001F350 | 00 00 00 00 00 00 00 00  00 00 00 00 00 00 00 00  | ................
000000000001F360 | 7B 69 01 00 00 00 00 00  78 82 00 00 00 00 00 00  | {i......x.......
000000000001F370 | 00 00 00 00 00 00 00 00  00 00 00 00 00 00 00 00  | ................
000000000001F380 | 00 00 00 00 00 00 00 00  00 00 00 00 00 00 00 00  | ................
000000000001F390 | 00 00 00 00 00 00 00 00  00 00 00 00 00 00 00 00  | ................
000000000001F3A0 | 00 00 00 00 00 00 00 00  00 00 00 00 00 00 00 00  | ................
000000000001F3B0 | 00 00 00 00 00 00 00 00  00 00 00 00 00 00 00 00  | ................
000000000001F3C0 | 00 00 00 00 00 00 00 00  00 00 00 00 00 00 00 00  | ................
000000000001F3D0 | 00 00 00 00 00 00 00 00  00 00 00 00 00 00 00 00  | ................
000000000001F3E0 | 18 00 33 00 05 00 00 00  92 69 01 00 00 00 00 00  | ..3......i......
000000000001F3F0 | 90 82 00 00 00 00 00 00  00 00 00 00 00 00 00 00  | ................
000000000001F400 | 00 00 00 00 00 00 00 00  00 00 00 00 00 00 00 00  | ................
000000000001F410 | 00 00 00 00 00 00 00 00  00 00 00 00 00 00 00 00  | ................
000000000001F420 | 00 00 00 00 00 00 00 00  00 00 00 00 00 00 00 00  | ................
000000000001F430 | 00 00 00 00 00 00 00 00  00 00 00 00 00 00 00 00  | ................
000000000001F440 | 00 00 00 00 00 00 00 00  00 00 00 00 00 00 00 00  | ................
000000000001F450 | 00 00 00 00 00 00 00 00  00 00 00 00 00 00 00 00  | ................
000000000001F460 | 00 00 00 00 00 00 00 00  08 00 FF FF 0B 00 00 00  | ................
000000000001F470 | A9 69 01 00 00 00 00 00  00 00 00 00 00 00 00 00  | .i..............
000000000001F480 | 00 00 00 00 00 00 00 00  00 00 00 00 00 00 00 00  | ................
000000000001F490 | 07 00 00 00 00 00 00 00  00 00 00 00 00 00 00 00  | ................
000000000001F4A0 | 00 00 00 00 00 00 00 00  00 00 00 00 00 00 00 00  | ................
000000000001F4B0 | 00 00 00 00 00 00 00 00  00 00 00 00 00 00 00 00  | ................
000000000001F4C0 | 00 00 00 00 00 00 00 00  00 00 00 00 00 00 00 00  | ................
000000000001F4D0 | 00 00 00 00 00 00 00 00  00 00 00 00 00 00 00 00  | ................
000000000001F4E0 | 00 00 00 00 00 00 00 00  00 00 00 00 00 00 00 00  | ................
000000000001F4F0 | 00 00 FF FF 0B 00 00 00  C0 69 01 00 00 00 00 00  | .........i......
000000000001F500 | A0 82 00 00 00 00 00 00  00 00 00 00 00 00 00 00  | ................
000000000001F510 | 00 00 00 00 00 00 00 00  00 00 00 00 00 00 00 00  | ................
000000000001F520 | 00 00 00 00 00 00 00 00  00 00 00 00 00 00 00 00  | ................
000000000001F530 | 00 00 00 00 00 00 00 00  00 00 00 00 00 00 00 00  | ................
000000000001F540 | 00 00 00 00 00 00 00 00  00 00 00 00 00 00 00 00  | ................
000000000001F550 | 00 00 00 00 00 00 00 00  00 00 00 00 00 00 00 00  | ................
000000000001F560 | 00 00 00 00 00 00 00 00  00 00 00 00 00 00 00 00  | ................
000000000001F570 | 00 00 00 00 00 00 00 00  19 00 9E 00 0B 00 00 00  | ................
000000000001F580 | A1 98 01 00 00 00 00 00  BC 82 00 00 00 00 00 00  | ................
000000000001F590 | D4 82 00 00 00 00 00 00  FC 82 00 00 00 00 00 00  | ................
000000000001F5A0 | 00 00 00 00 00 00 00 00  00 00 00 00 00 00 00 00  | ................
000000000001F5B0 | 00 00 00 00 00 00 00 00  00 00 00 00 00 00 00 00  | ................
000000000001F5C0 | 00 00 00 00 00 00 00 00  00 00 00 00 00 00 00 00  | ................
000000000001F5D0 | 00 00 00 00 00 00 00 00  00 00 00 00 00 00 00 00  | ................
000000000001F5E0 | 00 00 00 00 00 00 00 00  00 00 00 00 00 00 00 00  | ................
000000000001F5F0 | 00 00 00 00 00 00 00 00  00 00 00 00 00 00 00 00  | ................
000000000001F600 | 08 00 D3 00 0A 00 00 00  D7 69 01 00 00 00 00 00  | .........i......
000000000001F610 | 24 83 00 00 00 00 00 00  00 00 00 00 00 00 00 00  | $...............
000000000001F620 | 00 00 00 00 00 00 00 00  00 00 00 00 00 00 00 00  | ................
000000000001F630 | 00 00 00 00 00 00 00 00  00 00 00 00 00 00 00 00  | ................
000000000001F640 | 00 00 00 00 00 00 00 00  00 00 00 00 00 00 00 00  | ................
000000000001F650 | 00 00 00 00 00 00 00 00  00 00 00 00 00 00 00 00  | ................
000000000001F660 | 00 00 00 00 00 00 00 00  00 00 00 00 00 00 00 00  | ................
000000000001F670 | 00 00 00 00 00 00 00 00  00 00 00 00 00 00 00 00  | ................
000000000001F680 | 00 00 00 00 00 00 00 00  18 00 DC 00 09 00 00 00  | ................
000000000001F690 | EE 69 01 00 00 00 00 00  3C 83 00 00 00 00 00 00  | .i......<.......
000000000001F6A0 | 00 00 00 00 00 00 00 00  00 00 00 00 00 00 00 00  | ................
000000000001F6B0 | 00 00 00 00 00 00 00 00  00 00 00 00 00 00 00 00  | ................
000000000001F6C0 | 00 00 00 00 00 00 00 00  00 00 00 00 00 00 00 00  | ................
000000000001F6D0 | 00 00 00 00 00 00 00 00  00 00 00 00 00 00 00 00  | ................
000000000001F6E0 | 00 00 00 00 00 00 00 00  00 00 00 00 00 00 00 00  | ................
000000000001F6F0 | 00 00 00 00 00 00 00 00  00 00 00 00 00 00 00 00  | ................
000000000001F700 | 00 00 00 00 00 00 00 00  00 00 00 00 00 00 00 00  | ................
000000000001F710 | 19 00 67 00 0B 00 00 00  CD 9A 01 00 00 00 00 00  | ..g.............
000000000001F720 | 64 83 00 00 00 00 00 00  7C 83 00 00 00 00 00 00  | d.......|.......
000000000001F730 | A4 83 00 00 00 00 00 00  00 00 00 00 00 00 00 00  | ................
000000000001F740 | 00 00 00 00 00 00 00 00  00 00 00 00 00 00 00 00  | ................
000000000001F750 | 00 00 00 00 00 00 00 00  00 00 00 00 00 00 00 00  | ................
000000000001F760 | 00 00 00 00 00 00 00 00  00 00 00 00 00 00 00 00  | ................
000000000001F770 | 00 00 00 00 00 00 00 00  00 00 00 00 00 00 00 00  | ................
000000000001F780 | 00 00 00 00 00 00 00 00  00 00 00 00 00 00 00 00  | ................
000000000001F790 | 00 00 00 00 00 00 00 00  08 00 D1 00 0A 00 00 00  | ................
000000000001F7A0 | 05 6A 01 00 00 00 00 00  CC 83 00 00 00 00 00 00  | .j..............
000000000001F7B0 | 00 00 00 00 00 00 00 00  00 00 00 00 00 00 00 00  | ................
000000000001F7C0 | 00 00 00 00 00 00 00 00  00 00 00 00 00 00 00 00  | ................
000000000001F7D0 | 00 00 00 00 00 00 00 00  00 00 00 00 00 00 00 00  | ................
000000000001F7E0 | 00 00 00 00 00 00 00 00  00 00 00 00 00 00 00 00  | ................
000000000001F7F0 | 00 00 00 00 00 00 00 00  00 00 00 00 00 00 00 00  | ................
000000000001F800 | 00 00 00 00 00 00 00 00  00 00 00 00 00 00 00 00  | ................
000000000001F810 | 00 00 00 00 00 00 00 00  00 00 00 00 00 00 00 00  | ................
000000000001F820 | 00 00 FF FF 0A 00 00 00  00 00 00 00 00 00 00 00  | ................
000000000001F830 | 00 00 00 00 00 00 00 00  00 00 00 00 00 00 00 00  | ................
000000000001F840 | 00 00 00 00 00 00 00 00  00 00 00 00 00 00 00 00  | ................
000000000001F850 | 00 00 00 00 00 00 00 00  00 00 00 00 00 00 00 00  | ................
000000000001F860 | 00 00 00 00 00 00 00 00  00 00 00 00 00 00 00 00  | ................
000000000001F870 | 00 00 00 00 00 00 00 00  00 00 00 00 00 00 00 00  | ................
000000000001F880 | 00 00 00 00 00 00 00 00  00 00 00 00 00 00 00 00  | ................
000000000001F890 | 00 00 00 00 00 00 00 00  00 00 00 00 00 00 00 00  | ................
000000000001F8A0 | 00 00 00 00 00 00 00 00  00 00 00 00 00 00 00 00  | ................
000000000001F8B0 | 1C 6A 01 00 00 00 00 00  E8 83 00 00 00 00 00 00  | .j..............
000000000001F8C0 | 00 00 00 00 00 00 00 00  00 00 00 00 00 00 00 00  | ................
000000000001F8D0 | 00 00 00 00 00 00 00 00  00 00 00 00 00 00 00 00  | ................
000000000001F8E0 | 00 00 00 00 00 00 00 00  00 00 00 00 00 00 00 00  | ................
000000000001F8F0 | 00 00 00 00 00 00 00 00  00 00 00 00 00 00 00 00  | ................
000000000001F900 | 00 00 00 00 00 00 00 00  00 00 00 00 00 00 00 00  | ................
000000000001F910 | 00 00 00 00 00 00 00 00  00 00 00 00 00 00 00 00  | ................
000000000001F920 | 00 00 00 00 00 00 00 00  00 00 00 00 00 00 00 00  | ................
000000000001F930 | 18 00 75 00 09 00 00 00  33 6A 01 00 00 00 00 00  | ..u.....3j......
000000000001F940 | 20 84 00 00 00 00 00 00  00 00 00 00 00 00 00 00  |  ...............
000000000001F950 | 00 00 00 00 00 00 00 00  00 00 00 00 00 00 00 00  | ................
000000000001F960 | 00 00 00 00 00 00 00 00  00 00 00 00 00 00 00 00  | ................
000000000001F970 | 00 00 00 00 00 00 00 00  00 00 00 00 00 00 00 00  | ................
000000000001F980 | 00 00 00 00 00 00 00 00  00 00 00 00 00 00 00 00  | ................
000000000001F990 | 00 00 00 00 00 00 00 00  00 00 00 00 00 00 00 00  | ................
000000000001F9A0 | 00 00 00 00 00 00 00 00  00 00 00 00 00 00 00 00  | ................
000000000001F9B0 | 00 00 00 00 00 00 00 00  19 00 61 00 0B 00 00 00  | ..........a.....
000000000001F9C0 | 4A 6A 01 00 00 00 00 00  48 84 00 00 00 00 00 00  | Jj......H.......
000000000001F9D0 | 00 00 00 00 00 00 00 00  00 00 00 00 00 00 00 00  | ................
000000000001F9E0 | 00 00 00 00 00 00 00 00  00 00 00 00 00 00 00 00  | ................
000000000001F9F0 | 00 00 00 00 00 00 00 00  00 00 00 00 00 00 00 00  | ................
000000000001FA00 | 00 00 00 00 00 00 00 00  00 00 00 00 00 00 00 00  | ................
000000000001FA10 | 00 00 00 00 00 00 00 00  00 00 00 00 00 00 00 00  | ................
000000000001FA20 | 00 00 00 00 00 00 00 00  00 00 00 00 00 00 00 00  | ................
000000000001FA30 | 00 00 00 00 00 00 00 00  00 00 00 00 00 00 00 00  | ................
000000000001FA40 | 19 00 A5 00 0B 00 00 00  61 6A 01 00 00 00 00 00  | ........aj......
000000000001FA50 | 64 84 00 00 00 00 00 00  00 00 00 00 00 00 00 00  | d...............
000000000001FA60 | 00 00 00 00 00 00 00 00  00 00 00 00 00 00 00 00  | ................
000000000001FA70 | 00 00 00 00 00 00 00 00  00 00 00 00 00 00 00 00  | ................
000000000001FA80 | 00 00 00 00 00 00 00 00  00 00 00 00 00 00 00 00  | ................
000000000001FA90 | 00 00 00 00 00 00 00 00  00 00 00 00 00 00 00 00  | ................
000000000001FAA0 | 00 00 00 00 00 00 00 00  00 00 00 00 00 00 00 00  | ................
000000000001FAB0 | 00 00 00 00 00 00 00 00  00 00 00 00 00 00 00 00  | ................
000000000001FAC0 | 00 00 00 00 00 00 00 00  19 00 A8 00 0B 00 00 00  | ................
000000000001FAD0 | 00 00 00 00 00 00 00 00  00 00 00 00 00 00 00 00  | ................
000000000001FAE0 | 00 00 00 00 00 00 00 00  00 00 00 00 00 00 00 00  | ................
000000000001FAF0 | 00 00 00 00 00 00 00 00  00 00 00 00 00 00 00 00  | ................
000000000001FB00 | 00 00 00 00 00 00 00 00  00 00 00 00 00 00 00 00  | ................
000000000001FB10 | 00 00 00 00 00 00 00 00  00 00 00 00 00 00 00 00  | ................
000000000001FB20 | 00 00 00 00 00 00 00 00  00 00 00 00 00 00 00 00  | ................
000000000001FB30 | 00 00 00 00 00 00 00 00  00 00 00 00 00 00 00 00  | ................
000000000001FB40 | 00 00 00 00 00 00 00 00  00 00 00 00 00 00 00 00  | ................
000000000001FB50 | 00 00 00 00 00 00 00 00  F2 84 01 00 00 00 00 00  | ................
000000000001FB60 | 7C 84 00 00 00 00 00 00  00 00 00 00 00 00 00 00  | |...............
000000000001FB70 | 00 00 00 00 00 00 00 00  00 00 00 00 00 00 00 00  | ................
000000000001FB80 | 00 00 00 00 00 00 00 00  00 00 00 00 00 00 00 00  | ................
000000000001FB90 | 00 00 00 00 00 00 00 00  00 00 00 00 00 00 00 00  | ................
000000000001FBA0 | 00 00 00 00 00 00 00 00  00 00 00 00 00 00 00 00  | ................
000000000001FBB0 | 00 00 00 00 00 00 00 00  00 00 00 00 00 00 00 00  | ................
000000000001FBC0 | 00 00 00 00 00 00 00 00  00 00 00 00 00 00 00 00  | ................
000000000001FBD0 | 00 00 00 00 00 00 00 00  19 00 A2 00 0B 00 00 00  | ................
000000000001FBE0 | 78 6A 01 00 00 00 00 00  AC 85 00 00 00 00 00 00  | xj..............
000000000001FBF0 | 00 00 00 00 00 00 00 00  00 00 00 00 00 00 00 00  | ................
000000000001FC00 | 00 00 00 00 00 00 00 00  00 00 00 00 00 00 00 00  | ................
000000000001FC10 | 00 00 00 00 00 00 00 00  00 00 00 00 00 00 00 00  | ................
000000000001FC20 | 00 00 00 00 00 00 00 00  00 00 00 00 00 00 00 00  | ................
000000000001FC30 | 00 00 00 00 00 00 00 00  00 00 00 00 00 00 00 00  | ................
000000000001FC40 | 00 00 00 00 00 00 00 00  00 00 00 00 00 00 00 00  | ................
000000000001FC50 | 00 00 00 00 00 00 00 00  00 00 00 00 00 00 00 00  | ................
000000000001FC60 | 01 00 FF FF 0B 00 00 00  8F 6A 01 00 00 00 00 00  | .........j......
000000000001FC70 | 4C 86 00 00 00 00 00 00  00 00 00 00 00 00 00 00  | L...............
000000000001FC80 | 00 00 00 00 00 00 00 00  00 00 00 00 00 00 00 00  | ................
000000000001FC90 | 00 00 00 00 00 00 00 00  00 00 00 00 00 00 00 00  | ................
000000000001FCA0 | 00 00 00 00 00 00 00 00  00 00 00 00 00 00 00 00  | ................
000000000001FCB0 | 00 00 00 00 00 00 00 00  00 00 00 00 00 00 00 00  | ................
000000000001FCC0 | 00 00 00 00 00 00 00 00  00 00 00 00 00 00 00 00  | ................
000000000001FCD0 | 00 00 00 00 00 00 00 00  00 00 00 00 00 00 00 00  | ................
000000000001FCE0 | 00 00 00 00 00 00 00 00  00 00 FF FF 02 00 00 00  | ................
000000000001FCF0 | A6 6A 01 00 00 00 00 00  58 86 00 00 00 00 00 00  | .j......X.......
000000000001FD00 | 00 00 00 00 00 00 00 00  00 00 00 00 00 00 00 00  | ................
000000000001FD10 | 00 00 00 00 00 00 00 00  00 00 00 00 00 00 00 00  | ................
000000000001FD20 | 00 00 00 00 00 00 00 00  00 00 00 00 00 00 00 00  | ................
000000000001FD30 | 00 00 00 00 00 00 00 00  00 00 00 00 00 00 00 00  | ................
000000000001FD40 | 00 00 00 00 00 00 00 00  00 00 00 00 00 00 00 00  | ................
000000000001FD50 | 00 00 00 00 00 00 00 00  00 00 00 00 00 00 00 00  | ................
000000000001FD60 | 00 00 00 00 00 00 00 00  00 00 00 00 00 00 00 00  | ................
000000000001FD70 | 19 00 23 00 05 00 00 00  BD 6A 01 00 00 00 00 00  | ..#......j......
000000000001FD80 | 7C 86 00 00 00 00 00 00  00 00 00 00 00 00 00 00  | |...............
000000000001FD90 | 00 00 00 00 00 00 00 00  00 00 00 00 00 00 00 00  | ................
000000000001FDA0 | 00 00 00 00 00 00 00 00  00 00 00 00 00 00 00 00  | ................
000000000001FDB0 | 00 00 00 00 00 00 00 00  00 00 00 00 00 00 00 00  | ................
000000000001FDC0 | 00 00 00 00 00 00 00 00  00 00 00 00 00 00 00 00  | ................
000000000001FDD0 | 00 00 00 00 00 00 00 00  00 00 00 00 00 00 00 00  | ................
000000000001FDE0 | 00 00 00 00 00 00 00 00  00 00 00 00 00 00 00 00  | ................
000000000001FDF0 | 00 00 00 00 00 00 00 00  18 00 5F 00 06 00 00 00  | .........._.....
000000000001FE00 | A0 83 01 00 00 00 00 00  94 86 00 00 00 00 00 00  | ................
000000000001FE10 | E0 86 00 00 00 00 00 00  08 87 00 00 00 00 00 00  | ................
000000000001FE20 | 00 00 00 00 00 00 00 00  00 00 00 00 00 00 00 00  | ................
000000000001FE30 | 00 00 00 00 00 00 00 00  00 00 00 00 00 00 00 00  | ................
000000000001FE40 | 00 00 00 00 00 00 00 00  00 00 00 00 00 00 00 00  | ................
000000000001FE50 | 00 00 00 00 00 00 00 00  00 00 00 00 00 00 00 00  | ................
000000000001FE60 | 00 00 00 00 00 00 00 00  00 00 00 00 00 00 00 00  | ................
000000000001FE70 | 00 00 00 00 00 00 00 00  00 00 00 00 00 00 00 00  | ................
000000000001FE80 | 08 00 5A 00 0A 00 00 00  D4 6A 01 00 00 00 00 00  | ..Z......j......
000000000001FE90 | 30 87 00 00 00 00 00 00  00 00 00 00 00 00 00 00  | 0...............
000000000001FEA0 | 00 00 00 00 00 00 00 00  00 00 00 00 00 00 00 00  | ................
000000000001FEB0 | 00 00 00 00 00 00 00 00  00 00 00 00 00 00 00 00  | ................
000000000001FEC0 | 00 00 00 00 00 00 00 00  00 00 00 00 00 00 00 00  | ................
000000000001FED0 | 00 00 00 00 00 00 00 00  00 00 00 00 00 00 00 00  | ................
000000000001FEE0 | 00 00 00 00 00 00 00 00  00 00 00 00 00 00 00 00  | ................
000000000001FEF0 | 00 00 00 00 00 00 00 00  00 00 00 00 00 00 00 00  | ................
000000000001FF00 | 00 00 00 00 00 00 00 00  19 00 47 00 0B 00 00 00  | ..........G.....
000000000001FF10 | A4 9F 01 00 00 00 00 00  58 87 00 00 00 00 00 00  | ........X.......
000000000001FF20 | 18 88 00 00 00 00 00 00  40 88 00 00 00 00 00 00  | ........@.......
000000000001FF30 | 00 00 00 00 00 00 00 00  00 00 00 00 00 00 00 00  | ................
000000000001FF40 | 00 00 00 00 00 00 00 00  00 00 00 00 00 00 00 00  | ................
000000000001FF50 | 00 00 00 00 00 00 00 00  00 00 00 00 00 00 00 00  | ................
000000000001FF60 | 00 00 00 00 00 00 00 00  00 00 00 00 00 00 00 00  | ................
000000000001FF70 | 00 00 00 00 00 00 00 00  00 00 00 00 00 00 00 00  | ................
000000000001FF80 | 00 00 00 00 00 00 00 00  00 00 00 00 00 00 00 00  | ................
000000000001FF90 | 00 00 FF FF 09 00 00 00  EB 6A 01 00 00 00 00 00  | .........j......
000000000001FFA0 | 68 88 00 00 00 00 00 00  00 00 00 00 00 00 00 00  | h...............
000000000001FFB0 | 00 00 00 00 00 00 00 00  00 00 00 00 00 00 00 00  | ................
000000000001FFC0 | 00 00 00 00 00 00 00 00  00 00 00 00 00 00 00 00  | ................
000000000001FFD0 | 00 00 00 00 00 00 00 00  00 00 00 00 00 00 00 00  | ................
000000000001FFE0 | 00 00 00 00 00 00 00 00  00 00 00 00 00 00 00 00  | ................
000000000001FFF0 | 00 00 00 00 00 00 00 00  00 00 00 00 00 00 00 00  | ................
0000000000020000 | 00 00 00 00 00 00 00 00  00 00 00 00 00 00 00 00  | ................
0000000000020010 | 00 00 00 00 00 00 00 00  18 00 F4 00 09 00 00 00  | ................
0000000000020020 | 02 6B 01 00 00 00 00 00  50 8A 00 00 00 00 00 00  | .k......P.......
0000000000020030 | 00 00 00 00 00 00 00 00  00 00 00 00 00 00 00 00  | ................
0000000000020040 | 00 00 00 00 00 00 00 00  00 00 00 00 00 00 00 00  | ................
0000000000020050 | 00 00 00 00 00 00 00 00  00 00 00 00 00 00 00 00  | ................
0000000000020060 | 00 00 00 00 00 00 00 00  00 00 00 00 00 00 00 00  | ................
0000000000020070 | 00 00 00 00 00 00 00 00  00 00 00 00 00 00 00 00  | ................
0000000000020080 | 00 00 00 00 00 00 00 00  00 00 00 00 00 00 00 00  | ................
0000000000020090 | 00 00 00 00 00 00 00 00  00 00 00 00 00 00 00 00  | ................
00000000000200A0 | 18 00 9C 00 09 00 00 00  53 8A 01 00 00 00 00 00  | ........S.......
00000000000200B0 | 14 8B 00 00 00 00 00 00  00 00 00 00 00 00 00 00  | ................
00000000000200C0 | 00 00 00 00 00 00 00 00  00 00 00 00 00 00 00 00  | ................
00000000000200D0 | 00 00 00 00 00 00 00 00  00 00 00 00 00 00 00 00  | ................
00000000000200E0 | 00 00 00 00 00 00 00 00  00 00 00 00 00 00 00 00  | ................
00000000000200F0 | 00 00 00 00 00 00 00 00  00 00 00 00 00 00 00 00  | ................
0000000000020100 | 00 00 00 00 00 00 00 00  00 00 00 00 00 00 00 00  | ................
0000000000020110 | 00 00 00 00 00 00 00 00  00 00 00 00 00 00 00 00  | ................
0000000000020120 | 00 00 00 00 00 00 00 00  18 00 3C 00 05 00 00 00  | ..........<.....
0000000000020130 | 19 6B 01 00 00 00 00 00  1C 8B 00 00 00 00 00 00  | .k..............
0000000000020140 | 00 00 00 00 00 00 00 00  00 00 00 00 00 00 00 00  | ................
0000000000020150 | 00 00 00 00 00 00 00 00  00 00 00 00 00 00 00 00  | ................
0000000000020160 | 00 00 00 00 00 00 00 00  00 00 00 00 00 00 00 00  | ................
0000000000020170 | 00 00 00 00 00 00 00 00  00 00 00 00 00 00 00 00  | ................
0000000000020180 | 00 00 00 00 00 00 00 00  00 00 00 00 00 00 00 00  | ................
0000000000020190 | 00 00 00 00 00 00 00 00  00 00 00 00 00 00 00 00  | ................
00000000000201A0 | 00 00 00 00 00 00 00 00  00 00 00 00 00 00 00 00  | ................
00000000000201B0 | 18 00 99 00 05 00 00 00  30 6B 01 00 00 00 00 00  | ........0k......
00000000000201C0 | 24 8B 00 00 00 00 00 00  00 00 00 00 00 00 00 00  | $...............
00000000000201D0 | 00 00 00 00 00 00 00 00  00 00 00 00 00 00 00 00  | ................
00000000000201E0 | 00 00 00 00 00 00 00 00  00 00 00 00 00 00 00 00  | ................
00000000000201F0 | 00 00 00 00 00 00 00 00  00 00 00 00 00 00 00 00  | ................
0000000000020200 | 00 00 00 00 00 00 00 00  00 00 00 00 00 00 00 00  | ................
0000000000020210 | 00 00 00 00 00 00 00 00  00 00 00 00 00 00 00 00  | ................
0000000000020220 | 00 00 00 00 00 00 00 00  00 00 00 00 00 00 00 00  | ................
0000000000020230 | 00 00 00 00 00 00 00 00  18 00 9A 00 07 00 00 00  | ................
0000000000020240 | 47 6B 01 00 00 00 00 00  2C 8B 00 00 00 00 00 00  | Gk......,.......
0000000000020250 | 00 00 00 00 00 00 00 00  00 00 00 00 00 00 00 00  | ................
0000000000020260 | 00 00 00 00 00 00 00 00  00 00 00 00 00 00 00 00  | ................
0000000000020270 | 00 00 00 00 00 00 00 00  00 00 00 00 00 00 00 00  | ................
0000000000020280 | 00 00 00 00 00 00 00 00  00 00 00 00 00 00 00 00  | ................
0000000000020290 | 00 00 00 00 00 00 00 00  00 00 00 00 00 00 00 00  | ................
00000000000202A0 | 00 00 00 00 00 00 00 00  00 00 00 00 00 00 00 00  | ................
00000000000202B0 | 00 00 00 00 00 00 00 00  00 00 00 00 00 00 00 00  | ................
00000000000202C0 | 00 00 FF FF 03 00 00 00  00 00 00 00 00 00 00 00  | ................
00000000000202D0 | 00 00 00 00 00 00 00 00  00 00 00 00 00 00 00 00  | ................
00000000000202E0 | 00 00 00 00 00 00 00 00  00 00 00 00 00 00 00 00  | ................
00000000000202F0 | 00 00 00 00 00 00 00 00  00 00 00 00 00 00 00 00  | ................
0000000000020300 | 00 00 00 00 00 00 00 00  00 00 00 00 00 00 00 00  | ................
0000000000020310 | 00 00 00 00 00 00 00 00  00 00 00 00 00 00 00 00  | ................
0000000000020320 | 00 00 00 00 00 00 00 00  00 00 00 00 00 00 00 00  | ................
0000000000020330 | 00 00 00 00 00 00 00 00  00 00 00 00 00 00 00 00  | ................
0000000000020340 | 00 00 00 00 00 00 00 00  00 00 00 00 00 00 00 00  | ................
0000000000020350 | 5E 6B 01 00 00 00 00 00  38 8B 00 00 00 00 00 00  | ^k......8.......
0000000000020360 | 00 00 00 00 00 00 00 00  00 00 00 00 00 00 00 00  | ................
0000000000020370 | 00 00 00 00 00 00 00 00  00 00 00 00 00 00 00 00  | ................
0000000000020380 | 00 00 00 00 00 00 00 00  00 00 00 00 00 00 00 00  | ................
0000000000020390 | 00 00 00 00 00 00 00 00  00 00 00 00 00 00 00 00  | ................
00000000000203A0 | 00 00 00 00 00 00 00 00  00 00 00 00 00 00 00 00  | ................
00000000000203B0 | 00 00 00 00 00 00 00 00  00 00 00 00 00 00 00 00  | ................
00000000000203C0 | 00 00 00 00 00 00 00 00  00 00 00 00 00 00 00 00  | ................
00000000000203D0 | 08 00 FF FF 0B 00 00 00  00 00 00 00 00 00 00 00  | ................
00000000000203E0 | 00 00 00 00 00 00 00 00  00 00 00 00 00 00 00 00  | ................
00000000000203F0 | 00 00 00 00 00 00 00 00  00 00 00 00 00 00 00 00  | ................
0000000000020400 | 00 00 00 00 00 00 00 00  00 00 00 00 00 00 00 00  | ................
0000000000020410 | 00 00 00 00 00 00 00 00  00 00 00 00 00 00 00 00  | ................
0000000000020420 | 00 00 00 00 00 00 00 00  00 00 00 00 00 00 00 00  | ................
0000000000020430 | 00 00 00 00 00 00 00 00  00 00 00 00 00 00 00 00  | ................
0000000000020440 | 00 00 00 00 00 00 00 00  00 00 00 00 00 00 00 00  | ................
0000000000020450 | 00 00 00 00 00 00 00 00  00 00 00 00 00 00 00 00  | ................
0000000000020460 | 75 6B 01 00 00 00 00 00  48 8B 00 00 00 00 00 00  | uk......H.......
0000000000020470 | 00 00 00 00 00 00 00 00  00 00 00 00 00 00 00 00  | ................
0000000000020480 | 00 00 00 00 00 00 00 00  00 00 00 00 00 00 00 00  | ................
0000000000020490 | 00 00 00 00 00 00 00 00  00 00 00 00 00 00 00 00  | ................
00000000000204A0 | 00 00 00 00 00 00 00 00  00 00 00 00 00 00 00 00  | ................
00000000000204B0 | 00 00 00 00 00 00 00 00  00 00 00 00 00 00 00 00  | ................
00000000000204C0 | 00 00 00 00 00 00 00 00  00 00 00 00 00 00 00 00  | ................
00000000000204D0 | 00 00 00 00 00 00 00 00  00 00 00 00 00 00 00 00  | ................
00000000000204E0 | 00 00 FF FF 0A 00 00 00  8C 6B 01 00 00 00 00 00  | .........k......
00000000000204F0 | 60 8B 00 00 00 00 00 00  00 00 00 00 00 00 00 00  | `...............
0000000000020500 | 00 00 00 00 00 00 00 00  06 00 00 00 00 00 00 00  | ................
0000000000020510 | 00 00 00 00 00 00 00 00  00 00 00 00 00 00 00 00  | ................
0000000000020520 | 00 00 00 00 00 00 00 00  00 00 00 00 00 00 00 00  | ................
0000000000020530 | 00 00 00 00 00 00 00 00  00 00 00 00 00 00 00 00  | ................
0000000000020540 | 00 00 00 00 00 00 00 00  00 00 00 00 00 00 00 00  | ................
0000000000020550 | 00 00 00 00 00 00 00 00  00 00 00 00 00 00 00 00  | ................
0000000000020560 | 00 00 00 00 00 00 00 00  01 00 FF FF 0B 00 00 00  | ................
0000000000020570 | A3 6B 01 00 00 00 00 00  84 8B 00 00 00 00 00 00  | .k..............
0000000000020580 | 00 00 00 00 00 00 00 00  00 00 00 00 00 00 00 00  | ................
0000000000020590 | 00 00 00 00 00 00 00 00  00 00 00 00 00 00 00 00  | ................
00000000000205A0 | 00 00 00 00 00 00 00 00  00 00 00 00 00 00 00 00  | ................
00000000000205B0 | 00 00 00 00 00 00 00 00  00 00 00 00 00 00 00 00  | ................
00000000000205C0 | 00 00 00 00 00 00 00 00  00 00 00 00 00 00 00 00  | ................
00000000000205D0 | 00 00 00 00 00 00 00 00  00 00 00 00 00 00 00 00  | ................
00000000000205E0 | 00 00 00 00 00 00 00 00  00 00 00 00 00 00 00 00  | ................
00000000000205F0 | 19 00 37 00 0B 00 00 00  00 00 00 00 00 00 00 00  | ..7.............
0000000000020600 | 00 00 00 00 00 00 00 00  00 00 00 00 00 00 00 00  | ................
0000000000020610 | 00 00 00 00 00 00 00 00  00 00 00 00 00 00 00 00  | ................
0000000000020620 | 00 00 00 00 00 00 00 00  00 00 00 00 00 00 00 00  | ................
0000000000020630 | 00 00 00 00 00 00 00 00  00 00 00 00 00 00 00 00  | ................
0000000000020640 | 00 00 00 00 00 00 00 00  00 00 00 00 00 00 00 00  | ................
0000000000020650 | 00 00 00 00 00 00 00 00  00 00 00 00 00 00 00 00  | ................
0000000000020660 | 00 00 00 00 00 00 00 00  00 00 00 00 00 00 00 00  | ................
0000000000020670 | 00 00 00 00 00 00 00 00  00 00 00 00 00 00 00 00  | ................
0000000000020680 | 00 00 00 00 00 00 00 00  00 00 00 00 00 00 00 00  | ................
0000000000020690 | 00 00 00 00 00 00 00 00  00 00 00 00 00 00 00 00  | ................
00000000000206A0 | 00 00 00 00 00 00 00 00  00 00 00 00 00 00 00 00  | ................
00000000000206B0 | 00 00 00 00 00 00 00 00  00 00 00 00 00 00 00 00  | ................
00000000000206C0 | 00 00 00 00 00 00 00 00  00 00 00 00 00 00 00 00  | ................
00000000000206D0 | 00 00 00 00 00 00 00 00  00 00 00 00 00 00 00 00  | ................
00000000000206E0 | 00 00 00 00 00 00 00 00  00 00 00 00 00 00 00 00  | ................
00000000000206F0 | 00 00 00 00 00 00 00 00  00 00 00 00 00 00 00 00  | ................
0000000000020700 | 00 00 00 00 00 00 00 00  00 00 00 00 00 00 00 00  | ................
0000000000020710 | 00 00 00 00 00 00 00 00  00 00 00 00 00 00 00 00  | ................
0000000000020720 | 00 00 00 00 00 00 00 00  00 00 00 00 00 00 00 00  | ................
0000000000020730 | 00 00 00 00 00 00 00 00  00 00 00 00 00 00 00 00  | ................
0000000000020740 | 00 00 00 00 00 00 00 00  00 00 00 00 00 00 00 00  | ................
0000000000020750 | 00 00 00 00 00 00 00 00  00 00 00 00 00 00 00 00  | ................
0000000000020760 | 00 00 00 00 00 00 00 00  00 00 00 00 00 00 00 00  | ................
0000000000020770 | 00 00 00 00 00 00 00 00  00 00 00 00 00 00 00 00  | ................
0000000000020780 | 00 00 00 00 00 00 00 00  00 00 00 00 00 00 00 00  | ................
0000000000020790 | 00 00 00 00 00 00 00 00  00 00 00 00 00 00 00 00  | ................
00000000000207A0 | 00 00 00 00 00 00 00 00  00 00 00 00 00 00 00 00  | ................
00000000000207B0 | 00 00 00 00 00 00 00 00  00 00 00 00 00 00 00 00  | ................
00000000000207C0 | 00 00 00 00 00 00 00 00  00 00 00 00 00 00 00 00  | ................
00000000000207D0 | 00 00 00 00 00 00 00 00  00 00 00 00 00 00 00 00  | ................
00000000000207E0 | 00 00 00 00 00 00 00 00  00 00 00 00 00 00 00 00  | ................
00000000000207F0 | 00 00 00 00 00 00 00 00  00 00 00 00 00 00 00 00  | ................
0000000000020800 | 00 00 00 00 00 00 00 00  00 00 00 00 00 00 00 00  | ................
0000000000020810 | 00 00 00 00 00 00 00 00  BA 6B 01 00 00 00 00 00  | .........k......
0000000000020820 | B0 8B 00 00 00 00 00 00  00 00 00 00 00 00 00 00  | ................
0000000000020830 | 00 00 00 00 00 00 00 00  06 00 00 00 00 00 00 00  | ................
0000000000020840 | 00 00 00 00 00 00 00 00  00 00 00 00 00 00 00 00  | ................
0000000000020850 | 00 00 00 00 00 00 00 00  00 00 00 00 00 00 00 00  | ................
0000000000020860 | 00 00 00 00 00 00 00 00  00 00 00 00 00 00 00 00  | ................
0000000000020870 | 00 00 00 00 00 00 00 00  00 00 00 00 00 00 00 00  | ................
0000000000020880 | 00 00 00 00 00 00 00 00  00 00 00 00 00 00 00 00  | ................
0000000000020890 | 00 00 00 00 00 00 00 00  01 00 FF FF 0B 00 00 00  | ................
00000000000208A0 | D1 6B 01 00 00 00 00 00  D4 8B 00 00 00 00 00 00  | .k..............
00000000000208B0 | 00 00 00 00 00 00 00 00  00 00 00 00 00 00 00 00  | ................
00000000000208C0 | 00 00 00 00 00 00 00 00  00 00 00 00 00 00 00 00  | ................
00000000000208D0 | 00 00 00 00 00 00 00 00  00 00 00 00 00 00 00 00  | ................
00000000000208E0 | 00 00 00 00 00 00 00 00  00 00 00 00 00 00 00 00  | ................
00000000000208F0 | 00 00 00 00 00 00 00 00  00 00 00 00 00 00 00 00  | ................
0000000000020900 | 00 00 00 00 00 00 00 00  00 00 00 00 00 00 00 00  | ................
0000000000020910 | 00 00 00 00 00 00 00 00  00 00 00 00 00 00 00 00  | ................
0000000000020920 | 00 00 FF FF 03 00 00 00  E8 6B 01 00 00 00 00 00  | .........k......
0000000000020930 | 0C 8C 00 00 00 00 00 00  00 00 00 00 00 00 00 00  | ................
0000000000020940 | 00 00 00 00 00 00 00 00  00 00 00 00 00 00 00 00  | ................
0000000000020950 | 00 00 00 00 00 00 00 00  00 00 00 00 00 00 00 00  | ................
0000000000020960 | 00 00 00 00 00 00 00 00  00 00 00 00 00 00 00 00  | ................
0000000000020970 | 00 00 00 00 00 00 00 00  00 00 00 00 00 00 00 00  | ................
0000000000020980 | 00 00 00 00 00 00 00 00  00 00 00 00 00 00 00 00  | ................
0000000000020990 | 00 00 00 00 00 00 00 00  00 00 00 00 00 00 00 00  | ................
00000000000209A0 | 00 00 00 00 00 00 00 00  19 00 2F 00 0B 00 00 00  | ........../.....
00000000000209B0 | 00 00 00 00 00 00 00 00  00 00 00 00 00 00 00 00  | ................
00000000000209C0 | 00 00 00 00 00 00 00 00  00 00 00 00 00 00 00 00  | ................
00000000000209D0 | 00 00 00 00 00 00 00 00  00 00 00 00 00 00 00 00  | ................
00000000000209E0 | 00 00 00 00 00 00 00 00  00 00 00 00 00 00 00 00  | ................
00000000000209F0 | 00 00 00 00 00 00 00 00  00 00 00 00 00 00 00 00  | ................
0000000000020A00 | 00 00 00 00 00 00 00 00  00 00 00 00 00 00 00 00  | ................
0000000000020A10 | 00 00 00 00 00 00 00 00  00 00 00 00 00 00 00 00  | ................
0000000000020A20 | 00 00 00 00 00 00 00 00  00 00 00 00 00 00 00 00  | ................
0000000000020A30 | 00 00 00 00 00 00 00 00  FF 6B 01 00 00 00 00 00  | .........k......
0000000000020A40 | 64 8C 00 00 00 00 00 00  00 00 00 00 00 00 00 00  | d...............
0000000000020A50 | 00 00 00 00 00 00 00 00  00 00 00 00 00 00 00 00  | ................
0000000000020A60 | 00 00 00 00 00 00 00 00  00 00 00 00 00 00 00 00  | ................
0000000000020A70 | 00 00 00 00 00 00 00 00  00 00 00 00 00 00 00 00  | ................
0000000000020A80 | 00 00 00 00 00 00 00 00  00 00 00 00 00 00 00 00  | ................
0000000000020A90 | 00 00 00 00 00 00 00 00  00 00 00 00 00 00 00 00  | ................
0000000000020AA0 | 00 00 00 00 00 00 00 00  00 00 00 00 00 00 00 00  | ................
0000000000020AB0 | 00 00 00 00 00 00 00 00  18 00 A3 00 09 00 00 00  | ................
0000000000020AC0 | 81 59 01 00 00 00 00 00  7C 8C 00 00 00 00 00 00  | .Y......|.......
0000000000020AD0 | 00 00 00 00 00 00 00 00  00 00 00 00 00 00 00 00  | ................
0000000000020AE0 | 00 00 00 00 00 00 00 00  00 00 00 00 00 00 00 00  | ................
0000000000020AF0 | 00 00 00 00 00 00 00 00  00 00 00 00 00 00 00 00  | ................
0000000000020B00 | 00 00 00 00 00 00 00 00  00 00 00 00 00 00 00 00  | ................
0000000000020B10 | 00 00 00 00 00 00 00 00  00 00 00 00 00 00 00 00  | ................
0000000000020B20 | 00 00 00 00 00 00 00 00  00 00 00 00 00 00 00 00  | ................
0000000000020B30 | 00 00 00 00 00 00 00 00  00 00 00 00 00 00 00 00  | ................
0000000000020B40 | 18 00 C8 00 09 00 00 00  16 6C 01 00 00 00 00 00  | .........l......
0000000000020B50 | 00 00 00 00 00 00 00 00  00 00 00 00 00 00 00 00  | ................
0000000000020B60 | 00 00 00 00 00 00 00 00  07 00 00 00 00 00 00 00  | ................
0000000000020B70 | 00 00 00 00 00 00 00 00  00 00 00 00 00 00 00 00  | ................
0000000000020B80 | 00 00 00 00 00 00 00 00  00 00 00 00 00 00 00 00  | ................
0000000000020B90 | 00 00 00 00 00 00 00 00  00 00 00 00 00 00 00 00  | ................
0000000000020BA0 | 00 00 00 00 00 00 00 00  00 00 00 00 00 00 00 00  | ................
0000000000020BB0 | 00 00 00 00 00 00 00 00  00 00 00 00 00 00 00 00  | ................
0000000000020BC0 | 00 00 00 00 00 00 00 00  00 00 FF FF 0B 00 00 00  | ................
0000000000020BD0 | 2D 6C 01 00 00 00 00 00  50 8D 00 00 00 00 00 00  | -l......P.......
0000000000020BE0 | 00 00 00 00 00 00 00 00  00 00 00 00 00 00 00 00  | ................
0000000000020BF0 | 00 00 00 00 00 00 00 00  00 00 00 00 00 00 00 00  | ................
0000000000020C00 | 00 00 00 00 00 00 00 00  00 00 00 00 00 00 00 00  | ................
0000000000020C10 | 00 00 00 00 00 00 00 00  00 00 00 00 00 00 00 00  | ................
0000000000020C20 | 00 00 00 00 00 00 00 00  00 00 00 00 00 00 00 00  | ................
0000000000020C30 | 00 00 00 00 00 00 00 00  00 00 00 00 00 00 00 00  | ................
0000000000020C40 | 00 00 00 00 00 00 00 00  00 00 00 00 00 00 00 00  | ................
0000000000020C50 | 00 00 FF FF 03 00 00 00  00 00 00 00 00 00 00 00  | ................
0000000000020C60 | 00 00 00 00 00 00 00 00  00 00 00 00 00 00 00 00  | ................
0000000000020C70 | 00 00 00 00 00 00 00 00  00 00 00 00 00 00 00 00  | ................
0000000000020C80 | 00 00 00 00 00 00 00 00  00 00 00 00 00 00 00 00  | ................
0000000000020C90 | 00 00 00 00 00 00 00 00  00 00 00 00 00 00 00 00  | ................
0000000000020CA0 | 00 00 00 00 00 00 00 00  00 00 00 00 00 00 00 00  | ................
0000000000020CB0 | 00 00 00 00 00 00 00 00  00 00 00 00 00 00 00 00  | ................
0000000000020CC0 | 00 00 00 00 00 00 00 00  00 00 00 00 00 00 00 00  | ................
0000000000020CD0 | 00 00 00 00 00 00 00 00  00 00 00 00 00 00 00 00  | ................
0000000000020CE0 | 44 6C 01 00 00 00 00 00  9C 8D 00 00 00 00 00 00  | Dl..............
0000000000020CF0 | 00 00 00 00 00 00 00 00  00 00 00 00 00 00 00 00  | ................
0000000000020D00 | 00 00 00 00 00 00 00 00  00 00 00 00 00 00 00 00  | ................
0000000000020D10 | 00 00 00 00 00 00 00 00  00 00 00 00 00 00 00 00  | ................
0000000000020D20 | 00 00 00 00 00 00 00 00  00 00 00 00 00 00 00 00  | ................
0000000000020D30 | 00 00 00 00 00 00 00 00  00 00 00 00 00 00 00 00  | ................
0000000000020D40 | 00 00 00 00 00 00 00 00  00 00 00 00 00 00 00 00  | ................
0000000000020D50 | 00 00 00 00 00 00 00 00  00 00 00 00 00 00 00 00  | ................
0000000000020D60 | 03 00 FF FF 0B 00 00 00  5B 6C 01 00 00 00 00 00  | ........[l......
0000000000020D70 | DC 8D 00 00 00 00 00 00  00 00 00 00 00 00 00 00  | ................
0000000000020D80 | 00 00 00 00 00 00 00 00  00 00 00 00 00 00 00 00  | ................
0000000000020D90 | 00 00 00 00 00 00 00 00  00 00 00 00 00 00 00 00  | ................
0000000000020DA0 | 00 00 00 00 00 00 00 00  00 00 00 00 00 00 00 00  | ................
0000000000020DB0 | 00 00 00 00 00 00 00 00  00 00 00 00 00 00 00 00  | ................
0000000000020DC0 | 00 00 00 00 00 00 00 00  00 00 00 00 00 00 00 00  | ................
0000000000020DD0 | 00 00 00 00 00 00 00 00  00 00 00 00 00 00 00 00  | ................
0000000000020DE0 | 00 00 00 00 00 00 00 00  19 00 6E 00 0B 00 00 00  | ..........n.....
0000000000020DF0 | 00 00 00 00 00 00 00 00  00 00 00 00 00 00 00 00  | ................
0000000000020E00 | 00 00 00 00 00 00 00 00  00 00 00 00 00 00 00 00  | ................
0000000000020E10 | 00 00 00 00 00 00 00 00  00 00 00 00 00 00 00 00  | ................
0000000000020E20 | 00 00 00 00 00 00 00 00  00 00 00 00 00 00 00 00  | ................
0000000000020E30 | 00 00 00 00 00 00 00 00  00 00 00 00 00 00 00 00  | ................
0000000000020E40 | 00 00 00 00 00 00 00 00  00 00 00 00 00 00 00 00  | ................
0000000000020E50 | 00 00 00 00 00 00 00 00  00 00 00 00 00 00 00 00  | ................
0000000000020E60 | 00 00 00 00 00 00 00 00  00 00 00 00 00 00 00 00  | ................
0000000000020E70 | 00 00 00 00 00 00 00 00  72 6C 01 00 00 00 00 00  | ........rl......
0000000000020E80 | E4 8D 00 00 00 00 00 00  00 00 00 00 00 00 00 00  | ................
0000000000020E90 | 00 00 00 00 00 00 00 00  06 00 00 00 00 00 00 00  | ................
0000000000020EA0 | 00 00 00 00 00 00 00 00  00 00 00 00 00 00 00 00  | ................
0000000000020EB0 | 00 00 00 00 00 00 00 00  00 00 00 00 00 00 00 00  | ................
0000000000020EC0 | 00 00 00 00 00 00 00 00  00 00 00 00 00 00 00 00  | ................
0000000000020ED0 | 00 00 00 00 00 00 00 00  00 00 00 00 00 00 00 00  | ................
0000000000020EE0 | 00 00 00 00 00 00 00 00  00 00 00 00 00 00 00 00  | ................
0000000000020EF0 | 00 00 00 00 00 00 00 00  00 00 FF FF 02 00 00 00  | ................
0000000000020F00 | 89 6C 01 00 00 00 00 00  E8 8D 00 00 00 00 00 00  | .l..............
0000000000020F10 | 00 00 00 00 00 00 00 00  00 00 00 00 00 00 00 00  | ................
0000000000020F20 | 00 00 00 00 00 00 00 00  00 00 00 00 00 00 00 00  | ................
0000000000020F30 | 00 00 00 00 00 00 00 00  00 00 00 00 00 00 00 00  | ................
0000000000020F40 | 00 00 00 00 00 00 00 00  00 00 00 00 00 00 00 00  | ................
0000000000020F50 | 00 00 00 00 00 00 00 00  00 00 00 00 00 00 00 00  | ................
0000000000020F60 | 00 00 00 00 00 00 00 00  00 00 00 00 00 00 00 00  | ................
0000000000020F70 | 00 00 00 00 00 00 00 00  00 00 00 00 00 00 00 00  | ................
0000000000020F80 | 18 00 5E 00 06 00 00 00  00 00 00 00 00 00 00 00  | ..^.............
0000000000020F90 | 00 00 00 00 00 00 00 00  00 00 00 00 00 00 00 00  | ................
0000000000020FA0 | 00 00 00 00 00 00 00 00  00 00 00 00 00 00 00 00  | ................
0000000000020FB0 | 00 00 00 00 00 00 00 00  00 00 00 00 00 00 00 00  | ................
0000000000020FC0 | 00 00 00 00 00 00 00 00  00 00 00 00 00 00 00 00  | ................
0000000000020FD0 | 00 00 00 00 00 00 00 00  00 00 00 00 00 00 00 00  | ................
0000000000020FE0 | 00 00 00 00 00 00 00 00  00 00 00 00 00 00 00 00  | ................
0000000000020FF0 | 00 00 00 00 00 00 00 00  00 00 00 00 00 00 00 00  | ................
0000000000021000 | 00 00 00 00 00 00 00 00  00 00 00 00 00 00 00 00  | ................
0000000000021010 | 00 00 00 00 00 00 00 00  00 00 00 00 00 00 00 00  | ................
0000000000021020 | 00 00 00 00 00 00 00 00  00 00 00 00 00 00 00 00  | ................
0000000000021030 | 00 00 00 00 00 00 00 00  00 00 00 00 00 00 00 00  | ................
0000000000021040 | 00 00 00 00 00 00 00 00  00 00 00 00 00 00 00 00  | ................
0000000000021050 | 00 00 00 00 00 00 00 00  00 00 00 00 00 00 00 00  | ................
0000000000021060 | 00 00 00 00 00 00 00 00  00 00 00 00 00 00 00 00  | ................
0000000000021070 | 00 00 00 00 00 00 00 00  00 00 00 00 00 00 00 00  | ................
0000000000021080 | 00 00 00 00 00 00 00 00  00 00 00 00 00 00 00 00  | ................
0000000000021090 | 00 00 00 00 00 00 00 00  13 89 01 00 00 00 00 00  | ................
00000000000210A0 | 00 8E 00 00 00 00 00 00  00 00 00 00 00 00 00 00  | ................
00000000000210B0 | 00 00 00 00 00 00 00 00  00 00 00 00 00 00 00 00  | ................
00000000000210C0 | 00 00 00 00 00 00 00 00  00 00 00 00 00 00 00 00  | ................
00000000000210D0 | 00 00 00 00 00 00 00 00  00 00 00 00 00 00 00 00  | ................
00000000000210E0 | 00 00 00 00 00 00 00 00  00 00 00 00 00 00 00 00  | ................
00000000000210F0 | 00 00 00 00 00 00 00 00  00 00 00 00 00 00 00 00  | ................
0000000000021100 | 00 00 00 00 00 00 00 00  00 00 00 00 00 00 00 00  | ................
0000000000021110 | 00 00 00 00 00 00 00 00  19 00 25 00 0B 00 00 00  | ..........%.....
0000000000021120 | 38 5C 01 00 00 00 00 00  4C 8E 00 00 00 00 00 00  | 8\......L.......
0000000000021130 | 00 00 00 00 00 00 00 00  00 00 00 00 00 00 00 00  | ................
0000000000021140 | 00 00 00 00 00 00 00 00  00 00 00 00 00 00 00 00  | ................
0000000000021150 | 00 00 00 00 00 00 00 00  00 00 00 00 00 00 00 00  | ................
0000000000021160 | 00 00 00 00 00 00 00 00  00 00 00 00 00 00 00 00  | ................
0000000000021170 | 00 00 00 00 00 00 00 00  00 00 00 00 00 00 00 00  | ................
0000000000021180 | 00 00 00 00 00 00 00 00  00 00 00 00 00 00 00 00  | ................
0000000000021190 | 00 00 00 00 00 00 00 00  00 00 00 00 00 00 00 00  | ................
00000000000211A0 | 18 00 21 00 09 00 00 00  A0 6C 01 00 00 00 00 00  | ..!......l......
00000000000211B0 | 60 8E 00 00 00 00 00 00  00 00 00 00 00 00 00 00  | `...............
00000000000211C0 | 00 00 00 00 00 00 00 00  00 00 00 00 00 00 00 00  | ................
00000000000211D0 | 00 00 00 00 00 00 00 00  00 00 00 00 00 00 00 00  | ................
00000000000211E0 | 00 00 00 00 00 00 00 00  00 00 00 00 00 00 00 00  | ................
00000000000211F0 | 00 00 00 00 00 00 00 00  00 00 00 00 00 00 00 00  | ................
0000000000021200 | 00 00 00 00 00 00 00 00  00 00 00 00 00 00 00 00  | ................
0000000000021210 | 00 00 00 00 00 00 00 00  00 00 00 00 00 00 00 00  | ................
0000000000021220 | 00 00 00 00 00 00 00 00  18 00 C7 00 05 00 00 00  | ................
0000000000021230 | B7 6C 01 00 00 00 00 00  78 8E 00 00 00 00 00 00  | .l......x.......
0000000000021240 | 00 00 00 00 00 00 00 00  00 00 00 00 00 00 00 00  | ................
0000000000021250 | 00 00 00 00 00 00 00 00  00 00 00 00 00 00 00 00  | ................
0000000000021260 | 00 00 00 00 00 00 00 00  00 00 00 00 00 00 00 00  | ................
0000000000021270 | 00 00 00 00 00 00 00 00  00 00 00 00 00 00 00 00  | ................
0000000000021280 | 00 00 00 00 00 00 00 00  00 00 00 00 00 00 00 00  | ................
0000000000021290 | 00 00 00 00 00 00 00 00  00 00 00 00 00 00 00 00  | ................
00000000000212A0 | 00 00 00 00 00 00 00 00  00 00 00 00 00 00 00 00  | ................
00000000000212B0 | 19 00 C4 00 0B 00 00 00  00 00 00 00 00 00 00 00  | ................
00000000000212C0 | 00 00 00 00 00 00 00 00  00 00 00 00 00 00 00 00  | ................
00000000000212D0 | 00 00 00 00 00 00 00 00  00 00 00 00 00 00 00 00  | ................
00000000000212E0 | 00 00 00 00 00 00 00 00  00 00 00 00 00 00 00 00  | ................
00000000000212F0 | 00 00 00 00 00 00 00 00  00 00 00 00 00 00 00 00  | ................
0000000000021300 | 00 00 00 00 00 00 00 00  00 00 00 00 00 00 00 00  | ................
0000000000021310 | 00 00 00 00 00 00 00 00  00 00 00 00 00 00 00 00  | ................
0000000000021320 | 00 00 00 00 00 00 00 00  00 00 00 00 00 00 00 00  | ................
0000000000021330 | 00 00 00 00 00 00 00 00  00 00 00 00 00 00 00 00  | ................
0000000000021340 | CE 6C 01 00 00 00 00 00  A0 8E 00 00 00 00 00 00  | .l..............
0000000000021350 | 00 00 00 00 00 00 00 00  00 00 00 00 00 00 00 00  | ................
0000000000021360 | 00 00 00 00 00 00 00 00  00 00 00 00 00 00 00 00  | ................
0000000000021370 | 00 00 00 00 00 00 00 00  00 00 00 00 00 00 00 00  | ................
0000000000021380 | 00 00 00 00 00 00 00 00  00 00 00 00 00 00 00 00  | ................
0000000000021390 | 00 00 00 00 00 00 00 00  00 00 00 00 00 00 00 00  | ................
00000000000213A0 | 00 00 00 00 00 00 00 00  00 00 00 00 00 00 00 00  | ................
00000000000213B0 | 00 00 00 00 00 00 00 00  00 00 00 00 00 00 00 00  | ................
00000000000213C0 | 19 00 E3 00 0B 00 00 00  E5 6C 01 00 00 00 00 00  | .........l......
00000000000213D0 | BC 8E 00 00 00 00 00 00  00 00 00 00 00 00 00 00  | ................
00000000000213E0 | 00 00 00 00 00 00 00 00  00 00 00 00 00 00 00 00  | ................
00000000000213F0 | 00 00 00 00 00 00 00 00  00 00 00 00 00 00 00 00  | ................
0000000000021400 | 00 00 00 00 00 00 00 00  00 00 00 00 00 00 00 00  | ................
0000000000021410 | 00 00 00 00 00 00 00 00  00 00 00 00 00 00 00 00  | ................
0000000000021420 | 00 00 00 00 00 00 00 00  00 00 00 00 00 00 00 00  | ................
0000000000021430 | 00 00 00 00 00 00 00 00  00 00 00 00 00 00 00 00  | ................
0000000000021440 | 00 00 00 00 00 00 00 00  18 00 4D 00 06 00 00 00  | ..........M.....
0000000000021450 | 00 00 00 00 00 00 00 00  00 00 00 00 00 00 00 00  | ................
0000000000021460 | 00 00 00 00 00 00 00 00  00 00 00 00 00 00 00 00  | ................
0000000000021470 | 00 00 00 00 00 00 00 00  00 00 00 00 00 00 00 00  | ................
0000000000021480 | 00 00 00 00 00 00 00 00  00 00 00 00 00 00 00 00  | ................
0000000000021490 | 00 00 00 00 00 00 00 00  00 00 00 00 00 00 00 00  | ................
00000000000214A0 | 00 00 00 00 00 00 00 00  00 00 00 00 00 00 00 00  | ................
00000000000214B0 | 00 00 00 00 00 00 00 00  00 00 00 00 00 00 00 00  | ................
00000000000214C0 | 00 00 00 00 00 00 00 00  00 00 00 00 00 00 00 00  | ................
00000000000214D0 | 00 00 00 00 00 00 00 00  FC 6C 01 00 00 00 00 00  | .........l......
00000000000214E0 | D4 8E 00 00 00 00 00 00  00 00 00 00 00 00 00 00  | ................
00000000000214F0 | 00 00 00 00 00 00 00 00  00 00 00 00 00 00 00 00  | ................
0000000000021500 | 00 00 00 00 00 00 00 00  00 00 00 00 00 00 00 00  | ................
0000000000021510 | 00 00 00 00 00 00 00 00  00 00 00 00 00 00 00 00  | ................
0000000000021520 | 00 00 00 00 00 00 00 00  00 00 00 00 00 00 00 00  | ................
0000000000021530 | 00 00 00 00 00 00 00 00  00 00 00 00 00 00 00 00  | ................
0000000000021540 | 00 00 00 00 00 00 00 00  00 00 00 00 00 00 00 00  | ................
0000000000021550 | 00 00 00 00 00 00 00 00  18 00 14 00 09 00 00 00  | ................
0000000000021560 | 51 9D 01 00 00 00 00 00  EC 8E 00 00 00 00 00 00  | Q...............
0000000000021570 | 00 00 00 00 00 00 00 00  00 00 00 00 00 00 00 00  | ................
0000000000021580 | 00 00 00 00 00 00 00 00  00 00 00 00 00 00 00 00  | ................
0000000000021590 | 00 00 00 00 00 00 00 00  00 00 00 00 00 00 00 00  | ................
00000000000215A0 | 00 00 00 00 00 00 00 00  00 00 00 00 00 00 00 00  | ................
00000000000215B0 | 00 00 00 00 00 00 00 00  00 00 00 00 00 00 00 00  | ................
00000000000215C0 | 00 00 00 00 00 00 00 00  00 00 00 00 00 00 00 00  | ................
00000000000215D0 | 00 00 00 00 00 00 00 00  00 00 00 00 00 00 00 00  | ................
00000000000215E0 | 19 00 DB 00 0B 00 00 00  13 6D 01 00 00 00 00 00  | .........m......
00000000000215F0 | 14 8F 00 00 00 00 00 00  00 00 00 00 00 00 00 00  | ................
0000000000021600 | 00 00 00 00 00 00 00 00  00 00 00 00 00 00 00 00  | ................
0000000000021610 | 00 00 00 00 00 00 00 00  00 00 00 00 00 00 00 00  | ................
0000000000021620 | 00 00 00 00 00 00 00 00  00 00 00 00 00 00 00 00  | ................
0000000000021630 | 00 00 00 00 00 00 00 00  00 00 00 00 00 00 00 00  | ................
0000000000021640 | 00 00 00 00 00 00 00 00  00 00 00 00 00 00 00 00  | ................
0000000000021650 | 00 00 00 00 00 00 00 00  00 00 00 00 00 00 00 00  | ................
0000000000021660 | 00 00 00 00 00 00 00 00  19 00 07 00 0B 00 00 00  | ................
0000000000021670 | 2A 6D 01 00 00 00 00 00  30 8F 00 00 00 00 00 00  | *m......0.......
0000000000021680 | 00 00 00 00 00 00 00 00  00 00 00 00 00 00 00 00  | ................
0000000000021690 | 00 00 00 00 00 00 00 00  00 00 00 00 00 00 00 00  | ................
00000000000216A0 | 00 00 00 00 00 00 00 00  00 00 00 00 00 00 00 00  | ................
00000000000216B0 | 00 00 00 00 00 00 00 00  00 00 00 00 00 00 00 00  | ................
00000000000216C0 | 00 00 00 00 00 00 00 00  00 00 00 00 00 00 00 00  | ................
00000000000216D0 | 00 00 00 00 00 00 00 00  00 00 00 00 00 00 00 00  | ................
00000000000216E0 | 00 00 00 00 00 00 00 00  00 00 00 00 00 00 00 00  | ................
00000000000216F0 | 19 00 03 00 0B 00 00 00  00 00 00 00 00 00 00 00  | ................
0000000000021700 | 00 00 00 00 00 00 00 00  00 00 00 00 00 00 00 00  | ................
0000000000021710 | 00 00 00 00 00 00 00 00  00 00 00 00 00 00 00 00  | ................
0000000000021720 | 00 00 00 00 00 00 00 00  00 00 00 00 00 00 00 00  | ................
0000000000021730 | 00 00 00 00 00 00 00 00  00 00 00 00 00 00 00 00  | ................
0000000000021740 | 00 00 00 00 00 00 00 00  00 00 00 00 00 00 00 00  | ................
0000000000021750 | 00 00 00 00 00 00 00 00  00 00 00 00 00 00 00 00  | ................
0000000000021760 | 00 00 00 00 00 00 00 00  00 00 00 00 00 00 00 00  | ................
0000000000021770 | 00 00 00 00 00 00 00 00  00 00 00 00 00 00 00 00  | ................
0000000000021780 | 41 6D 01 00 00 00 00 00  38 8F 00 00 00 00 00 00  | Am......8.......
0000000000021790 | 00 00 00 00 00 00 00 00  00 00 00 00 00 00 00 00  | ................
00000000000217A0 | 00 00 00 00 00 00 00 00  00 00 00 00 00 00 00 00  | ................
00000000000217B0 | 00 00 00 00 00 00 00 00  00 00 00 00 00 00 00 00  | ................
00000000000217C0 | 00 00 00 00 00 00 00 00  00 00 00 00 00 00 00 00  | ................
00000000000217D0 | 00 00 00 00 00 00 00 00  00 00 00 00 00 00 00 00  | ................
00000000000217E0 | 00 00 00 00 00 00 00 00  00 00 00 00 00 00 00 00  | ................
00000000000217F0 | 00 00 00 00 00 00 00 00  00 00 00 00 00 00 00 00  | ................
0000000000021800 | 19 00 89 00 0B 00 00 00  4F 94 01 00 00 00 00 00  | ........O.......
0000000000021810 | 54 8F 00 00 00 00 00 00  00 00 00 00 00 00 00 00  | T...............
0000000000021820 | 00 00 00 00 00 00 00 00  00 00 00 00 00 00 00 00  | ................
0000000000021830 | 00 00 00 00 00 00 00 00  00 00 00 00 00 00 00 00  | ................
0000000000021840 | 00 00 00 00 00 00 00 00  00 00 00 00 00 00 00 00  | ................
0000000000021850 | 00 00 00 00 00 00 00 00  00 00 00 00 00 00 00 00  | ................
0000000000021860 | 00 00 00 00 00 00 00 00  00 00 00 00 00 00 00 00  | ................
0000000000021870 | 00 00 00 00 00 00 00 00  00 00 00 00 00 00 00 00  | ................
0000000000021880 | 00 00 00 00 00 00 00 00  01 00 FF FF 0B 00 00 00  | ................
0000000000021890 | 58 6D 01 00 00 00 00 00  D8 8F 00 00 00 00 00 00  | Xm..............
00000000000218A0 | 00 00 00 00 00 00 00 00  00 00 00 00 00 00 00 00  | ................
00000000000218B0 | 00 00 00 00 00 00 00 00  00 00 00 00 00 00 00 00  | ................
00000000000218C0 | 00 00 00 00 00 00 00 00  00 00 00 00 00 00 00 00  | ................
00000000000218D0 | 00 00 00 00 00 00 00 00  00 00 00 00 00 00 00 00  | ................
00000000000218E0 | 00 00 00 00 00 00 00 00  00 00 00 00 00 00 00 00  | ................
00000000000218F0 | 00 00 00 00 00 00 00 00  00 00 00 00 00 00 00 00  | ................
0000000000021900 | 00 00 00 00 00 00 00 00  00 00 00 00 00 00 00 00  | ................
0000000000021910 | 19 00 31 00 05 00 00 00  6F 6D 01 00 00 00 00 00  | ..1.....om......
0000000000021920 | DC 8F 00 00 00 00 00 00  00 00 00 00 00 00 00 00  | ................
0000000000021930 | 00 00 00 00 00 00 00 00  02 00 00 00 00 00 00 00  | ................
0000000000021940 | 00 00 00 00 00 00 00 00  00 00 00 00 00 00 00 00  | ................
0000000000021950 | 00 00 00 00 00 00 00 00  00 00 00 00 00 00 00 00  | ................
0000000000021960 | 00 00 00 00 00 00 00 00  00 00 00 00 00 00 00 00  | ................
0000000000021970 | 00 00 00 00 00 00 00 00  00 00 00 00 00 00 00 00  | ................
0000000000021980 | 00 00 00 00 00 00 00 00  00 00 00 00 00 00 00 00  | ................
0000000000021990 | 00 00 00 00 00 00 00 00  00 00 FF FF 09 00 00 00  | ................
00000000000219A0 | 86 6D 01 00 00 00 00 00  50 91 00 00 00 00 00 00  | .m......P.......
00000000000219B0 | 00 00 00 00 00 00 00 00  00 00 00 00 00 00 00 00  | ................
00000000000219C0 | 00 00 00 00 00 00 00 00  00 00 00 00 00 00 00 00  | ................
00000000000219D0 | 00 00 00 00 00 00 00 00  00 00 00 00 00 00 00 00  | ................
00000000000219E0 | 00 00 00 00 00 00 00 00  00 00 00 00 00 00 00 00  | ................
00000000000219F0 | 00 00 00 00 00 00 00 00  00 00 00 00 00 00 00 00  | ................
0000000000021A00 | 00 00 00 00 00 00 00 00  00 00 00 00 00 00 00 00  | ................
0000000000021A10 | 00 00 00 00 00 00 00 00  00 00 00 00 00 00 00 00  | ................
0000000000021A20 | 19 00 12 00 0B 00 00 00  00 00 00 00 00 00 00 00  | ................
0000000000021A30 | 00 00 00 00 00 00 00 00  00 00 00 00 00 00 00 00  | ................
0000000000021A40 | 00 00 00 00 00 00 00 00  00 00 00 00 00 00 00 00  | ................
0000000000021A50 | 00 00 00 00 00 00 00 00  00 00 00 00 00 00 00 00  | ................
0000000000021A60 | 00 00 00 00 00 00 00 00  00 00 00 00 00 00 00 00  | ................
0000000000021A70 | 00 00 00 00 00 00 00 00  00 00 00 00 00 00 00 00  | ................
0000000000021A80 | 00 00 00 00 00 00 00 00  00 00 00 00 00 00 00 00  | ................
0000000000021A90 | 00 00 00 00 00 00 00 00  00 00 00 00 00 00 00 00  | ................
0000000000021AA0 | 00 00 00 00 00 00 00 00  00 00 00 00 00 00 00 00  | ................
0000000000021AB0 | 00 00 00 00 00 00 00 00  00 00 00 00 00 00 00 00  | ................
0000000000021AC0 | 00 00 00 00 00 00 00 00  00 00 00 00 00 00 00 00  | ................
0000000000021AD0 | 00 00 00 00 00 00 00 00  00 00 00 00 00 00 00 00  | ................
0000000000021AE0 | 00 00 00 00 00 00 00 00  00 00 00 00 00 00 00 00  | ................
0000000000021AF0 | 00 00 00 00 00 00 00 00  00 00 00 00 00 00 00 00  | ................
0000000000021B00 | 00 00 00 00 00 00 00 00  00 00 00 00 00 00 00 00  | ................
0000000000021B10 | 00 00 00 00 00 00 00 00  00 00 00 00 00 00 00 00  | ................
0000000000021B20 | 00 00 00 00 00 00 00 00  00 00 00 00 00 00 00 00  | ................
0000000000021B30 | 00 00 00 00 00 00 00 00  00 00 00 00 00 00 00 00  | ................
0000000000021B40 | 00 00 00 00 00 00 00 00  00 00 00 00 00 00 00 00  | ................
0000000000021B50 | 00 00 00 00 00 00 00 00  00 00 00 00 00 00 00 00  | ................
0000000000021B60 | 00 00 00 00 00 00 00 00  00 00 00 00 00 00 00 00  | ................
0000000000021B70 | 00 00 00 00 00 00 00 00  00 00 00 00 00 00 00 00  | ................
0000000000021B80 | 00 00 00 00 00 00 00 00  00 00 00 00 00 00 00 00  | ................
0000000000021B90 | 00 00 00 00 00 00 00 00  00 00 00 00 00 00 00 00  | ................
0000000000021BA0 | 00 00 00 00 00 00 00 00  00 00 00 00 00 00 00 00  | ................
0000000000021BB0 | 00 00 00 00 00 00 00 00  00 00 00 00 00 00 00 00  | ................
0000000000021BC0 | 9D 6D 01 00 00 00 00 00  78 91 00 00 00 00 00 00  | .m......x.......
0000000000021BD0 | 00 00 00 00 00 00 00 00  00 00 00 00 00 00 00 00  | ................
0000000000021BE0 | 06 00 00 00 00 00 00 00  00 00 00 00 00 00 00 00  | ................
0000000000021BF0 | 00 00 00 00 00 00 00 00  00 00 00 00 00 00 00 00  | ................
0000000000021C00 | 00 00 00 00 00 00 00 00  00 00 00 00 00 00 00 00  | ................
0000000000021C10 | 00 00 00 00 00 00 00 00  00 00 00 00 00 00 00 00  | ................
0000000000021C20 | 00 00 00 00 00 00 00 00  00 00 00 00 00 00 00 00  | ................
0000000000021C30 | 00 00 00 00 00 00 00 00  00 00 00 00 00 00 00 00  | ................
0000000000021C40 | 01 00 FF FF 0B 00 00 00  00 00 00 00 00 00 00 00  | ................
0000000000021C50 | 00 00 00 00 00 00 00 00  00 00 00 00 00 00 00 00  | ................
0000000000021C60 | 00 00 00 00 00 00 00 00  00 00 00 00 00 00 00 00  | ................
0000000000021C70 | 00 00 00 00 00 00 00 00  00 00 00 00 00 00 00 00  | ................
0000000000021C80 | 00 00 00 00 00 00 00 00  00 00 00 00 00 00 00 00  | ................
0000000000021C90 | 00 00 00 00 00 00 00 00  00 00 00 00 00 00 00 00  | ................
0000000000021CA0 | 00 00 00 00 00 00 00 00  00 00 00 00 00 00 00 00  | ................
0000000000021CB0 | 00 00 00 00 00 00 00 00  00 00 00 00 00 00 00 00  | ................
0000000000021CC0 | 00 00 00 00 00 00 00 00  00 00 00 00 00 00 00 00  | ................
0000000000021CD0 | A4 9C 01 00 00 00 00 00  9C 91 00 00 00 00 00 00  | ................
0000000000021CE0 | 00 00 00 00 00 00 00 00  00 00 00 00 00 00 00 00  | ................
0000000000021CF0 | 00 00 00 00 00 00 00 00  00 00 00 00 00 00 00 00  | ................
0000000000021D00 | 00 00 00 00 00 00 00 00  00 00 00 00 00 00 00 00  | ................
0000000000021D10 | 00 00 00 00 00 00 00 00  00 00 00 00 00 00 00 00  | ................
0000000000021D20 | 00 00 00 00 00 00 00 00  00 00 00 00 00 00 00 00  | ................
0000000000021D30 | 00 00 00 00 00 00 00 00  00 00 00 00 00 00 00 00  | ................
0000000000021D40 | 00 00 00 00 00 00 00 00  00 00 00 00 00 00 00 00  | ................
0000000000021D50 | 19 00 82 00 0B 00 00 00  00 00 00 00 00 00 00 00  | ................
0000000000021D60 | 00 00 00 00 00 00 00 00  00 00 00 00 00 00 00 00  | ................
0000000000021D70 | 00 00 00 00 00 00 00 00  00 00 00 00 00 00 00 00  | ................
0000000000021D80 | 00 00 00 00 00 00 00 00  00 00 00 00 00 00 00 00  | ................
0000000000021D90 | 00 00 00 00 00 00 00 00  00 00 00 00 00 00 00 00  | ................
0000000000021DA0 | 00 00 00 00 00 00 00 00  00 00 00 00 00 00 00 00  | ................
0000000000021DB0 | 00 00 00 00 00 00 00 00  00 00 00 00 00 00 00 00  | ................
0000000000021DC0 | 00 00 00 00 00 00 00 00  00 00 00 00 00 00 00 00  | ................
0000000000021DD0 | 00 00 00 00 00 00 00 00  00 00 00 00 00 00 00 00  | ................
0000000000021DE0 | 8D 9C 01 00 00 00 00 00  C4 91 00 00 00 00 00 00  | ................
0000000000021DF0 | 00 00 00 00 00 00 00 00  00 00 00 00 00 00 00 00  | ................
0000000000021E00 | 00 00 00 00 00 00 00 00  00 00 00 00 00 00 00 00  | ................
0000000000021E10 | 00 00 00 00 00 00 00 00  00 00 00 00 00 00 00 00  | ................
0000000000021E20 | 00 00 00 00 00 00 00 00  00 00 00 00 00 00 00 00  | ................
0000000000021E30 | 00 00 00 00 00 00 00 00  00 00 00 00 00 00 00 00  | ................
0000000000021E40 | 00 00 00 00 00 00 00 00  00 00 00 00 00 00 00 00  | ................
0000000000021E50 | 00 00 00 00 00 00 00 00  00 00 00 00 00 00 00 00  | ................
0000000000021E60 | 19 00 84 00 0B 00 00 00  FD 7F 01 00 00 00 00 00  | ................
0000000000021E70 | EC 91 00 00 00 00 00 00  00 00 00 00 00 00 00 00  | ................
0000000000021E80 | 00 00 00 00 00 00 00 00  00 00 00 00 00 00 00 00  | ................
0000000000021E90 | 00 00 00 00 00 00 00 00  00 00 00 00 00 00 00 00  | ................
0000000000021EA0 | 00 00 00 00 00 00 00 00  00 00 00 00 00 00 00 00  | ................
0000000000021EB0 | 00 00 00 00 00 00 00 00  00 00 00 00 00 00 00 00  | ................
0000000000021EC0 | 00 00 00 00 00 00 00 00  00 00 00 00 00 00 00 00  | ................
0000000000021ED0 | 00 00 00 00 00 00 00 00  00 00 00 00 00 00 00 00  | ................
0000000000021EE0 | 00 00 00 00 00 00 00 00  19 00 7E 00 0B 00 00 00  | ..........~.....
0000000000021EF0 | B4 6D 01 00 00 00 00 00  48 93 00 00 00 00 00 00  | .m......H.......
0000000000021F00 | 00 00 00 00 00 00 00 00  00 00 00 00 00 00 00 00  | ................
0000000000021F10 | 00 00 00 00 00 00 00 00  00 00 00 00 00 00 00 00  | ................
0000000000021F20 | 00 00 00 00 00 00 00 00  00 00 00 00 00 00 00 00  | ................
0000000000021F30 | 00 00 00 00 00 00 00 00  00 00 00 00 00 00 00 00  | ................
0000000000021F40 | 00 00 00 00 00 00 00 00  00 00 00 00 00 00 00 00  | ................
0000000000021F50 | 00 00 00 00 00 00 00 00  00 00 00 00 00 00 00 00  | ................
0000000000021F60 | 00 00 00 00 00 00 00 00  00 00 00 00 00 00 00 00  | ................
0000000000021F70 | 18 00 36 00 09 00 00 00  CB 6D 01 00 00 00 00 00  | ..6......m......
0000000000021F80 | D0 93 00 00 00 00 00 00  00 00 00 00 00 00 00 00  | ................
0000000000021F90 | 00 00 00 00 00 00 00 00  00 00 00 00 00 00 00 00  | ................
0000000000021FA0 | 00 00 00 00 00 00 00 00  00 00 00 00 00 00 00 00  | ................
0000000000021FB0 | 00 00 00 00 00 00 00 00  00 00 00 00 00 00 00 00  | ................
0000000000021FC0 | 00 00 00 00 00 00 00 00  00 00 00 00 00 00 00 00  | ................
0000000000021FD0 | 00 00 00 00 00 00 00 00  00 00 00 00 00 00 00 00  | ................
0000000000021FE0 | 00 00 00 00 00 00 00 00  00 00 00 00 00 00 00 00  | ................
0000000000021FF0 | 00 00 00 00 00 00 00 00  19 00 3E 00 0B 00 00 00  | ..........>.....
0000000000022000 | E2 6D 01 00 00 00 00 00  F8 93 00 00 00 00 00 00  | .m..............
0000000000022010 | 00 00 00 00 00 00 00 00  00 00 00 00 00 00 00 00  | ................
0000000000022020 | 00 00 00 00 00 00 00 00  00 00 00 00 00 00 00 00  | ................
0000000000022030 | 00 00 00 00 00 00 00 00  00 00 00 00 00 00 00 00  | ................
0000000000022040 | 00 00 00 00 00 00 00 00  00 00 00 00 00 00 00 00  | ................
0000000000022050 | 00 00 00 00 00 00 00 00  00 00 00 00 00 00 00 00  | ................
0000000000022060 | 00 00 00 00 00 00 00 00  00 00 00 00 00 00 00 00  | ................
0000000000022070 | 00 00 00 00 00 00 00 00  00 00 00 00 00 00 00 00  | ................
0000000000022080 | 19 00 3F 00 0B 00 00 00  00 00 00 00 00 00 00 00  | ..?.............
0000000000022090 | 00 00 00 00 00 00 00 00  00 00 00 00 00 00 00 00  | ................
00000000000220A0 | 00 00 00 00 00 00 00 00  00 00 00 00 00 00 00 00  | ................
00000000000220B0 | 00 00 00 00 00 00 00 00  00 00 00 00 00 00 00 00  | ................
00000000000220C0 | 00 00 00 00 00 00 00 00  00 00 00 00 00 00 00 00  | ................
00000000000220D0 | 00 00 00 00 00 00 00 00  00 00 00 00 00 00 00 00  | ................
00000000000220E0 | 00 00 00 00 00 00 00 00  00 00 00 00 00 00 00 00  | ................
00000000000220F0 | 00 00 00 00 00 00 00 00  00 00 00 00 00 00 00 00  | ................
0000000000022100 | 00 00 00 00 00 00 00 00  00 00 00 00 00 00 00 00  | ................
0000000000022110 | F9 6D 01 00 00 00 00 00  20 94 00 00 00 00 00 00  | .m...... .......
0000000000022120 | 00 00 00 00 00 00 00 00  00 00 00 00 00 00 00 00  | ................
0000000000022130 | 00 00 00 00 00 00 00 00  00 00 00 00 00 00 00 00  | ................
0000000000022140 | 00 00 00 00 00 00 00 00  00 00 00 00 00 00 00 00  | ................
0000000000022150 | 00 00 00 00 00 00 00 00  00 00 00 00 00 00 00 00  | ................
0000000000022160 | 00 00 00 00 00 00 00 00  00 00 00 00 00 00 00 00  | ................
0000000000022170 | 00 00 00 00 00 00 00 00  00 00 00 00 00 00 00 00  | ................
0000000000022180 | 00 00 00 00 00 00 00 00  00 00 00 00 00 00 00 00  | ................
0000000000022190 | 18 00 05 00 0B 00 00 00  10 6E 01 00 00 00 00 00  | .........n......
00000000000221A0 | 14 96 00 00 00 00 00 00  00 00 00 00 00 00 00 00  | ................
00000000000221B0 | 00 00 00 00 00 00 00 00  00 00 00 00 00 00 00 00  | ................
00000000000221C0 | 00 00 00 00 00 00 00 00  00 00 00 00 00 00 00 00  | ................
00000000000221D0 | 00 00 00 00 00 00 00 00  00 00 00 00 00 00 00 00  | ................
00000000000221E0 | 00 00 00 00 00 00 00 00  00 00 00 00 00 00 00 00  | ................
00000000000221F0 | 00 00 00 00 00 00 00 00  00 00 00 00 00 00 00 00  | ................
0000000000022200 | 00 00 00 00 00 00 00 00  00 00 00 00 00 00 00 00  | ................
0000000000022210 | 00 00 00 00 00 00 00 00  03 00 FF FF 0B 00 00 00  | ................
0000000000022220 | A7 9B 01 00 00 00 00 00  BC 96 00 00 00 00 00 00  | ................
0000000000022230 | 00 00 00 00 00 00 00 00  00 00 00 00 00 00 00 00  | ................
0000000000022240 | 00 00 00 00 00 00 00 00  00 00 00 00 00 00 00 00  | ................
0000000000022250 | 00 00 00 00 00 00 00 00  00 00 00 00 00 00 00 00  | ................
0000000000022260 | 00 00 00 00 00 00 00 00  00 00 00 00 00 00 00 00  | ................
0000000000022270 | 00 00 00 00 00 00 00 00  00 00 00 00 00 00 00 00  | ................
0000000000022280 | 00 00 00 00 00 00 00 00  00 00 00 00 00 00 00 00  | ................
0000000000022290 | 00 00 00 00 00 00 00 00  00 00 00 00 00 00 00 00  | ................
00000000000222A0 | 19 00 1C 00 0B 00 00 00  30 88 01 00 00 00 00 00  | ........0.......
00000000000222B0 | E4 96 00 00 00 00 00 00  00 00 00 00 00 00 00 00  | ................
00000000000222C0 | 00 00 00 00 00 00 00 00  00 00 00 00 00 00 00 00  | ................
00000000000222D0 | 00 00 00 00 00 00 00 00  00 00 00 00 00 00 00 00  | ................
00000000000222E0 | 00 00 00 00 00 00 00 00  00 00 00 00 00 00 00 00  | ................
00000000000222F0 | 00 00 00 00 00 00 00 00  00 00 00 00 00 00 00 00  | ................
0000000000022300 | 00 00 00 00 00 00 00 00  00 00 00 00 00 00 00 00  | ................
0000000000022310 | 00 00 00 00 00 00 00 00  00 00 00 00 00 00 00 00  | ................
0000000000022320 | 00 00 00 00 00 00 00 00  08 00 FF FF 0B 00 00 00  | ................
0000000000022330 | 27 6E 01 00 00 00 00 00  F4 96 00 00 00 00 00 00  | 'n..............
0000000000022340 | 00 00 00 00 00 00 00 00  00 00 00 00 00 00 00 00  | ................
0000000000022350 | 00 00 00 00 00 00 00 00  00 00 00 00 00 00 00 00  | ................
0000000000022360 | 00 00 00 00 00 00 00 00  00 00 00 00 00 00 00 00  | ................
0000000000022370 | 00 00 00 00 00 00 00 00  00 00 00 00 00 00 00 00  | ................
0000000000022380 | 00 00 00 00 00 00 00 00  00 00 00 00 00 00 00 00  | ................
0000000000022390 | 00 00 00 00 00 00 00 00  00 00 00 00 00 00 00 00  | ................
00000000000223A0 | 00 00 00 00 00 00 00 00  00 00 00 00 00 00 00 00  | ................
00000000000223B0 | 18 00 2B 00 06 00 00 00  3E 6E 01 00 00 00 00 00  | ..+.....>n......
00000000000223C0 | 0C 97 00 00 00 00 00 00  00 00 00 00 00 00 00 00  | ................
00000000000223D0 | 00 00 00 00 00 00 00 00  00 00 00 00 00 00 00 00  | ................
00000000000223E0 | 00 00 00 00 00 00 00 00  00 00 00 00 00 00 00 00  | ................
00000000000223F0 | 00 00 00 00 00 00 00 00  00 00 00 00 00 00 00 00  | ................
0000000000022400 | 00 00 00 00 00 00 00 00  00 00 00 00 00 00 00 00  | ................
0000000000022410 | 00 00 00 00 00 00 00 00  00 00 00 00 00 00 00 00  | ................
0000000000022420 | 00 00 00 00 00 00 00 00  00 00 00 00 00 00 00 00  | ................
0000000000022430 | 00 00 00 00 00 00 00 00  19 00 40 00 0B 00 00 00  | ..........@.....
0000000000022440 | 40 9B 01 00 00 00 00 00  B8 97 00 00 00 00 00 00  | @...............
0000000000022450 | D0 97 00 00 00 00 00 00  F8 97 00 00 00 00 00 00  | ................
0000000000022460 | 00 00 00 00 00 00 00 00  00 00 00 00 00 00 00 00  | ................
0000000000022470 | 00 00 00 00 00 00 00 00  00 00 00 00 00 00 00 00  | ................
0000000000022480 | 00 00 00 00 00 00 00 00  00 00 00 00 00 00 00 00  | ................
0000000000022490 | 00 00 00 00 00 00 00 00  00 00 00 00 00 00 00 00  | ................
00000000000224A0 | 00 00 00 00 00 00 00 00  00 00 00 00 00 00 00 00  | ................
00000000000224B0 | 00 00 00 00 00 00 00 00  00 00 00 00 00 00 00 00  | ................
00000000000224C0 | 08 00 13 00 09 00 00 00  55 6E 01 00 00 00 00 00  | ........Un......
00000000000224D0 | 20 98 00 00 00 00 00 00  00 00 00 00 00 00 00 00  |  ...............
00000000000224E0 | 00 00 00 00 00 00 00 00  00 00 00 00 00 00 00 00  | ................
00000000000224F0 | 00 00 00 00 00 00 00 00  00 00 00 00 00 00 00 00  | ................
0000000000022500 | 00 00 00 00 00 00 00 00  00 00 00 00 00 00 00 00  | ................
0000000000022510 | 00 00 00 00 00 00 00 00  00 00 00 00 00 00 00 00  | ................
0000000000022520 | 00 00 00 00 00 00 00 00  00 00 00 00 00 00 00 00  | ................
0000000000022530 | 00 00 00 00 00 00 00 00  00 00 00 00 00 00 00 00  | ................
0000000000022540 | 00 00 00 00 00 00 00 00  19 00 A6 00 0B 00 00 00  | ................
0000000000022550 | 00 00 00 00 00 00 00 00  00 00 00 00 00 00 00 00  | ................
0000000000022560 | 00 00 00 00 00 00 00 00  00 00 00 00 00 00 00 00  | ................
0000000000022570 | 00 00 00 00 00 00 00 00  00 00 00 00 00 00 00 00  | ................
0000000000022580 | 00 00 00 00 00 00 00 00  00 00 00 00 00 00 00 00  | ................
0000000000022590 | 00 00 00 00 00 00 00 00  00 00 00 00 00 00 00 00  | ................
00000000000225A0 | 00 00 00 00 00 00 00 00  00 00 00 00 00 00 00 00  | ................
00000000000225B0 | 00 00 00 00 00 00 00 00  00 00 00 00 00 00 00 00  | ................
00000000000225C0 | 00 00 00 00 00 00 00 00  00 00 00 00 00 00 00 00  | ................
00000000000225D0 | 00 00 00 00 00 00 00 00  6C 6E 01 00 00 00 00 00  | ........ln......
00000000000225E0 | 48 98 00 00 00 00 00 00  00 00 00 00 00 00 00 00  | H...............
00000000000225F0 | 00 00 00 00 00 00 00 00  00 00 00 00 00 00 00 00  | ................
0000000000022600 | 00 00 00 00 00 00 00 00  00 00 00 00 00 00 00 00  | ................
0000000000022610 | 00 00 00 00 00 00 00 00  00 00 00 00 00 00 00 00  | ................
0000000000022620 | 00 00 00 00 00 00 00 00  00 00 00 00 00 00 00 00  | ................
0000000000022630 | 00 00 00 00 00 00 00 00  00 00 00 00 00 00 00 00  | ................
0000000000022640 | 00 00 00 00 00 00 00 00  00 00 00 00 00 00 00 00  | ................
0000000000022650 | 00 00 00 00 00 00 00 00  00 00 FF FF 0B 00 00 00  | ................
0000000000022660 | 83 6E 01 00 00 00 00 00  00 00 00 00 00 00 00 00  | .n..............
0000000000022670 | 00 00 00 00 00 00 00 00  00 00 00 00 00 00 00 00  | ................
0000000000022680 | 07 00 00 00 00 00 00 00  00 00 00 00 00 00 00 00  | ................
0000000000022690 | 00 00 00 00 00 00 00 00  00 00 00 00 00 00 00 00  | ................
00000000000226A0 | 00 00 00 00 00 00 00 00  00 00 00 00 00 00 00 00  | ................
00000000000226B0 | 00 00 00 00 00 00 00 00  00 00 00 00 00 00 00 00  | ................
00000000000226C0 | 00 00 00 00 00 00 00 00  00 00 00 00 00 00 00 00  | ................
00000000000226D0 | 00 00 00 00 00 00 00 00  00 00 00 00 00 00 00 00  | ................
00000000000226E0 | 00 00 FF FF 0B 00 00 00  9A 6E 01 00 00 00 00 00  | .........n......
00000000000226F0 | 58 98 00 00 00 00 00 00  00 00 00 00 00 00 00 00  | X...............
0000000000022700 | 00 00 00 00 00 00 00 00  00 00 00 00 00 00 00 00  | ................
0000000000022710 | 00 00 00 00 00 00 00 00  00 00 00 00 00 00 00 00  | ................
0000000000022720 | 00 00 00 00 00 00 00 00  00 00 00 00 00 00 00 00  | ................
0000000000022730 | 00 00 00 00 00 00 00 00  00 00 00 00 00 00 00 00  | ................
0000000000022740 | 00 00 00 00 00 00 00 00  00 00 00 00 00 00 00 00  | ................
0000000000022750 | 00 00 00 00 00 00 00 00  00 00 00 00 00 00 00 00  | ................
0000000000022760 | 00 00 00 00 00 00 00 00  18 00 30 00 09 00 00 00  | ..........0.....
0000000000022770 | FB 9A 01 00 00 00 00 00  DC 98 00 00 00 00 00 00  | ................
0000000000022780 | E0 98 00 00 00 00 00 00  08 99 00 00 00 00 00 00  | ................
0000000000022790 | 00 00 00 00 00 00 00 00  00 00 00 00 00 00 00 00  | ................
00000000000227A0 | 00 00 00 00 00 00 00 00  00 00 00 00 00 00 00 00  | ................
00000000000227B0 | 00 00 00 00 00 00 00 00  00 00 00 00 00 00 00 00  | ................
00000000000227C0 | 00 00 00 00 00 00 00 00  00 00 00 00 00 00 00 00  | ................
00000000000227D0 | 00 00 00 00 00 00 00 00  00 00 00 00 00 00 00 00  | ................
00000000000227E0 | 00 00 00 00 00 00 00 00  00 00 00 00 00 00 00 00  | ................
00000000000227F0 | 00 00 FF FF 0A 00 00 00  B1 6E 01 00 00 00 00 00  | .........n......
0000000000022800 | 30 99 00 00 00 00 00 00  00 00 00 00 00 00 00 00  | 0...............
0000000000022810 | 00 00 00 00 00 00 00 00  00 00 00 00 00 00 00 00  | ................
0000000000022820 | 00 00 00 00 00 00 00 00  00 00 00 00 00 00 00 00  | ................
0000000000022830 | 00 00 00 00 00 00 00 00  00 00 00 00 00 00 00 00  | ................
0000000000022840 | 00 00 00 00 00 00 00 00  00 00 00 00 00 00 00 00  | ................
0000000000022850 | 00 00 00 00 00 00 00 00  00 00 00 00 00 00 00 00  | ................
0000000000022860 | 00 00 00 00 00 00 00 00  00 00 00 00 00 00 00 00  | ................
0000000000022870 | 00 00 00 00 00 00 00 00  19 00 0A 00 0B 00 00 00  | ................
0000000000022880 | B6 9A 01 00 00 00 00 00  5C 99 00 00 00 00 00 00  | ........\.......
0000000000022890 | 20 9A 00 00 00 00 00 00  48 9A 00 00 00 00 00 00  |  .......H.......
00000000000228A0 | 00 00 00 00 00 00 00 00  00 00 00 00 00 00 00 00  | ................
00000000000228B0 | 00 00 00 00 00 00 00 00  00 00 00 00 00 00 00 00  | ................
00000000000228C0 | 00 00 00 00 00 00 00 00  00 00 00 00 00 00 00 00  | ................
00000000000228D0 | 00 00 00 00 00 00 00 00  00 00 00 00 00 00 00 00  | ................
00000000000228E0 | 00 00 00 00 00 00 00 00  00 00 00 00 00 00 00 00  | ................
00000000000228F0 | 00 00 00 00 00 00 00 00  00 00 00 00 00 00 00 00  | ................
0000000000022900 | 08 00 D0 00 09 00 00 00  00 00 00 00 00 00 00 00  | ................
0000000000022910 | 00 00 00 00 00 00 00 00  00 00 00 00 00 00 00 00  | ................
0000000000022920 | 00 00 00 00 00 00 00 00  00 00 00 00 00 00 00 00  | ................
0000000000022930 | 00 00 00 00 00 00 00 00  00 00 00 00 00 00 00 00  | ................
0000000000022940 | 00 00 00 00 00 00 00 00  00 00 00 00 00 00 00 00  | ................
0000000000022950 | 00 00 00 00 00 00 00 00  00 00 00 00 00 00 00 00  | ................
0000000000022960 | 00 00 00 00 00 00 00 00  00 00 00 00 00 00 00 00  | ................
0000000000022970 | 00 00 00 00 00 00 00 00  00 00 00 00 00 00 00 00  | ................
0000000000022980 | 00 00 00 00 00 00 00 00  00 00 00 00 00 00 00 00  | ................
0000000000022990 | 00 00 00 00 00 00 00 00  00 00 00 00 00 00 00 00  | ................
00000000000229A0 | 00 00 00 00 00 00 00 00  00 00 00 00 00 00 00 00  | ................
00000000000229B0 | 00 00 00 00 00 00 00 00  00 00 00 00 00 00 00 00  | ................
00000000000229C0 | 00 00 00 00 00 00 00 00  00 00 00 00 00 00 00 00  | ................
00000000000229D0 | 00 00 00 00 00 00 00 00  00 00 00 00 00 00 00 00  | ................
00000000000229E0 | 00 00 00 00 00 00 00 00  00 00 00 00 00 00 00 00  | ................
00000000000229F0 | 00 00 00 00 00 00 00 00  00 00 00 00 00 00 00 00  | ................
0000000000022A00 | 00 00 00 00 00 00 00 00  00 00 00 00 00 00 00 00  | ................
0000000000022A10 | 00 00 00 00 00 00 00 00  00 00 00 00 00 00 00 00  | ................
0000000000022A20 | 00 00 00 00 00 00 00 00  00 00 00 00 00 00 00 00  | ................
0000000000022A30 | 00 00 00 00 00 00 00 00  00 00 00 00 00 00 00 00  | ................
0000000000022A40 | 00 00 00 00 00 00 00 00  00 00 00 00 00 00 00 00  | ................
0000000000022A50 | 00 00 00 00 00 00 00 00  00 00 00 00 00 00 00 00  | ................
0000000000022A60 | 00 00 00 00 00 00 00 00  00 00 00 00 00 00 00 00  | ................
0000000000022A70 | 00 00 00 00 00 00 00 00  00 00 00 00 00 00 00 00  | ................
0000000000022A80 | 00 00 00 00 00 00 00 00  00 00 00 00 00 00 00 00  | ................
0000000000022A90 | 00 00 00 00 00 00 00 00  00 00 00 00 00 00 00 00  | ................
0000000000022AA0 | CA 80 01 00 00 00 00 00  70 9A 00 00 00 00 00 00  | ........p.......
0000000000022AB0 | 00 00 00 00 00 00 00 00  00 00 00 00 00 00 00 00  | ................
0000000000022AC0 | 00 00 00 00 00 00 00 00  00 00 00 00 00 00 00 00  | ................
0000000000022AD0 | 00 00 00 00 00 00 00 00  00 00 00 00 00 00 00 00  | ................
0000000000022AE0 | 00 00 00 00 00 00 00 00  00 00 00 00 00 00 00 00  | ................
0000000000022AF0 | 00 00 00 00 00 00 00 00  00 00 00 00 00 00 00 00  | ................
0000000000022B00 | 00 00 00 00 00 00 00 00  00 00 00 00 00 00 00 00  | ................
0000000000022B10 | 00 00 00 00 00 00 00 00  00 00 00 00 00 00 00 00  | ................
0000000000022B20 | 19 00 8C 00 0B 00 00 00  C8 6E 01 00 00 00 00 00  | .........n......
0000000000022B30 | F4 9A 00 00 00 00 00 00  00 00 00 00 00 00 00 00  | ................
0000000000022B40 | 00 00 00 00 00 00 00 00  00 00 00 00 00 00 00 00  | ................
0000000000022B50 | 00 00 00 00 00 00 00 00  00 00 00 00 00 00 00 00  | ................
0000000000022B60 | 00 00 00 00 00 00 00 00  00 00 00 00 00 00 00 00  | ................
0000000000022B70 | 00 00 00 00 00 00 00 00  00 00 00 00 00 00 00 00  | ................
0000000000022B80 | 00 00 00 00 00 00 00 00  00 00 00 00 00 00 00 00  | ................
0000000000022B90 | 00 00 00 00 00 00 00 00  00 00 00 00 00 00 00 00  | ................
0000000000022BA0 | 00 00 00 00 00 00 00 00  19 00 CE 00 0B 00 00 00  | ................
0000000000022BB0 | DF 6E 01 00 00 00 00 00  24 9B 00 00 00 00 00 00  | .n......$.......
0000000000022BC0 | 00 00 00 00 00 00 00 00  00 00 00 00 00 00 00 00  | ................
0000000000022BD0 | 00 00 00 00 00 00 00 00  00 00 00 00 00 00 00 00  | ................
0000000000022BE0 | 00 00 00 00 00 00 00 00  00 00 00 00 00 00 00 00  | ................
0000000000022BF0 | 00 00 00 00 00 00 00 00  00 00 00 00 00 00 00 00  | ................
0000000000022C00 | 00 00 00 00 00 00 00 00  00 00 00 00 00 00 00 00  | ................
0000000000022C10 | 00 00 00 00 00 00 00 00  00 00 00 00 00 00 00 00  | ................
0000000000022C20 | 00 00 00 00 00 00 00 00  00 00 00 00 00 00 00 00  | ................
0000000000022C30 | 18 00 63 00 05 00 00 00  00 00 00 00 00 00 00 00  | ..c.............
0000000000022C40 | 00 00 00 00 00 00 00 00  00 00 00 00 00 00 00 00  | ................
0000000000022C50 | 00 00 00 00 00 00 00 00  00 00 00 00 00 00 00 00  | ................
0000000000022C60 | 00 00 00 00 00 00 00 00  00 00 00 00 00 00 00 00  | ................
0000000000022C70 | 00 00 00 00 00 00 00 00  00 00 00 00 00 00 00 00  | ................
0000000000022C80 | 00 00 00 00 00 00 00 00  00 00 00 00 00 00 00 00  | ................
0000000000022C90 | 00 00 00 00 00 00 00 00  00 00 00 00 00 00 00 00  | ................
0000000000022CA0 | 00 00 00 00 00 00 00 00  00 00 00 00 00 00 00 00  | ................
0000000000022CB0 | 00 00 00 00 00 00 00 00  00 00 00 00 00 00 00 00  | ................
0000000000022CC0 | F6 6E 01 00 00 00 00 00  3C 9B 00 00 00 00 00 00  | .n......<.......
0000000000022CD0 | 00 00 00 00 00 00 00 00  00 00 00 00 00 00 00 00  | ................
0000000000022CE0 | 02 00 00 00 00 00 00 00  00 00 00 00 00 00 00 00  | ................
0000000000022CF0 | 00 00 00 00 00 00 00 00  00 00 00 00 00 00 00 00  | ................
0000000000022D00 | 64 9A 01 00 00 00 00 00  00 00 00 00 00 00 00 00  | d...............
0000000000022D10 | 00 00 00 00 00 00 00 00  00 00 00 00 00 00 00 00  | ................
0000000000022D20 | 00 00 00 00 00 00 00 00  00 00 00 00 00 00 00 00  | ................
0000000000022D30 | 00 00 00 00 00 00 00 00  00 00 00 00 00 00 00 00  | ................
0000000000022D40 | 01 00 FF FF 0B 00 00 00  0D 6F 01 00 00 00 00 00  | .........o......
0000000000022D50 | 8C 9B 00 00 00 00 00 00  00 00 00 00 00 00 00 00  | ................
0000000000022D60 | 00 00 00 00 00 00 00 00  00 00 00 00 00 00 00 00  | ................
0000000000022D70 | 00 00 00 00 00 00 00 00  00 00 00 00 00 00 00 00  | ................
0000000000022D80 | 00 00 00 00 00 00 00 00  00 00 00 00 00 00 00 00  | ................
0000000000022D90 | 00 00 00 00 00 00 00 00  00 00 00 00 00 00 00 00  | ................
0000000000022DA0 | 00 00 00 00 00 00 00 00  00 00 00 00 00 00 00 00  | ................
0000000000022DB0 | 00 00 00 00 00 00 00 00  00 00 00 00 00 00 00 00  | ................
0000000000022DC0 | 00 00 00 00 00 00 00 00  19 00 F6 00 0B 00 00 00  | ................
0000000000022DD0 | 24 6F 01 00 00 00 00 00  A8 9B 00 00 00 00 00 00  | $o..............
0000000000022DE0 | 00 00 00 00 00 00 00 00  00 00 00 00 00 00 00 00  | ................
0000000000022DF0 | 00 00 00 00 00 00 00 00  00 00 00 00 00 00 00 00  | ................
0000000000022E00 | 00 00 00 00 00 00 00 00  00 00 00 00 00 00 00 00  | ................
0000000000022E10 | 00 00 00 00 00 00 00 00  00 00 00 00 00 00 00 00  | ................
0000000000022E20 | 00 00 00 00 00 00 00 00  00 00 00 00 00 00 00 00  | ................
0000000000022E30 | 00 00 00 00 00 00 00 00  00 00 00 00 00 00 00 00  | ................
0000000000022E40 | 00 00 00 00 00 00 00 00  00 00 00 00 00 00 00 00  | ................
0000000000022E50 | 00 00 FF FF 0B 00 00 00  39 9A 01 00 00 00 00 00  | ........9.......
0000000000022E60 | B8 9B 00 00 00 00 00 00  D0 9B 00 00 00 00 00 00  | ................
0000000000022E70 | F8 9B 00 00 00 00 00 00  00 00 00 00 00 00 00 00  | ................
0000000000022E80 | 00 00 00 00 00 00 00 00  00 00 00 00 00 00 00 00  | ................
0000000000022E90 | 00 00 00 00 00 00 00 00  00 00 00 00 00 00 00 00  | ................
0000000000022EA0 | 00 00 00 00 00 00 00 00  00 00 00 00 00 00 00 00  | ................
0000000000022EB0 | 00 00 00 00 00 00 00 00  00 00 00 00 00 00 00 00  | ................
0000000000022EC0 | 00 00 00 00 00 00 00 00  00 00 00 00 00 00 00 00  | ................
0000000000022ED0 | 00 00 00 00 00 00 00 00  08 00 F5 00 09 00 00 00  | ................
0000000000022EE0 | 30 83 01 00 00 00 00 00  20 9C 00 00 00 00 00 00  | 0....... .......
0000000000022EF0 | 38 9C 00 00 00 00 00 00  60 9C 00 00 00 00 00 00  | 8.......`.......
0000000000022F00 | 00 00 00 00 00 00 00 00  00 00 00 00 00 00 00 00  | ................
0000000000022F10 | 00 00 00 00 00 00 00 00  00 00 00 00 00 00 00 00  | ................
0000000000022F20 | 00 00 00 00 00 00 00 00  00 00 00 00 00 00 00 00  | ................
0000000000022F30 | 00 00 00 00 00 00 00 00  00 00 00 00 00 00 00 00  | ................
0000000000022F40 | 00 00 00 00 00 00 00 00  00 00 00 00 00 00 00 00  | ................
0000000000022F50 | 00 00 00 00 00 00 00 00  00 00 00 00 00 00 00 00  | ................
0000000000022F60 | 08 00 BA 00 0A 00 00 00  3B 6F 01 00 00 00 00 00  | ........;o......
0000000000022F70 | 88 9C 00 00 00 00 00 00  00 00 00 00 00 00 00 00  | ................
0000000000022F80 | 00 00 00 00 00 00 00 00  00 00 00 00 00 00 00 00  | ................
0000000000022F90 | 00 00 00 00 00 00 00 00  00 00 00 00 00 00 00 00  | ................
0000000000022FA0 | 00 00 00 00 00 00 00 00  00 00 00 00 00 00 00 00  | ................
0000000000022FB0 | 00 00 00 00 00 00 00 00  00 00 00 00 00 00 00 00  | ................
0000000000022FC0 | 00 00 00 00 00 00 00 00  00 00 00 00 00 00 00 00  | ................
0000000000022FD0 | 00 00 00 00 00 00 00 00  00 00 00 00 00 00 00 00  | ................
0000000000022FE0 | 00 00 00 00 00 00 00 00  19 00 A9 00 0B 00 00 00  | ................
0000000000022FF0 | 52 6F 01 00 00 00 00 00  B0 9C 00 00 00 00 00 00  | Ro..............
0000000000023000 | 00 00 00 00 00 00 00 00  00 00 00 00 00 00 00 00  | ................
0000000000023010 | 00 00 00 00 00 00 00 00  00 00 00 00 00 00 00 00  | ................
0000000000023020 | 00 00 00 00 00 00 00 00  00 00 00 00 00 00 00 00  | ................
0000000000023030 | 00 00 00 00 00 00 00 00  00 00 00 00 00 00 00 00  | ................
0000000000023040 | 00 00 00 00 00 00 00 00  00 00 00 00 00 00 00 00  | ................
0000000000023050 | 00 00 00 00 00 00 00 00  00 00 00 00 00 00 00 00  | ................
0000000000023060 | 00 00 00 00 00 00 00 00  00 00 00 00 00 00 00 00  | ................
0000000000023070 | 00 00 FF FF 04 00 00 00  00 00 00 00 00 00 00 00  | ................
0000000000023080 | 00 00 00 00 00 00 00 00  00 00 00 00 00 00 00 00  | ................
0000000000023090 | 00 00 00 00 00 00 00 00  00 00 00 00 00 00 00 00  | ................
00000000000230A0 | 00 00 00 00 00 00 00 00  00 00 00 00 00 00 00 00  | ................
00000000000230B0 | 00 00 00 00 00 00 00 00  00 00 00 00 00 00 00 00  | ................
00000000000230C0 | 00 00 00 00 00 00 00 00  00 00 00 00 00 00 00 00  | ................
00000000000230D0 | 00 00 00 00 00 00 00 00  00 00 00 00 00 00 00 00  | ................
00000000000230E0 | 00 00 00 00 00 00 00 00  00 00 00 00 00 00 00 00  | ................
00000000000230F0 | 00 00 00 00 00 00 00 00  00 00 00 00 00 00 00 00  | ................
0000000000023100 | 69 6F 01 00 00 00 00 00  C0 9C 00 00 00 00 00 00  | io..............
0000000000023110 | 00 00 00 00 00 00 00 00  00 00 00 00 00 00 00 00  | ................
0000000000023120 | 00 00 00 00 00 00 00 00  00 00 00 00 00 00 00 00  | ................
0000000000023130 | 00 00 00 00 00 00 00 00  00 00 00 00 00 00 00 00  | ................
0000000000023140 | 00 00 00 00 00 00 00 00  00 00 00 00 00 00 00 00  | ................
0000000000023150 | 00 00 00 00 00 00 00 00  00 00 00 00 00 00 00 00  | ................
0000000000023160 | 00 00 00 00 00 00 00 00  00 00 00 00 00 00 00 00  | ................
0000000000023170 | 00 00 00 00 00 00 00 00  00 00 00 00 00 00 00 00  | ................
0000000000023180 | 19 00 DA 00 0B 00 00 00  80 6F 01 00 00 00 00 00  | .........o......
0000000000023190 | E8 9C 00 00 00 00 00 00  00 00 00 00 00 00 00 00  | ................
00000000000231A0 | 00 00 00 00 00 00 00 00  00 00 00 00 00 00 00 00  | ................
00000000000231B0 | 00 00 00 00 00 00 00 00  00 00 00 00 00 00 00 00  | ................
00000000000231C0 | 00 00 00 00 00 00 00 00  00 00 00 00 00 00 00 00  | ................
00000000000231D0 | 00 00 00 00 00 00 00 00  00 00 00 00 00 00 00 00  | ................
00000000000231E0 | 00 00 00 00 00 00 00 00  00 00 00 00 00 00 00 00  | ................
00000000000231F0 | 00 00 00 00 00 00 00 00  00 00 00 00 00 00 00 00  | ................
0000000000023200 | 00 00 00 00 00 00 00 00  19 00 EC 00 0B 00 00 00  | ................
0000000000023210 | 00 00 00 00 00 00 00 00  00 00 00 00 00 00 00 00  | ................
0000000000023220 | 00 00 00 00 00 00 00 00  00 00 00 00 00 00 00 00  | ................
0000000000023230 | 00 00 00 00 00 00 00 00  00 00 00 00 00 00 00 00  | ................
0000000000023240 | 00 00 00 00 00 00 00 00  00 00 00 00 00 00 00 00  | ................
0000000000023250 | 00 00 00 00 00 00 00 00  00 00 00 00 00 00 00 00  | ................
0000000000023260 | 00 00 00 00 00 00 00 00  00 00 00 00 00 00 00 00  | ................
0000000000023270 | 00 00 00 00 00 00 00 00  00 00 00 00 00 00 00 00  | ................
0000000000023280 | 00 00 00 00 00 00 00 00  00 00 00 00 00 00 00 00  | ................
0000000000023290 | 00 00 00 00 00 00 00 00  FF 8C 01 00 00 00 00 00  | ................
00000000000232A0 | F0 9C 00 00 00 00 00 00  08 9D 00 00 00 00 00 00  | ................
00000000000232B0 | 30 9D 00 00 00 00 00 00  00 00 00 00 00 00 00 00  | 0...............
00000000000232C0 | 00 00 00 00 00 00 00 00  00 00 00 00 00 00 00 00  | ................
00000000000232D0 | 00 00 00 00 00 00 00 00  00 00 00 00 00 00 00 00  | ................
00000000000232E0 | 00 00 00 00 00 00 00 00  00 00 00 00 00 00 00 00  | ................
00000000000232F0 | 00 00 00 00 00 00 00 00  00 00 00 00 00 00 00 00  | ................
0000000000023300 | 00 00 00 00 00 00 00 00  00 00 00 00 00 00 00 00  | ................
0000000000023310 | 00 00 00 00 00 00 00 00  08 00 EA 00 06 00 00 00  | ................
0000000000023320 | 97 6F 01 00 00 00 00 00  58 9D 00 00 00 00 00 00  | .o......X.......
0000000000023330 | 00 00 00 00 00 00 00 00  00 00 00 00 00 00 00 00  | ................
0000000000023340 | 00 00 00 00 00 00 00 00  00 00 00 00 00 00 00 00  | ................
0000000000023350 | 00 00 00 00 00 00 00 00  00 00 00 00 00 00 00 00  | ................
0000000000023360 | 00 00 00 00 00 00 00 00  00 00 00 00 00 00 00 00  | ................
0000000000023370 | 00 00 00 00 00 00 00 00  00 00 00 00 00 00 00 00  | ................
0000000000023380 | 00 00 00 00 00 00 00 00  00 00 00 00 00 00 00 00  | ................
0000000000023390 | 00 00 00 00 00 00 00 00  00 00 00 00 00 00 00 00  | ................
00000000000233A0 | 19 00 04 00 0B 00 00 00  00 00 00 00 00 00 00 00  | ................
00000000000233B0 | 00 00 00 00 00 00 00 00  00 00 00 00 00 00 00 00  | ................
00000000000233C0 | 00 00 00 00 00 00 00 00  00 00 00 00 00 00 00 00  | ................
00000000000233D0 | 00 00 00 00 00 00 00 00  00 00 00 00 00 00 00 00  | ................
00000000000233E0 | 00 00 00 00 00 00 00 00  00 00 00 00 00 00 00 00  | ................
00000000000233F0 | 00 00 00 00 00 00 00 00  00 00 00 00 00 00 00 00  | ................
0000000000023400 | 00 00 00 00 00 00 00 00  00 00 00 00 00 00 00 00  | ................
0000000000023410 | 00 00 00 00 00 00 00 00  00 00 00 00 00 00 00 00  | ................
0000000000023420 | 00 00 00 00 00 00 00 00  00 00 00 00 00 00 00 00  | ................
0000000000023430 | AE 6F 01 00 00 00 00 00  74 9D 00 00 00 00 00 00  | .o......t.......
0000000000023440 | 00 00 00 00 00 00 00 00  00 00 00 00 00 00 00 00  | ................
0000000000023450 | 00 00 00 00 00 00 00 00  00 00 00 00 00 00 00 00  | ................
0000000000023460 | 00 00 00 00 00 00 00 00  00 00 00 00 00 00 00 00  | ................
0000000000023470 | 00 00 00 00 00 00 00 00  00 00 00 00 00 00 00 00  | ................
0000000000023480 | 00 00 00 00 00 00 00 00  00 00 00 00 00 00 00 00  | ................
0000000000023490 | 00 00 00 00 00 00 00 00  00 00 00 00 00 00 00 00  | ................
00000000000234A0 | 00 00 00 00 00 00 00 00  00 00 00 00 00 00 00 00  | ................
00000000000234B0 | 19 00 C0 00 0B 00 00 00  00 00 00 00 00 00 00 00  | ................
00000000000234C0 | 00 00 00 00 00 00 00 00  00 00 00 00 00 00 00 00  | ................
00000000000234D0 | 00 00 00 00 00 00 00 00  00 00 00 00 00 00 00 00  | ................
00000000000234E0 | 00 00 00 00 00 00 00 00  00 00 00 00 00 00 00 00  | ................
00000000000234F0 | 00 00 00 00 00 00 00 00  00 00 00 00 00 00 00 00  | ................
0000000000023500 | 00 00 00 00 00 00 00 00  00 00 00 00 00 00 00 00  | ................
0000000000023510 | 00 00 00 00 00 00 00 00  00 00 00 00 00 00 00 00  | ................
0000000000023520 | 00 00 00 00 00 00 00 00  00 00 00 00 00 00 00 00  | ................
0000000000023530 | 00 00 00 00 00 00 00 00  00 00 00 00 00 00 00 00  | ................
0000000000023540 | 8A 82 01 00 00 00 00 00  90 9D 00 00 00 00 00 00  | ................
0000000000023550 | 00 00 00 00 00 00 00 00  00 00 00 00 00 00 00 00  | ................
0000000000023560 | 00 00 00 00 00 00 00 00  00 00 00 00 00 00 00 00  | ................
0000000000023570 | 00 00 00 00 00 00 00 00  00 00 00 00 00 00 00 00  | ................
0000000000023580 | 00 00 00 00 00 00 00 00  00 00 00 00 00 00 00 00  | ................
0000000000023590 | 00 00 00 00 00 00 00 00  00 00 00 00 00 00 00 00  | ................
00000000000235A0 | 00 00 00 00 00 00 00 00  00 00 00 00 00 00 00 00  | ................
00000000000235B0 | 00 00 00 00 00 00 00 00  00 00 00 00 00 00 00 00  | ................
00000000000235C0 | 19 00 7C 00 0B 00 00 00  AA 99 01 00 00 00 00 00  | ..|.............
00000000000235D0 | E0 9D 00 00 00 00 00 00  A4 9E 00 00 00 00 00 00  | ................
00000000000235E0 | CC 9E 00 00 00 00 00 00  00 00 00 00 00 00 00 00  | ................
00000000000235F0 | 00 00 00 00 00 00 00 00  00 00 00 00 00 00 00 00  | ................
0000000000023600 | 00 00 00 00 00 00 00 00  00 00 00 00 00 00 00 00  | ................
0000000000023610 | 00 00 00 00 00 00 00 00  00 00 00 00 00 00 00 00  | ................
0000000000023620 | 00 00 00 00 00 00 00 00  00 00 00 00 00 00 00 00  | ................
0000000000023630 | 00 00 00 00 00 00 00 00  00 00 00 00 00 00 00 00  | ................
0000000000023640 | 00 00 00 00 00 00 00 00  08 00 CC 00 09 00 00 00  | ................
0000000000023650 | C5 6F 01 00 00 00 00 00  F4 9E 00 00 00 00 00 00  | .o..............
0000000000023660 | 00 00 00 00 00 00 00 00  00 00 00 00 00 00 00 00  | ................
0000000000023670 | 00 00 00 00 00 00 00 00  00 00 00 00 00 00 00 00  | ................
0000000000023680 | 00 00 00 00 00 00 00 00  00 00 00 00 00 00 00 00  | ................
0000000000023690 | 00 00 00 00 00 00 00 00  00 00 00 00 00 00 00 00  | ................
00000000000236A0 | 00 00 00 00 00 00 00 00  00 00 00 00 00 00 00 00  | ................
00000000000236B0 | 00 00 00 00 00 00 00 00  00 00 00 00 00 00 00 00  | ................
00000000000236C0 | 00 00 00 00 00 00 00 00  00 00 00 00 00 00 00 00  | ................
00000000000236D0 | 18 00 BC 00 0A 00 00 00  DC 6F 01 00 00 00 00 00  | .........o......
00000000000236E0 | 24 9F 00 00 00 00 00 00  00 00 00 00 00 00 00 00  | $...............
00000000000236F0 | 00 00 00 00 00 00 00 00  00 00 00 00 00 00 00 00  | ................
0000000000023700 | 00 00 00 00 00 00 00 00  00 00 00 00 00 00 00 00  | ................
0000000000023710 | 00 00 00 00 00 00 00 00  00 00 00 00 00 00 00 00  | ................
0000000000023720 | 00 00 00 00 00 00 00 00  00 00 00 00 00 00 00 00  | ................
0000000000023730 | 00 00 00 00 00 00 00 00  00 00 00 00 00 00 00 00  | ................
0000000000023740 | 00 00 00 00 00 00 00 00  00 00 00 00 00 00 00 00  | ................
0000000000023750 | 00 00 00 00 00 00 00 00  00 00 FF FF 0A 00 00 00  | ................
0000000000023760 | F3 6F 01 00 00 00 00 00  44 9F 00 00 00 00 00 00  | .o......D.......
0000000000023770 | 00 00 00 00 00 00 00 00  00 00 00 00 00 00 00 00  | ................
0000000000023780 | 00 00 00 00 00 00 00 00  00 00 00 00 00 00 00 00  | ................
0000000000023790 | 00 00 00 00 00 00 00 00  00 00 00 00 00 00 00 00  | ................
00000000000237A0 | 00 00 00 00 00 00 00 00  00 00 00 00 00 00 00 00  | ................
00000000000237B0 | 00 00 00 00 00 00 00 00  00 00 00 00 00 00 00 00  | ................
00000000000237C0 | 00 00 00 00 00 00 00 00  00 00 00 00 00 00 00 00  | ................
00000000000237D0 | 00 00 00 00 00 00 00 00  00 00 00 00 00 00 00 00  | ................
00000000000237E0 | 18 00 1D 00 06 00 00 00  0A 70 01 00 00 00 00 00  | .........p......
00000000000237F0 | 5C 9F 00 00 00 00 00 00  00 00 00 00 00 00 00 00  | \...............
0000000000023800 | 00 00 00 00 00 00 00 00  06 00 00 00 00 00 00 00  | ................
0000000000023810 | 00 00 00 00 00 00 00 00  00 00 00 00 00 00 00 00  | ................
0000000000023820 | 00 00 00 00 00 00 00 00  00 00 00 00 00 00 00 00  | ................
0000000000023830 | 00 00 00 00 00 00 00 00  00 00 00 00 00 00 00 00  | ................
0000000000023840 | 00 00 00 00 00 00 00 00  00 00 00 00 00 00 00 00  | ................
0000000000023850 | 00 00 00 00 00 00 00 00  00 00 00 00 00 00 00 00  | ................
0000000000023860 | 00 00 00 00 00 00 00 00  00 00 FF FF 0A 00 00 00  | ................
0000000000023870 | 82 8C 01 00 00 00 00 00  60 9F 00 00 00 00 00 00  | ........`.......
0000000000023880 | 24 A0 00 00 00 00 00 00  4C A0 00 00 00 00 00 00  | $.......L.......
0000000000023890 | 00 00 00 00 00 00 00 00  00 00 00 00 00 00 00 00  | ................
00000000000238A0 | 00 00 00 00 00 00 00 00  00 00 00 00 00 00 00 00  | ................
00000000000238B0 | 00 00 00 00 00 00 00 00  00 00 00 00 00 00 00 00  | ................
00000000000238C0 | 00 00 00 00 00 00 00 00  00 00 00 00 00 00 00 00  | ................
00000000000238D0 | 00 00 00 00 00 00 00 00  00 00 00 00 00 00 00 00  | ................
00000000000238E0 | 00 00 00 00 00 00 00 00  00 00 00 00 00 00 00 00  | ................
00000000000238F0 | 08 00 F1 00 09 00 00 00  21 70 01 00 00 00 00 00  | ........!p......
0000000000023900 | 74 A0 00 00 00 00 00 00  00 00 00 00 00 00 00 00  | t...............
0000000000023910 | 00 00 00 00 00 00 00 00  00 00 00 00 00 00 00 00  | ................
0000000000023920 | 00 00 00 00 00 00 00 00  00 00 00 00 00 00 00 00  | ................
0000000000023930 | 00 00 00 00 00 00 00 00  00 00 00 00 00 00 00 00  | ................
0000000000023940 | 00 00 00 00 00 00 00 00  00 00 00 00 00 00 00 00  | ................
0000000000023950 | 00 00 00 00 00 00 00 00  00 00 00 00 00 00 00 00  | ................
0000000000023960 | 00 00 00 00 00 00 00 00  00 00 00 00 00 00 00 00  | ................
0000000000023970 | 00 00 00 00 00 00 00 00  19 00 62 00 0B 00 00 00  | ..........b.....
0000000000023980 | 38 70 01 00 00 00 00 00  9C A0 00 00 00 00 00 00  | 8p..............
0000000000023990 | 00 00 00 00 00 00 00 00  00 00 00 00 00 00 00 00  | ................
00000000000239A0 | 00 00 00 00 00 00 00 00  00 00 00 00 00 00 00 00  | ................
00000000000239B0 | 00 00 00 00 00 00 00 00  00 00 00 00 00 00 00 00  | ................
00000000000239C0 | 00 00 00 00 00 00 00 00  00 00 00 00 00 00 00 00  | ................
00000000000239D0 | 00 00 00 00 00 00 00 00  00 00 00 00 00 00 00 00  | ................
00000000000239E0 | 00 00 00 00 00 00 00 00  00 00 00 00 00 00 00 00  | ................
00000000000239F0 | 00 00 00 00 00 00 00 00  00 00 00 00 00 00 00 00  | ................
0000000000023A00 | 19 00 09 00 0B 00 00 00  4F 70 01 00 00 00 00 00  | ........Op......
0000000000023A10 | C4 A0 00 00 00 00 00 00  00 00 00 00 00 00 00 00  | ................
0000000000023A20 | 00 00 00 00 00 00 00 00  00 00 00 00 00 00 00 00  | ................
0000000000023A30 | 00 00 00 00 00 00 00 00  00 00 00 00 00 00 00 00  | ................
0000000000023A40 | 00 00 00 00 00 00 00 00  00 00 00 00 00 00 00 00  | ................
0000000000023A50 | 00 00 00 00 00 00 00 00  00 00 00 00 00 00 00 00  | ................
0000000000023A60 | 00 00 00 00 00 00 00 00  00 00 00 00 00 00 00 00  | ................
0000000000023A70 | 00 00 00 00 00 00 00 00  00 00 00 00 00 00 00 00  | ................
0000000000023A80 | 00 00 00 00 00 00 00 00  18 00 60 00 06 00 00 00  | ..........`.....
0000000000023A90 | 66 70 01 00 00 00 00 00  DC A0 00 00 00 00 00 00  | fp..............
0000000000023AA0 | 00 00 00 00 00 00 00 00  00 00 00 00 00 00 00 00  | ................
0000000000023AB0 | 00 00 00 00 00 00 00 00  00 00 00 00 00 00 00 00  | ................
0000000000023AC0 | 00 00 00 00 00 00 00 00  00 00 00 00 00 00 00 00  | ................
0000000000023AD0 | 00 00 00 00 00 00 00 00  00 00 00 00 00 00 00 00  | ................
0000000000023AE0 | 00 00 00 00 00 00 00 00  00 00 00 00 00 00 00 00  | ................
0000000000023AF0 | 00 00 00 00 00 00 00 00  00 00 00 00 00 00 00 00  | ................
0000000000023B00 | 00 00 00 00 00 00 00 00  00 00 00 00 00 00 00 00  | ................
0000000000023B10 | 19 00 72 00 0B 00 00 00  7D 70 01 00 00 00 00 00  | ..r.....}p......
0000000000023B20 | F8 A0 00 00 00 00 00 00  00 00 00 00 00 00 00 00  | ................
0000000000023B30 | 00 00 00 00 00 00 00 00  00 00 00 00 00 00 00 00  | ................
0000000000023B40 | 00 00 00 00 00 00 00 00  00 00 00 00 00 00 00 00  | ................
0000000000023B50 | 00 00 00 00 00 00 00 00  00 00 00 00 00 00 00 00  | ................
0000000000023B60 | 00 00 00 00 00 00 00 00  00 00 00 00 00 00 00 00  | ................
0000000000023B70 | 00 00 00 00 00 00 00 00  00 00 00 00 00 00 00 00  | ................
0000000000023B80 | 00 00 00 00 00 00 00 00  00 00 00 00 00 00 00 00  | ................
0000000000023B90 | 00 00 00 00 00 00 00 00  19 00 57 00 0B 00 00 00  | ..........W.....
0000000000023BA0 | 94 70 01 00 00 00 00 00  28 A1 00 00 00 00 00 00  | .p......(.......
0000000000023BB0 | 00 00 00 00 00 00 00 00  00 00 00 00 00 00 00 00  | ................
0000000000023BC0 | 05 00 00 00 00 00 00 00  00 00 00 00 00 00 00 00  | ................
0000000000023BD0 | 00 00 00 00 00 00 00 00  00 00 00 00 00 00 00 00  | ................
0000000000023BE0 | 00 00 00 00 00 00 00 00  00 00 00 00 00 00 00 00  | ................
0000000000023BF0 | 00 00 00 00 00 00 00 00  00 00 00 00 00 00 00 00  | ................
0000000000023C00 | 00 00 00 00 00 00 00 00  00 00 00 00 00 00 00 00  | ................
0000000000023C10 | 00 00 00 00 00 00 00 00  00 00 00 00 00 00 00 00  | ................
0000000000023C20 | 00 00 FF FF 02 00 00 00  8A 98 01 00 00 00 00 00  | ................
0000000000023C30 | BC A1 00 00 00 00 00 00  80 A2 00 00 00 00 00 00  | ................
0000000000023C40 | A8 A2 00 00 00 00 00 00  00 00 00 00 00 00 00 00  | ................
0000000000023C50 | 00 00 00 00 00 00 00 00  00 00 00 00 00 00 00 00  | ................
0000000000023C60 | 00 00 00 00 00 00 00 00  00 00 00 00 00 00 00 00  | ................
0000000000023C70 | 00 00 00 00 00 00 00 00  00 00 00 00 00 00 00 00  | ................
0000000000023C80 | 00 00 00 00 00 00 00 00  00 00 00 00 00 00 00 00  | ................
0000000000023C90 | 00 00 00 00 00 00 00 00  00 00 00 00 00 00 00 00  | ................
0000000000023CA0 | 00 00 00 00 00 00 00 00  08 00 D2 00 09 00 00 00  | ................
0000000000023CB0 | 00 00 00 00 00 00 00 00  00 00 00 00 00 00 00 00  | ................
0000000000023CC0 | 00 00 00 00 00 00 00 00  00 00 00 00 00 00 00 00  | ................
0000000000023CD0 | 00 00 00 00 00 00 00 00  00 00 00 00 00 00 00 00  | ................
0000000000023CE0 | 00 00 00 00 00 00 00 00  00 00 00 00 00 00 00 00  | ................
0000000000023CF0 | 00 00 00 00 00 00 00 00  00 00 00 00 00 00 00 00  | ................
0000000000023D00 | 00 00 00 00 00 00 00 00  00 00 00 00 00 00 00 00  | ................
0000000000023D10 | 00 00 00 00 00 00 00 00  00 00 00 00 00 00 00 00  | ................
0000000000023D20 | 00 00 00 00 00 00 00 00  00 00 00 00 00 00 00 00  | ................
0000000000023D30 | 00 00 00 00 00 00 00 00  3C 8A 01 00 00 00 00 00  | ........<.......
0000000000023D40 | D0 A2 00 00 00 00 00 00  00 00 00 00 00 00 00 00  | ................
0000000000023D50 | 00 00 00 00 00 00 00 00  00 00 00 00 00 00 00 00  | ................
0000000000023D60 | 00 00 00 00 00 00 00 00  00 00 00 00 00 00 00 00  | ................
0000000000023D70 | 00 00 00 00 00 00 00 00  00 00 00 00 00 00 00 00  | ................
0000000000023D80 | 00 00 00 00 00 00 00 00  00 00 00 00 00 00 00 00  | ................
0000000000023D90 | 00 00 00 00 00 00 00 00  00 00 00 00 00 00 00 00  | ................
0000000000023DA0 | 00 00 00 00 00 00 00 00  00 00 00 00 00 00 00 00  | ................
0000000000023DB0 | 00 00 00 00 00 00 00 00  19 00 45 00 0B 00 00 00  | ..........E.....
0000000000023DC0 | 00 00 00 00 00 00 00 00  00 00 00 00 00 00 00 00  | ................
0000000000023DD0 | 00 00 00 00 00 00 00 00  00 00 00 00 00 00 00 00  | ................
0000000000023DE0 | 00 00 00 00 00 00 00 00  00 00 00 00 00 00 00 00  | ................
0000000000023DF0 | 00 00 00 00 00 00 00 00  00 00 00 00 00 00 00 00  | ................
0000000000023E00 | 00 00 00 00 00 00 00 00  00 00 00 00 00 00 00 00  | ................
0000000000023E10 | 00 00 00 00 00 00 00 00  00 00 00 00 00 00 00 00  | ................
0000000000023E20 | 00 00 00 00 00 00 00 00  00 00 00 00 00 00 00 00  | ................
0000000000023E30 | 00 00 00 00 00 00 00 00  00 00 00 00 00 00 00 00  | ................
0000000000023E40 | 00 00 00 00 00 00 00 00  2A 89 01 00 00 00 00 00  | ........*.......
0000000000023E50 | F8 A2 00 00 00 00 00 00  00 00 00 00 00 00 00 00  | ................
0000000000023E60 | 00 00 00 00 00 00 00 00  04 00 00 00 00 00 00 00  | ................
0000000000023E70 | 00 00 00 00 00 00 00 00  00 00 00 00 00 00 00 00  | ................
0000000000023E80 | 00 00 00 00 00 00 00 00  00 00 00 00 00 00 00 00  | ................
0000000000023E90 | 00 00 00 00 00 00 00 00  00 00 00 00 00 00 00 00  | ................
0000000000023EA0 | 00 00 00 00 00 00 00 00  00 00 00 00 00 00 00 00  | ................
0000000000023EB0 | 00 00 00 00 00 00 00 00  00 00 00 00 00 00 00 00  | ................
0000000000023EC0 | 00 00 00 00 00 00 00 00  01 00 FF FF 0B 00 00 00  | ................
0000000000023ED0 | AB 70 01 00 00 00 00 00  2C A3 00 00 00 00 00 00  | .p......,.......
0000000000023EE0 | 00 00 00 00 00 00 00 00  00 00 00 00 00 00 00 00  | ................
0000000000023EF0 | 01 00 00 00 00 00 00 00  00 00 00 00 00 00 00 00  | ................
0000000000023F00 | 00 00 00 00 00 00 00 00  00 00 00 00 00 00 00 00  | ................
0000000000023F10 | C2 70 01 00 00 00 00 00  00 00 00 00 00 00 00 00  | .p..............
0000000000023F20 | 00 00 00 00 00 00 00 00  00 00 00 00 00 00 00 00  | ................
0000000000023F30 | 00 00 00 00 00 00 00 00  00 00 00 00 00 00 00 00  | ................
0000000000023F40 | 00 00 00 00 00 00 00 00  00 00 00 00 00 00 00 00  | ................
0000000000023F50 | 01 00 FF FF 0B 00 00 00  FF 70 01 00 00 00 00 00  | .........p......
0000000000023F60 | A8 A3 00 00 00 00 00 00  00 00 00 00 00 00 00 00  | ................
0000000000023F70 | 00 00 00 00 00 00 00 00  00 00 00 00 00 00 00 00  | ................
0000000000023F80 | 00 00 00 00 00 00 00 00  00 00 00 00 00 00 00 00  | ................
0000000000023F90 | 00 00 00 00 00 00 00 00  00 00 00 00 00 00 00 00  | ................
0000000000023FA0 | 00 00 00 00 00 00 00 00  00 00 00 00 00 00 00 00  | ................
0000000000023FB0 | 00 00 00 00 00 00 00 00  00 00 00 00 00 00 00 00  | ................
0000000000023FC0 | 00 00 00 00 00 00 00 00  00 00 00 00 00 00 00 00  | ................
0000000000023FD0 | 00 00 00 00 00 00 00 00  19 00 7B 00 0B 00 00 00  | ..........{.....
0000000000023FE0 | 00 00 00 00 00 00 00 00  00 00 00 00 00 00 00 00  | ................
0000000000023FF0 | 00 00 00 00 00 00 00 00  00 00 00 00 00 00 00 00  | ................
0000000000024000 | 00 00 00 00 00 00 00 00  00 00 00 00 00 00 00 00  | ................
0000000000024010 | 00 00 00 00 00 00 00 00  00 00 00 00 00 00 00 00  | ................
0000000000024020 | 00 00 00 00 00 00 00 00  00 00 00 00 00 00 00 00  | ................
0000000000024030 | 00 00 00 00 00 00 00 00  00 00 00 00 00 00 00 00  | ................
0000000000024040 | 00 00 00 00 00 00 00 00  00 00 00 00 00 00 00 00  | ................
0000000000024050 | 00 00 00 00 00 00 00 00  00 00 00 00 00 00 00 00  | ................
0000000000024060 | 00 00 00 00 00 00 00 00  37 98 01 00 00 00 00 00  | ........7.......
0000000000024070 | B0 A3 00 00 00 00 00 00  74 A4 00 00 00 00 00 00  | ........t.......
0000000000024080 | 9C A4 00 00 00 00 00 00  00 00 00 00 00 00 00 00  | ................
0000000000024090 | 00 00 00 00 00 00 00 00  00 00 00 00 00 00 00 00  | ................
00000000000240A0 | 00 00 00 00 00 00 00 00  00 00 00 00 00 00 00 00  | ................
00000000000240B0 | 00 00 00 00 00 00 00 00  00 00 00 00 00 00 00 00  | ................
00000000000240C0 | 00 00 00 00 00 00 00 00  00 00 00 00 00 00 00 00  | ................
00000000000240D0 | 00 00 00 00 00 00 00 00  00 00 00 00 00 00 00 00  | ................
00000000000240E0 | 00 00 00 00 00 00 00 00  08 00 D4 00 09 00 00 00  | ................
00000000000240F0 | 00 00 00 00 00 00 00 00  00 00 00 00 00 00 00 00  | ................
0000000000024100 | 00 00 00 00 00 00 00 00  00 00 00 00 00 00 00 00  | ................
0000000000024110 | 00 00 00 00 00 00 00 00  00 00 00 00 00 00 00 00  | ................
0000000000024120 | 00 00 00 00 00 00 00 00  00 00 00 00 00 00 00 00  | ................
0000000000024130 | 00 00 00 00 00 00 00 00  00 00 00 00 00 00 00 00  | ................
0000000000024140 | 00 00 00 00 00 00 00 00  00 00 00 00 00 00 00 00  | ................
0000000000024150 | 00 00 00 00 00 00 00 00  00 00 00 00 00 00 00 00  | ................
0000000000024160 | 00 00 00 00 00 00 00 00  00 00 00 00 00 00 00 00  | ................
0000000000024170 | 00 00 00 00 00 00 00 00  16 71 01 00 00 00 00 00  | .........q......
0000000000024180 | C4 A4 00 00 00 00 00 00  00 00 00 00 00 00 00 00  | ................
0000000000024190 | 00 00 00 00 00 00 00 00  00 00 00 00 00 00 00 00  | ................
00000000000241A0 | 00 00 00 00 00 00 00 00  00 00 00 00 00 00 00 00  | ................
00000000000241B0 | 00 00 00 00 00 00 00 00  00 00 00 00 00 00 00 00  | ................
00000000000241C0 | 00 00 00 00 00 00 00 00  00 00 00 00 00 00 00 00  | ................
00000000000241D0 | 00 00 00 00 00 00 00 00  00 00 00 00 00 00 00 00  | ................
00000000000241E0 | 00 00 00 00 00 00 00 00  00 00 00 00 00 00 00 00  | ................
00000000000241F0 | 00 00 00 00 00 00 00 00  18 00 BE 00 09 00 00 00  | ................
0000000000024200 | 00 00 00 00 00 00 00 00  00 00 00 00 00 00 00 00  | ................
0000000000024210 | 00 00 00 00 00 00 00 00  00 00 00 00 00 00 00 00  | ................
0000000000024220 | 00 00 00 00 00 00 00 00  00 00 00 00 00 00 00 00  | ................
0000000000024230 | 00 00 00 00 00 00 00 00  00 00 00 00 00 00 00 00  | ................
0000000000024240 | 00 00 00 00 00 00 00 00  00 00 00 00 00 00 00 00  | ................
0000000000024250 | 00 00 00 00 00 00 00 00  00 00 00 00 00 00 00 00  | ................
0000000000024260 | 00 00 00 00 00 00 00 00  00 00 00 00 00 00 00 00  | ................
0000000000024270 | 00 00 00 00 00 00 00 00  00 00 00 00 00 00 00 00  | ................
0000000000024280 | 00 00 00 00 00 00 00 00  00 00 00 00 00 00 00 00  | ................
0000000000024290 | 00 00 00 00 00 00 00 00  00 00 00 00 00 00 00 00  | ................
00000000000242A0 | 00 00 00 00 00 00 00 00  00 00 00 00 00 00 00 00  | ................
00000000000242B0 | 00 00 00 00 00 00 00 00  00 00 00 00 00 00 00 00  | ................
00000000000242C0 | 00 00 00 00 00 00 00 00  00 00 00 00 00 00 00 00  | ................
00000000000242D0 | 00 00 00 00 00 00 00 00  00 00 00 00 00 00 00 00  | ................
00000000000242E0 | 00 00 00 00 00 00 00 00  00 00 00 00 00 00 00 00  | ................
00000000000242F0 | 00 00 00 00 00 00 00 00  00 00 00 00 00 00 00 00  | ................
0000000000024300 | 00 00 00 00 00 00 00 00  00 00 00 00 00 00 00 00  | ................
0000000000024310 | F7 90 01 00 00 00 00 00  FC A4 00 00 00 00 00 00  | ................
0000000000024320 | 00 00 00 00 00 00 00 00  00 00 00 00 00 00 00 00  | ................
0000000000024330 | 00 00 00 00 00 00 00 00  00 00 00 00 00 00 00 00  | ................
0000000000024340 | 00 00 00 00 00 00 00 00  00 00 00 00 00 00 00 00  | ................
0000000000024350 | 00 00 00 00 00 00 00 00  00 00 00 00 00 00 00 00  | ................
0000000000024360 | 00 00 00 00 00 00 00 00  00 00 00 00 00 00 00 00  | ................
0000000000024370 | 00 00 00 00 00 00 00 00  00 00 00 00 00 00 00 00  | ................
0000000000024380 | 00 00 00 00 00 00 00 00  00 00 00 00 00 00 00 00  | ................
0000000000024390 | 18 00 88 00 05 00 00 00  00 00 00 00 00 00 00 00  | ................
00000000000243A0 | 00 00 00 00 00 00 00 00  00 00 00 00 00 00 00 00  | ................
00000000000243B0 | 00 00 00 00 00 00 00 00  00 00 00 00 00 00 00 00  | ................
00000000000243C0 | 00 00 00 00 00 00 00 00  00 00 00 00 00 00 00 00  | ................
00000000000243D0 | 00 00 00 00 00 00 00 00  00 00 00 00 00 00 00 00  | ................
00000000000243E0 | 00 00 00 00 00 00 00 00  00 00 00 00 00 00 00 00  | ................
00000000000243F0 | 00 00 00 00 00 00 00 00  00 00 00 00 00 00 00 00  | ................
0000000000024400 | 00 00 00 00 00 00 00 00  00 00 00 00 00 00 00 00  | ................
0000000000024410 | 00 00 00 00 00 00 00 00  00 00 00 00 00 00 00 00  | ................
0000000000024420 | 2D 71 01 00 00 00 00 00  14 A5 00 00 00 00 00 00  | -q..............
0000000000024430 | 00 00 00 00 00 00 00 00  00 00 00 00 00 00 00 00  | ................
0000000000024440 | 00 00 00 00 00 00 00 00  00 00 00 00 00 00 00 00  | ................
0000000000024450 | 00 00 00 00 00 00 00 00  00 00 00 00 00 00 00 00  | ................
0000000000024460 | 00 00 00 00 00 00 00 00  00 00 00 00 00 00 00 00  | ................
0000000000024470 | 00 00 00 00 00 00 00 00  00 00 00 00 00 00 00 00  | ................
0000000000024480 | 00 00 00 00 00 00 00 00  00 00 00 00 00 00 00 00  | ................
0000000000024490 | 00 00 00 00 00 00 00 00  00 00 00 00 00 00 00 00  | ................
00000000000244A0 | 19 00 28 00 0B 00 00 00  44 71 01 00 00 00 00 00  | ..(.....Dq......
00000000000244B0 | 80 A5 00 00 00 00 00 00  00 00 00 00 00 00 00 00  | ................
00000000000244C0 | 00 00 00 00 00 00 00 00  00 00 00 00 00 00 00 00  | ................
00000000000244D0 | 00 00 00 00 00 00 00 00  00 00 00 00 00 00 00 00  | ................
00000000000244E0 | 00 00 00 00 00 00 00 00  00 00 00 00 00 00 00 00  | ................
00000000000244F0 | 00 00 00 00 00 00 00 00  00 00 00 00 00 00 00 00  | ................
0000000000024500 | 00 00 00 00 00 00 00 00  00 00 00 00 00 00 00 00  | ................
0000000000024510 | 00 00 00 00 00 00 00 00  00 00 00 00 00 00 00 00  | ................
0000000000024520 | 00 00 00 00 00 00 00 00  18 00 CB 00 09 00 00 00  | ................
0000000000024530 | C7 97 01 00 00 00 00 00  90 A5 00 00 00 00 00 00  | ................
0000000000024540 | A8 A5 00 00 00 00 00 00  D0 A5 00 00 00 00 00 00  | ................
0000000000024550 | 00 00 00 00 00 00 00 00  00 00 00 00 00 00 00 00  | ................
0000000000024560 | 00 00 00 00 00 00 00 00  00 00 00 00 00 00 00 00  | ................
0000000000024570 | 00 00 00 00 00 00 00 00  00 00 00 00 00 00 00 00  | ................
0000000000024580 | 00 00 00 00 00 00 00 00  00 00 00 00 00 00 00 00  | ................
0000000000024590 | 00 00 00 00 00 00 00 00  00 00 00 00 00 00 00 00  | ................
00000000000245A0 | 00 00 00 00 00 00 00 00  00 00 00 00 00 00 00 00  | ................
00000000000245B0 | 08 00 D5 00 0A 00 00 00  6C A3 01 00 00 00 00 00  | ........l.......
00000000000245C0 | F8 A5 00 00 00 00 00 00  00 00 00 00 00 00 00 00  | ................
00000000000245D0 | 00 00 00 00 00 00 00 00  00 00 00 00 00 00 00 00  | ................
00000000000245E0 | 00 00 00 00 00 00 00 00  00 00 00 00 00 00 00 00  | ................
00000000000245F0 | 00 00 00 00 00 00 00 00  00 00 00 00 00 00 00 00  | ................
0000000000024600 | 00 00 00 00 00 00 00 00  00 00 00 00 00 00 00 00  | ................
0000000000024610 | 00 00 00 00 00 00 00 00  00 00 00 00 00 00 00 00  | ................
0000000000024620 | 00 00 00 00 00 00 00 00  00 00 00 00 00 00 00 00  | ................
0000000000024630 | 00 00 00 00 00 00 00 00  18 00 4B 00 09 00 00 00  | ..........K.....
0000000000024640 | 5B 71 01 00 00 00 00 00  28 A6 00 00 00 00 00 00  | [q......(.......
0000000000024650 | 00 00 00 00 00 00 00 00  00 00 00 00 00 00 00 00  | ................
0000000000024660 | 00 00 00 00 00 00 00 00  00 00 00 00 00 00 00 00  | ................
0000000000024670 | 00 00 00 00 00 00 00 00  00 00 00 00 00 00 00 00  | ................
0000000000024680 | 00 00 00 00 00 00 00 00  00 00 00 00 00 00 00 00  | ................
0000000000024690 | 00 00 00 00 00 00 00 00  00 00 00 00 00 00 00 00  | ................
00000000000246A0 | 00 00 00 00 00 00 00 00  00 00 00 00 00 00 00 00  | ................
00000000000246B0 | 00 00 00 00 00 00 00 00  00 00 00 00 00 00 00 00  | ................
00000000000246C0 | 19 00 96 00 0B 00 00 00  72 71 01 00 00 00 00 00  | ........rq......
00000000000246D0 | 58 A6 00 00 00 00 00 00  00 00 00 00 00 00 00 00  | X...............
00000000000246E0 | 00 00 00 00 00 00 00 00  00 00 00 00 00 00 00 00  | ................
00000000000246F0 | 00 00 00 00 00 00 00 00  00 00 00 00 00 00 00 00  | ................
0000000000024700 | 00 00 00 00 00 00 00 00  00 00 00 00 00 00 00 00  | ................
0000000000024710 | 00 00 00 00 00 00 00 00  00 00 00 00 00 00 00 00  | ................
0000000000024720 | 00 00 00 00 00 00 00 00  00 00 00 00 00 00 00 00  | ................
0000000000024730 | 00 00 00 00 00 00 00 00  00 00 00 00 00 00 00 00  | ................
0000000000024740 | 00 00 00 00 00 00 00 00  00 00 FF FF 0B 00 00 00  | ................
0000000000024750 | 8C 97 01 00 00 00 00 00  70 A6 00 00 00 00 00 00  | ........p.......
0000000000024760 | 88 A6 00 00 00 00 00 00  B0 A6 00 00 00 00 00 00  | ................
0000000000024770 | 00 00 00 00 00 00 00 00  00 00 00 00 00 00 00 00  | ................
0000000000024780 | 00 00 00 00 00 00 00 00  00 00 00 00 00 00 00 00  | ................
0000000000024790 | 00 00 00 00 00 00 00 00  00 00 00 00 00 00 00 00  | ................
00000000000247A0 | 00 00 00 00 00 00 00 00  00 00 00 00 00 00 00 00  | ................
00000000000247B0 | 00 00 00 00 00 00 00 00  00 00 00 00 00 00 00 00  | ................
00000000000247C0 | 00 00 00 00 00 00 00 00  00 00 00 00 00 00 00 00  | ................
00000000000247D0 | 08 00 94 00 09 00 00 00  00 00 00 00 00 00 00 00  | ................
00000000000247E0 | 00 00 00 00 00 00 00 00  00 00 00 00 00 00 00 00  | ................
00000000000247F0 | 00 00 00 00 00 00 00 00  00 00 00 00 00 00 00 00  | ................
0000000000024800 | 00 00 00 00 00 00 00 00  00 00 00 00 00 00 00 00  | ................
0000000000024810 | 00 00 00 00 00 00 00 00  00 00 00 00 00 00 00 00  | ................
0000000000024820 | 00 00 00 00 00 00 00 00  00 00 00 00 00 00 00 00  | ................
0000000000024830 | 00 00 00 00 00 00 00 00  00 00 00 00 00 00 00 00  | ................
0000000000024840 | 00 00 00 00 00 00 00 00  00 00 00 00 00 00 00 00  | ................
0000000000024850 | 00 00 00 00 00 00 00 00  00 00 00 00 00 00 00 00  | ................
0000000000024860 | 89 71 01 00 00 00 00 00  D8 A6 00 00 00 00 00 00  | .q..............
0000000000024870 | 00 00 00 00 00 00 00 00  00 00 00 00 00 00 00 00  | ................
0000000000024880 | 00 00 00 00 00 00 00 00  00 00 00 00 00 00 00 00  | ................
0000000000024890 | 00 00 00 00 00 00 00 00  00 00 00 00 00 00 00 00  | ................
00000000000248A0 | 00 00 00 00 00 00 00 00  00 00 00 00 00 00 00 00  | ................
00000000000248B0 | 00 00 00 00 00 00 00 00  00 00 00 00 00 00 00 00  | ................
00000000000248C0 | 00 00 00 00 00 00 00 00  00 00 00 00 00 00 00 00  | ................
00000000000248D0 | 00 00 00 00 00 00 00 00  00 00 00 00 00 00 00 00  | ................
00000000000248E0 | 19 00 54 00 0B 00 00 00  00 00 00 00 00 00 00 00  | ..T.............
00000000000248F0 | 00 00 00 00 00 00 00 00  00 00 00 00 00 00 00 00  | ................
0000000000024900 | 00 00 00 00 00 00 00 00  00 00 00 00 00 00 00 00  | ................
0000000000024910 | 00 00 00 00 00 00 00 00  00 00 00 00 00 00 00 00  | ................
0000000000024920 | 00 00 00 00 00 00 00 00  00 00 00 00 00 00 00 00  | ................
0000000000024930 | 00 00 00 00 00 00 00 00  00 00 00 00 00 00 00 00  | ................
0000000000024940 | 00 00 00 00 00 00 00 00  00 00 00 00 00 00 00 00  | ................
0000000000024950 | 00 00 00 00 00 00 00 00  00 00 00 00 00 00 00 00  | ................
0000000000024960 | 00 00 00 00 00 00 00 00  00 00 00 00 00 00 00 00  | ................
0000000000024970 | 71 5A 01 00 00 00 00 00  00 A7 00 00 00 00 00 00  | qZ..............
0000000000024980 | BC A8 00 00 00 00 00 00  E4 A8 00 00 00 00 00 00  | ................
0000000000024990 | 00 00 00 00 00 00 00 00  00 00 00 00 00 00 00 00  | ................
00000000000249A0 | 00 00 00 00 00 00 00 00  00 00 00 00 00 00 00 00  | ................
00000000000249B0 | 00 00 00 00 00 00 00 00  00 00 00 00 00 00 00 00  | ................
00000000000249C0 | 00 00 00 00 00 00 00 00  00 00 00 00 00 00 00 00  | ................
00000000000249D0 | 00 00 00 00 00 00 00 00  00 00 00 00 00 00 00 00  | ................
00000000000249E0 | 00 00 00 00 00 00 00 00  00 00 00 00 00 00 00 00  | ................
00000000000249F0 | 08 00 E0 00 0A 00 00 00  00 00 00 00 00 00 00 00  | ................
0000000000024A00 | 00 00 00 00 00 00 00 00  00 00 00 00 00 00 00 00  | ................
0000000000024A10 | 00 00 00 00 00 00 00 00  00 00 00 00 00 00 00 00  | ................
0000000000024A20 | 00 00 00 00 00 00 00 00  00 00 00 00 00 00 00 00  | ................
0000000000024A30 | 00 00 00 00 00 00 00 00  00 00 00 00 00 00 00 00  | ................
0000000000024A40 | 00 00 00 00 00 00 00 00  00 00 00 00 00 00 00 00  | ................
0000000000024A50 | 00 00 00 00 00 00 00 00  00 00 00 00 00 00 00 00  | ................
0000000000024A60 | 00 00 00 00 00 00 00 00  00 00 00 00 00 00 00 00  | ................
0000000000024A70 | 00 00 00 00 00 00 00 00  00 00 00 00 00 00 00 00  | ................
0000000000024A80 | 00 00 00 00 00 00 00 00  00 00 00 00 00 00 00 00  | ................
0000000000024A90 | 00 00 00 00 00 00 00 00  00 00 00 00 00 00 00 00  | ................
0000000000024AA0 | 00 00 00 00 00 00 00 00  00 00 00 00 00 00 00 00  | ................
0000000000024AB0 | 00 00 00 00 00 00 00 00  00 00 00 00 00 00 00 00  | ................
0000000000024AC0 | 00 00 00 00 00 00 00 00  00 00 00 00 00 00 00 00  | ................
0000000000024AD0 | 00 00 00 00 00 00 00 00  00 00 00 00 00 00 00 00  | ................
0000000000024AE0 | 00 00 00 00 00 00 00 00  00 00 00 00 00 00 00 00  | ................
0000000000024AF0 | 00 00 00 00 00 00 00 00  00 00 00 00 00 00 00 00  | ................
0000000000024B00 | 00 00 00 00 00 00 00 00  A0 71 01 00 00 00 00 00  | .........q......
0000000000024B10 | 0C A9 00 00 00 00 00 00  00 00 00 00 00 00 00 00  | ................
0000000000024B20 | 00 00 00 00 00 00 00 00  00 00 00 00 00 00 00 00  | ................
0000000000024B30 | 00 00 00 00 00 00 00 00  00 00 00 00 00 00 00 00  | ................
0000000000024B40 | 00 00 00 00 00 00 00 00  00 00 00 00 00 00 00 00  | ................
0000000000024B50 | 00 00 00 00 00 00 00 00  00 00 00 00 00 00 00 00  | ................
0000000000024B60 | 00 00 00 00 00 00 00 00  00 00 00 00 00 00 00 00  | ................
0000000000024B70 | 00 00 00 00 00 00 00 00  00 00 00 00 00 00 00 00  | ................
0000000000024B80 | 00 00 00 00 00 00 00 00  08 00 FF FF 09 00 00 00  | ................
0000000000024B90 | B7 71 01 00 00 00 00 00  00 00 00 00 00 00 00 00  | .q..............
0000000000024BA0 | 00 00 00 00 00 00 00 00  00 00 00 00 00 00 00 00  | ................
0000000000024BB0 | 07 00 00 00 00 00 00 00  00 00 00 00 00 00 00 00  | ................
0000000000024BC0 | 00 00 00 00 00 00 00 00  00 00 00 00 00 00 00 00  | ................
0000000000024BD0 | 00 00 00 00 00 00 00 00  00 00 00 00 00 00 00 00  | ................
0000000000024BE0 | 00 00 00 00 00 00 00 00  00 00 00 00 00 00 00 00  | ................
0000000000024BF0 | 00 00 00 00 00 00 00 00  00 00 00 00 00 00 00 00  | ................
0000000000024C00 | 00 00 00 00 00 00 00 00  00 00 00 00 00 00 00 00  | ................
0000000000024C10 | 00 00 FF FF 0B 00 00 00  73 82 01 00 00 00 00 00  | ........s.......
0000000000024C20 | 1C A9 00 00 00 00 00 00  00 00 00 00 00 00 00 00  | ................
0000000000024C30 | 00 00 00 00 00 00 00 00  00 00 00 00 00 00 00 00  | ................
0000000000024C40 | 00 00 00 00 00 00 00 00  00 00 00 00 00 00 00 00  | ................
0000000000024C50 | 00 00 00 00 00 00 00 00  00 00 00 00 00 00 00 00  | ................
0000000000024C60 | 00 00 00 00 00 00 00 00  00 00 00 00 00 00 00 00  | ................
0000000000024C70 | 00 00 00 00 00 00 00 00  00 00 00 00 00 00 00 00  | ................
0000000000024C80 | 00 00 00 00 00 00 00 00  00 00 00 00 00 00 00 00  | ................
0000000000024C90 | 00 00 00 00 00 00 00 00  19 00 65 00 0B 00 00 00  | ..........e.....
0000000000024CA0 | CE 71 01 00 00 00 00 00  44 A9 00 00 00 00 00 00  | .q......D.......
0000000000024CB0 | 00 00 00 00 00 00 00 00  00 00 00 00 00 00 00 00  | ................
0000000000024CC0 | 00 00 00 00 00 00 00 00  00 00 00 00 00 00 00 00  | ................
0000000000024CD0 | 00 00 00 00 00 00 00 00  00 00 00 00 00 00 00 00  | ................
0000000000024CE0 | 00 00 00 00 00 00 00 00  00 00 00 00 00 00 00 00  | ................
0000000000024CF0 | 00 00 00 00 00 00 00 00  00 00 00 00 00 00 00 00  | ................
0000000000024D00 | 00 00 00 00 00 00 00 00  00 00 00 00 00 00 00 00  | ................
0000000000024D10 | 00 00 00 00 00 00 00 00  00 00 00 00 00 00 00 00  | ................
0000000000024D20 | 18 00 F3 00 09 00 00 00  00 00 00 00 00 00 00 00  | ................
0000000000024D30 | 00 00 00 00 00 00 00 00  00 00 00 00 00 00 00 00  | ................
0000000000024D40 | 00 00 00 00 00 00 00 00  00 00 00 00 00 00 00 00  | ................
0000000000024D50 | 00 00 00 00 00 00 00 00  00 00 00 00 00 00 00 00  | ................
0000000000024D60 | 00 00 00 00 00 00 00 00  00 00 00 00 00 00 00 00  | ................
0000000000024D70 | 00 00 00 00 00 00 00 00  00 00 00 00 00 00 00 00  | ................
0000000000024D80 | 00 00 00 00 00 00 00 00  00 00 00 00 00 00 00 00  | ................
0000000000024D90 | 00 00 00 00 00 00 00 00  00 00 00 00 00 00 00 00  | ................
0000000000024DA0 | 00 00 00 00 00 00 00 00  00 00 00 00 00 00 00 00  | ................
0000000000024DB0 | E5 71 01 00 00 00 00 00  5C A9 00 00 00 00 00 00  | .q......\.......
0000000000024DC0 | 00 00 00 00 00 00 00 00  00 00 00 00 00 00 00 00  | ................
0000000000024DD0 | 00 00 00 00 00 00 00 00  00 00 00 00 00 00 00 00  | ................
0000000000024DE0 | 00 00 00 00 00 00 00 00  00 00 00 00 00 00 00 00  | ................
0000000000024DF0 | 00 00 00 00 00 00 00 00  00 00 00 00 00 00 00 00  | ................
0000000000024E00 | 00 00 00 00 00 00 00 00  00 00 00 00 00 00 00 00  | ................
0000000000024E10 | 00 00 00 00 00 00 00 00  00 00 00 00 00 00 00 00  | ................
0000000000024E20 | 00 00 00 00 00 00 00 00  00 00 00 00 00 00 00 00  | ................
0000000000024E30 | 19 00 90 00 0B 00 00 00  FC 71 01 00 00 00 00 00  | .........q......
0000000000024E40 | B8 A9 00 00 00 00 00 00  00 00 00 00 00 00 00 00  | ................
0000000000024E50 | 00 00 00 00 00 00 00 00  00 00 00 00 00 00 00 00  | ................
0000000000024E60 | 00 00 00 00 00 00 00 00  00 00 00 00 00 00 00 00  | ................
0000000000024E70 | 00 00 00 00 00 00 00 00  00 00 00 00 00 00 00 00  | ................
0000000000024E80 | 00 00 00 00 00 00 00 00  00 00 00 00 00 00 00 00  | ................
0000000000024E90 | 00 00 00 00 00 00 00 00  00 00 00 00 00 00 00 00  | ................
0000000000024EA0 | 00 00 00 00 00 00 00 00  00 00 00 00 00 00 00 00  | ................
0000000000024EB0 | 00 00 00 00 00 00 00 00  18 00 17 00 05 00 00 00  | ................
0000000000024EC0 | 00 00 00 00 00 00 00 00  00 00 00 00 00 00 00 00  | ................
0000000000024ED0 | 00 00 00 00 00 00 00 00  00 00 00 00 00 00 00 00  | ................
0000000000024EE0 | 00 00 00 00 00 00 00 00  00 00 00 00 00 00 00 00  | ................
0000000000024EF0 | 00 00 00 00 00 00 00 00  00 00 00 00 00 00 00 00  | ................
0000000000024F00 | 00 00 00 00 00 00 00 00  00 00 00 00 00 00 00 00  | ................
0000000000024F10 | 00 00 00 00 00 00 00 00  00 00 00 00 00 00 00 00  | ................
0000000000024F20 | 00 00 00 00 00 00 00 00  00 00 00 00 00 00 00 00  | ................
0000000000024F30 | 00 00 00 00 00 00 00 00  00 00 00 00 00 00 00 00  | ................
0000000000024F40 | 00 00 00 00 00 00 00 00  13 72 01 00 00 00 00 00  | .........r......
0000000000024F50 | AC AA 00 00 00 00 00 00  00 00 00 00 00 00 00 00  | ................
0000000000024F60 | 00 00 00 00 00 00 00 00  00 00 00 00 00 00 00 00  | ................
0000000000024F70 | 00 00 00 00 00 00 00 00  00 00 00 00 00 00 00 00  | ................
0000000000024F80 | 00 00 00 00 00 00 00 00  00 00 00 00 00 00 00 00  | ................
0000000000024F90 | 00 00 00 00 00 00 00 00  00 00 00 00 00 00 00 00  | ................
0000000000024FA0 | 00 00 00 00 00 00 00 00  00 00 00 00 00 00 00 00  | ................
0000000000024FB0 | 00 00 00 00 00 00 00 00  00 00 00 00 00 00 00 00  | ................
0000000000024FC0 | 00 00 00 00 00 00 00 00  19 00 69 00 0B 00 00 00  | ..........i.....
0000000000024FD0 | 00 00 00 00 00 00 00 00  00 00 00 00 00 00 00 00  | ................
0000000000024FE0 | 00 00 00 00 00 00 00 00  00 00 00 00 00 00 00 00  | ................
0000000000024FF0 | 00 00 00 00 00 00 00 00  00 00 00 00 00 00 00 00  | ................
0000000000025000 | 00 00 00 00 00 00 00 00  00 00 00 00 00 00 00 00  | ................
0000000000025010 | 00 00 00 00 00 00 00 00  00 00 00 00 00 00 00 00  | ................
0000000000025020 | 00 00 00 00 00 00 00 00  00 00 00 00 00 00 00 00  | ................
0000000000025030 | 00 00 00 00 00 00 00 00  00 00 00 00 00 00 00 00  | ................
0000000000025040 | 00 00 00 00 00 00 00 00  00 00 00 00 00 00 00 00  | ................
0000000000025050 | 00 00 00 00 00 00 00 00  2A 72 01 00 00 00 00 00  | ........*r......
0000000000025060 | D4 AA 00 00 00 00 00 00  00 00 00 00 00 00 00 00  | ................
0000000000025070 | 00 00 00 00 00 00 00 00  00 00 00 00 00 00 00 00  | ................
0000000000025080 | 00 00 00 00 00 00 00 00  00 00 00 00 00 00 00 00  | ................
0000000000025090 | 00 00 00 00 00 00 00 00  00 00 00 00 00 00 00 00  | ................
00000000000250A0 | 00 00 00 00 00 00 00 00  00 00 00 00 00 00 00 00  | ................
00000000000250B0 | 00 00 00 00 00 00 00 00  00 00 00 00 00 00 00 00  | ................
00000000000250C0 | 00 00 00 00 00 00 00 00  00 00 00 00 00 00 00 00  | ................
00000000000250D0 | 00 00 00 00 00 00 00 00  19 00 E9 00 0B 00 00 00  | ................
00000000000250E0 | 41 72 01 00 00 00 00 00  F0 AA 00 00 00 00 00 00  | Ar..............
00000000000250F0 | 00 00 00 00 00 00 00 00  00 00 00 00 00 00 00 00  | ................
0000000000025100 | 00 00 00 00 00 00 00 00  00 00 00 00 00 00 00 00  | ................
0000000000025110 | 00 00 00 00 00 00 00 00  00 00 00 00 00 00 00 00  | ................
0000000000025120 | 00 00 00 00 00 00 00 00  00 00 00 00 00 00 00 00  | ................
0000000000025130 | 00 00 00 00 00 00 00 00  00 00 00 00 00 00 00 00  | ................
0000000000025140 | 00 00 00 00 00 00 00 00  00 00 00 00 00 00 00 00  | ................
0000000000025150 | 00 00 00 00 00 00 00 00  00 00 00 00 00 00 00 00  | ................
0000000000025160 | 19 00 E7 00 0B 00 00 00  00 00 00 00 00 00 00 00  | ................
0000000000025170 | 00 00 00 00 00 00 00 00  00 00 00 00 00 00 00 00  | ................
0000000000025180 | 00 00 00 00 00 00 00 00  00 00 00 00 00 00 00 00  | ................
0000000000025190 | 00 00 00 00 00 00 00 00  00 00 00 00 00 00 00 00  | ................
00000000000251A0 | 00 00 00 00 00 00 00 00  00 00 00 00 00 00 00 00  | ................
00000000000251B0 | 00 00 00 00 00 00 00 00  00 00 00 00 00 00 00 00  | ................
00000000000251C0 | 00 00 00 00 00 00 00 00  00 00 00 00 00 00 00 00  | ................
00000000000251D0 | 00 00 00 00 00 00 00 00  00 00 00 00 00 00 00 00  | ................
00000000000251E0 | 00 00 00 00 00 00 00 00  00 00 00 00 00 00 00 00  | ................
00000000000251F0 | 00 00 00 00 00 00 00 00  00 00 00 00 00 00 00 00  | ................
0000000000025200 | 00 00 00 00 00 00 00 00  00 00 00 00 00 00 00 00  | ................
0000000000025210 | 00 00 00 00 00 00 00 00  00 00 00 00 00 00 00 00  | ................
0000000000025220 | 00 00 00 00 00 00 00 00  00 00 00 00 00 00 00 00  | ................
0000000000025230 | 00 00 00 00 00 00 00 00  00 00 00 00 00 00 00 00  | ................
0000000000025240 | 00 00 00 00 00 00 00 00  00 00 00 00 00 00 00 00  | ................
0000000000025250 | 00 00 00 00 00 00 00 00  00 00 00 00 00 00 00 00  | ................
0000000000025260 | 00 00 00 00 00 00 00 00  00 00 00 00 00 00 00 00  | ................
0000000000025270 | 00 00 00 00 00 00 00 00  00 00 00 00 00 00 00 00  | ................
0000000000025280 | 00 00 00 00 00 00 00 00  00 00 00 00 00 00 00 00  | ................
0000000000025290 | 00 00 00 00 00 00 00 00  00 00 00 00 00 00 00 00  | ................
00000000000252A0 | 00 00 00 00 00 00 00 00  00 00 00 00 00 00 00 00  | ................
00000000000252B0 | 00 00 00 00 00 00 00 00  00 00 00 00 00 00 00 00  | ................
00000000000252C0 | 00 00 00 00 00 00 00 00  00 00 00 00 00 00 00 00  | ................
00000000000252D0 | 00 00 00 00 00 00 00 00  00 00 00 00 00 00 00 00  | ................
00000000000252E0 | 00 00 00 00 00 00 00 00  00 00 00 00 00 00 00 00  | ................
00000000000252F0 | 00 00 00 00 00 00 00 00  00 00 00 00 00 00 00 00  | ................
0000000000025300 | 58 72 01 00 00 00 00 00  1C AB 00 00 00 00 00 00  | Xr..............
0000000000025310 | 00 00 00 00 00 00 00 00  00 00 00 00 00 00 00 00  | ................
0000000000025320 | 00 00 00 00 00 00 00 00  00 00 00 00 00 00 00 00  | ................
0000000000025330 | 00 00 00 00 00 00 00 00  00 00 00 00 00 00 00 00  | ................
0000000000025340 | 00 00 00 00 00 00 00 00  00 00 00 00 00 00 00 00  | ................
0000000000025350 | 00 00 00 00 00 00 00 00  00 00 00 00 00 00 00 00  | ................
0000000000025360 | 00 00 00 00 00 00 00 00  00 00 00 00 00 00 00 00  | ................
0000000000025370 | 00 00 00 00 00 00 00 00  00 00 00 00 00 00 00 00  | ................
0000000000025380 | 00 00 FF FF 09 00 00 00  6F 72 01 00 00 00 00 00  | ........or......
0000000000025390 | 68 AB 00 00 00 00 00 00  00 00 00 00 00 00 00 00  | h...............
00000000000253A0 | 00 00 00 00 00 00 00 00  00 00 00 00 00 00 00 00  | ................
00000000000253B0 | 00 00 00 00 00 00 00 00  00 00 00 00 00 00 00 00  | ................
00000000000253C0 | 00 00 00 00 00 00 00 00  00 00 00 00 00 00 00 00  | ................
00000000000253D0 | 00 00 00 00 00 00 00 00  00 00 00 00 00 00 00 00  | ................
00000000000253E0 | 00 00 00 00 00 00 00 00  00 00 00 00 00 00 00 00  | ................
00000000000253F0 | 00 00 00 00 00 00 00 00  00 00 00 00 00 00 00 00  | ................
0000000000025400 | 00 00 00 00 00 00 00 00  19 00 52 00 0B 00 00 00  | ..........R.....
0000000000025410 | 00 00 00 00 00 00 00 00  00 00 00 00 00 00 00 00  | ................
0000000000025420 | 00 00 00 00 00 00 00 00  00 00 00 00 00 00 00 00  | ................
0000000000025430 | 00 00 00 00 00 00 00 00  00 00 00 00 00 00 00 00  | ................
0000000000025440 | 00 00 00 00 00 00 00 00  00 00 00 00 00 00 00 00  | ................
0000000000025450 | 00 00 00 00 00 00 00 00  00 00 00 00 00 00 00 00  | ................
0000000000025460 | 00 00 00 00 00 00 00 00  00 00 00 00 00 00 00 00  | ................
0000000000025470 | 00 00 00 00 00 00 00 00  00 00 00 00 00 00 00 00  | ................
0000000000025480 | 00 00 00 00 00 00 00 00  00 00 00 00 00 00 00 00  | ................
0000000000025490 | 00 00 00 00 00 00 00 00  86 72 01 00 00 00 00 00  | .........r......
00000000000254A0 | 90 AB 00 00 00 00 00 00  00 00 00 00 00 00 00 00  | ................
00000000000254B0 | 00 00 00 00 00 00 00 00  00 00 00 00 00 00 00 00  | ................
00000000000254C0 | 00 00 00 00 00 00 00 00  00 00 00 00 00 00 00 00  | ................
00000000000254D0 | 00 00 00 00 00 00 00 00  00 00 00 00 00 00 00 00  | ................
00000000000254E0 | 00 00 00 00 00 00 00 00  00 00 00 00 00 00 00 00  | ................
00000000000254F0 | 00 00 00 00 00 00 00 00  00 00 00 00 00 00 00 00  | ................
0000000000025500 | 00 00 00 00 00 00 00 00  00 00 00 00 00 00 00 00  | ................
0000000000025510 | 00 00 00 00 00 00 00 00  19 00 24 00 05 00 00 00  | ..........$.....
0000000000025520 | 9D 72 01 00 00 00 00 00  B4 AB 00 00 00 00 00 00  | .r..............
0000000000025530 | 00 00 00 00 00 00 00 00  00 00 00 00 00 00 00 00  | ................
0000000000025540 | 00 00 00 00 00 00 00 00  00 00 00 00 00 00 00 00  | ................
0000000000025550 | 00 00 00 00 00 00 00 00  00 00 00 00 00 00 00 00  | ................
0000000000025560 | 00 00 00 00 00 00 00 00  00 00 00 00 00 00 00 00  | ................
0000000000025570 | 00 00 00 00 00 00 00 00  00 00 00 00 00 00 00 00  | ................
0000000000025580 | 00 00 00 00 00 00 00 00  00 00 00 00 00 00 00 00  | ................
0000000000025590 | 00 00 00 00 00 00 00 00  00 00 00 00 00 00 00 00  | ................
00000000000255A0 | 00 00 FF FF 02 00 00 00  44 95 01 00 00 00 00 00  | ........D.......
00000000000255B0 | C0 AB 00 00 00 00 00 00  00 00 00 00 00 00 00 00  | ................
00000000000255C0 | 00 00 00 00 00 00 00 00  05 00 00 00 00 00 00 00  | ................
00000000000255D0 | 00 00 00 00 00 00 00 00  00 00 00 00 00 00 00 00  | ................
00000000000255E0 | 00 00 00 00 00 00 00 00  00 00 00 00 00 00 00 00  | ................
00000000000255F0 | 00 00 00 00 00 00 00 00  00 00 00 00 00 00 00 00  | ................
0000000000025600 | 00 00 00 00 00 00 00 00  00 00 00 00 00 00 00 00  | ................
0000000000025610 | 00 00 00 00 00 00 00 00  00 00 00 00 00 00 00 00  | ................
0000000000025620 | 00 00 00 00 00 00 00 00  00 00 FF FF 05 00 00 00  | ................
0000000000025630 | 00 00 00 00 00 00 00 00  00 00 00 00 00 00 00 00  | ................
0000000000025640 | 00 00 00 00 00 00 00 00  00 00 00 00 00 00 00 00  | ................
0000000000025650 | 00 00 00 00 00 00 00 00  00 00 00 00 00 00 00 00  | ................
0000000000025660 | 00 00 00 00 00 00 00 00  00 00 00 00 00 00 00 00  | ................
0000000000025670 | 00 00 00 00 00 00 00 00  00 00 00 00 00 00 00 00  | ................
0000000000025680 | 00 00 00 00 00 00 00 00  00 00 00 00 00 00 00 00  | ................
0000000000025690 | 00 00 00 00 00 00 00 00  00 00 00 00 00 00 00 00  | ................
00000000000256A0 | 00 00 00 00 00 00 00 00  00 00 00 00 00 00 00 00  | ................
00000000000256B0 | 00 00 00 00 00 00 00 00  D4 8C 01 00 00 00 00 00  | ................
00000000000256C0 | C8 AB 00 00 00 00 00 00  20 AC 00 00 00 00 00 00  | ........ .......
00000000000256D0 | 48 AC 00 00 00 00 00 00  00 00 00 00 00 00 00 00  | H...............
00000000000256E0 | 00 00 00 00 00 00 00 00  00 00 00 00 00 00 00 00  | ................
00000000000256F0 | 00 00 00 00 00 00 00 00  00 00 00 00 00 00 00 00  | ................
0000000000025700 | 00 00 00 00 00 00 00 00  00 00 00 00 00 00 00 00  | ................
0000000000025710 | 00 00 00 00 00 00 00 00  00 00 00 00 00 00 00 00  | ................
0000000000025720 | 00 00 00 00 00 00 00 00  00 00 00 00 00 00 00 00  | ................
0000000000025730 | 00 00 00 00 00 00 00 00  00 00 FF FF 09 00 00 00  | ................
0000000000025740 | B4 72 01 00 00 00 00 00  70 AC 00 00 00 00 00 00  | .r......p.......
0000000000025750 | 00 00 00 00 00 00 00 00  00 00 00 00 00 00 00 00  | ................
0000000000025760 | 00 00 00 00 00 00 00 00  00 00 00 00 00 00 00 00  | ................
0000000000025770 | 00 00 00 00 00 00 00 00  00 00 00 00 00 00 00 00  | ................
0000000000025780 | 00 00 00 00 00 00 00 00  00 00 00 00 00 00 00 00  | ................
0000000000025790 | 00 00 00 00 00 00 00 00  00 00 00 00 00 00 00 00  | ................
00000000000257A0 | 00 00 00 00 00 00 00 00  00 00 00 00 00 00 00 00  | ................
00000000000257B0 | 00 00 00 00 00 00 00 00  00 00 00 00 00 00 00 00  | ................
00000000000257C0 | 00 00 FF FF 0A 00 00 00  00 00 00 00 00 00 00 00  | ................
00000000000257D0 | 00 00 00 00 00 00 00 00  00 00 00 00 00 00 00 00  | ................
00000000000257E0 | 00 00 00 00 00 00 00 00  00 00 00 00 00 00 00 00  | ................
00000000000257F0 | 00 00 00 00 00 00 00 00  00 00 00 00 00 00 00 00  | ................
0000000000025800 | 00 00 00 00 00 00 00 00  00 00 00 00 00 00 00 00  | ................
0000000000025810 | 00 00 00 00 00 00 00 00  00 00 00 00 00 00 00 00  | ................
0000000000025820 | 00 00 00 00 00 00 00 00  00 00 00 00 00 00 00 00  | ................
0000000000025830 | 00 00 00 00 00 00 00 00  00 00 00 00 00 00 00 00  | ................
0000000000025840 | 00 00 00 00 00 00 00 00  00 00 00 00 00 00 00 00  | ................
0000000000025850 | CB 72 01 00 00 00 00 00  D0 AC 00 00 00 00 00 00  | .r..............
0000000000025860 | 00 00 00 00 00 00 00 00  00 00 00 00 00 00 00 00  | ................
0000000000025870 | 00 00 00 00 00 00 00 00  00 00 00 00 00 00 00 00  | ................
0000000000025880 | 00 00 00 00 00 00 00 00  00 00 00 00 00 00 00 00  | ................
0000000000025890 | 00 00 00 00 00 00 00 00  00 00 00 00 00 00 00 00  | ................
00000000000258A0 | 00 00 00 00 00 00 00 00  00 00 00 00 00 00 00 00  | ................
00000000000258B0 | 00 00 00 00 00 00 00 00  00 00 00 00 00 00 00 00  | ................
00000000000258C0 | 00 00 00 00 00 00 00 00  00 00 00 00 00 00 00 00  | ................
00000000000258D0 | 19 00 3D 00 0B 00 00 00  E2 72 01 00 00 00 00 00  | ..=......r......
00000000000258E0 | 18 AD 00 00 00 00 00 00  00 00 00 00 00 00 00 00  | ................
00000000000258F0 | 00 00 00 00 00 00 00 00  05 00 00 00 00 00 00 00  | ................
0000000000025900 | 00 00 00 00 00 00 00 00  00 00 00 00 00 00 00 00  | ................
0000000000025910 | 00 00 00 00 00 00 00 00  00 00 00 00 00 00 00 00  | ................
0000000000025920 | 00 00 00 00 00 00 00 00  00 00 00 00 00 00 00 00  | ................
0000000000025930 | 00 00 00 00 00 00 00 00  00 00 00 00 00 00 00 00  | ................
0000000000025940 | 00 00 00 00 00 00 00 00  00 00 00 00 00 00 00 00  | ................
0000000000025950 | 00 00 00 00 00 00 00 00  00 00 FF FF 02 00 00 00  | ................
0000000000025960 | 09 93 01 00 00 00 00 00  F8 AE 00 00 00 00 00 00  | ................
0000000000025970 | 00 00 00 00 00 00 00 00  00 00 00 00 00 00 00 00  | ................
0000000000025980 | 00 00 00 00 00 00 00 00  00 00 00 00 00 00 00 00  | ................
0000000000025990 | 00 00 00 00 00 00 00 00  00 00 00 00 00 00 00 00  | ................
00000000000259A0 | 00 00 00 00 00 00 00 00  00 00 00 00 00 00 00 00  | ................
00000000000259B0 | 00 00 00 00 00 00 00 00  00 00 00 00 00 00 00 00  | ................
00000000000259C0 | 00 00 00 00 00 00 00 00  00 00 00 00 00 00 00 00  | ................
00000000000259D0 | 00 00 00 00 00 00 00 00  00 00 00 00 00 00 00 00  | ................
00000000000259E0 | 19 00 68 00 0B 00 00 00  F9 72 01 00 00 00 00 00  | ..h......r......
00000000000259F0 | 20 AF 00 00 00 00 00 00  00 00 00 00 00 00 00 00  |  ...............
0000000000025A00 | 00 00 00 00 00 00 00 00  00 00 00 00 00 00 00 00  | ................
0000000000025A10 | 00 00 00 00 00 00 00 00  00 00 00 00 00 00 00 00  | ................
0000000000025A20 | 00 00 00 00 00 00 00 00  00 00 00 00 00 00 00 00  | ................
0000000000025A30 | 00 00 00 00 00 00 00 00  00 00 00 00 00 00 00 00  | ................
0000000000025A40 | 00 00 00 00 00 00 00 00  00 00 00 00 00 00 00 00  | ................
0000000000025A50 | 00 00 00 00 00 00 00 00  00 00 00 00 00 00 00 00  | ................
0000000000025A60 | 00 00 00 00 00 00 00 00  19 00 70 00 0B 00 00 00  | ..........p.....
0000000000025A70 | 10 73 01 00 00 00 00 00  54 AF 00 00 00 00 00 00  | .s......T.......
0000000000025A80 | 00 00 00 00 00 00 00 00  00 00 00 00 00 00 00 00  | ................
0000000000025A90 | 00 00 00 00 00 00 00 00  00 00 00 00 00 00 00 00  | ................
0000000000025AA0 | 00 00 00 00 00 00 00 00  00 00 00 00 00 00 00 00  | ................
0000000000025AB0 | 00 00 00 00 00 00 00 00  00 00 00 00 00 00 00 00  | ................
0000000000025AC0 | 00 00 00 00 00 00 00 00  00 00 00 00 00 00 00 00  | ................
0000000000025AD0 | 00 00 00 00 00 00 00 00  00 00 00 00 00 00 00 00  | ................
0000000000025AE0 | 00 00 00 00 00 00 00 00  00 00 00 00 00 00 00 00  | ................
0000000000025AF0 | 00 00 FF FF 09 00 00 00  27 73 01 00 00 00 00 00  | ........'s......
0000000000025B00 | A0 AF 00 00 00 00 00 00  00 00 00 00 00 00 00 00  | ................
0000000000025B10 | 00 00 00 00 00 00 00 00  00 00 00 00 00 00 00 00  | ................
0000000000025B20 | 00 00 00 00 00 00 00 00  00 00 00 00 00 00 00 00  | ................
0000000000025B30 | 00 00 00 00 00 00 00 00  00 00 00 00 00 00 00 00  | ................
0000000000025B40 | 00 00 00 00 00 00 00 00  00 00 00 00 00 00 00 00  | ................
0000000000025B50 | 00 00 00 00 00 00 00 00  00 00 00 00 00 00 00 00  | ................
0000000000025B60 | 00 00 00 00 00 00 00 00  00 00 00 00 00 00 00 00  | ................
0000000000025B70 | 00 00 00 00 00 00 00 00  19 00 4E 00 0B 00 00 00  | ..........N.....
0000000000025B80 | 00 00 00 00 00 00 00 00  00 00 00 00 00 00 00 00  | ................
0000000000025B90 | 00 00 00 00 00 00 00 00  00 00 00 00 00 00 00 00  | ................
0000000000025BA0 | 00 00 00 00 00 00 00 00  00 00 00 00 00 00 00 00  | ................
0000000000025BB0 | 00 00 00 00 00 00 00 00  00 00 00 00 00 00 00 00  | ................
0000000000025BC0 | 00 00 00 00 00 00 00 00  00 00 00 00 00 00 00 00  | ................
0000000000025BD0 | 00 00 00 00 00 00 00 00  00 00 00 00 00 00 00 00  | ................
0000000000025BE0 | 00 00 00 00 00 00 00 00  00 00 00 00 00 00 00 00  | ................
0000000000025BF0 | 00 00 00 00 00 00 00 00  00 00 00 00 00 00 00 00  | ................
0000000000025C00 | 00 00 00 00 00 00 00 00  3E 73 01 00 00 00 00 00  | ........>s......
0000000000025C10 | BC AF 00 00 00 00 00 00  00 00 00 00 00 00 00 00  | ................
0000000000025C20 | 00 00 00 00 00 00 00 00  00 00 00 00 00 00 00 00  | ................
0000000000025C30 | 00 00 00 00 00 00 00 00  00 00 00 00 00 00 00 00  | ................
0000000000025C40 | 00 00 00 00 00 00 00 00  00 00 00 00 00 00 00 00  | ................
0000000000025C50 | 00 00 00 00 00 00 00 00  00 00 00 00 00 00 00 00  | ................
0000000000025C60 | 00 00 00 00 00 00 00 00  00 00 00 00 00 00 00 00  | ................
0000000000025C70 | 00 00 00 00 00 00 00 00  00 00 00 00 00 00 00 00  | ................
0000000000025C80 | 00 00 00 00 00 00 00 00  19 00 50 00 0B 00 00 00  | ..........P.....
0000000000025C90 | 55 73 01 00 00 00 00 00  D8 AF 00 00 00 00 00 00  | Us..............
0000000000025CA0 | 00 00 00 00 00 00 00 00  00 00 00 00 00 00 00 00  | ................
0000000000025CB0 | 01 00 00 00 00 00 00 00  00 00 00 00 00 00 00 00  | ................
0000000000025CC0 | 00 00 00 00 00 00 00 00  00 00 00 00 00 00 00 00  | ................
0000000000025CD0 | C2 70 01 00 00 00 00 00  00 00 00 00 00 00 00 00  | .p..............
0000000000025CE0 | 00 00 00 00 00 00 00 00  00 00 00 00 00 00 00 00  | ................
0000000000025CF0 | 00 00 00 00 00 00 00 00  00 00 00 00 00 00 00 00  | ................
0000000000025D00 | 00 00 00 00 00 00 00 00  00 00 00 00 00 00 00 00  | ................
0000000000025D10 | 01 00 FF FF 0B 00 00 00  6C 73 01 00 00 00 00 00  | ........ls......
0000000000025D20 | 2C B0 00 00 00 00 00 00  00 00 00 00 00 00 00 00  | ,...............
0000000000025D30 | 00 00 00 00 00 00 00 00  00 00 00 00 00 00 00 00  | ................
0000000000025D40 | 00 00 00 00 00 00 00 00  00 00 00 00 00 00 00 00  | ................
0000000000025D50 | 00 00 00 00 00 00 00 00  00 00 00 00 00 00 00 00  | ................
0000000000025D60 | 00 00 00 00 00 00 00 00  00 00 00 00 00 00 00 00  | ................
0000000000025D70 | 00 00 00 00 00 00 00 00  00 00 00 00 00 00 00 00  | ................
0000000000025D80 | 00 00 00 00 00 00 00 00  00 00 00 00 00 00 00 00  | ................
0000000000025D90 | 00 00 00 00 00 00 00 00  18 00 79 00 09 00 00 00  | ..........y.....
0000000000025DA0 | 83 73 01 00 00 00 00 00  00 00 00 00 00 00 00 00  | .s..............
0000000000025DB0 | 00 00 00 00 00 00 00 00  00 00 00 00 00 00 00 00  | ................
0000000000025DC0 | 07 00 00 00 00 00 00 00  00 00 00 00 00 00 00 00  | ................
0000000000025DD0 | 00 00 00 00 00 00 00 00  00 00 00 00 00 00 00 00  | ................
0000000000025DE0 | 00 00 00 00 00 00 00 00  00 00 00 00 00 00 00 00  | ................
0000000000025DF0 | 00 00 00 00 00 00 00 00  00 00 00 00 00 00 00 00  | ................
0000000000025E00 | 00 00 00 00 00 00 00 00  00 00 00 00 00 00 00 00  | ................
0000000000025E10 | 00 00 00 00 00 00 00 00  00 00 00 00 00 00 00 00  | ................
0000000000025E20 | 00 00 FF FF 0B 00 00 00  A3 94 01 00 00 00 00 00  | ................
0000000000025E30 | 44 B0 00 00 00 00 00 00  48 B0 00 00 00 00 00 00  | D.......H.......
0000000000025E40 | 70 B0 00 00 00 00 00 00  00 00 00 00 00 00 00 00  | p...............
0000000000025E50 | 00 00 00 00 00 00 00 00  00 00 00 00 00 00 00 00  | ................
0000000000025E60 | 00 00 00 00 00 00 00 00  00 00 00 00 00 00 00 00  | ................
0000000000025E70 | 00 00 00 00 00 00 00 00  00 00 00 00 00 00 00 00  | ................
0000000000025E80 | 00 00 00 00 00 00 00 00  00 00 00 00 00 00 00 00  | ................
0000000000025E90 | 00 00 00 00 00 00 00 00  00 00 00 00 00 00 00 00  | ................
0000000000025EA0 | 00 00 00 00 00 00 00 00  08 00 E1 00 02 00 00 00  | ................
0000000000025EB0 | 83 A3 01 00 00 00 00 00  98 B0 00 00 00 00 00 00  | ................
0000000000025EC0 | 00 00 00 00 00 00 00 00  00 00 00 00 00 00 00 00  | ................
0000000000025ED0 | 00 00 00 00 00 00 00 00  00 00 00 00 00 00 00 00  | ................
0000000000025EE0 | 00 00 00 00 00 00 00 00  00 00 00 00 00 00 00 00  | ................
0000000000025EF0 | 00 00 00 00 00 00 00 00  00 00 00 00 00 00 00 00  | ................
0000000000025F00 | 00 00 00 00 00 00 00 00  00 00 00 00 00 00 00 00  | ................
0000000000025F10 | 00 00 00 00 00 00 00 00  00 00 00 00 00 00 00 00  | ................
0000000000025F20 | 00 00 00 00 00 00 00 00  00 00 00 00 00 00 00 00  | ................
0000000000025F30 | 18 00 15 00 05 00 00 00  00 00 00 00 00 00 00 00  | ................
0000000000025F40 | 00 00 00 00 00 00 00 00  00 00 00 00 00 00 00 00  | ................
0000000000025F50 | 00 00 00 00 00 00 00 00  00 00 00 00 00 00 00 00  | ................
0000000000025F60 | 00 00 00 00 00 00 00 00  00 00 00 00 00 00 00 00  | ................
0000000000025F70 | 00 00 00 00 00 00 00 00  00 00 00 00 00 00 00 00  | ................
0000000000025F80 | 00 00 00 00 00 00 00 00  00 00 00 00 00 00 00 00  | ................
0000000000025F90 | 00 00 00 00 00 00 00 00  00 00 00 00 00 00 00 00  | ................
0000000000025FA0 | 00 00 00 00 00 00 00 00  00 00 00 00 00 00 00 00  | ................
0000000000025FB0 | 00 00 00 00 00 00 00 00  00 00 00 00 00 00 00 00  | ................
0000000000025FC0 | 12 9B 01 00 00 00 00 00  B0 B0 00 00 00 00 00 00  | ................
0000000000025FD0 | 00 00 00 00 00 00 00 00  00 00 00 00 00 00 00 00  | ................
0000000000025FE0 | 06 00 00 00 00 00 00 00  00 00 00 00 00 00 00 00  | ................
0000000000025FF0 | 00 00 00 00 00 00 00 00  00 00 00 00 00 00 00 00  | ................
0000000000026000 | 00 00 00 00 00 00 00 00  00 00 00 00 00 00 00 00  | ................
0000000000026010 | 00 00 00 00 00 00 00 00  00 00 00 00 00 00 00 00  | ................
0000000000026020 | 00 00 00 00 00 00 00 00  00 00 00 00 00 00 00 00  | ................
0000000000026030 | 00 00 00 00 00 00 00 00  00 00 00 00 00 00 00 00  | ................
0000000000026040 | 01 00 FF FF 0B 00 00 00  9A 73 01 00 00 00 00 00  | .........s......
0000000000026050 | D4 B0 00 00 00 00 00 00  00 00 00 00 00 00 00 00  | ................
0000000000026060 | 00 00 00 00 00 00 00 00  00 00 00 00 00 00 00 00  | ................
0000000000026070 | 00 00 00 00 00 00 00 00  00 00 00 00 00 00 00 00  | ................
0000000000026080 | 00 00 00 00 00 00 00 00  00 00 00 00 00 00 00 00  | ................
0000000000026090 | 00 00 00 00 00 00 00 00  00 00 00 00 00 00 00 00  | ................
00000000000260A0 | 00 00 00 00 00 00 00 00  00 00 00 00 00 00 00 00  | ................
00000000000260B0 | 00 00 00 00 00 00 00 00  00 00 00 00 00 00 00 00  | ................
00000000000260C0 | 00 00 00 00 00 00 00 00  00 00 FF FF 0B 00 00 00  | ................
00000000000260D0 | B1 73 01 00 00 00 00 00  E4 B0 00 00 00 00 00 00  | .s..............
00000000000260E0 | 00 00 00 00 00 00 00 00  00 00 00 00 00 00 00 00  | ................
00000000000260F0 | 00 00 00 00 00 00 00 00  00 00 00 00 00 00 00 00  | ................
0000000000026100 | 00 00 00 00 00 00 00 00  00 00 00 00 00 00 00 00  | ................
0000000000026110 | 00 00 00 00 00 00 00 00  00 00 00 00 00 00 00 00  | ................
0000000000026120 | 00 00 00 00 00 00 00 00  00 00 00 00 00 00 00 00  | ................
0000000000026130 | 00 00 00 00 00 00 00 00  00 00 00 00 00 00 00 00  | ................
0000000000026140 | 00 00 00 00 00 00 00 00  00 00 00 00 00 00 00 00  | ................
0000000000026150 | 19 00 39 00 0B 00 00 00  C8 73 01 00 00 00 00 00  | ..9......s......
0000000000026160 | 0C B1 00 00 00 00 00 00  00 00 00 00 00 00 00 00  | ................
0000000000026170 | 00 00 00 00 00 00 00 00  00 00 00 00 00 00 00 00  | ................
0000000000026180 | 00 00 00 00 00 00 00 00  00 00 00 00 00 00 00 00  | ................
0000000000026190 | 00 00 00 00 00 00 00 00  00 00 00 00 00 00 00 00  | ................
00000000000261A0 | 00 00 00 00 00 00 00 00  00 00 00 00 00 00 00 00  | ................
00000000000261B0 | 00 00 00 00 00 00 00 00  00 00 00 00 00 00 00 00  | ................
00000000000261C0 | 00 00 00 00 00 00 00 00  00 00 00 00 00 00 00 00  | ................
00000000000261D0 | 00 00 00 00 00 00 00 00  19 00 D7 00 0B 00 00 00  | ................
00000000000261E0 | DF 73 01 00 00 00 00 00  3C B1 00 00 00 00 00 00  | .s......<.......
00000000000261F0 | 00 00 00 00 00 00 00 00  00 00 00 00 00 00 00 00  | ................
0000000000026200 | 00 00 00 00 00 00 00 00  00 00 00 00 00 00 00 00  | ................
0000000000026210 | 00 00 00 00 00 00 00 00  00 00 00 00 00 00 00 00  | ................
0000000000026220 | 00 00 00 00 00 00 00 00  00 00 00 00 00 00 00 00  | ................
0000000000026230 | 00 00 00 00 00 00 00 00  00 00 00 00 00 00 00 00  | ................
0000000000026240 | 00 00 00 00 00 00 00 00  00 00 00 00 00 00 00 00  | ................
0000000000026250 | 00 00 00 00 00 00 00 00  00 00 00 00 00 00 00 00  | ................
0000000000026260 | 19 00 AC 00 0B 00 00 00  00 00 00 00 00 00 00 00  | ................
0000000000026270 | 00 00 00 00 00 00 00 00  00 00 00 00 00 00 00 00  | ................
0000000000026280 | 00 00 00 00 00 00 00 00  00 00 00 00 00 00 00 00  | ................
0000000000026290 | 00 00 00 00 00 00 00 00  00 00 00 00 00 00 00 00  | ................
00000000000262A0 | 00 00 00 00 00 00 00 00  00 00 00 00 00 00 00 00  | ................
00000000000262B0 | 00 00 00 00 00 00 00 00  00 00 00 00 00 00 00 00  | ................
00000000000262C0 | 00 00 00 00 00 00 00 00  00 00 00 00 00 00 00 00  | ................
00000000000262D0 | 00 00 00 00 00 00 00 00  00 00 00 00 00 00 00 00  | ................
00000000000262E0 | 00 00 00 00 00 00 00 00  00 00 00 00 00 00 00 00  | ................
00000000000262F0 | 00 00 00 00 00 00 00 00  00 00 00 00 00 00 00 00  | ................
0000000000026300 | 00 00 00 00 00 00 00 00  00 00 00 00 00 00 00 00  | ................
0000000000026310 | 00 00 00 00 00 00 00 00  00 00 00 00 00 00 00 00  | ................
0000000000026320 | 00 00 00 00 00 00 00 00  00 00 00 00 00 00 00 00  | ................
0000000000026330 | 00 00 00 00 00 00 00 00  00 00 00 00 00 00 00 00  | ................
0000000000026340 | 00 00 00 00 00 00 00 00  00 00 00 00 00 00 00 00  | ................
0000000000026350 | 00 00 00 00 00 00 00 00  00 00 00 00 00 00 00 00  | ................
0000000000026360 | 00 00 00 00 00 00 00 00  00 00 00 00 00 00 00 00  | ................
0000000000026370 | 00 00 00 00 00 00 00 00  00 00 00 00 00 00 00 00  | ................
0000000000026380 | 00 00 00 00 00 00 00 00  00 00 00 00 00 00 00 00  | ................
0000000000026390 | 00 00 00 00 00 00 00 00  00 00 00 00 00 00 00 00  | ................
00000000000263A0 | 00 00 00 00 00 00 00 00  00 00 00 00 00 00 00 00  | ................
00000000000263B0 | 00 00 00 00 00 00 00 00  00 00 00 00 00 00 00 00  | ................
00000000000263C0 | 00 00 00 00 00 00 00 00  00 00 00 00 00 00 00 00  | ................
00000000000263D0 | 00 00 00 00 00 00 00 00  00 00 00 00 00 00 00 00  | ................
00000000000263E0 | 00 00 00 00 00 00 00 00  00 00 00 00 00 00 00 00  | ................
00000000000263F0 | 00 00 00 00 00 00 00 00  00 00 00 00 00 00 00 00  | ................
0000000000026400 | 00 00 00 00 00 00 00 00  00 00 00 00 00 00 00 00  | ................
0000000000026410 | 00 00 00 00 00 00 00 00  00 00 00 00 00 00 00 00  | ................
0000000000026420 | 00 00 00 00 00 00 00 00  00 00 00 00 00 00 00 00  | ................
0000000000026430 | 00 00 00 00 00 00 00 00  00 00 00 00 00 00 00 00  | ................
0000000000026440 | 00 00 00 00 00 00 00 00  00 00 00 00 00 00 00 00  | ................
0000000000026450 | 00 00 00 00 00 00 00 00  00 00 00 00 00 00 00 00  | ................
0000000000026460 | 00 00 00 00 00 00 00 00  00 00 00 00 00 00 00 00  | ................
0000000000026470 | 00 00 00 00 00 00 00 00  00 00 00 00 00 00 00 00  | ................
0000000000026480 | 00 00 00 00 00 00 00 00  F6 73 01 00 00 00 00 00  | .........s......
0000000000026490 | 84 B1 00 00 00 00 00 00  00 00 00 00 00 00 00 00  | ................
00000000000264A0 | 00 00 00 00 00 00 00 00  00 00 00 00 00 00 00 00  | ................
00000000000264B0 | 00 00 00 00 00 00 00 00  00 00 00 00 00 00 00 00  | ................
00000000000264C0 | 00 00 00 00 00 00 00 00  00 00 00 00 00 00 00 00  | ................
00000000000264D0 | 00 00 00 00 00 00 00 00  00 00 00 00 00 00 00 00  | ................
00000000000264E0 | 00 00 00 00 00 00 00 00  00 00 00 00 00 00 00 00  | ................
00000000000264F0 | 00 00 00 00 00 00 00 00  00 00 00 00 00 00 00 00  | ................
0000000000026500 | 00 00 00 00 00 00 00 00  19 00 D9 00 0B 00 00 00  | ................
0000000000026510 | 0D 74 01 00 00 00 00 00  F4 B1 00 00 00 00 00 00  | .t..............
0000000000026520 | 00 00 00 00 00 00 00 00  00 00 00 00 00 00 00 00  | ................
0000000000026530 | 00 00 00 00 00 00 00 00  00 00 00 00 00 00 00 00  | ................
0000000000026540 | 00 00 00 00 00 00 00 00  00 00 00 00 00 00 00 00  | ................
0000000000026550 | 00 00 00 00 00 00 00 00  00 00 00 00 00 00 00 00  | ................
0000000000026560 | 00 00 00 00 00 00 00 00  00 00 00 00 00 00 00 00  | ................
0000000000026570 | 00 00 00 00 00 00 00 00  00 00 00 00 00 00 00 00  | ................
0000000000026580 | 00 00 00 00 00 00 00 00  00 00 00 00 00 00 00 00  | ................
0000000000026590 | 18 00 5C 00 05 00 00 00  AC 85 01 00 00 00 00 00  | ..\.............
00000000000265A0 | 0C B2 00 00 00 00 00 00  00 00 00 00 00 00 00 00  | ................
00000000000265B0 | 00 00 00 00 00 00 00 00  00 00 00 00 00 00 00 00  | ................
00000000000265C0 | 00 00 00 00 00 00 00 00  00 00 00 00 00 00 00 00  | ................
00000000000265D0 | 00 00 00 00 00 00 00 00  00 00 00 00 00 00 00 00  | ................
00000000000265E0 | 00 00 00 00 00 00 00 00  00 00 00 00 00 00 00 00  | ................
00000000000265F0 | 00 00 00 00 00 00 00 00  00 00 00 00 00 00 00 00  | ................
0000000000026600 | 00 00 00 00 00 00 00 00  00 00 00 00 00 00 00 00  | ................
0000000000026610 | 00 00 00 00 00 00 00 00  19 00 0B 00 0B 00 00 00  | ................
0000000000026620 | 00 00 00 00 00 00 00 00  00 00 00 00 00 00 00 00  | ................
0000000000026630 | 00 00 00 00 00 00 00 00  00 00 00 00 00 00 00 00  | ................
0000000000026640 | 00 00 00 00 00 00 00 00  00 00 00 00 00 00 00 00  | ................
0000000000026650 | 00 00 00 00 00 00 00 00  00 00 00 00 00 00 00 00  | ................
0000000000026660 | 00 00 00 00 00 00 00 00  00 00 00 00 00 00 00 00  | ................
0000000000026670 | 00 00 00 00 00 00 00 00  00 00 00 00 00 00 00 00  | ................
0000000000026680 | 00 00 00 00 00 00 00 00  00 00 00 00 00 00 00 00  | ................
0000000000026690 | 00 00 00 00 00 00 00 00  00 00 00 00 00 00 00 00  | ................
00000000000266A0 | 00 00 00 00 00 00 00 00  24 74 01 00 00 00 00 00  | ........$t......
00000000000266B0 | 24 B2 00 00 00 00 00 00  00 00 00 00 00 00 00 00  | $...............
00000000000266C0 | 00 00 00 00 00 00 00 00  00 00 00 00 00 00 00 00  | ................
00000000000266D0 | 00 00 00 00 00 00 00 00  00 00 00 00 00 00 00 00  | ................
00000000000266E0 | 00 00 00 00 00 00 00 00  00 00 00 00 00 00 00 00  | ................
00000000000266F0 | 00 00 00 00 00 00 00 00  00 00 00 00 00 00 00 00  | ................
0000000000026700 | 00 00 00 00 00 00 00 00  00 00 00 00 00 00 00 00  | ................
0000000000026710 | 00 00 00 00 00 00 00 00  00 00 00 00 00 00 00 00  | ................
0000000000026720 | 00 00 00 00 00 00 00 00  19 00 EF 00 0B 00 00 00  | ................
0000000000026730 | 3B 74 01 00 00 00 00 00  40 B2 00 00 00 00 00 00  | ;t......@.......
0000000000026740 | 00 00 00 00 00 00 00 00  00 00 00 00 00 00 00 00  | ................
0000000000026750 | 00 00 00 00 00 00 00 00  00 00 00 00 00 00 00 00  | ................
0000000000026760 | 00 00 00 00 00 00 00 00  00 00 00 00 00 00 00 00  | ................
0000000000026770 | 00 00 00 00 00 00 00 00  00 00 00 00 00 00 00 00  | ................
0000000000026780 | 00 00 00 00 00 00 00 00  00 00 00 00 00 00 00 00  | ................
0000000000026790 | 00 00 00 00 00 00 00 00  00 00 00 00 00 00 00 00  | ................
00000000000267A0 | 00 00 00 00 00 00 00 00  00 00 00 00 00 00 00 00  | ................
00000000000267B0 | 18 00 A0 00 09 00 00 00  52 74 01 00 00 00 00 00  | ........Rt......
00000000000267C0 | E8 B2 00 00 00 00 00 00  00 00 00 00 00 00 00 00  | ................
00000000000267D0 | 00 00 00 00 00 00 00 00  00 00 00 00 00 00 00 00  | ................
00000000000267E0 | 00 00 00 00 00 00 00 00  00 00 00 00 00 00 00 00  | ................
00000000000267F0 | 00 00 00 00 00 00 00 00  00 00 00 00 00 00 00 00  | ................
0000000000026800 | 00 00 00 00 00 00 00 00  00 00 00 00 00 00 00 00  | ................
0000000000026810 | 00 00 00 00 00 00 00 00  00 00 00 00 00 00 00 00  | ................
0000000000026820 | 00 00 00 00 00 00 00 00  00 00 00 00 00 00 00 00  | ................
0000000000026830 | 00 00 00 00 00 00 00 00  18 00 64 00 09 00 00 00  | ..........d.....
0000000000026840 | 00 00 00 00 00 00 00 00  00 00 00 00 00 00 00 00  | ................
0000000000026850 | 00 00 00 00 00 00 00 00  00 00 00 00 00 00 00 00  | ................
0000000000026860 | 00 00 00 00 00 00 00 00  00 00 00 00 00 00 00 00  | ................
0000000000026870 | 00 00 00 00 00 00 00 00  00 00 00 00 00 00 00 00  | ................
0000000000026880 | 00 00 00 00 00 00 00 00  00 00 00 00 00 00 00 00  | ................
0000000000026890 | 00 00 00 00 00 00 00 00  00 00 00 00 00 00 00 00  | ................
00000000000268A0 | 00 00 00 00 00 00 00 00  00 00 00 00 00 00 00 00  | ................
00000000000268B0 | 00 00 00 00 00 00 00 00  00 00 00 00 00 00 00 00  | ................
00000000000268C0 | 00 00 00 00 00 00 00 00  69 74 01 00 00 00 00 00  | ........it......
00000000000268D0 | 00 B3 00 00 00 00 00 00  00 00 00 00 00 00 00 00  | ................
00000000000268E0 | 00 00 00 00 00 00 00 00  00 00 00 00 00 00 00 00  | ................
00000000000268F0 | 00 00 00 00 00 00 00 00  00 00 00 00 00 00 00 00  | ................
0000000000026900 | 00 00 00 00 00 00 00 00  00 00 00 00 00 00 00 00  | ................
0000000000026910 | 00 00 00 00 00 00 00 00  00 00 00 00 00 00 00 00  | ................
0000000000026920 | 00 00 00 00 00 00 00 00  00 00 00 00 00 00 00 00  | ................
0000000000026930 | 00 00 00 00 00 00 00 00  00 00 00 00 00 00 00 00  | ................
0000000000026940 | 00 00 00 00 00 00 00 00  19 00 2A 00 0B 00 00 00  | ..........*.....
0000000000026950 | 80 74 01 00 00 00 00 00  28 B3 00 00 00 00 00 00  | .t......(.......
0000000000026960 | 00 00 00 00 00 00 00 00  00 00 00 00 00 00 00 00  | ................
0000000000026970 | 00 00 00 00 00 00 00 00  00 00 00 00 00 00 00 00  | ................
0000000000026980 | 00 00 00 00 00 00 00 00  00 00 00 00 00 00 00 00  | ................
0000000000026990 | 00 00 00 00 00 00 00 00  00 00 00 00 00 00 00 00  | ................
00000000000269A0 | 00 00 00 00 00 00 00 00  00 00 00 00 00 00 00 00  | ................
00000000000269B0 | 00 00 00 00 00 00 00 00  00 00 00 00 00 00 00 00  | ................
00000000000269C0 | 00 00 00 00 00 00 00 00  00 00 00 00 00 00 00 00  | ................
00000000000269D0 | 19 00 C6 00 0B 00 00 00  97 74 01 00 00 00 00 00  | .........t......
00000000000269E0 | 50 B3 00 00 00 00 00 00  00 00 00 00 00 00 00 00  | P...............
00000000000269F0 | 00 00 00 00 00 00 00 00  00 00 00 00 00 00 00 00  | ................
0000000000026A00 | 00 00 00 00 00 00 00 00  00 00 00 00 00 00 00 00  | ................
0000000000026A10 | 00 00 00 00 00 00 00 00  00 00 00 00 00 00 00 00  | ................
0000000000026A20 | 00 00 00 00 00 00 00 00  00 00 00 00 00 00 00 00  | ................
0000000000026A30 | 00 00 00 00 00 00 00 00  00 00 00 00 00 00 00 00  | ................
0000000000026A40 | 00 00 00 00 00 00 00 00  00 00 00 00 00 00 00 00  | ................
0000000000026A50 | 00 00 00 00 00 00 00 00  00 00 FF FF 01 00 00 00  | ................
0000000000026A60 | 00 00 00 00 00 00 00 00  00 00 00 00 00 00 00 00  | ................
0000000000026A70 | 00 00 00 00 00 00 00 00  00 00 00 00 00 00 00 00  | ................
0000000000026A80 | 00 00 00 00 00 00 00 00  00 00 00 00 00 00 00 00  | ................
0000000000026A90 | 00 00 00 00 00 00 00 00  00 00 00 00 00 00 00 00  | ................
0000000000026AA0 | 00 00 00 00 00 00 00 00  00 00 00 00 00 00 00 00  | ................
0000000000026AB0 | 00 00 00 00 00 00 00 00  00 00 00 00 00 00 00 00  | ................
0000000000026AC0 | 00 00 00 00 00 00 00 00  00 00 00 00 00 00 00 00  | ................
0000000000026AD0 | 00 00 00 00 00 00 00 00  00 00 00 00 00 00 00 00  | ................
0000000000026AE0 | 00 00 00 00 00 00 00 00  00 00 00 00 00 00 00 00  | ................
0000000000026AF0 | 00 00 00 00 00 00 00 00  00 00 00 00 00 00 00 00  | ................
0000000000026B00 | 00 00 00 00 00 00 00 00  00 00 00 00 00 00 00 00  | ................
0000000000026B10 | 00 00 00 00 00 00 00 00  00 00 00 00 00 00 00 00  | ................
0000000000026B20 | 00 00 00 00 00 00 00 00  00 00 00 00 00 00 00 00  | ................
0000000000026B30 | 00 00 00 00 00 00 00 00  00 00 00 00 00 00 00 00  | ................
0000000000026B40 | 00 00 00 00 00 00 00 00  00 00 00 00 00 00 00 00  | ................
0000000000026B50 | 00 00 00 00 00 00 00 00  00 00 00 00 00 00 00 00  | ................
0000000000026B60 | 00 00 00 00 00 00 00 00  00 00 00 00 00 00 00 00  | ................
0000000000026B70 | AE 74 01 00 00 00 00 00  68 B3 00 00 00 00 00 00  | .t......h.......
0000000000026B80 | 00 00 00 00 00 00 00 00  00 00 00 00 00 00 00 00  | ................
0000000000026B90 | 00 00 00 00 00 00 00 00  00 00 00 00 00 00 00 00  | ................
0000000000026BA0 | 00 00 00 00 00 00 00 00  00 00 00 00 00 00 00 00  | ................
0000000000026BB0 | 00 00 00 00 00 00 00 00  00 00 00 00 00 00 00 00  | ................
0000000000026BC0 | 00 00 00 00 00 00 00 00  00 00 00 00 00 00 00 00  | ................
0000000000026BD0 | 00 00 00 00 00 00 00 00  00 00 00 00 00 00 00 00  | ................
0000000000026BE0 | 00 00 00 00 00 00 00 00  00 00 00 00 00 00 00 00  | ................
0000000000026BF0 | 18 00 97 00 05 00 00 00  5C 82 01 00 00 00 00 00  | ........\.......
0000000000026C00 | 70 B3 00 00 00 00 00 00  00 00 00 00 00 00 00 00  | p...............
0000000000026C10 | 00 00 00 00 00 00 00 00  00 00 00 00 00 00 00 00  | ................
0000000000026C20 | 00 00 00 00 00 00 00 00  00 00 00 00 00 00 00 00  | ................
0000000000026C30 | 00 00 00 00 00 00 00 00  00 00 00 00 00 00 00 00  | ................
0000000000026C40 | 00 00 00 00 00 00 00 00  00 00 00 00 00 00 00 00  | ................
0000000000026C50 | 00 00 00 00 00 00 00 00  00 00 00 00 00 00 00 00  | ................
0000000000026C60 | 00 00 00 00 00 00 00 00  00 00 00 00 00 00 00 00  | ................
0000000000026C70 | 00 00 00 00 00 00 00 00  19 00 C2 00 0B 00 00 00  | ................
0000000000026C80 | 00 00 00 00 00 00 00 00  00 00 00 00 00 00 00 00  | ................
0000000000026C90 | 00 00 00 00 00 00 00 00  00 00 00 00 00 00 00 00  | ................
0000000000026CA0 | 00 00 00 00 00 00 00 00  00 00 00 00 00 00 00 00  | ................
0000000000026CB0 | 00 00 00 00 00 00 00 00  00 00 00 00 00 00 00 00  | ................
0000000000026CC0 | 00 00 00 00 00 00 00 00  00 00 00 00 00 00 00 00  | ................
0000000000026CD0 | 00 00 00 00 00 00 00 00  00 00 00 00 00 00 00 00  | ................
0000000000026CE0 | 00 00 00 00 00 00 00 00  00 00 00 00 00 00 00 00  | ................
0000000000026CF0 | 00 00 00 00 00 00 00 00  00 00 00 00 00 00 00 00  | ................
0000000000026D00 | 00 00 00 00 00 00 00 00  C5 74 01 00 00 00 00 00  | .........t......
0000000000026D10 | 98 B3 00 00 00 00 00 00  00 00 00 00 00 00 00 00  | ................
0000000000026D20 | 00 00 00 00 00 00 00 00  00 00 00 00 00 00 00 00  | ................
0000000000026D30 | 00 00 00 00 00 00 00 00  00 00 00 00 00 00 00 00  | ................
0000000000026D40 | 00 00 00 00 00 00 00 00  00 00 00 00 00 00 00 00  | ................
0000000000026D50 | 00 00 00 00 00 00 00 00  00 00 00 00 00 00 00 00  | ................
0000000000026D60 | 00 00 00 00 00 00 00 00  00 00 00 00 00 00 00 00  | ................
0000000000026D70 | 00 00 00 00 00 00 00 00  00 00 00 00 00 00 00 00  | ................
0000000000026D80 | 00 00 00 00 00 00 00 00  00 00 FF FF 03 00 00 00  | ................
0000000000026D90 | DC 74 01 00 00 00 00 00  A4 B3 00 00 00 00 00 00  | .t..............
0000000000026DA0 | 00 00 00 00 00 00 00 00  00 00 00 00 00 00 00 00  | ................
0000000000026DB0 | 00 00 00 00 00 00 00 00  00 00 00 00 00 00 00 00  | ................
0000000000026DC0 | 00 00 00 00 00 00 00 00  00 00 00 00 00 00 00 00  | ................
0000000000026DD0 | 00 00 00 00 00 00 00 00  00 00 00 00 00 00 00 00  | ................
0000000000026DE0 | 00 00 00 00 00 00 00 00  00 00 00 00 00 00 00 00  | ................
0000000000026DF0 | 00 00 00 00 00 00 00 00  00 00 00 00 00 00 00 00  | ................
0000000000026E00 | 00 00 00 00 00 00 00 00  00 00 00 00 00 00 00 00  | ................
0000000000026E10 | 19 00 73 00 0B 00 00 00  DB 92 01 00 00 00 00 00  | ..s.............
0000000000026E20 | D8 B3 00 00 00 00 00 00  00 00 00 00 00 00 00 00  | ................
0000000000026E30 | 00 00 00 00 00 00 00 00  00 00 00 00 00 00 00 00  | ................
0000000000026E40 | 00 00 00 00 00 00 00 00  00 00 00 00 00 00 00 00  | ................
0000000000026E50 | 00 00 00 00 00 00 00 00  00 00 00 00 00 00 00 00  | ................
0000000000026E60 | 00 00 00 00 00 00 00 00  00 00 00 00 00 00 00 00  | ................
0000000000026E70 | 00 00 00 00 00 00 00 00  00 00 00 00 00 00 00 00  | ................
0000000000026E80 | 00 00 00 00 00 00 00 00  00 00 00 00 00 00 00 00  | ................
0000000000026E90 | 00 00 00 00 00 00 00 00  19 00 4F 00 0B 00 00 00  | ..........O.....
0000000000026EA0 | F3 74 01 00 00 00 00 00  00 B4 00 00 00 00 00 00  | .t..............
0000000000026EB0 | 00 00 00 00 00 00 00 00  00 00 00 00 00 00 00 00  | ................
0000000000026EC0 | 00 00 00 00 00 00 00 00  00 00 00 00 00 00 00 00  | ................
0000000000026ED0 | 00 00 00 00 00 00 00 00  00 00 00 00 00 00 00 00  | ................
0000000000026EE0 | 00 00 00 00 00 00 00 00  00 00 00 00 00 00 00 00  | ................
0000000000026EF0 | 00 00 00 00 00 00 00 00  00 00 00 00 00 00 00 00  | ................
0000000000026F00 | 00 00 00 00 00 00 00 00  00 00 00 00 00 00 00 00  | ................
0000000000026F10 | 00 00 00 00 00 00 00 00  00 00 00 00 00 00 00 00  | ................
0000000000026F20 | 19 00 53 00 0B 00 00 00  0A 75 01 00 00 00 00 00  | ..S......u......
0000000000026F30 | 28 B4 00 00 00 00 00 00  00 00 00 00 00 00 00 00  | (...............
0000000000026F40 | 00 00 00 00 00 00 00 00  00 00 00 00 00 00 00 00  | ................
0000000000026F50 | 00 00 00 00 00 00 00 00  00 00 00 00 00 00 00 00  | ................
0000000000026F60 | 00 00 00 00 00 00 00 00  00 00 00 00 00 00 00 00  | ................
0000000000026F70 | 00 00 00 00 00 00 00 00  00 00 00 00 00 00 00 00  | ................
0000000000026F80 | 00 00 00 00 00 00 00 00  00 00 00 00 00 00 00 00  | ................
0000000000026F90 | 00 00 00 00 00 00 00 00  00 00 00 00 00 00 00 00  | ................
0000000000026FA0 | 00 00 00 00 00 00 00 00  18 00 6A 00 05 00 00 00  | ..........j.....
0000000000026FB0 | 00 00 00 00 00 00 00 00  00 00 00 00 00 00 00 00  | ................
0000000000026FC0 | 00 00 00 00 00 00 00 00  00 00 00 00 00 00 00 00  | ................
0000000000026FD0 | 00 00 00 00 00 00 00 00  00 00 00 00 00 00 00 00  | ................
0000000000026FE0 | 00 00 00 00 00 00 00 00  00 00 00 00 00 00 00 00  | ................
0000000000026FF0 | 00 00 00 00 00 00 00 00  00 00 00 00 00 00 00 00  | ................
0000000000027000 | 00 00 00 00 00 00 00 00  00 00 00 00 00 00 00 00  | ................
0000000000027010 | 00 00 00 00 00 00 00 00  00 00 00 00 00 00 00 00  | ................
0000000000027020 | 00 00 00 00 00 00 00 00  00 00 00 00 00 00 00 00  | ................
0000000000027030 | 00 00 00 00 00 00 00 00  21 75 01 00 00 00 00 00  | ........!u......
0000000000027040 | 40 B4 00 00 00 00 00 00  00 00 00 00 00 00 00 00  | @...............
0000000000027050 | 00 00 00 00 00 00 00 00  00 00 00 00 00 00 00 00  | ................
0000000000027060 | 00 00 00 00 00 00 00 00  00 00 00 00 00 00 00 00  | ................
0000000000027070 | 00 00 00 00 00 00 00 00  00 00 00 00 00 00 00 00  | ................
0000000000027080 | 00 00 00 00 00 00 00 00  00 00 00 00 00 00 00 00  | ................
0000000000027090 | 00 00 00 00 00 00 00 00  00 00 00 00 00 00 00 00  | ................
00000000000270A0 | 00 00 00 00 00 00 00 00  00 00 00 00 00 00 00 00  | ................
00000000000270B0 | 00 00 00 00 00 00 00 00  19 00 56 00 0B 00 00 00  | ..........V.....
00000000000270C0 | 38 75 01 00 00 00 00 00  68 B4 00 00 00 00 00 00  | 8u......h.......
00000000000270D0 | 00 00 00 00 00 00 00 00  00 00 00 00 00 00 00 00  | ................
00000000000270E0 | 00 00 00 00 00 00 00 00  00 00 00 00 00 00 00 00  | ................
00000000000270F0 | 00 00 00 00 00 00 00 00  00 00 00 00 00 00 00 00  | ................
0000000000027100 | 00 00 00 00 00 00 00 00  00 00 00 00 00 00 00 00  | ................
0000000000027110 | 00 00 00 00 00 00 00 00  00 00 00 00 00 00 00 00  | ................
0000000000027120 | 00 00 00 00 00 00 00 00  00 00 00 00 00 00 00 00  | ................
0000000000027130 | 00 00 00 00 00 00 00 00  00 00 00 00 00 00 00 00  | ................
0000000000027140 | 18 00 34 00 09 00 00 00  4F 75 01 00 00 00 00 00  | ..4.....Ou......
0000000000027150 | C4 B4 00 00 00 00 00 00  00 00 00 00 00 00 00 00  | ................
0000000000027160 | 00 00 00 00 00 00 00 00  00 00 00 00 00 00 00 00  | ................
0000000000027170 | 00 00 00 00 00 00 00 00  00 00 00 00 00 00 00 00  | ................
0000000000027180 | 00 00 00 00 00 00 00 00  00 00 00 00 00 00 00 00  | ................
0000000000027190 | 00 00 00 00 00 00 00 00  00 00 00 00 00 00 00 00  | ................
00000000000271A0 | 00 00 00 00 00 00 00 00  00 00 00 00 00 00 00 00  | ................
00000000000271B0 | 00 00 00 00 00 00 00 00  00 00 00 00 00 00 00 00  | ................
00000000000271C0 | 00 00 00 00 00 00 00 00  00 00 FF FF 09 00 00 00  | ................
00000000000271D0 | 66 75 01 00 00 00 00 00  28 B7 00 00 00 00 00 00  | fu......(.......
00000000000271E0 | 00 00 00 00 00 00 00 00  00 00 00 00 00 00 00 00  | ................
00000000000271F0 | 00 00 00 00 00 00 00 00  00 00 00 00 00 00 00 00  | ................
0000000000027200 | 00 00 00 00 00 00 00 00  00 00 00 00 00 00 00 00  | ................
0000000000027210 | 00 00 00 00 00 00 00 00  00 00 00 00 00 00 00 00  | ................
0000000000027220 | 00 00 00 00 00 00 00 00  00 00 00 00 00 00 00 00  | ................
0000000000027230 | 00 00 00 00 00 00 00 00  00 00 00 00 00 00 00 00  | ................
0000000000027240 | 00 00 00 00 00 00 00 00  00 00 00 00 00 00 00 00  | ................
0000000000027250 | 19 00 A7 00 0B 00 00 00  7D 75 01 00 00 00 00 00  | ........}u......
0000000000027260 | 58 B7 00 00 00 00 00 00  00 00 00 00 00 00 00 00  | X...............
0000000000027270 | 00 00 00 00 00 00 00 00  01 00 00 00 00 00 00 00  | ................
0000000000027280 | 00 00 00 00 00 00 00 00  00 00 00 00 00 00 00 00  | ................
0000000000027290 | 00 00 00 00 00 00 00 00  94 75 01 00 00 00 00 00  | .........u......
00000000000272A0 | 00 00 00 00 00 00 00 00  00 00 00 00 00 00 00 00  | ................
00000000000272B0 | 00 00 00 00 00 00 00 00  00 00 00 00 00 00 00 00  | ................
00000000000272C0 | 00 00 00 00 00 00 00 00  00 00 00 00 00 00 00 00  | ................
00000000000272D0 | 00 00 00 00 00 00 00 00  01 00 FF FF 0B 00 00 00  | ................
00000000000272E0 | A1 82 01 00 00 00 00 00  F4 B7 00 00 00 00 00 00  | ................
00000000000272F0 | 00 00 00 00 00 00 00 00  00 00 00 00 00 00 00 00  | ................
0000000000027300 | 00 00 00 00 00 00 00 00  00 00 00 00 00 00 00 00  | ................
0000000000027310 | 00 00 00 00 00 00 00 00  00 00 00 00 00 00 00 00  | ................
0000000000027320 | 00 00 00 00 00 00 00 00  00 00 00 00 00 00 00 00  | ................
0000000000027330 | 00 00 00 00 00 00 00 00  00 00 00 00 00 00 00 00  | ................
0000000000027340 | 00 00 00 00 00 00 00 00  00 00 00 00 00 00 00 00  | ................
0000000000027350 | 00 00 00 00 00 00 00 00  00 00 00 00 00 00 00 00  | ................
0000000000027360 | 19 00 0C 00 0B 00 00 00  E3 75 01 00 00 00 00 00  | .........u......
0000000000027370 | 14 B8 00 00 00 00 00 00  00 00 00 00 00 00 00 00  | ................
0000000000027380 | 00 00 00 00 00 00 00 00  00 00 00 00 00 00 00 00  | ................
0000000000027390 | 00 00 00 00 00 00 00 00  00 00 00 00 00 00 00 00  | ................
00000000000273A0 | 00 00 00 00 00 00 00 00  00 00 00 00 00 00 00 00  | ................
00000000000273B0 | 00 00 00 00 00 00 00 00  00 00 00 00 00 00 00 00  | ................
00000000000273C0 | 00 00 00 00 00 00 00 00  00 00 00 00 00 00 00 00  | ................
00000000000273D0 | 00 00 00 00 00 00 00 00  00 00 00 00 00 00 00 00  | ................
00000000000273E0 | 00 00 00 00 00 00 00 00  18 00 CA 00 09 00 00 00  | ................
00000000000273F0 | D9 9E 01 00 00 00 00 00  2C B8 00 00 00 00 00 00  | ........,.......
0000000000027400 | 00 00 00 00 00 00 00 00  00 00 00 00 00 00 00 00  | ................
0000000000027410 | 00 00 00 00 00 00 00 00  00 00 00 00 00 00 00 00  | ................
0000000000027420 | 00 00 00 00 00 00 00 00  00 00 00 00 00 00 00 00  | ................
0000000000027430 | 00 00 00 00 00 00 00 00  00 00 00 00 00 00 00 00  | ................
0000000000027440 | 00 00 00 00 00 00 00 00  00 00 00 00 00 00 00 00  | ................
0000000000027450 | 00 00 00 00 00 00 00 00  00 00 00 00 00 00 00 00  | ................
0000000000027460 | 00 00 00 00 00 00 00 00  00 00 00 00 00 00 00 00  | ................
0000000000027470 | 19 00 41 00 0B 00 00 00  FA 75 01 00 00 00 00 00  | ..A......u......
0000000000027480 | 74 B8 00 00 00 00 00 00  00 00 00 00 00 00 00 00  | t...............
0000000000027490 | 00 00 00 00 00 00 00 00  00 00 00 00 00 00 00 00  | ................
00000000000274A0 | 00 00 00 00 00 00 00 00  00 00 00 00 00 00 00 00  | ................
00000000000274B0 | 00 00 00 00 00 00 00 00  00 00 00 00 00 00 00 00  | ................
00000000000274C0 | 00 00 00 00 00 00 00 00  00 00 00 00 00 00 00 00  | ................
00000000000274D0 | 00 00 00 00 00 00 00 00  00 00 00 00 00 00 00 00  | ................
00000000000274E0 | 00 00 00 00 00 00 00 00  00 00 00 00 00 00 00 00  | ................
00000000000274F0 | 00 00 00 00 00 00 00 00  00 00 FF FF 09 00 00 00  | ................
0000000000027500 | 11 76 01 00 00 00 00 00  C0 B8 00 00 00 00 00 00  | .v..............
0000000000027510 | 00 00 00 00 00 00 00 00  00 00 00 00 00 00 00 00  | ................
0000000000027520 | 04 00 00 00 00 00 00 00  00 00 00 00 00 00 00 00  | ................
0000000000027530 | 00 00 00 00 00 00 00 00  00 00 00 00 00 00 00 00  | ................
0000000000027540 | 00 00 00 00 00 00 00 00  00 00 00 00 00 00 00 00  | ................
0000000000027550 | 00 00 00 00 00 00 00 00  00 00 00 00 00 00 00 00  | ................
0000000000027560 | 00 00 00 00 00 00 00 00  00 00 00 00 00 00 00 00  | ................
0000000000027570 | 00 00 00 00 00 00 00 00  00 00 00 00 00 00 00 00  | ................
0000000000027580 | 01 00 FF FF 0B 00 00 00  28 76 01 00 00 00 00 00  | ........(v......
0000000000027590 | F4 B8 00 00 00 00 00 00  00 00 00 00 00 00 00 00  | ................
00000000000275A0 | 00 00 00 00 00 00 00 00  00 00 00 00 00 00 00 00  | ................
00000000000275B0 | 00 00 00 00 00 00 00 00  00 00 00 00 00 00 00 00  | ................
00000000000275C0 | 00 00 00 00 00 00 00 00  00 00 00 00 00 00 00 00  | ................
00000000000275D0 | 00 00 00 00 00 00 00 00  00 00 00 00 00 00 00 00  | ................
00000000000275E0 | 00 00 00 00 00 00 00 00  00 00 00 00 00 00 00 00  | ................
00000000000275F0 | 00 00 00 00 00 00 00 00  00 00 00 00 00 00 00 00  | ................
0000000000027600 | 00 00 00 00 00 00 00 00  1A 00 9B 00 01 00 00 00  | ................
0000000000027610 | 3F 76 01 00 00 00 00 00  F8 B8 00 00 00 00 00 00  | ?v..............
0000000000027620 | 00 00 00 00 00 00 00 00  00 00 00 00 00 00 00 00  | ................
0000000000027630 | 00 00 00 00 00 00 00 00  00 00 00 00 00 00 00 00  | ................
0000000000027640 | 00 00 00 00 00 00 00 00  00 00 00 00 00 00 00 00  | ................
0000000000027650 | 00 00 00 00 00 00 00 00  00 00 00 00 00 00 00 00  | ................
0000000000027660 | 00 00 00 00 00 00 00 00  00 00 00 00 00 00 00 00  | ................
0000000000027670 | 00 00 00 00 00 00 00 00  00 00 00 00 00 00 00 00  | ................
0000000000027680 | 00 00 00 00 00 00 00 00  00 00 00 00 00 00 00 00  | ................
0000000000027690 | 19 00 48 00 0B 00 00 00  00 00 00 00 00 00 00 00  | ..H.............
00000000000276A0 | 00 00 00 00 00 00 00 00  00 00 00 00 00 00 00 00  | ................
00000000000276B0 | 00 00 00 00 00 00 00 00  00 00 00 00 00 00 00 00  | ................
00000000000276C0 | 00 00 00 00 00 00 00 00  00 00 00 00 00 00 00 00  | ................
00000000000276D0 | 00 00 00 00 00 00 00 00  00 00 00 00 00 00 00 00  | ................
00000000000276E0 | 00 00 00 00 00 00 00 00  00 00 00 00 00 00 00 00  | ................
00000000000276F0 | 00 00 00 00 00 00 00 00  00 00 00 00 00 00 00 00  | ................
0000000000027700 | 00 00 00 00 00 00 00 00  00 00 00 00 00 00 00 00  | ................
0000000000027710 | 00 00 00 00 00 00 00 00  00 00 00 00 00 00 00 00  | ................
0000000000027720 | 56 76 01 00 00 00 00 00  20 B9 00 00 00 00 00 00  | Vv...... .......
0000000000027730 | 00 00 00 00 00 00 00 00  00 00 00 00 00 00 00 00  | ................
0000000000027740 | 04 00 00 00 00 00 00 00  00 00 00 00 00 00 00 00  | ................
0000000000027750 | 00 00 00 00 00 00 00 00  00 00 00 00 00 00 00 00  | ................
0000000000027760 | 00 00 00 00 00 00 00 00  00 00 00 00 00 00 00 00  | ................
0000000000027770 | 00 00 00 00 00 00 00 00  00 00 00 00 00 00 00 00  | ................
0000000000027780 | 00 00 00 00 00 00 00 00  00 00 00 00 00 00 00 00  | ................
0000000000027790 | 00 00 00 00 00 00 00 00  00 00 00 00 00 00 00 00  | ................
00000000000277A0 | 01 00 FF FF 0B 00 00 00  6D 76 01 00 00 00 00 00  | ........mv......
00000000000277B0 | 54 B9 00 00 00 00 00 00  00 00 00 00 00 00 00 00  | T...............
00000000000277C0 | 00 00 00 00 00 00 00 00  00 00 00 00 00 00 00 00  | ................
00000000000277D0 | 00 00 00 00 00 00 00 00  00 00 00 00 00 00 00 00  | ................
00000000000277E0 | 00 00 00 00 00 00 00 00  00 00 00 00 00 00 00 00  | ................
00000000000277F0 | 00 00 00 00 00 00 00 00  00 00 00 00 00 00 00 00  | ................
0000000000027800 | 00 00 00 00 00 00 00 00  00 00 00 00 00 00 00 00  | ................
0000000000027810 | 00 00 00 00 00 00 00 00  00 00 00 00 00 00 00 00  | ................
0000000000027820 | 00 00 00 00 00 00 00 00  1B 00 1B 00 0B 00 00 00  | ................
0000000000027830 | 84 76 01 00 00 00 00 00  E8 B9 00 00 00 00 00 00  | .v..............
0000000000027840 | 00 00 00 00 00 00 00 00  00 00 00 00 00 00 00 00  | ................
0000000000027850 | 00 00 00 00 00 00 00 00  00 00 00 00 00 00 00 00  | ................
0000000000027860 | 00 00 00 00 00 00 00 00  00 00 00 00 00 00 00 00  | ................
0000000000027870 | 00 00 00 00 00 00 00 00  00 00 00 00 00 00 00 00  | ................
0000000000027880 | 00 00 00 00 00 00 00 00  00 00 00 00 00 00 00 00  | ................
0000000000027890 | 00 00 00 00 00 00 00 00  00 00 00 00 00 00 00 00  | ................
00000000000278A0 | 00 00 00 00 00 00 00 00  00 00 00 00 00 00 00 00  | ................
00000000000278B0 | 01 00 FF FF 0B 00 00 00  9B 76 01 00 00 00 00 00  | .........v......
00000000000278C0 | 1C BD 00 00 00 00 00 00  00 00 00 00 00 00 00 00  | ................
00000000000278D0 | 00 00 00 00 00 00 00 00  00 00 00 00 00 00 00 00  | ................
00000000000278E0 | 00 00 00 00 00 00 00 00  00 00 00 00 00 00 00 00  | ................
00000000000278F0 | 00 00 00 00 00 00 00 00  00 00 00 00 00 00 00 00  | ................
0000000000027900 | 00 00 00 00 00 00 00 00  00 00 00 00 00 00 00 00  | ................
0000000000027910 | 00 00 00 00 00 00 00 00  00 00 00 00 00 00 00 00  | ................
0000000000027920 | 00 00 00 00 00 00 00 00  00 00 00 00 00 00 00 00  | ................
0000000000027930 | 00 00 00 00 00 00 00 00  19 00 93 00 0B 00 00 00  | ................
0000000000027940 | B2 76 01 00 00 00 00 00  38 BD 00 00 00 00 00 00  | .v......8.......
0000000000027950 | 00 00 00 00 00 00 00 00  00 00 00 00 00 00 00 00  | ................
0000000000027960 | 06 00 00 00 00 00 00 00  00 00 00 00 00 00 00 00  | ................
0000000000027970 | 00 00 00 00 00 00 00 00  00 00 00 00 00 00 00 00  | ................
0000000000027980 | 00 00 00 00 00 00 00 00  00 00 00 00 00 00 00 00  | ................
0000000000027990 | 00 00 00 00 00 00 00 00  00 00 00 00 00 00 00 00  | ................
00000000000279A0 | 00 00 00 00 00 00 00 00  00 00 00 00 00 00 00 00  | ................
00000000000279B0 | 00 00 00 00 00 00 00 00  00 00 00 00 00 00 00 00  | ................
00000000000279C0 | 01 00 FF FF 0B 00 00 00  C9 76 01 00 00 00 00 00  | .........v......
00000000000279D0 | 5C BD 00 00 00 00 00 00  00 00 00 00 00 00 00 00  | \...............
00000000000279E0 | 00 00 00 00 00 00 00 00  00 00 00 00 00 00 00 00  | ................
00000000000279F0 | 00 00 00 00 00 00 00 00  00 00 00 00 00 00 00 00  | ................
0000000000027A00 | 00 00 00 00 00 00 00 00  00 00 00 00 00 00 00 00  | ................
0000000000027A10 | 00 00 00 00 00 00 00 00  00 00 00 00 00 00 00 00  | ................
0000000000027A20 | 00 00 00 00 00 00 00 00  00 00 00 00 00 00 00 00  | ................
0000000000027A30 | 00 00 00 00 00 00 00 00  00 00 00 00 00 00 00 00  | ................
0000000000027A40 | 00 00 00 00 00 00 00 00  01 00 FF FF 06 00 00 00  | ................
0000000000027A50 | E0 76 01 00 00 00 00 00  24 BF 00 00 00 00 00 00  | .v......$.......
0000000000027A60 | 00 00 00 00 00 00 00 00  00 00 00 00 00 00 00 00  | ................
0000000000027A70 | 06 00 00 00 00 00 00 00  00 00 00 00 00 00 00 00  | ................
0000000000027A80 | 00 00 00 00 00 00 00 00  00 00 00 00 00 00 00 00  | ................
0000000000027A90 | 00 00 00 00 00 00 00 00  00 00 00 00 00 00 00 00  | ................
0000000000027AA0 | 00 00 00 00 00 00 00 00  00 00 00 00 00 00 00 00  | ................
0000000000027AB0 | 00 00 00 00 00 00 00 00  00 00 00 00 00 00 00 00  | ................
0000000000027AC0 | 00 00 00 00 00 00 00 00  00 00 00 00 00 00 00 00  | ................
0000000000027AD0 | 01 00 FF FF 0B 00 00 00  F7 76 01 00 00 00 00 00  | .........v......
0000000000027AE0 | 48 BF 00 00 00 00 00 00  00 00 00 00 00 00 00 00  | H...............
0000000000027AF0 | 00 00 00 00 00 00 00 00  00 00 00 00 00 00 00 00  | ................
0000000000027B00 | 00 00 00 00 00 00 00 00  00 00 00 00 00 00 00 00  | ................
0000000000027B10 | 00 00 00 00 00 00 00 00  00 00 00 00 00 00 00 00  | ................
0000000000027B20 | 00 00 00 00 00 00 00 00  00 00 00 00 00 00 00 00  | ................
0000000000027B30 | 00 00 00 00 00 00 00 00  00 00 00 00 00 00 00 00  | ................
0000000000027B40 | 00 00 00 00 00 00 00 00  00 00 00 00 00 00 00 00  | ................
0000000000027B50 | 00 00 00 00 00 00 00 00  19 00 8A 00 0B 00 00 00  | ................
0000000000027B60 | 0E 77 01 00 00 00 00 00  00 00 00 00 00 00 00 00  | .w..............
0000000000027B70 | 00 00 00 00 00 00 00 00  00 00 00 00 00 00 00 00  | ................
0000000000027B80 | 07 00 00 00 00 00 00 00  00 00 00 00 00 00 00 00  | ................
0000000000027B90 | 00 00 00 00 00 00 00 00  00 00 00 00 00 00 00 00  | ................
0000000000027BA0 | 00 00 00 00 00 00 00 00  00 00 00 00 00 00 00 00  | ................
0000000000027BB0 | 00 00 00 00 00 00 00 00  00 00 00 00 00 00 00 00  | ................
0000000000027BC0 | 00 00 00 00 00 00 00 00  00 00 00 00 00 00 00 00  | ................
0000000000027BD0 | 00 00 00 00 00 00 00 00  00 00 00 00 00 00 00 00  | ................
0000000000027BE0 | 00 00 FF FF 09 00 00 00  FB 8D 01 00 00 00 00 00  | ................
0000000000027BF0 | 64 BF 00 00 00 00 00 00  7C BF 00 00 00 00 00 00  | d.......|.......
0000000000027C00 | A4 BF 00 00 00 00 00 00  00 00 00 00 00 00 00 00  | ................
0000000000027C10 | 00 00 00 00 00 00 00 00  00 00 00 00 00 00 00 00  | ................
0000000000027C20 | 00 00 00 00 00 00 00 00  00 00 00 00 00 00 00 00  | ................
0000000000027C30 | 00 00 00 00 00 00 00 00  00 00 00 00 00 00 00 00  | ................
0000000000027C40 | 00 00 00 00 00 00 00 00  00 00 00 00 00 00 00 00  | ................
0000000000027C50 | 00 00 00 00 00 00 00 00  00 00 00 00 00 00 00 00  | ................
0000000000027C60 | 00 00 00 00 00 00 00 00  08 00 CD 00 0A 00 00 00  | ................
0000000000027C70 | 25 77 01 00 00 00 00 00  CC BF 00 00 00 00 00 00  | %w..............
0000000000027C80 | 00 00 00 00 00 00 00 00  00 00 00 00 00 00 00 00  | ................
0000000000027C90 | 00 00 00 00 00 00 00 00  00 00 00 00 00 00 00 00  | ................
0000000000027CA0 | 00 00 00 00 00 00 00 00  00 00 00 00 00 00 00 00  | ................
0000000000027CB0 | 00 00 00 00 00 00 00 00  00 00 00 00 00 00 00 00  | ................
0000000000027CC0 | 00 00 00 00 00 00 00 00  00 00 00 00 00 00 00 00  | ................
0000000000027CD0 | 00 00 00 00 00 00 00 00  00 00 00 00 00 00 00 00  | ................
0000000000027CE0 | 00 00 00 00 00 00 00 00  00 00 00 00 00 00 00 00  | ................
0000000000027CF0 | 19 00 11 00 0B 00 00 00  00 00 00 00 00 00 00 00  | ................
0000000000027D00 | 00 00 00 00 00 00 00 00  00 00 00 00 00 00 00 00  | ................
0000000000027D10 | 00 00 00 00 00 00 00 00  00 00 00 00 00 00 00 00  | ................
0000000000027D20 | 00 00 00 00 00 00 00 00  00 00 00 00 00 00 00 00  | ................
0000000000027D30 | 00 00 00 00 00 00 00 00  00 00 00 00 00 00 00 00  | ................
0000000000027D40 | 00 00 00 00 00 00 00 00  00 00 00 00 00 00 00 00  | ................
0000000000027D50 | 00 00 00 00 00 00 00 00  00 00 00 00 00 00 00 00  | ................
0000000000027D60 | 00 00 00 00 00 00 00 00  00 00 00 00 00 00 00 00  | ................
0000000000027D70 | 00 00 00 00 00 00 00 00  00 00 00 00 00 00 00 00  | ................
0000000000027D80 | 3C 77 01 00 00 00 00 00  D4 BF 00 00 00 00 00 00  | <w..............
0000000000027D90 | 00 00 00 00 00 00 00 00  00 00 00 00 00 00 00 00  | ................
0000000000027DA0 | 00 00 00 00 00 00 00 00  00 00 00 00 00 00 00 00  | ................
0000000000027DB0 | 00 00 00 00 00 00 00 00  00 00 00 00 00 00 00 00  | ................
0000000000027DC0 | 00 00 00 00 00 00 00 00  00 00 00 00 00 00 00 00  | ................
0000000000027DD0 | 00 00 00 00 00 00 00 00  00 00 00 00 00 00 00 00  | ................
0000000000027DE0 | 00 00 00 00 00 00 00 00  00 00 00 00 00 00 00 00  | ................
0000000000027DF0 | 00 00 00 00 00 00 00 00  00 00 00 00 00 00 00 00  | ................
0000000000027E00 | 18 00 1F 00 0A 00 00 00  53 77 01 00 00 00 00 00  | ........Sw......
0000000000027E10 | EC BF 00 00 00 00 00 00  00 00 00 00 00 00 00 00  | ................
0000000000027E20 | 00 00 00 00 00 00 00 00  00 00 00 00 00 00 00 00  | ................
0000000000027E30 | 00 00 00 00 00 00 00 00  00 00 00 00 00 00 00 00  | ................
0000000000027E40 | 00 00 00 00 00 00 00 00  00 00 00 00 00 00 00 00  | ................
0000000000027E50 | 00 00 00 00 00 00 00 00  00 00 00 00 00 00 00 00  | ................
0000000000027E60 | 00 00 00 00 00 00 00 00  00 00 00 00 00 00 00 00  | ................
0000000000027E70 | 00 00 00 00 00 00 00 00  00 00 00 00 00 00 00 00  | ................
0000000000027E80 | 00 00 00 00 00 00 00 00  19 00 2E 00 0B 00 00 00  | ................
0000000000027E90 | 6A 77 01 00 00 00 00 00  F4 BF 00 00 00 00 00 00  | jw..............
0000000000027EA0 | 00 00 00 00 00 00 00 00  00 00 00 00 00 00 00 00  | ................
0000000000027EB0 | 00 00 00 00 00 00 00 00  00 00 00 00 00 00 00 00  | ................
0000000000027EC0 | 00 00 00 00 00 00 00 00  00 00 00 00 00 00 00 00  | ................
0000000000027ED0 | 00 00 00 00 00 00 00 00  00 00 00 00 00 00 00 00  | ................
0000000000027EE0 | 00 00 00 00 00 00 00 00  00 00 00 00 00 00 00 00  | ................
0000000000027EF0 | 00 00 00 00 00 00 00 00  00 00 00 00 00 00 00 00  | ................
0000000000027F00 | 00 00 00 00 00 00 00 00  00 00 00 00 00 00 00 00  | ................
0000000000027F10 | 19 00 55 00 0B 00 00 00  00 00 00 00 00 00 00 00  | ..U.............
0000000000027F20 | 00 00 00 00 00 00 00 00  00 00 00 00 00 00 00 00  | ................
0000000000027F30 | 00 00 00 00 00 00 00 00  00 00 00 00 00 00 00 00  | ................
0000000000027F40 | 00 00 00 00 00 00 00 00  00 00 00 00 00 00 00 00  | ................
0000000000027F50 | 00 00 00 00 00 00 00 00  00 00 00 00 00 00 00 00  | ................
0000000000027F60 | 00 00 00 00 00 00 00 00  00 00 00 00 00 00 00 00  | ................
0000000000027F70 | 00 00 00 00 00 00 00 00  00 00 00 00 00 00 00 00  | ................
0000000000027F80 | 00 00 00 00 00 00 00 00  00 00 00 00 00 00 00 00  | ................
0000000000027F90 | 00 00 00 00 00 00 00 00  00 00 00 00 00 00 00 00  | ................
0000000000027FA0 | 38 8C 01 00 00 00 00 00  1C C0 00 00 00 00 00 00  | 8...............
0000000000027FB0 | 50 C0 00 00 00 00 00 00  78 C0 00 00 00 00 00 00  | P.......x.......
0000000000027FC0 | 00 00 00 00 00 00 00 00  00 00 00 00 00 00 00 00  | ................
0000000000027FD0 | 00 00 00 00 00 00 00 00  00 00 00 00 00 00 00 00  | ................
0000000000027FE0 | 00 00 00 00 00 00 00 00  00 00 00 00 00 00 00 00  | ................
0000000000027FF0 | 00 00 00 00 00 00 00 00  00 00 00 00 00 00 00 00  | ................
0000000000028000 | 00 00 00 00 00 00 00 00  00 00 00 00 00 00 00 00  | ................
0000000000028010 | 00 00 00 00 00 00 00 00  00 00 00 00 00 00 00 00  | ................
0000000000028020 | 00 00 FF FF 0A 00 00 00  00 00 00 00 00 00 00 00  | ................
0000000000028030 | 00 00 00 00 00 00 00 00  00 00 00 00 00 00 00 00  | ................
0000000000028040 | 00 00 00 00 00 00 00 00  00 00 00 00 00 00 00 00  | ................
0000000000028050 | 00 00 00 00 00 00 00 00  00 00 00 00 00 00 00 00  | ................
0000000000028060 | 00 00 00 00 00 00 00 00  00 00 00 00 00 00 00 00  | ................
0000000000028070 | 00 00 00 00 00 00 00 00  00 00 00 00 00 00 00 00  | ................
0000000000028080 | 00 00 00 00 00 00 00 00  00 00 00 00 00 00 00 00  | ................
0000000000028090 | 00 00 00 00 00 00 00 00  00 00 00 00 00 00 00 00  | ................
00000000000280A0 | 00 00 00 00 00 00 00 00  00 00 00 00 00 00 00 00  | ................
00000000000280B0 | 81 77 01 00 00 00 00 00  A0 C0 00 00 00 00 00 00  | .w..............
00000000000280C0 | 00 00 00 00 00 00 00 00  00 00 00 00 00 00 00 00  | ................
00000000000280D0 | 00 00 00 00 00 00 00 00  00 00 00 00 00 00 00 00  | ................
00000000000280E0 | 00 00 00 00 00 00 00 00  00 00 00 00 00 00 00 00  | ................
00000000000280F0 | 00 00 00 00 00 00 00 00  00 00 00 00 00 00 00 00  | ................
0000000000028100 | 00 00 00 00 00 00 00 00  00 00 00 00 00 00 00 00  | ................
0000000000028110 | 00 00 00 00 00 00 00 00  00 00 00 00 00 00 00 00  | ................
0000000000028120 | 00 00 00 00 00 00 00 00  00 00 00 00 00 00 00 00  | ................
0000000000028130 | 03 00 FF FF 05 00 00 00  00 00 00 00 00 00 00 00  | ................
0000000000028140 | 00 00 00 00 00 00 00 00  00 00 00 00 00 00 00 00  | ................
0000000000028150 | 00 00 00 00 00 00 00 00  00 00 00 00 00 00 00 00  | ................
0000000000028160 | 00 00 00 00 00 00 00 00  00 00 00 00 00 00 00 00  | ................
0000000000028170 | 00 00 00 00 00 00 00 00  00 00 00 00 00 00 00 00  | ................
0000000000028180 | 00 00 00 00 00 00 00 00  00 00 00 00 00 00 00 00  | ................
0000000000028190 | 00 00 00 00 00 00 00 00  00 00 00 00 00 00 00 00  | ................
00000000000281A0 | 00 00 00 00 00 00 00 00  00 00 00 00 00 00 00 00  | ................
00000000000281B0 | 00 00 00 00 00 00 00 00  00 00 00 00 00 00 00 00  | ................
00000000000281C0 | 00 00 00 00 00 00 00 00  00 00 00 00 00 00 00 00  | ................
00000000000281D0 | 00 00 00 00 00 00 00 00  00 00 00 00 00 00 00 00  | ................
00000000000281E0 | 00 00 00 00 00 00 00 00  00 00 00 00 00 00 00 00  | ................
00000000000281F0 | 00 00 00 00 00 00 00 00  00 00 00 00 00 00 00 00  | ................
0000000000028200 | 00 00 00 00 00 00 00 00  00 00 00 00 00 00 00 00  | ................
0000000000028210 | 00 00 00 00 00 00 00 00  00 00 00 00 00 00 00 00  | ................
0000000000028220 | 00 00 00 00 00 00 00 00  00 00 00 00 00 00 00 00  | ................
0000000000028230 | 00 00 00 00 00 00 00 00  00 00 00 00 00 00 00 00  | ................
0000000000028240 | 00 00 00 00 00 00 00 00  98 77 01 00 00 00 00 00  | .........w......
0000000000028250 | CC C0 00 00 00 00 00 00  00 00 00 00 00 00 00 00  | ................
0000000000028260 | 00 00 00 00 00 00 00 00  00 00 00 00 00 00 00 00  | ................
0000000000028270 | 00 00 00 00 00 00 00 00  00 00 00 00 00 00 00 00  | ................
0000000000028280 | 00 00 00 00 00 00 00 00  00 00 00 00 00 00 00 00  | ................
0000000000028290 | 00 00 00 00 00 00 00 00  00 00 00 00 00 00 00 00  | ................
00000000000282A0 | 00 00 00 00 00 00 00 00  00 00 00 00 00 00 00 00  | ................
00000000000282B0 | 00 00 00 00 00 00 00 00  00 00 00 00 00 00 00 00  | ................
00000000000282C0 | 00 00 00 00 00 00 00 00  18 00 E5 00 07 00 00 00  | ................
00000000000282D0 | AF 77 01 00 00 00 00 00  1C C1 00 00 00 00 00 00  | .w..............
00000000000282E0 | 00 00 00 00 00 00 00 00  00 00 00 00 00 00 00 00  | ................
00000000000282F0 | 00 00 00 00 00 00 00 00  00 00 00 00 00 00 00 00  | ................
0000000000028300 | 00 00 00 00 00 00 00 00  00 00 00 00 00 00 00 00  | ................
0000000000028310 | 00 00 00 00 00 00 00 00  00 00 00 00 00 00 00 00  | ................
0000000000028320 | 00 00 00 00 00 00 00 00  00 00 00 00 00 00 00 00  | ................
0000000000028330 | 00 00 00 00 00 00 00 00  00 00 00 00 00 00 00 00  | ................
0000000000028340 | 00 00 00 00 00 00 00 00  00 00 00 00 00 00 00 00  | ................
0000000000028350 | 19 00 7F 00 0B 00 00 00  00 00 00 00 00 00 00 00  | ................
0000000000028360 | 00 00 00 00 00 00 00 00  00 00 00 00 00 00 00 00  | ................
0000000000028370 | 00 00 00 00 00 00 00 00  00 00 00 00 00 00 00 00  | ................
0000000000028380 | 00 00 00 00 00 00 00 00  00 00 00 00 00 00 00 00  | ................
0000000000028390 | 00 00 00 00 00 00 00 00  00 00 00 00 00 00 00 00  | ................
00000000000283A0 | 00 00 00 00 00 00 00 00  00 00 00 00 00 00 00 00  | ................
00000000000283B0 | 00 00 00 00 00 00 00 00  00 00 00 00 00 00 00 00  | ................
00000000000283C0 | 00 00 00 00 00 00 00 00  00 00 00 00 00 00 00 00  | ................
00000000000283D0 | 00 00 00 00 00 00 00 00  00 00 00 00 00 00 00 00  | ................
00000000000283E0 | C6 77 01 00 00 00 00 00  44 C1 00 00 00 00 00 00  | .w......D.......
00000000000283F0 | 00 00 00 00 00 00 00 00  00 00 00 00 00 00 00 00  | ................
0000000000028400 | 00 00 00 00 00 00 00 00  00 00 00 00 00 00 00 00  | ................
0000000000028410 | 00 00 00 00 00 00 00 00  00 00 00 00 00 00 00 00  | ................
0000000000028420 | 00 00 00 00 00 00 00 00  00 00 00 00 00 00 00 00  | ................
0000000000028430 | 00 00 00 00 00 00 00 00  00 00 00 00 00 00 00 00  | ................
0000000000028440 | 00 00 00 00 00 00 00 00  00 00 00 00 00 00 00 00  | ................
0000000000028450 | 00 00 00 00 00 00 00 00  00 00 00 00 00 00 00 00  | ................
0000000000028460 | 08 00 8E 00 09 00 00 00  DD 77 01 00 00 00 00 00  | .........w......
0000000000028470 | CC C2 00 00 00 00 00 00  00 00 00 00 00 00 00 00  | ................
0000000000028480 | 00 00 00 00 00 00 00 00  00 00 00 00 00 00 00 00  | ................
0000000000028490 | 00 00 00 00 00 00 00 00  00 00 00 00 00 00 00 00  | ................
00000000000284A0 | 00 00 00 00 00 00 00 00  00 00 00 00 00 00 00 00  | ................
00000000000284B0 | 00 00 00 00 00 00 00 00  00 00 00 00 00 00 00 00  | ................
00000000000284C0 | 00 00 00 00 00 00 00 00  00 00 00 00 00 00 00 00  | ................
00000000000284D0 | 00 00 00 00 00 00 00 00  00 00 00 00 00 00 00 00  | ................
00000000000284E0 | 00 00 00 00 00 00 00 00  19 00 2D 00 0B 00 00 00  | ..........-.....
00000000000284F0 | 3B 85 01 00 00 00 00 00  F4 C2 00 00 00 00 00 00  | ;...............
0000000000028500 | 00 00 00 00 00 00 00 00  00 00 00 00 00 00 00 00  | ................
0000000000028510 | 00 00 00 00 00 00 00 00  00 00 00 00 00 00 00 00  | ................
0000000000028520 | 00 00 00 00 00 00 00 00  00 00 00 00 00 00 00 00  | ................
0000000000028530 | 00 00 00 00 00 00 00 00  00 00 00 00 00 00 00 00  | ................
0000000000028540 | 00 00 00 00 00 00 00 00  00 00 00 00 00 00 00 00  | ................
0000000000028550 | 00 00 00 00 00 00 00 00  00 00 00 00 00 00 00 00  | ................
0000000000028560 | 00 00 00 00 00 00 00 00  00 00 00 00 00 00 00 00  | ................
0000000000028570 | 19 00 E4 00 0B 00 00 00  F4 77 01 00 00 00 00 00  | .........w......
0000000000028580 | 10 C3 00 00 00 00 00 00  00 00 00 00 00 00 00 00  | ................
0000000000028590 | 00 00 00 00 00 00 00 00  00 00 00 00 00 00 00 00  | ................
00000000000285A0 | 00 00 00 00 00 00 00 00  00 00 00 00 00 00 00 00  | ................
00000000000285B0 | 00 00 00 00 00 00 00 00  00 00 00 00 00 00 00 00  | ................
00000000000285C0 | 00 00 00 00 00 00 00 00  00 00 00 00 00 00 00 00  | ................
00000000000285D0 | 00 00 00 00 00 00 00 00  00 00 00 00 00 00 00 00  | ................
00000000000285E0 | 00 00 00 00 00 00 00 00  00 00 00 00 00 00 00 00  | ................
00000000000285F0 | 00 00 00 00 00 00 00 00  19 00 B1 00 0B 00 00 00  | ................
0000000000028600 | 0B 78 01 00 00 00 00 00  AC C5 00 00 00 00 00 00  | .x..............
0000000000028610 | 00 00 00 00 00 00 00 00  00 00 00 00 00 00 00 00  | ................
0000000000028620 | 00 00 00 00 00 00 00 00  00 00 00 00 00 00 00 00  | ................
0000000000028630 | 00 00 00 00 00 00 00 00  00 00 00 00 00 00 00 00  | ................
0000000000028640 | 00 00 00 00 00 00 00 00  00 00 00 00 00 00 00 00  | ................
0000000000028650 | 00 00 00 00 00 00 00 00  00 00 00 00 00 00 00 00  | ................
0000000000028660 | 00 00 00 00 00 00 00 00  00 00 00 00 00 00 00 00  | ................
0000000000028670 | 00 00 00 00 00 00 00 00  00 00 00 00 00 00 00 00  | ................
0000000000028680 | 19 00 80 00 0B 00 00 00  22 78 01 00 00 00 00 00  | ........"x......
0000000000028690 | F4 C5 00 00 00 00 00 00  00 00 00 00 00 00 00 00  | ................
00000000000286A0 | 00 00 00 00 00 00 00 00  00 00 00 00 00 00 00 00  | ................
00000000000286B0 | 00 00 00 00 00 00 00 00  00 00 00 00 00 00 00 00  | ................
00000000000286C0 | 00 00 00 00 00 00 00 00  00 00 00 00 00 00 00 00  | ................
00000000000286D0 | 00 00 00 00 00 00 00 00  00 00 00 00 00 00 00 00  | ................
00000000000286E0 | 00 00 00 00 00 00 00 00  00 00 00 00 00 00 00 00  | ................
00000000000286F0 | 00 00 00 00 00 00 00 00  00 00 00 00 00 00 00 00  | ................
0000000000028700 | 00 00 00 00 00 00 00 00  18 00 32 00 09 00 00 00  | ..........2.....
0000000000028710 | 39 78 01 00 00 00 00 00  50 C6 00 00 00 00 00 00  | 9x......P.......
0000000000028720 | 00 00 00 00 00 00 00 00  00 00 00 00 00 00 00 00  | ................
0000000000028730 | 00 00 00 00 00 00 00 00  00 00 00 00 00 00 00 00  | ................
0000000000028740 | 00 00 00 00 00 00 00 00  00 00 00 00 00 00 00 00  | ................
0000000000028750 | 00 00 00 00 00 00 00 00  00 00 00 00 00 00 00 00  | ................
0000000000028760 | 00 00 00 00 00 00 00 00  00 00 00 00 00 00 00 00  | ................
0000000000028770 | 00 00 00 00 00 00 00 00  00 00 00 00 00 00 00 00  | ................
0000000000028780 | 00 00 00 00 00 00 00 00  00 00 00 00 00 00 00 00  | ................
0000000000028790 | 00 00 FF FF 02 00 00 00  50 78 01 00 00 00 00 00  | ........Px......
00000000000287A0 | 48 C9 00 00 00 00 00 00  00 00 00 00 00 00 00 00  | H...............
00000000000287B0 | 00 00 00 00 00 00 00 00  00 00 00 00 00 00 00 00  | ................
00000000000287C0 | 00 00 00 00 00 00 00 00  00 00 00 00 00 00 00 00  | ................
00000000000287D0 | 00 00 00 00 00 00 00 00  00 00 00 00 00 00 00 00  | ................
00000000000287E0 | 00 00 00 00 00 00 00 00  00 00 00 00 00 00 00 00  | ................
00000000000287F0 | 00 00 00 00 00 00 00 00  00 00 00 00 00 00 00 00  | ................
0000000000028800 | 00 00 00 00 00 00 00 00  00 00 00 00 00 00 00 00  | ................
0000000000028810 | 00 00 00 00 00 00 00 00  1A 00 F0 00 0B 00 00 00  | ................
0000000000028820 | 67 78 01 00 00 00 00 00  28 CB 00 00 00 00 00 00  | gx......(.......
0000000000028830 | 00 00 00 00 00 00 00 00  00 00 00 00 00 00 00 00  | ................
0000000000028840 | 00 00 00 00 00 00 00 00  00 00 00 00 00 00 00 00  | ................
0000000000028850 | 00 00 00 00 00 00 00 00  00 00 00 00 00 00 00 00  | ................
0000000000028860 | 00 00 00 00 00 00 00 00  00 00 00 00 00 00 00 00  | ................
0000000000028870 | 00 00 00 00 00 00 00 00  00 00 00 00 00 00 00 00  | ................
0000000000028880 | 00 00 00 00 00 00 00 00  00 00 00 00 00 00 00 00  | ................
0000000000028890 | 00 00 00 00 00 00 00 00  00 00 00 00 00 00 00 00  | ................
00000000000288A0 | 19 00 76 00 0B 00 00 00  7E 78 01 00 00 00 00 00  | ..v.....~x......
00000000000288B0 | 44 CB 00 00 00 00 00 00  00 00 00 00 00 00 00 00  | D...............
00000000000288C0 | 00 00 00 00 00 00 00 00  02 00 00 00 00 00 00 00  | ................
00000000000288D0 | 00 00 00 00 00 00 00 00  00 00 00 00 00 00 00 00  | ................
00000000000288E0 | 00 00 00 00 00 00 00 00  95 78 01 00 00 00 00 00  | .........x......
00000000000288F0 | 00 00 00 00 00 00 00 00  00 00 00 00 00 00 00 00  | ................
0000000000028900 | 00 00 00 00 00 00 00 00  00 00 00 00 00 00 00 00  | ................
0000000000028910 | 00 00 00 00 00 00 00 00  00 00 00 00 00 00 00 00  | ................
0000000000028920 | 00 00 00 00 00 00 00 00  06 00 FF FF 09 00 00 00  | ................
0000000000028930 | 81 89 01 00 00 00 00 00  58 CB 00 00 00 00 00 00  | ........X.......
0000000000028940 | 00 00 00 00 00 00 00 00  00 00 00 00 00 00 00 00  | ................
0000000000028950 | 00 00 00 00 00 00 00 00  00 00 00 00 00 00 00 00  | ................
0000000000028960 | 00 00 00 00 00 00 00 00  00 00 00 00 00 00 00 00  | ................
0000000000028970 | 00 00 00 00 00 00 00 00  00 00 00 00 00 00 00 00  | ................
0000000000028980 | 00 00 00 00 00 00 00 00  00 00 00 00 00 00 00 00  | ................
0000000000028990 | 00 00 00 00 00 00 00 00  00 00 00 00 00 00 00 00  | ................
00000000000289A0 | 00 00 00 00 00 00 00 00  00 00 00 00 00 00 00 00  | ................
00000000000289B0 | 19 00 10 00 0B 00 00 00  00 00 00 00 00 00 00 00  | ................
00000000000289C0 | 00 00 00 00 00 00 00 00  00 00 00 00 00 00 00 00  | ................
00000000000289D0 | 00 00 00 00 00 00 00 00  00 00 00 00 00 00 00 00  | ................
00000000000289E0 | 00 00 00 00 00 00 00 00  00 00 00 00 00 00 00 00  | ................
00000000000289F0 | 00 00 00 00 00 00 00 00  00 00 00 00 00 00 00 00  | ................
0000000000028A00 | 00 00 00 00 00 00 00 00  00 00 00 00 00 00 00 00  | ................
0000000000028A10 | 00 00 00 00 00 00 00 00  00 00 00 00 00 00 00 00  | ................
0000000000028A20 | 00 00 00 00 00 00 00 00  00 00 00 00 00 00 00 00  | ................
0000000000028A30 | 00 00 00 00 00 00 00 00  00 00 00 00 00 00 00 00  | ................
0000000000028A40 | B3 78 01 00 00 00 00 00  80 CB 00 00 00 00 00 00  | .x..............
0000000000028A50 | 00 00 00 00 00 00 00 00  00 00 00 00 00 00 00 00  | ................
0000000000028A60 | 06 00 00 00 00 00 00 00  00 00 00 00 00 00 00 00  | ................
0000000000028A70 | 00 00 00 00 00 00 00 00  00 00 00 00 00 00 00 00  | ................
0000000000028A80 | 00 00 00 00 00 00 00 00  00 00 00 00 00 00 00 00  | ................
0000000000028A90 | 00 00 00 00 00 00 00 00  00 00 00 00 00 00 00 00  | ................
0000000000028AA0 | 00 00 00 00 00 00 00 00  00 00 00 00 00 00 00 00  | ................
0000000000028AB0 | 00 00 00 00 00 00 00 00  00 00 00 00 00 00 00 00  | ................
0000000000028AC0 | 01 00 FF FF 0B 00 00 00  00 00 00 00 00 00 00 00  | ................
0000000000028AD0 | 00 00 00 00 00 00 00 00  00 00 00 00 00 00 00 00  | ................
0000000000028AE0 | 00 00 00 00 00 00 00 00  00 00 00 00 00 00 00 00  | ................
0000000000028AF0 | 00 00 00 00 00 00 00 00  00 00 00 00 00 00 00 00  | ................
0000000000028B00 | 00 00 00 00 00 00 00 00  00 00 00 00 00 00 00 00  | ................
0000000000028B10 | 00 00 00 00 00 00 00 00  00 00 00 00 00 00 00 00  | ................
0000000000028B20 | 00 00 00 00 00 00 00 00  00 00 00 00 00 00 00 00  | ................
0000000000028B30 | 00 00 00 00 00 00 00 00  00 00 00 00 00 00 00 00  | ................
0000000000028B40 | 00 00 00 00 00 00 00 00  00 00 00 00 00 00 00 00  | ................
0000000000028B50 | CA 78 01 00 00 00 00 00  A4 CB 00 00 00 00 00 00  | .x..............
0000000000028B60 | 00 00 00 00 00 00 00 00  00 00 00 00 00 00 00 00  | ................
0000000000028B70 | 04 00 00 00 00 00 00 00  00 00 00 00 00 00 00 00  | ................
0000000000028B80 | 00 00 00 00 00 00 00 00  00 00 00 00 00 00 00 00  | ................
0000000000028B90 | 00 00 00 00 00 00 00 00  00 00 00 00 00 00 00 00  | ................
0000000000028BA0 | 00 00 00 00 00 00 00 00  00 00 00 00 00 00 00 00  | ................
0000000000028BB0 | 00 00 00 00 00 00 00 00  00 00 00 00 00 00 00 00  | ................
0000000000028BC0 | 00 00 00 00 00 00 00 00  00 00 00 00 00 00 00 00  | ................
0000000000028BD0 | 01 00 FF FF 0B 00 00 00  E1 78 01 00 00 00 00 00  | .........x......
0000000000028BE0 | DC CB 00 00 00 00 00 00  00 00 00 00 00 00 00 00  | ................
0000000000028BF0 | 00 00 00 00 00 00 00 00  00 00 00 00 00 00 00 00  | ................
0000000000028C00 | 00 00 00 00 00 00 00 00  00 00 00 00 00 00 00 00  | ................
0000000000028C10 | 00 00 00 00 00 00 00 00  00 00 00 00 00 00 00 00  | ................
0000000000028C20 | 00 00 00 00 00 00 00 00  00 00 00 00 00 00 00 00  | ................
0000000000028C30 | 00 00 00 00 00 00 00 00  00 00 00 00 00 00 00 00  | ................
0000000000028C40 | 00 00 00 00 00 00 00 00  00 00 00 00 00 00 00 00  | ................
0000000000028C50 | 00 00 00 00 00 00 00 00  19 00 71 00 0B 00 00 00  | ..........q.....
0000000000028C60 | F8 78 01 00 00 00 00 00  F8 CB 00 00 00 00 00 00  | .x..............
0000000000028C70 | 00 00 00 00 00 00 00 00  00 00 00 00 00 00 00 00  | ................
0000000000028C80 | 00 00 00 00 00 00 00 00  00 00 00 00 00 00 00 00  | ................
0000000000028C90 | 00 00 00 00 00 00 00 00  00 00 00 00 00 00 00 00  | ................
0000000000028CA0 | 00 00 00 00 00 00 00 00  00 00 00 00 00 00 00 00  | ................
0000000000028CB0 | 00 00 00 00 00 00 00 00  00 00 00 00 00 00 00 00  | ................
0000000000028CC0 | 00 00 00 00 00 00 00 00  00 00 00 00 00 00 00 00  | ................
0000000000028CD0 | 00 00 00 00 00 00 00 00  00 00 00 00 00 00 00 00  | ................
0000000000028CE0 | 18 00 9D 00 05 00 00 00  0F 79 01 00 00 00 00 00  | .........y......
0000000000028CF0 | 10 CC 00 00 00 00 00 00  00 00 00 00 00 00 00 00  | ................
0000000000028D00 | 00 00 00 00 00 00 00 00  00 00 00 00 00 00 00 00  | ................
0000000000028D10 | 00 00 00 00 00 00 00 00  00 00 00 00 00 00 00 00  | ................
0000000000028D20 | 00 00 00 00 00 00 00 00  00 00 00 00 00 00 00 00  | ................
0000000000028D30 | 00 00 00 00 00 00 00 00  00 00 00 00 00 00 00 00  | ................
0000000000028D40 | 00 00 00 00 00 00 00 00  00 00 00 00 00 00 00 00  | ................
0000000000028D50 | 00 00 00 00 00 00 00 00  00 00 00 00 00 00 00 00  | ................
0000000000028D60 | 00 00 00 00 00 00 00 00  19 00 EB 00 0B 00 00 00  | ................
0000000000028D70 | 26 79 01 00 00 00 00 00  38 CC 00 00 00 00 00 00  | &y......8.......
0000000000028D80 | 00 00 00 00 00 00 00 00  00 00 00 00 00 00 00 00  | ................
0000000000028D90 | 00 00 00 00 00 00 00 00  00 00 00 00 00 00 00 00  | ................
0000000000028DA0 | 00 00 00 00 00 00 00 00  00 00 00 00 00 00 00 00  | ................
0000000000028DB0 | 00 00 00 00 00 00 00 00  00 00 00 00 00 00 00 00  | ................
0000000000028DC0 | 00 00 00 00 00 00 00 00  00 00 00 00 00 00 00 00  | ................
0000000000028DD0 | 00 00 00 00 00 00 00 00  00 00 00 00 00 00 00 00  | ................
0000000000028DE0 | 00 00 00 00 00 00 00 00  00 00 00 00 00 00 00 00  | ................
0000000000028DF0 | 00 00 FF FF 0B 00 00 00  00 00 00 00 00 00 00 00  | ................
0000000000028E00 | 00 00 00 00 00 00 00 00  00 00 00 00 00 00 00 00  | ................
0000000000028E10 | 00 00 00 00 00 00 00 00  00 00 00 00 00 00 00 00  | ................
0000000000028E20 | 00 00 00 00 00 00 00 00  00 00 00 00 00 00 00 00  | ................
0000000000028E30 | 00 00 00 00 00 00 00 00  00 00 00 00 00 00 00 00  | ................
0000000000028E40 | 00 00 00 00 00 00 00 00  00 00 00 00 00 00 00 00  | ................
0000000000028E50 | 00 00 00 00 00 00 00 00  00 00 00 00 00 00 00 00  | ................
0000000000028E60 | 00 00 00 00 00 00 00 00  00 00 00 00 00 00 00 00  | ................
0000000000028E70 | 00 00 00 00 00 00 00 00  00 00 00 00 00 00 00 00  | ................
0000000000028E80 | 3D 79 01 00 00 00 00 00  50 CC 00 00 00 00 00 00  | =y......P.......
0000000000028E90 | 00 00 00 00 00 00 00 00  00 00 00 00 00 00 00 00  | ................
0000000000028EA0 | 00 00 00 00 00 00 00 00  00 00 00 00 00 00 00 00  | ................
0000000000028EB0 | 00 00 00 00 00 00 00 00  00 00 00 00 00 00 00 00  | ................
0000000000028EC0 | 00 00 00 00 00 00 00 00  00 00 00 00 00 00 00 00  | ................
0000000000028ED0 | 00 00 00 00 00 00 00 00  00 00 00 00 00 00 00 00  | ................
0000000000028EE0 | 00 00 00 00 00 00 00 00  00 00 00 00 00 00 00 00  | ................
0000000000028EF0 | 00 00 00 00 00 00 00 00  00 00 00 00 00 00 00 00  | ................
0000000000028F00 | 18 00 86 00 07 00 00 00  54 79 01 00 00 00 00 00  | ........Ty......
0000000000028F10 | 98 CC 00 00 00 00 00 00  00 00 00 00 00 00 00 00  | ................
0000000000028F20 | 00 00 00 00 00 00 00 00  00 00 00 00 00 00 00 00  | ................
0000000000028F30 | 00 00 00 00 00 00 00 00  00 00 00 00 00 00 00 00  | ................
0000000000028F40 | 00 00 00 00 00 00 00 00  00 00 00 00 00 00 00 00  | ................
0000000000028F50 | 00 00 00 00 00 00 00 00  00 00 00 00 00 00 00 00  | ................
0000000000028F60 | 00 00 00 00 00 00 00 00  00 00 00 00 00 00 00 00  | ................
0000000000028F70 | 00 00 00 00 00 00 00 00  00 00 00 00 00 00 00 00  | ................
0000000000028F80 | 00 00 00 00 00 00 00 00  19 00 6B 00 0B 00 00 00  | ..........k.....
0000000000028F90 | 6B 79 01 00 00 00 00 00  A0 CC 00 00 00 00 00 00  | ky..............
0000000000028FA0 | 00 00 00 00 00 00 00 00  00 00 00 00 00 00 00 00  | ................
0000000000028FB0 | 00 00 00 00 00 00 00 00  00 00 00 00 00 00 00 00  | ................
0000000000028FC0 | 00 00 00 00 00 00 00 00  00 00 00 00 00 00 00 00  | ................
0000000000028FD0 | 00 00 00 00 00 00 00 00  00 00 00 00 00 00 00 00  | ................
0000000000028FE0 | 00 00 00 00 00 00 00 00  00 00 00 00 00 00 00 00  | ................
0000000000028FF0 | 00 00 00 00 00 00 00 00  00 00 00 00 00 00 00 00  | ................
0000000000029000 | 00 00 00 00 00 00 00 00  00 00 00 00 00 00 00 00  | ................
0000000000029010 | 19 00 81 00 0B 00 00 00  9C 88 01 00 00 00 00 00  | ................
0000000000029020 | C8 CC 00 00 00 00 00 00  00 00 00 00 00 00 00 00  | ................
0000000000029030 | 00 00 00 00 00 00 00 00  00 00 00 00 00 00 00 00  | ................
0000000000029040 | 00 00 00 00 00 00 00 00  00 00 00 00 00 00 00 00  | ................
0000000000029050 | 00 00 00 00 00 00 00 00  00 00 00 00 00 00 00 00  | ................
0000000000029060 | 00 00 00 00 00 00 00 00  00 00 00 00 00 00 00 00  | ................
0000000000029070 | 00 00 00 00 00 00 00 00  00 00 00 00 00 00 00 00  | ................
0000000000029080 | 00 00 00 00 00 00 00 00  00 00 00 00 00 00 00 00  | ................
0000000000029090 | 00 00 00 00 00 00 00 00  19 00 92 00 0B 00 00 00  | ................
00000000000290A0 | 82 79 01 00 00 00 00 00  F0 CC 00 00 00 00 00 00  | .y..............
00000000000290B0 | 00 00 00 00 00 00 00 00  00 00 00 00 00 00 00 00  | ................
00000000000290C0 | 00 00 00 00 00 00 00 00  00 00 00 00 00 00 00 00  | ................
00000000000290D0 | 00 00 00 00 00 00 00 00  00 00 00 00 00 00 00 00  | ................
00000000000290E0 | 00 00 00 00 00 00 00 00  00 00 00 00 00 00 00 00  | ................
00000000000290F0 | 00 00 00 00 00 00 00 00  00 00 00 00 00 00 00 00  | ................
0000000000029100 | 00 00 00 00 00 00 00 00  00 00 00 00 00 00 00 00  | ................
0000000000029110 | 00 00 00 00 00 00 00 00  00 00 00 00 00 00 00 00  | ................
0000000000029120 | 19 00 00 00 0B 00 00 00  99 79 01 00 00 00 00 00  | .........y......
0000000000029130 | 18 CD 00 00 00 00 00 00  00 00 00 00 00 00 00 00  | ................
0000000000029140 | 00 00 00 00 00 00 00 00  00 00 00 00 00 00 00 00  | ................
0000000000029150 | 00 00 00 00 00 00 00 00  00 00 00 00 00 00 00 00  | ................
0000000000029160 | 00 00 00 00 00 00 00 00  00 00 00 00 00 00 00 00  | ................
0000000000029170 | 00 00 00 00 00 00 00 00  00 00 00 00 00 00 00 00  | ................
0000000000029180 | 00 00 00 00 00 00 00 00  00 00 00 00 00 00 00 00  | ................
0000000000029190 | 00 00 00 00 00 00 00 00  00 00 00 00 00 00 00 00  | ................
00000000000291A0 | 00 00 00 00 00 00 00 00  18 00 DF 00 03 00 00 00  | ................
00000000000291B0 | 00 00 00 00 00 00 00 00  00 00 00 00 00 00 00 00  | ................
00000000000291C0 | 00 00 00 00 00 00 00 00  00 00 00 00 00 00 00 00  | ................
00000000000291D0 | 00 00 00 00 00 00 00 00  00 00 00 00 00 00 00 00  | ................
00000000000291E0 | 00 00 00 00 00 00 00 00  00 00 00 00 00 00 00 00  | ................
00000000000291F0 | 00 00 00 00 00 00 00 00  00 00 00 00 00 00 00 00  | ................
0000000000029200 | 00 00 00 00 00 00 00 00  00 00 00 00 00 00 00 00  | ................
0000000000029210 | 00 00 00 00 00 00 00 00  00 00 00 00 00 00 00 00  | ................
0000000000029220 | 00 00 00 00 00 00 00 00  00 00 00 00 00 00 00 00  | ................
0000000000029230 | 00 00 00 00 00 00 00 00  00 00 00 00 00 00 00 00  | ................
0000000000029240 | 00 00 00 00 00 00 00 00  00 00 00 00 00 00 00 00  | ................
0000000000029250 | 00 00 00 00 00 00 00 00  00 00 00 00 00 00 00 00  | ................
0000000000029260 | 00 00 00 00 00 00 00 00  00 00 00 00 00 00 00 00  | ................
0000000000029270 | 00 00 00 00 00 00 00 00  00 00 00 00 00 00 00 00  | ................
0000000000029280 | 00 00 00 00 00 00 00 00  00 00 00 00 00 00 00 00  | ................
0000000000029290 | 00 00 00 00 00 00 00 00  00 00 00 00 00 00 00 00  | ................
00000000000292A0 | 00 00 00 00 00 00 00 00  00 00 00 00 00 00 00 00  | ................
00000000000292B0 | 00 00 00 00 00 00 00 00  00 00 00 00 00 00 00 00  | ................
00000000000292C0 | 00 00 00 00 00 00 00 00  00 00 00 00 00 00 00 00  | ................
00000000000292D0 | 00 00 00 00 00 00 00 00  00 00 00 00 00 00 00 00  | ................
00000000000292E0 | 00 00 00 00 00 00 00 00  00 00 00 00 00 00 00 00  | ................
00000000000292F0 | 00 00 00 00 00 00 00 00  00 00 00 00 00 00 00 00  | ................
0000000000029300 | 00 00 00 00 00 00 00 00  00 00 00 00 00 00 00 00  | ................
0000000000029310 | 00 00 00 00 00 00 00 00  00 00 00 00 00 00 00 00  | ................
0000000000029320 | 00 00 00 00 00 00 00 00  00 00 00 00 00 00 00 00  | ................
0000000000029330 | 00 00 00 00 00 00 00 00  00 00 00 00 00 00 00 00  | ................
0000000000029340 | 00 00 00 00 00 00 00 00  00 00 00 00 00 00 00 00  | ................
0000000000029350 | 00 00 00 00 00 00 00 00  00 00 00 00 00 00 00 00  | ................
0000000000029360 | 00 00 00 00 00 00 00 00  00 00 00 00 00 00 00 00  | ................
0000000000029370 | 00 00 00 00 00 00 00 00  00 00 00 00 00 00 00 00  | ................
0000000000029380 | 00 00 00 00 00 00 00 00  00 00 00 00 00 00 00 00  | ................
0000000000029390 | 00 00 00 00 00 00 00 00  00 00 00 00 00 00 00 00  | ................
00000000000293A0 | 00 00 00 00 00 00 00 00  00 00 00 00 00 00 00 00  | ................
00000000000293B0 | 00 00 00 00 00 00 00 00  00 00 00 00 00 00 00 00  | ................
00000000000293C0 | 00 00 00 00 00 00 00 00  00 00 00 00 00 00 00 00  | ................
00000000000293D0 | 00 00 00 00 00 00 00 00  00 00 00 00 00 00 00 00  | ................
00000000000293E0 | 00 00 00 00 00 00 00 00  00 00 00 00 00 00 00 00  | ................
00000000000293F0 | 00 00 00 00 00 00 00 00  00 00 00 00 00 00 00 00  | ................
0000000000029400 | 00 00 00 00 00 00 00 00  00 00 00 00 00 00 00 00  | ................
0000000000029410 | 00 00 00 00 00 00 00 00  00 00 00 00 00 00 00 00  | ................
0000000000029420 | 00 00 00 00 00 00 00 00  00 00 00 00 00 00 00 00  | ................
0000000000029430 | 00 00 00 00 00 00 00 00  00 00 00 00 00 00 00 00  | ................
0000000000029440 | 00 00 00 00 00 00 00 00  00 00 00 00 00 00 00 00  | ................
0000000000029450 | 00 00 00 00 00 00 00 00  00 00 00 00 00 00 00 00  | ................
0000000000029460 | 00 00 00 00 00 00 00 00  00 00 00 00 00 00 00 00  | ................
0000000000029470 | 00 00 00 00 00 00 00 00  00 00 00 00 00 00 00 00  | ................
0000000000029480 | 00 00 00 00 00 00 00 00  00 00 00 00 00 00 00 00  | ................
0000000000029490 | 00 00 00 00 00 00 00 00  00 00 00 00 00 00 00 00  | ................
00000000000294A0 | 00 00 00 00 00 00 00 00  00 00 00 00 00 00 00 00  | ................
00000000000294B0 | 00 00 00 00 00 00 00 00  00 00 00 00 00 00 00 00  | ................
00000000000294C0 | 00 00 00 00 00 00 00 00  00 00 00 00 00 00 00 00  | ................
00000000000294D0 | 00 00 00 00 00 00 00 00  00 00 00 00 00 00 00 00  | ................
00000000000294E0 | 00 00 00 00 00 00 00 00  00 00 00 00 00 00 00 00  | ................
00000000000294F0 | 00 00 00 00 00 00 00 00  00 00 00 00 00 00 00 00  | ................
0000000000029500 | 00 00 00 00 00 00 00 00  00 00 00 00 00 00 00 00  | ................
0000000000029510 | 00 00 00 00 00 00 00 00  00 00 00 00 00 00 00 00  | ................
0000000000029520 | 00 00 00 00 00 00 00 00  00 00 00 00 00 00 00 00  | ................
0000000000029530 | 00 00 00 00 00 00 00 00  00 00 00 00 00 00 00 00  | ................
0000000000029540 | 00 00 00 00 00 00 00 00  00 00 00 00 00 00 00 00  | ................
0000000000029550 | 00 00 00 00 00 00 00 00  00 00 00 00 00 00 00 00  | ................
0000000000029560 | 00 00 00 00 00 00 00 00  B0 79 01 00 00 00 00 00  | .........y......
0000000000029570 | 34 CE 00 00 00 00 00 00  00 00 00 00 00 00 00 00  | 4...............
0000000000029580 | 00 00 00 00 00 00 00 00  01 00 00 00 00 00 00 00  | ................
0000000000029590 | 00 00 00 00 00 00 00 00  00 00 00 00 00 00 00 00  | ................
00000000000295A0 | 00 00 00 00 00 00 00 00  C2 70 01 00 00 00 00 00  | .........p......
00000000000295B0 | 00 00 00 00 00 00 00 00  00 00 00 00 00 00 00 00  | ................
00000000000295C0 | 00 00 00 00 00 00 00 00  00 00 00 00 00 00 00 00  | ................
00000000000295D0 | 00 00 00 00 00 00 00 00  00 00 00 00 00 00 00 00  | ................
00000000000295E0 | 00 00 00 00 00 00 00 00  01 00 FF FF 0B 00 00 00  | ................
00000000000295F0 | 00 00 00 00 00 00 00 00  00 00 00 00 00 00 00 00  | ................
0000000000029600 | 00 00 00 00 00 00 00 00  00 00 00 00 00 00 00 00  | ................
0000000000029610 | 00 00 00 00 00 00 00 00  00 00 00 00 00 00 00 00  | ................
0000000000029620 | 00 00 00 00 00 00 00 00  00 00 00 00 00 00 00 00  | ................
0000000000029630 | 00 00 00 00 00 00 00 00  00 00 00 00 00 00 00 00  | ................
0000000000029640 | 00 00 00 00 00 00 00 00  00 00 00 00 00 00 00 00  | ................
0000000000029650 | 00 00 00 00 00 00 00 00  00 00 00 00 00 00 00 00  | ................
0000000000029660 | 00 00 00 00 00 00 00 00  00 00 00 00 00 00 00 00  | ................
0000000000029670 | 00 00 00 00 00 00 00 00  C7 79 01 00 00 00 00 00  | .........y......
0000000000029680 | CC CE 00 00 00 00 00 00  00 00 00 00 00 00 00 00  | ................
0000000000029690 | 00 00 00 00 00 00 00 00  00 00 00 00 00 00 00 00  | ................
00000000000296A0 | 00 00 00 00 00 00 00 00  00 00 00 00 00 00 00 00  | ................
00000000000296B0 | 00 00 00 00 00 00 00 00  00 00 00 00 00 00 00 00  | ................
00000000000296C0 | 00 00 00 00 00 00 00 00  00 00 00 00 00 00 00 00  | ................
00000000000296D0 | 00 00 00 00 00 00 00 00  00 00 00 00 00 00 00 00  | ................
00000000000296E0 | 00 00 00 00 00 00 00 00  00 00 00 00 00 00 00 00  | ................
00000000000296F0 | 00 00 00 00 00 00 00 00  19 00 DD 00 07 00 00 00  | ................
0000000000029700 | A8 87 01 00 00 00 00 00  08 CF 00 00 00 00 00 00  | ................
0000000000029710 | 00 00 00 00 00 00 00 00  00 00 00 00 00 00 00 00  | ................
0000000000029720 | 00 00 00 00 00 00 00 00  00 00 00 00 00 00 00 00  | ................
0000000000029730 | 00 00 00 00 00 00 00 00  00 00 00 00 00 00 00 00  | ................
0000000000029740 | 00 00 00 00 00 00 00 00  00 00 00 00 00 00 00 00  | ................
0000000000029750 | 00 00 00 00 00 00 00 00  00 00 00 00 00 00 00 00  | ................
0000000000029760 | 00 00 00 00 00 00 00 00  00 00 00 00 00 00 00 00  | ................
0000000000029770 | 00 00 00 00 00 00 00 00  00 00 00 00 00 00 00 00  | ................
0000000000029780 | 19 00 AE 00 0B 00 00 00  DE 79 01 00 00 00 00 00  | .........y......
0000000000029790 | 30 CF 00 00 00 00 00 00  00 00 00 00 00 00 00 00  | 0...............
00000000000297A0 | 00 00 00 00 00 00 00 00  00 00 00 00 00 00 00 00  | ................
00000000000297B0 | 00 00 00 00 00 00 00 00  00 00 00 00 00 00 00 00  | ................
00000000000297C0 | 00 00 00 00 00 00 00 00  00 00 00 00 00 00 00 00  | ................
00000000000297D0 | 00 00 00 00 00 00 00 00  00 00 00 00 00 00 00 00  | ................
00000000000297E0 | 00 00 00 00 00 00 00 00  00 00 00 00 00 00 00 00  | ................
00000000000297F0 | 00 00 00 00 00 00 00 00  00 00 00 00 00 00 00 00  | ................
0000000000029800 | 00 00 00 00 00 00 00 00  18 00 B0 00 09 00 00 00  | ................
0000000000029810 | 00 00 00 00 00 00 00 00  00 00 00 00 00 00 00 00  | ................
0000000000029820 | 00 00 00 00 00 00 00 00  00 00 00 00 00 00 00 00  | ................
0000000000029830 | 00 00 00 00 00 00 00 00  00 00 00 00 00 00 00 00  | ................
0000000000029840 | 00 00 00 00 00 00 00 00  00 00 00 00 00 00 00 00  | ................
0000000000029850 | 00 00 00 00 00 00 00 00  00 00 00 00 00 00 00 00  | ................
0000000000029860 | 00 00 00 00 00 00 00 00  00 00 00 00 00 00 00 00  | ................
0000000000029870 | 00 00 00 00 00 00 00 00  00 00 00 00 00 00 00 00  | ................
0000000000029880 | 00 00 00 00 00 00 00 00  00 00 00 00 00 00 00 00  | ................
0000000000029890 | 00 00 00 00 00 00 00 00  F5 79 01 00 00 00 00 00  | .........y......
00000000000298A0 | D0 CF 00 00 00 00 00 00  00 00 00 00 00 00 00 00  | ................
00000000000298B0 | 00 00 00 00 00 00 00 00  00 00 00 00 00 00 00 00  | ................
00000000000298C0 | 00 00 00 00 00 00 00 00  00 00 00 00 00 00 00 00  | ................
00000000000298D0 | 00 00 00 00 00 00 00 00  00 00 00 00 00 00 00 00  | ................
00000000000298E0 | 00 00 00 00 00 00 00 00  00 00 00 00 00 00 00 00  | ................
00000000000298F0 | 00 00 00 00 00 00 00 00  00 00 00 00 00 00 00 00  | ................
0000000000029900 | 00 00 00 00 00 00 00 00  00 00 00 00 00 00 00 00  | ................
0000000000029910 | 00 00 00 00 00 00 00 00  19 00 E8 00 0B 00 00 00  | ................
0000000000029920 | 00 00 00 00 00 00 00 00  00 00 00 00 00 00 00 00  | ................
0000000000029930 | 00 00 00 00 00 00 00 00  00 00 00 00 00 00 00 00  | ................
0000000000029940 | 00 00 00 00 00 00 00 00  00 00 00 00 00 00 00 00  | ................
0000000000029950 | 00 00 00 00 00 00 00 00  00 00 00 00 00 00 00 00  | ................
0000000000029960 | 00 00 00 00 00 00 00 00  00 00 00 00 00 00 00 00  | ................
0000000000029970 | 00 00 00 00 00 00 00 00  00 00 00 00 00 00 00 00  | ................
0000000000029980 | 00 00 00 00 00 00 00 00  00 00 00 00 00 00 00 00  | ................
0000000000029990 | 00 00 00 00 00 00 00 00  00 00 00 00 00 00 00 00  | ................
00000000000299A0 | 00 00 00 00 00 00 00 00  00 00 00 00 00 00 00 00  | ................
00000000000299B0 | 00 00 00 00 00 00 00 00  00 00 00 00 00 00 00 00  | ................
00000000000299C0 | 00 00 00 00 00 00 00 00  00 00 00 00 00 00 00 00  | ................
00000000000299D0 | 00 00 00 00 00 00 00 00  00 00 00 00 00 00 00 00  | ................
00000000000299E0 | 00 00 00 00 00 00 00 00  00 00 00 00 00 00 00 00  | ................
00000000000299F0 | 00 00 00 00 00 00 00 00  00 00 00 00 00 00 00 00  | ................
0000000000029A00 | 00 00 00 00 00 00 00 00  00 00 00 00 00 00 00 00  | ................
0000000000029A10 | 00 00 00 00 00 00 00 00  00 00 00 00 00 00 00 00  | ................
0000000000029A20 | 00 00 00 00 00 00 00 00  00 00 00 00 00 00 00 00  | ................
0000000000029A30 | 0C 7A 01 00 00 00 00 00  FC CF 00 00 00 00 00 00  | .z..............
0000000000029A40 | 00 00 00 00 00 00 00 00  00 00 00 00 00 00 00 00  | ................
0000000000029A50 | 00 00 00 00 00 00 00 00  00 00 00 00 00 00 00 00  | ................
0000000000029A60 | 00 00 00 00 00 00 00 00  00 00 00 00 00 00 00 00  | ................
0000000000029A70 | 00 00 00 00 00 00 00 00  00 00 00 00 00 00 00 00  | ................
0000000000029A80 | 00 00 00 00 00 00 00 00  00 00 00 00 00 00 00 00  | ................
0000000000029A90 | 00 00 00 00 00 00 00 00  00 00 00 00 00 00 00 00  | ................
0000000000029AA0 | 00 00 00 00 00 00 00 00  00 00 00 00 00 00 00 00  | ................
0000000000029AB0 | 18 00 9F 00 05 00 00 00  00 00 00 00 00 00 00 00  | ................
0000000000029AC0 | 00 00 00 00 00 00 00 00  00 00 00 00 00 00 00 00  | ................
0000000000029AD0 | 00 00 00 00 00 00 00 00  00 00 00 00 00 00 00 00  | ................
0000000000029AE0 | 00 00 00 00 00 00 00 00  00 00 00 00 00 00 00 00  | ................
0000000000029AF0 | 00 00 00 00 00 00 00 00  00 00 00 00 00 00 00 00  | ................
0000000000029B00 | 00 00 00 00 00 00 00 00  00 00 00 00 00 00 00 00  | ................
0000000000029B10 | 00 00 00 00 00 00 00 00  00 00 00 00 00 00 00 00  | ................
0000000000029B20 | 00 00 00 00 00 00 00 00  00 00 00 00 00 00 00 00  | ................
0000000000029B30 | 00 00 00 00 00 00 00 00  00 00 00 00 00 00 00 00  | ................
0000000000029B40 | 00 00 00 00 00 00 00 00  00 00 00 00 00 00 00 00  | ................
0000000000029B50 | 00 00 00 00 00 00 00 00  00 00 00 00 00 00 00 00  | ................
0000000000029B60 | 00 00 00 00 00 00 00 00  00 00 00 00 00 00 00 00  | ................
0000000000029B70 | 00 00 00 00 00 00 00 00  00 00 00 00 00 00 00 00  | ................
0000000000029B80 | 00 00 00 00 00 00 00 00  00 00 00 00 00 00 00 00  | ................
0000000000029B90 | 00 00 00 00 00 00 00 00  00 00 00 00 00 00 00 00  | ................
0000000000029BA0 | 00 00 00 00 00 00 00 00  00 00 00 00 00 00 00 00  | ................
0000000000029BB0 | 00 00 00 00 00 00 00 00  00 00 00 00 00 00 00 00  | ................
0000000000029BC0 | 00 00 00 00 00 00 00 00  00 00 00 00 00 00 00 00  | ................
0000000000029BD0 | 00 00 00 00 00 00 00 00  00 00 00 00 00 00 00 00  | ................
0000000000029BE0 | 00 00 00 00 00 00 00 00  00 00 00 00 00 00 00 00  | ................
0000000000029BF0 | 00 00 00 00 00 00 00 00  00 00 00 00 00 00 00 00  | ................
0000000000029C00 | 00 00 00 00 00 00 00 00  00 00 00 00 00 00 00 00  | ................
0000000000029C10 | 00 00 00 00 00 00 00 00  00 00 00 00 00 00 00 00  | ................
0000000000029C20 | 00 00 00 00 00 00 00 00  00 00 00 00 00 00 00 00  | ................
0000000000029C30 | 00 00 00 00 00 00 00 00  00 00 00 00 00 00 00 00  | ................
0000000000029C40 | 00 00 00 00 00 00 00 00  00 00 00 00 00 00 00 00  | ................
0000000000029C50 | 23 7A 01 00 00 00 00 00  14 D0 00 00 00 00 00 00  | #z..............
0000000000029C60 | 00 00 00 00 00 00 00 00  00 00 00 00 00 00 00 00  | ................
0000000000029C70 | 00 00 00 00 00 00 00 00  00 00 00 00 00 00 00 00  | ................
0000000000029C80 | 00 00 00 00 00 00 00 00  00 00 00 00 00 00 00 00  | ................
0000000000029C90 | 00 00 00 00 00 00 00 00  00 00 00 00 00 00 00 00  | ................
0000000000029CA0 | 00 00 00 00 00 00 00 00  00 00 00 00 00 00 00 00  | ................
0000000000029CB0 | 00 00 00 00 00 00 00 00  00 00 00 00 00 00 00 00  | ................
0000000000029CC0 | 00 00 00 00 00 00 00 00  00 00 00 00 00 00 00 00  | ................
0000000000029CD0 | 19 00 2C 00 0B 00 00 00  00 00 00 00 00 00 00 00  | ..,.............
0000000000029CE0 | 00 00 00 00 00 00 00 00  00 00 00 00 00 00 00 00  | ................
0000000000029CF0 | 00 00 00 00 00 00 00 00  00 00 00 00 00 00 00 00  | ................
0000000000029D00 | 00 00 00 00 00 00 00 00  00 00 00 00 00 00 00 00  | ................
0000000000029D10 | 00 00 00 00 00 00 00 00  00 00 00 00 00 00 00 00  | ................
0000000000029D20 | 00 00 00 00 00 00 00 00  00 00 00 00 00 00 00 00  | ................
0000000000029D30 | 00 00 00 00 00 00 00 00  00 00 00 00 00 00 00 00  | ................
0000000000029D40 | 00 00 00 00 00 00 00 00  00 00 00 00 00 00 00 00  | ................
0000000000029D50 | 00 00 00 00 00 00 00 00  00 00 00 00 00 00 00 00  | ................
0000000000029D60 | 00 00 00 00 00 00 00 00  00 00 00 00 00 00 00 00  | ................
0000000000029D70 | 00 00 00 00 00 00 00 00  00 00 00 00 00 00 00 00  | ................
0000000000029D80 | 00 00 00 00 00 00 00 00  00 00 00 00 00 00 00 00  | ................
0000000000029D90 | 00 00 00 00 00 00 00 00  00 00 00 00 00 00 00 00  | ................
0000000000029DA0 | 00 00 00 00 00 00 00 00  00 00 00 00 00 00 00 00  | ................
0000000000029DB0 | 00 00 00 00 00 00 00 00  00 00 00 00 00 00 00 00  | ................
0000000000029DC0 | 00 00 00 00 00 00 00 00  00 00 00 00 00 00 00 00  | ................
0000000000029DD0 | 00 00 00 00 00 00 00 00  00 00 00 00 00 00 00 00  | ................
0000000000029DE0 | 00 00 00 00 00 00 00 00  00 00 00 00 00 00 00 00  | ................
0000000000029DF0 | 00 00 00 00 00 00 00 00  00 00 00 00 00 00 00 00  | ................
0000000000029E00 | 00 00 00 00 00 00 00 00  00 00 00 00 00 00 00 00  | ................
0000000000029E10 | 00 00 00 00 00 00 00 00  00 00 00 00 00 00 00 00  | ................
0000000000029E20 | 00 00 00 00 00 00 00 00  00 00 00 00 00 00 00 00  | ................
0000000000029E30 | 00 00 00 00 00 00 00 00  00 00 00 00 00 00 00 00  | ................
0000000000029E40 | 00 00 00 00 00 00 00 00  00 00 00 00 00 00 00 00  | ................
0000000000029E50 | 00 00 00 00 00 00 00 00  00 00 00 00 00 00 00 00  | ................
0000000000029E60 | 00 00 00 00 00 00 00 00  00 00 00 00 00 00 00 00  | ................
0000000000029E70 | 00 00 00 00 00 00 00 00  00 00 00 00 00 00 00 00  | ................
0000000000029E80 | 00 00 00 00 00 00 00 00  00 00 00 00 00 00 00 00  | ................
0000000000029E90 | 00 00 00 00 00 00 00 00  00 00 00 00 00 00 00 00  | ................
0000000000029EA0 | 00 00 00 00 00 00 00 00  00 00 00 00 00 00 00 00  | ................
0000000000029EB0 | 00 00 00 00 00 00 00 00  00 00 00 00 00 00 00 00  | ................
0000000000029EC0 | 00 00 00 00 00 00 00 00  00 00 00 00 00 00 00 00  | ................
0000000000029ED0 | 00 00 00 00 00 00 00 00  00 00 00 00 00 00 00 00  | ................
0000000000029EE0 | 00 00 00 00 00 00 00 00  00 00 00 00 00 00 00 00  | ................
0000000000029EF0 | 00 00 00 00 00 00 00 00  3A 7A 01 00 00 00 00 00  | ........:z......
0000000000029F00 | 3C D0 00 00 00 00 00 00  00 00 00 00 00 00 00 00  | <...............
0000000000029F10 | 00 00 00 00 00 00 00 00  00 00 00 00 00 00 00 00  | ................
0000000000029F20 | 00 00 00 00 00 00 00 00  00 00 00 00 00 00 00 00  | ................
0000000000029F30 | 00 00 00 00 00 00 00 00  00 00 00 00 00 00 00 00  | ................
0000000000029F40 | 00 00 00 00 00 00 00 00  00 00 00 00 00 00 00 00  | ................
0000000000029F50 | 00 00 00 00 00 00 00 00  00 00 00 00 00 00 00 00  | ................
0000000000029F60 | 00 00 00 00 00 00 00 00  00 00 00 00 00 00 00 00  | ................
0000000000029F70 | 00 00 00 00 00 00 00 00  19 00 08 00 0B 00 00 00  | ................
0000000000029F80 | 51 7A 01 00 00 00 00 00  58 D0 00 00 00 00 00 00  | Qz......X.......
0000000000029F90 | 00 00 00 00 00 00 00 00  00 00 00 00 00 00 00 00  | ................
0000000000029FA0 | 00 00 00 00 00 00 00 00  00 00 00 00 00 00 00 00  | ................
0000000000029FB0 | 00 00 00 00 00 00 00 00  00 00 00 00 00 00 00 00  | ................
0000000000029FC0 | 00 00 00 00 00 00 00 00  00 00 00 00 00 00 00 00  | ................
0000000000029FD0 | 00 00 00 00 00 00 00 00  00 00 00 00 00 00 00 00  | ................
0000000000029FE0 | 00 00 00 00 00 00 00 00  00 00 00 00 00 00 00 00  | ................
0000000000029FF0 | 00 00 00 00 00 00 00 00  00 00 00 00 00 00 00 00  | ................
000000000002A000 | 19 00 AB 00 0B 00 00 00  68 7A 01 00 00 00 00 00  | ........hz......
000000000002A010 | 60 D0 00 00 00 00 00 00  00 00 00 00 00 00 00 00  | `...............
000000000002A020 | 00 00 00 00 00 00 00 00  00 00 00 00 00 00 00 00  | ................
000000000002A030 | 00 00 00 00 00 00 00 00  00 00 00 00 00 00 00 00  | ................
000000000002A040 | 00 00 00 00 00 00 00 00  00 00 00 00 00 00 00 00  | ................
000000000002A050 | 00 00 00 00 00 00 00 00  00 00 00 00 00 00 00 00  | ................
000000000002A060 | 00 00 00 00 00 00 00 00  00 00 00 00 00 00 00 00  | ................
000000000002A070 | 00 00 00 00 00 00 00 00  00 00 00 00 00 00 00 00  | ................
000000000002A080 | 00 00 00 00 00 00 00 00  19 00 7A 00 0B 00 00 00  | ..........z.....
000000000002A090 | 00 00 00 00 00 00 00 00  00 00 00 00 00 00 00 00  | ................
000000000002A0A0 | 00 00 00 00 00 00 00 00  00 00 00 00 00 00 00 00  | ................
000000000002A0B0 | 00 00 00 00 00 00 00 00  00 00 00 00 00 00 00 00  | ................
000000000002A0C0 | 00 00 00 00 00 00 00 00  00 00 00 00 00 00 00 00  | ................
000000000002A0D0 | 00 00 00 00 00 00 00 00  00 00 00 00 00 00 00 00  | ................
000000000002A0E0 | 00 00 00 00 00 00 00 00  00 00 00 00 00 00 00 00  | ................
000000000002A0F0 | 00 00 00 00 00 00 00 00  00 00 00 00 00 00 00 00  | ................
000000000002A100 | 00 00 00 00 00 00 00 00  00 00 00 00 00 00 00 00  | ................
000000000002A110 | 00 00 00 00 00 00 00 00  00 00 00 00 00 00 00 00  | ................
000000000002A120 | 00 00 00 00 00 00 00 00  00 00 00 00 00 00 00 00  | ................
000000000002A130 | 00 00 00 00 00 00 00 00  00 00 00 00 00 00 00 00  | ................
000000000002A140 | 00 00 00 00 00 00 00 00  00 00 00 00 00 00 00 00  | ................
000000000002A150 | 00 00 00 00 00 00 00 00  00 00 00 00 00 00 00 00  | ................
000000000002A160 | 00 00 00 00 00 00 00 00  00 00 00 00 00 00 00 00  | ................
000000000002A170 | 00 00 00 00 00 00 00 00  00 00 00 00 00 00 00 00  | ................
000000000002A180 | 00 00 00 00 00 00 00 00  00 00 00 00 00 00 00 00  | ................
000000000002A190 | 00 00 00 00 00 00 00 00  00 00 00 00 00 00 00 00  | ................
000000000002A1A0 | 7F 7A 01 00 00 00 00 00  68 D0 00 00 00 00 00 00  | .z......h.......
000000000002A1B0 | 00 00 00 00 00 00 00 00  00 00 00 00 00 00 00 00  | ................
000000000002A1C0 | 00 00 00 00 00 00 00 00  00 00 00 00 00 00 00 00  | ................
000000000002A1D0 | 00 00 00 00 00 00 00 00  00 00 00 00 00 00 00 00  | ................
000000000002A1E0 | 00 00 00 00 00 00 00 00  00 00 00 00 00 00 00 00  | ................
000000000002A1F0 | 00 00 00 00 00 00 00 00  00 00 00 00 00 00 00 00  | ................
000000000002A200 | 00 00 00 00 00 00 00 00  00 00 00 00 00 00 00 00  | ................
000000000002A210 | 00 00 00 00 00 00 00 00  00 00 00 00 00 00 00 00  | ................
000000000002A220 | 19 00 B5 00 0B 00 00 00  96 7A 01 00 00 00 00 00  | .........z......
000000000002A230 | 84 D0 00 00 00 00 00 00  00 00 00 00 00 00 00 00  | ................
000000000002A240 | 00 00 00 00 00 00 00 00  00 00 00 00 00 00 00 00  | ................
000000000002A250 | 00 00 00 00 00 00 00 00  00 00 00 00 00 00 00 00  | ................
000000000002A260 | 00 00 00 00 00 00 00 00  00 00 00 00 00 00 00 00  | ................
000000000002A270 | 00 00 00 00 00 00 00 00  00 00 00 00 00 00 00 00  | ................
000000000002A280 | 00 00 00 00 00 00 00 00  00 00 00 00 00 00 00 00  | ................
000000000002A290 | 00 00 00 00 00 00 00 00  00 00 00 00 00 00 00 00  | ................
000000000002A2A0 | 00 00 00 00 00 00 00 00  19 00 20 00 0B 00 00 00  | .......... .....
000000000002A2B0 | AD 7A 01 00 00 00 00 00  AC D0 00 00 00 00 00 00  | .z..............
000000000002A2C0 | 00 00 00 00 00 00 00 00  00 00 00 00 00 00 00 00  | ................
000000000002A2D0 | 00 00 00 00 00 00 00 00  00 00 00 00 00 00 00 00  | ................
000000000002A2E0 | 00 00 00 00 00 00 00 00  00 00 00 00 00 00 00 00  | ................
000000000002A2F0 | 00 00 00 00 00 00 00 00  00 00 00 00 00 00 00 00  | ................
000000000002A300 | 00 00 00 00 00 00 00 00  00 00 00 00 00 00 00 00  | ................
000000000002A310 | 00 00 00 00 00 00 00 00  00 00 00 00 00 00 00 00  | ................
000000000002A320 | 00 00 00 00 00 00 00 00  00 00 00 00 00 00 00 00  | ................
000000000002A330 | 00 00 FF FF 04 00 00 00  00 00 00 00 00 00 00 00  | ................
000000000002A340 | 00 00 00 00 00 00 00 00  00 00 00 00 00 00 00 00  | ................
000000000002A350 | 00 00 00 00 00 00 00 00  00 00 00 00 00 00 00 00  | ................
000000000002A360 | 00 00 00 00 00 00 00 00  00 00 00 00 00 00 00 00  | ................
000000000002A370 | 00 00 00 00 00 00 00 00  00 00 00 00 00 00 00 00  | ................
000000000002A380 | 00 00 00 00 00 00 00 00  00 00 00 00 00 00 00 00  | ................
000000000002A390 | 00 00 00 00 00 00 00 00  00 00 00 00 00 00 00 00  | ................
000000000002A3A0 | 00 00 00 00 00 00 00 00  00 00 00 00 00 00 00 00  | ................
000000000002A3B0 | 00 00 00 00 00 00 00 00  00 00 00 00 00 00 00 00  | ................
000000000002A3C0 | 00 00 00 00 00 00 00 00  00 00 00 00 00 00 00 00  | ................
000000000002A3D0 | 00 00 00 00 00 00 00 00  00 00 00 00 00 00 00 00  | ................
000000000002A3E0 | 00 00 00 00 00 00 00 00  00 00 00 00 00 00 00 00  | ................
000000000002A3F0 | 00 00 00 00 00 00 00 00  00 00 00 00 00 00 00 00  | ................
000000000002A400 | 00 00 00 00 00 00 00 00  00 00 00 00 00 00 00 00  | ................
000000000002A410 | 00 00 00 00 00 00 00 00  00 00 00 00 00 00 00 00  | ................
000000000002A420 | 00 00 00 00 00 00 00 00  00 00 00 00 00 00 00 00  | ................
000000000002A430 | 00 00 00 00 00 00 00 00  00 00 00 00 00 00 00 00  | ................
000000000002A440 | 00 00 00 00 00 00 00 00  C4 7A 01 00 00 00 00 00  | .........z......
000000000002A450 | C0 D0 00 00 00 00 00 00  00 00 00 00 00 00 00 00  | ................
000000000002A460 | 00 00 00 00 00 00 00 00  00 00 00 00 00 00 00 00  | ................
000000000002A470 | 00 00 00 00 00 00 00 00  00 00 00 00 00 00 00 00  | ................
000000000002A480 | 00 00 00 00 00 00 00 00  00 00 00 00 00 00 00 00  | ................
000000000002A490 | 00 00 00 00 00 00 00 00  00 00 00 00 00 00 00 00  | ................
000000000002A4A0 | 00 00 00 00 00 00 00 00  00 00 00 00 00 00 00 00  | ................
000000000002A4B0 | 00 00 00 00 00 00 00 00  00 00 00 00 00 00 00 00  | ................
000000000002A4C0 | 00 00 00 00 00 00 00 00  19 00 78 00 0B 00 00 00  | ..........x.....
000000000002A4D0 | DB 7A 01 00 00 00 00 00  DC D0 00 00 00 00 00 00  | .z..............
000000000002A4E0 | 00 00 00 00 00 00 00 00  00 00 00 00 00 00 00 00  | ................
000000000002A4F0 | 00 00 00 00 00 00 00 00  00 00 00 00 00 00 00 00  | ................
000000000002A500 | 00 00 00 00 00 00 00 00  00 00 00 00 00 00 00 00  | ................
000000000002A510 | 00 00 00 00 00 00 00 00  00 00 00 00 00 00 00 00  | ................
000000000002A520 | 00 00 00 00 00 00 00 00  00 00 00 00 00 00 00 00  | ................
000000000002A530 | 00 00 00 00 00 00 00 00  00 00 00 00 00 00 00 00  | ................
000000000002A540 | 00 00 00 00 00 00 00 00  00 00 00 00 00 00 00 00  | ................
000000000002A550 | 19 00 0F 00 0B 00 00 00  F2 7A 01 00 00 00 00 00  | .........z......
000000000002A560 | F8 D0 00 00 00 00 00 00  00 00 00 00 00 00 00 00  | ................
000000000002A570 | 00 00 00 00 00 00 00 00  06 00 00 00 00 00 00 00  | ................
000000000002A580 | 00 00 00 00 00 00 00 00  00 00 00 00 00 00 00 00  | ................
000000000002A590 | 00 00 00 00 00 00 00 00  00 00 00 00 00 00 00 00  | ................
000000000002A5A0 | 00 00 00 00 00 00 00 00  00 00 00 00 00 00 00 00  | ................
000000000002A5B0 | 00 00 00 00 00 00 00 00  00 00 00 00 00 00 00 00  | ................
000000000002A5C0 | 00 00 00 00 00 00 00 00  00 00 00 00 00 00 00 00  | ................
000000000002A5D0 | 00 00 00 00 00 00 00 00  01 00 FF FF 0B 00 00 00  | ................
000000000002A5E0 | 00 00 00 00 00 00 00 00  00 00 00 00 00 00 00 00  | ................
000000000002A5F0 | 00 00 00 00 00 00 00 00  00 00 00 00 00 00 00 00  | ................
000000000002A600 | 00 00 00 00 00 00 00 00  00 00 00 00 00 00 00 00  | ................
000000000002A610 | 00 00 00 00 00 00 00 00  00 00 00 00 00 00 00 00  | ................
000000000002A620 | 00 00 00 00 00 00 00 00  00 00 00 00 00 00 00 00  | ................
000000000002A630 | 00 00 00 00 00 00 00 00  00 00 00 00 00 00 00 00  | ................
000000000002A640 | 00 00 00 00 00 00 00 00  00 00 00 00 00 00 00 00  | ................
000000000002A650 | 00 00 00 00 00 00 00 00  00 00 00 00 00 00 00 00  | ................
000000000002A660 | 00 00 00 00 00 00 00 00  09 7B 01 00 00 00 00 00  | .........{......
000000000002A670 | 1C D1 00 00 00 00 00 00  00 00 00 00 00 00 00 00  | ................
000000000002A680 | 00 00 00 00 00 00 00 00  00 00 00 00 00 00 00 00  | ................
000000000002A690 | 00 00 00 00 00 00 00 00  00 00 00 00 00 00 00 00  | ................
000000000002A6A0 | 00 00 00 00 00 00 00 00  00 00 00 00 00 00 00 00  | ................
000000000002A6B0 | 00 00 00 00 00 00 00 00  00 00 00 00 00 00 00 00  | ................
000000000002A6C0 | 00 00 00 00 00 00 00 00  00 00 00 00 00 00 00 00  | ................
000000000002A6D0 | 00 00 00 00 00 00 00 00  00 00 00 00 00 00 00 00  | ................
000000000002A6E0 | 00 00 00 00 00 00 00 00  19 00 27 00 0B 00 00 00  | ..........'.....
000000000002A6F0 | 20 7B 01 00 00 00 00 00  44 D1 00 00 00 00 00 00  |  {......D.......
000000000002A700 | 00 00 00 00 00 00 00 00  00 00 00 00 00 00 00 00  | ................
000000000002A710 | 00 00 00 00 00 00 00 00  00 00 00 00 00 00 00 00  | ................
000000000002A720 | 00 00 00 00 00 00 00 00  00 00 00 00 00 00 00 00  | ................
000000000002A730 | 00 00 00 00 00 00 00 00  00 00 00 00 00 00 00 00  | ................
000000000002A740 | 00 00 00 00 00 00 00 00  00 00 00 00 00 00 00 00  | ................
000000000002A750 | 00 00 00 00 00 00 00 00  00 00 00 00 00 00 00 00  | ................
000000000002A760 | 00 00 00 00 00 00 00 00  00 00 00 00 00 00 00 00  | ................
000000000002A770 | 18 00 1E 00 0A 00 00 00  00 00 00 00 00 00 00 00  | ................
000000000002A780 | 00 00 00 00 00 00 00 00  00 00 00 00 00 00 00 00  | ................
000000000002A790 | 00 00 00 00 00 00 00 00  00 00 00 00 00 00 00 00  | ................
000000000002A7A0 | 00 00 00 00 00 00 00 00  00 00 00 00 00 00 00 00  | ................
000000000002A7B0 | 00 00 00 00 00 00 00 00  00 00 00 00 00 00 00 00  | ................
000000000002A7C0 | 00 00 00 00 00 00 00 00  00 00 00 00 00 00 00 00  | ................
000000000002A7D0 | 00 00 00 00 00 00 00 00  00 00 00 00 00 00 00 00  | ................
000000000002A7E0 | 00 00 00 00 00 00 00 00  00 00 00 00 00 00 00 00  | ................
000000000002A7F0 | 00 00 00 00 00 00 00 00  00 00 00 00 00 00 00 00  | ................
000000000002A800 | BB 86 01 00 00 00 00 00  5C D1 00 00 00 00 00 00  | ........\.......
000000000002A810 | 00 00 00 00 00 00 00 00  00 00 00 00 00 00 00 00  | ................
000000000002A820 | 00 00 00 00 00 00 00 00  00 00 00 00 00 00 00 00  | ................
000000000002A830 | 00 00 00 00 00 00 00 00  00 00 00 00 00 00 00 00  | ................
000000000002A840 | 00 00 00 00 00 00 00 00  00 00 00 00 00 00 00 00  | ................
000000000002A850 | 00 00 00 00 00 00 00 00  00 00 00 00 00 00 00 00  | ................
000000000002A860 | 00 00 00 00 00 00 00 00  00 00 00 00 00 00 00 00  | ................
000000000002A870 | 00 00 00 00 00 00 00 00  00 00 00 00 00 00 00 00  | ................
000000000002A880 | 19 00 4C 00 0B 00 00 00  00 00 00 00 00 00 00 00  | ..L.............
000000000002A890 | 00 00 00 00 00 00 00 00  00 00 00 00 00 00 00 00  | ................
000000000002A8A0 | 00 00 00 00 00 00 00 00  00 00 00 00 00 00 00 00  | ................
000000000002A8B0 | 00 00 00 00 00 00 00 00  00 00 00 00 00 00 00 00  | ................
000000000002A8C0 | 00 00 00 00 00 00 00 00  00 00 00 00 00 00 00 00  | ................
000000000002A8D0 | 00 00 00 00 00 00 00 00  00 00 00 00 00 00 00 00  | ................
000000000002A8E0 | 00 00 00 00 00 00 00 00  00 00 00 00 00 00 00 00  | ................
000000000002A8F0 | 00 00 00 00 00 00 00 00  00 00 00 00 00 00 00 00  | ................
000000000002A900 | 00 00 00 00 00 00 00 00  00 00 00 00 00 00 00 00  | ................
000000000002A910 | 00 00 00 00 00 00 00 00  00 00 00 00 00 00 00 00  | ................
000000000002A920 | 00 00 00 00 00 00 00 00  00 00 00 00 00 00 00 00  | ................
000000000002A930 | 00 00 00 00 00 00 00 00  00 00 00 00 00 00 00 00  | ................
000000000002A940 | 00 00 00 00 00 00 00 00  00 00 00 00 00 00 00 00  | ................
000000000002A950 | 00 00 00 00 00 00 00 00  00 00 00 00 00 00 00 00  | ................
000000000002A960 | 00 00 00 00 00 00 00 00  00 00 00 00 00 00 00 00  | ................
000000000002A970 | 00 00 00 00 00 00 00 00  00 00 00 00 00 00 00 00  | ................
000000000002A980 | 00 00 00 00 00 00 00 00  00 00 00 00 00 00 00 00  | ................
000000000002A990 | 00 00 00 00 00 00 00 00  37 7B 01 00 00 00 00 00  | ........7{......
000000000002A9A0 | 84 D1 00 00 00 00 00 00  00 00 00 00 00 00 00 00  | ................
000000000002A9B0 | 00 00 00 00 00 00 00 00  00 00 00 00 00 00 00 00  | ................
000000000002A9C0 | 00 00 00 00 00 00 00 00  00 00 00 00 00 00 00 00  | ................
000000000002A9D0 | 00 00 00 00 00 00 00 00  00 00 00 00 00 00 00 00  | ................
000000000002A9E0 | 00 00 00 00 00 00 00 00  00 00 00 00 00 00 00 00  | ................
000000000002A9F0 | 00 00 00 00 00 00 00 00  00 00 00 00 00 00 00 00  | ................
000000000002AA00 | 00 00 00 00 00 00 00 00  00 00 00 00 00 00 00 00  | ................
000000000002AA10 | 00 00 00 00 00 00 00 00  19 00 42 00 0B 00 00 00  | ..........B.....
000000000002AA20 | 4E 7B 01 00 00 00 00 00  14 D2 00 00 00 00 00 00  | N{..............
000000000002AA30 | 00 00 00 00 00 00 00 00  00 00 00 00 00 00 00 00  | ................
000000000002AA40 | 00 00 00 00 00 00 00 00  00 00 00 00 00 00 00 00  | ................
000000000002AA50 | 00 00 00 00 00 00 00 00  00 00 00 00 00 00 00 00  | ................
000000000002AA60 | 00 00 00 00 00 00 00 00  00 00 00 00 00 00 00 00  | ................
000000000002AA70 | 00 00 00 00 00 00 00 00  00 00 00 00 00 00 00 00  | ................
000000000002AA80 | 00 00 00 00 00 00 00 00  00 00 00 00 00 00 00 00  | ................
000000000002AA90 | 00 00 00 00 00 00 00 00  00 00 00 00 00 00 00 00  | ................
000000000002AAA0 | 19 00 01 00 0B 00 00 00  00 00 00 00 00 00 00 00  | ................
000000000002AAB0 | 00 00 00 00 00 00 00 00  00 00 00 00 00 00 00 00  | ................
000000000002AAC0 | 00 00 00 00 00 00 00 00  00 00 00 00 00 00 00 00  | ................
000000000002AAD0 | 00 00 00 00 00 00 00 00  00 00 00 00 00 00 00 00  | ................
000000000002AAE0 | 00 00 00 00 00 00 00 00  00 00 00 00 00 00 00 00  | ................
000000000002AAF0 | 00 00 00 00 00 00 00 00  00 00 00 00 00 00 00 00  | ................
000000000002AB00 | 00 00 00 00 00 00 00 00  00 00 00 00 00 00 00 00  | ................
000000000002AB10 | 00 00 00 00 00 00 00 00  00 00 00 00 00 00 00 00  | ................
000000000002AB20 | 00 00 00 00 00 00 00 00  00 00 00 00 00 00 00 00  | ................
000000000002AB30 | 65 7B 01 00 00 00 00 00  00 00 00 00 00 00 00 00  | e{..............
000000000002AB40 | 00 00 00 00 00 00 00 00  00 00 00 00 00 00 00 00  | ................
000000000002AB50 | 07 00 00 00 00 00 00 00  00 00 00 00 00 00 00 00  | ................
000000000002AB60 | 00 00 00 00 00 00 00 00  00 00 00 00 00 00 00 00  | ................
000000000002AB70 | 00 00 00 00 00 00 00 00  00 00 00 00 00 00 00 00  | ................
000000000002AB80 | 00 00 00 00 00 00 00 00  00 00 00 00 00 00 00 00  | ................
000000000002AB90 | 00 00 00 00 00 00 00 00  00 00 00 00 00 00 00 00  | ................
000000000002ABA0 | 00 00 00 00 00 00 00 00  00 00 00 00 00 00 00 00  | ................
000000000002ABB0 | 00 00 FF FF 0B 00 00 00  7C 7B 01 00 00 00 00 00  | ........|{......
000000000002ABC0 | 30 D2 00 00 00 00 00 00  00 00 00 00 00 00 00 00  | 0...............
000000000002ABD0 | 00 00 00 00 00 00 00 00  00 00 00 00 00 00 00 00  | ................
000000000002ABE0 | 00 00 00 00 00 00 00 00  00 00 00 00 00 00 00 00  | ................
000000000002ABF0 | 00 00 00 00 00 00 00 00  00 00 00 00 00 00 00 00  | ................
000000000002AC00 | 00 00 00 00 00 00 00 00  00 00 00 00 00 00 00 00  | ................
000000000002AC10 | 00 00 00 00 00 00 00 00  00 00 00 00 00 00 00 00  | ................
000000000002AC20 | 00 00 00 00 00 00 00 00  00 00 00 00 00 00 00 00  | ................
000000000002AC30 | 00 00 00 00 00 00 00 00  19 00 F7 00 05 00 00 00  | ................
000000000002AC40 | 93 7B 01 00 00 00 00 00  00 00 00 00 00 00 00 00  | .{..............
000000000002AC50 | 00 00 00 00 00 00 00 00  00 00 00 00 00 00 00 00  | ................
000000000002AC60 | 07 00 00 00 00 00 00 00  00 00 00 00 00 00 00 00  | ................
000000000002AC70 | 00 00 00 00 00 00 00 00  00 00 00 00 00 00 00 00  | ................
000000000002AC80 | 00 00 00 00 00 00 00 00  00 00 00 00 00 00 00 00  | ................
000000000002AC90 | 00 00 00 00 00 00 00 00  00 00 00 00 00 00 00 00  | ................
000000000002ACA0 | 00 00 00 00 00 00 00 00  00 00 00 00 00 00 00 00  | ................
000000000002ACB0 | 00 00 00 00 00 00 00 00  00 00 00 00 00 00 00 00  | ................
000000000002ACC0 | 00 00 FF FF 0B 00 00 00  AA 7B 01 00 00 00 00 00  | .........{......
000000000002ACD0 | 34 D2 00 00 00 00 00 00  00 00 00 00 00 00 00 00  | 4...............
000000000002ACE0 | 00 00 00 00 00 00 00 00  00 00 00 00 00 00 00 00  | ................
000000000002ACF0 | 00 00 00 00 00 00 00 00  00 00 00 00 00 00 00 00  | ................
000000000002AD00 | 00 00 00 00 00 00 00 00  00 00 00 00 00 00 00 00  | ................
000000000002AD10 | 00 00 00 00 00 00 00 00  00 00 00 00 00 00 00 00  | ................
000000000002AD20 | 00 00 00 00 00 00 00 00  00 00 00 00 00 00 00 00  | ................
000000000002AD30 | 00 00 00 00 00 00 00 00  00 00 00 00 00 00 00 00  | ................
000000000002AD40 | 00 00 00 00 00 00 00 00  00 00 FF FF 09 00 00 00  | ................
000000000002AD50 | C1 7B 01 00 00 00 00 00  80 D2 00 00 00 00 00 00  | .{..............
000000000002AD60 | 00 00 00 00 00 00 00 00  00 00 00 00 00 00 00 00  | ................
000000000002AD70 | 00 00 00 00 00 00 00 00  00 00 00 00 00 00 00 00  | ................
000000000002AD80 | 00 00 00 00 00 00 00 00  00 00 00 00 00 00 00 00  | ................
000000000002AD90 | 00 00 00 00 00 00 00 00  00 00 00 00 00 00 00 00  | ................
000000000002ADA0 | 00 00 00 00 00 00 00 00  00 00 00 00 00 00 00 00  | ................
000000000002ADB0 | 00 00 00 00 00 00 00 00  00 00 00 00 00 00 00 00  | ................
000000000002ADC0 | 00 00 00 00 00 00 00 00  00 00 00 00 00 00 00 00  | ................
000000000002ADD0 | 00 00 FF FF 02 00 00 00  00 00 00 00 00 00 00 00  | ................
000000000002ADE0 | 00 00 00 00 00 00 00 00  00 00 00 00 00 00 00 00  | ................
000000000002ADF0 | 00 00 00 00 00 00 00 00  00 00 00 00 00 00 00 00  | ................
000000000002AE00 | 00 00 00 00 00 00 00 00  00 00 00 00 00 00 00 00  | ................
000000000002AE10 | 00 00 00 00 00 00 00 00  00 00 00 00 00 00 00 00  | ................
000000000002AE20 | 00 00 00 00 00 00 00 00  00 00 00 00 00 00 00 00  | ................
000000000002AE30 | 00 00 00 00 00 00 00 00  00 00 00 00 00 00 00 00  | ................
000000000002AE40 | 00 00 00 00 00 00 00 00  00 00 00 00 00 00 00 00  | ................
000000000002AE50 | 00 00 00 00 00 00 00 00  00 00 00 00 00 00 00 00  | ................
000000000002AE60 | 00 00 00 00 00 00 00 00  00 00 00 00 00 00 00 00  | ................
000000000002AE70 | 00 00 00 00 00 00 00 00  00 00 00 00 00 00 00 00  | ................
000000000002AE80 | 00 00 00 00 00 00 00 00  00 00 00 00 00 00 00 00  | ................
000000000002AE90 | 00 00 00 00 00 00 00 00  00 00 00 00 00 00 00 00  | ................
000000000002AEA0 | 00 00 00 00 00 00 00 00  00 00 00 00 00 00 00 00  | ................
000000000002AEB0 | 00 00 00 00 00 00 00 00  00 00 00 00 00 00 00 00  | ................
000000000002AEC0 | 00 00 00 00 00 00 00 00  00 00 00 00 00 00 00 00  | ................
000000000002AED0 | 00 00 00 00 00 00 00 00  00 00 00 00 00 00 00 00  | ................
000000000002AEE0 | 00 00 00 00 00 00 00 00  00 00 00 00 00 00 00 00  | ................
000000000002AEF0 | 00 00 00 00 00 00 00 00  00 00 00 00 00 00 00 00  | ................
000000000002AF00 | 00 00 00 00 00 00 00 00  00 00 00 00 00 00 00 00  | ................
000000000002AF10 | 00 00 00 00 00 00 00 00  00 00 00 00 00 00 00 00  | ................
000000000002AF20 | 00 00 00 00 00 00 00 00  00 00 00 00 00 00 00 00  | ................
000000000002AF30 | 00 00 00 00 00 00 00 00  00 00 00 00 00 00 00 00  | ................
000000000002AF40 | 00 00 00 00 00 00 00 00  00 00 00 00 00 00 00 00  | ................
000000000002AF50 | 00 00 00 00 00 00 00 00  00 00 00 00 00 00 00 00  | ................
000000000002AF60 | 00 00 00 00 00 00 00 00  00 00 00 00 00 00 00 00  | ................
000000000002AF70 | D8 7B 01 00 00 00 00 00  CC D2 00 00 00 00 00 00  | .{..............
000000000002AF80 | 00 00 00 00 00 00 00 00  00 00 00 00 00 00 00 00  | ................
000000000002AF90 | 00 00 00 00 00 00 00 00  00 00 00 00 00 00 00 00  | ................
000000000002AFA0 | 00 00 00 00 00 00 00 00  00 00 00 00 00 00 00 00  | ................
000000000002AFB0 | 00 00 00 00 00 00 00 00  00 00 00 00 00 00 00 00  | ................
000000000002AFC0 | 00 00 00 00 00 00 00 00  00 00 00 00 00 00 00 00  | ................
000000000002AFD0 | 00 00 00 00 00 00 00 00  00 00 00 00 00 00 00 00  | ................
000000000002AFE0 | 00 00 00 00 00 00 00 00  00 00 00 00 00 00 00 00  | ................
000000000002AFF0 | 19 00 4A 00 0B 00 00 00  00 00 00 00 00 00 00 00  | ..J.............
000000000002B000 | 00 00 00 00 00 00 00 00  00 00 00 00 00 00 00 00  | ................
000000000002B010 | 00 00 00 00 00 00 00 00  00 00 00 00 00 00 00 00  | ................
000000000002B020 | 00 00 00 00 00 00 00 00  00 00 00 00 00 00 00 00  | ................
000000000002B030 | 00 00 00 00 00 00 00 00  00 00 00 00 00 00 00 00  | ................
000000000002B040 | 00 00 00 00 00 00 00 00  00 00 00 00 00 00 00 00  | ................
000000000002B050 | 00 00 00 00 00 00 00 00  00 00 00 00 00 00 00 00  | ................
000000000002B060 | 00 00 00 00 00 00 00 00  00 00 00 00 00 00 00 00  | ................
000000000002B070 | 00 00 00 00 00 00 00 00  00 00 00 00 00 00 00 00  | ................
000000000002B080 | 00 00 00 00 00 00 00 00  00 00 00 00 00 00 00 00  | ................
000000000002B090 | 00 00 00 00 00 00 00 00  00 00 00 00 00 00 00 00  | ................
000000000002B0A0 | 00 00 00 00 00 00 00 00  00 00 00 00 00 00 00 00  | ................
000000000002B0B0 | 00 00 00 00 00 00 00 00  00 00 00 00 00 00 00 00  | ................
000000000002B0C0 | 00 00 00 00 00 00 00 00  00 00 00 00 00 00 00 00  | ................
000000000002B0D0 | 00 00 00 00 00 00 00 00  00 00 00 00 00 00 00 00  | ................
000000000002B0E0 | 00 00 00 00 00 00 00 00  00 00 00 00 00 00 00 00  | ................
000000000002B0F0 | 00 00 00 00 00 00 00 00  00 00 00 00 00 00 00 00  | ................
000000000002B100 | 00 00 00 00 00 00 00 00  00 00 00 00 00 00 00 00  | ................
000000000002B110 | 00 00 00 00 00 00 00 00  00 00 00 00 00 00 00 00  | ................
000000000002B120 | 00 00 00 00 00 00 00 00  00 00 00 00 00 00 00 00  | ................
000000000002B130 | 00 00 00 00 00 00 00 00  00 00 00 00 00 00 00 00  | ................
000000000002B140 | 00 00 00 00 00 00 00 00  00 00 00 00 00 00 00 00  | ................
000000000002B150 | 00 00 00 00 00 00 00 00  00 00 00 00 00 00 00 00  | ................
000000000002B160 | 00 00 00 00 00 00 00 00  00 00 00 00 00 00 00 00  | ................
000000000002B170 | 00 00 00 00 00 00 00 00  00 00 00 00 00 00 00 00  | ................
000000000002B180 | 00 00 00 00 00 00 00 00  00 00 00 00 00 00 00 00  | ................
000000000002B190 | 09 9E 01 00 00 00 00 00  F8 D2 00 00 00 00 00 00  | ................
000000000002B1A0 | 00 00 00 00 00 00 00 00  00 00 00 00 00 00 00 00  | ................
000000000002B1B0 | 00 00 00 00 00 00 00 00  00 00 00 00 00 00 00 00  | ................
000000000002B1C0 | 00 00 00 00 00 00 00 00  00 00 00 00 00 00 00 00  | ................
000000000002B1D0 | 00 00 00 00 00 00 00 00  00 00 00 00 00 00 00 00  | ................
000000000002B1E0 | 00 00 00 00 00 00 00 00  00 00 00 00 00 00 00 00  | ................
000000000002B1F0 | 00 00 00 00 00 00 00 00  00 00 00 00 00 00 00 00  | ................
000000000002B200 | 00 00 00 00 00 00 00 00  00 00 00 00 00 00 00 00  | ................
000000000002B210 | 18 00 C9 00 09 00 00 00  EF 7B 01 00 00 00 00 00  | .........{......
000000000002B220 | 10 D3 00 00 00 00 00 00  00 00 00 00 00 00 00 00  | ................
000000000002B230 | 00 00 00 00 00 00 00 00  00 00 00 00 00 00 00 00  | ................
000000000002B240 | 00 00 00 00 00 00 00 00  00 00 00 00 00 00 00 00  | ................
000000000002B250 | 00 00 00 00 00 00 00 00  00 00 00 00 00 00 00 00  | ................
000000000002B260 | 00 00 00 00 00 00 00 00  00 00 00 00 00 00 00 00  | ................
000000000002B270 | 00 00 00 00 00 00 00 00  00 00 00 00 00 00 00 00  | ................
000000000002B280 | 00 00 00 00 00 00 00 00  00 00 00 00 00 00 00 00  | ................
000000000002B290 | 00 00 00 00 00 00 00 00  00 00 FF FF 02 00 00 00  | ................
000000000002B2A0 | 06 7C 01 00 00 00 00 00  5C D3 00 00 00 00 00 00  | .|......\.......
000000000002B2B0 | 00 00 00 00 00 00 00 00  00 00 00 00 00 00 00 00  | ................
000000000002B2C0 | 00 00 00 00 00 00 00 00  00 00 00 00 00 00 00 00  | ................
000000000002B2D0 | 00 00 00 00 00 00 00 00  00 00 00 00 00 00 00 00  | ................
000000000002B2E0 | 00 00 00 00 00 00 00 00  00 00 00 00 00 00 00 00  | ................
000000000002B2F0 | 00 00 00 00 00 00 00 00  00 00 00 00 00 00 00 00  | ................
000000000002B300 | 00 00 00 00 00 00 00 00  00 00 00 00 00 00 00 00  | ................
000000000002B310 | 00 00 00 00 00 00 00 00  00 00 00 00 00 00 00 00  | ................
000000000002B320 | 08 00 FF FF 0B 00 00 00  5B 95 01 00 00 00 00 00  | ........[.......
000000000002B330 | 6C D3 00 00 00 00 00 00  00 00 00 00 00 00 00 00  | l...............
000000000002B340 | 00 00 00 00 00 00 00 00  05 00 00 00 00 00 00 00  | ................
000000000002B350 | 00 00 00 00 00 00 00 00  00 00 00 00 00 00 00 00  | ................
000000000002B360 | 00 00 00 00 00 00 00 00  00 00 00 00 00 00 00 00  | ................
000000000002B370 | 00 00 00 00 00 00 00 00  00 00 00 00 00 00 00 00  | ................
000000000002B380 | 00 00 00 00 00 00 00 00  00 00 00 00 00 00 00 00  | ................
000000000002B390 | 00 00 00 00 00 00 00 00  00 00 00 00 00 00 00 00  | ................
000000000002B3A0 | 00 00 00 00 00 00 00 00  00 00 FF FF 05 00 00 00  | ................
000000000002B3B0 | 00 00 00 00 00 00 00 00  00 00 00 00 00 00 00 00  | ................
000000000002B3C0 | 00 00 00 00 00 00 00 00  00 00 00 00 00 00 00 00  | ................
000000000002B3D0 | 00 00 00 00 00 00 00 00  00 00 00 00 00 00 00 00  | ................
000000000002B3E0 | 00 00 00 00 00 00 00 00  00 00 00 00 00 00 00 00  | ................
000000000002B3F0 | 00 00 00 00 00 00 00 00  00 00 00 00 00 00 00 00  | ................
000000000002B400 | 00 00 00 00 00 00 00 00  00 00 00 00 00 00 00 00  | ................
000000000002B410 | 00 00 00 00 00 00 00 00  00 00 00 00 00 00 00 00  | ................
000000000002B420 | 00 00 00 00 00 00 00 00  00 00 00 00 00 00 00 00  | ................
000000000002B430 | 00 00 00 00 00 00 00 00  00 00 00 00 00 00 00 00  | ................
000000000002B440 | 00 00 00 00 00 00 00 00  00 00 00 00 00 00 00 00  | ................
000000000002B450 | 00 00 00 00 00 00 00 00  00 00 00 00 00 00 00 00  | ................
000000000002B460 | 00 00 00 00 00 00 00 00  00 00 00 00 00 00 00 00  | ................
000000000002B470 | 00 00 00 00 00 00 00 00  00 00 00 00 00 00 00 00  | ................
000000000002B480 | 00 00 00 00 00 00 00 00  00 00 00 00 00 00 00 00  | ................
000000000002B490 | 00 00 00 00 00 00 00 00  00 00 00 00 00 00 00 00  | ................
000000000002B4A0 | 00 00 00 00 00 00 00 00  00 00 00 00 00 00 00 00  | ................
000000000002B4B0 | 00 00 00 00 00 00 00 00  00 00 00 00 00 00 00 00  | ................
000000000002B4C0 | 1D 7C 01 00 00 00 00 00  74 D3 00 00 00 00 00 00  | .|......t.......
000000000002B4D0 | 00 00 00 00 00 00 00 00  00 00 00 00 00 00 00 00  | ................
000000000002B4E0 | 00 00 00 00 00 00 00 00  00 00 00 00 00 00 00 00  | ................
000000000002B4F0 | 00 00 00 00 00 00 00 00  00 00 00 00 00 00 00 00  | ................
000000000002B500 | 00 00 00 00 00 00 00 00  00 00 00 00 00 00 00 00  | ................
000000000002B510 | 00 00 00 00 00 00 00 00  00 00 00 00 00 00 00 00  | ................
000000000002B520 | 00 00 00 00 00 00 00 00  00 00 00 00 00 00 00 00  | ................
000000000002B530 | 00 00 00 00 00 00 00 00  00 00 00 00 00 00 00 00  | ................
000000000002B540 | 18 00 98 00 07 00 00 00  00 00 00 00 00 00 00 00  | ................
000000000002B550 | 00 00 00 00 00 00 00 00  00 00 00 00 00 00 00 00  | ................
000000000002B560 | 00 00 00 00 00 00 00 00  00 00 00 00 00 00 00 00  | ................
000000000002B570 | 00 00 00 00 00 00 00 00  00 00 00 00 00 00 00 00  | ................
000000000002B580 | 00 00 00 00 00 00 00 00  00 00 00 00 00 00 00 00  | ................
000000000002B590 | 00 00 00 00 00 00 00 00  00 00 00 00 00 00 00 00  | ................
000000000002B5A0 | 00 00 00 00 00 00 00 00  00 00 00 00 00 00 00 00  | ................
000000000002B5B0 | 00 00 00 00 00 00 00 00  00 00 00 00 00 00 00 00  | ................
000000000002B5C0 | 00 00 00 00 00 00 00 00  00 00 00 00 00 00 00 00  | ................
000000000002B5D0 | 00 00 00 00 00 00 00 00  00 00 00 00 00 00 00 00  | ................
000000000002B5E0 | 00 00 00 00 00 00 00 00  00 00 00 00 00 00 00 00  | ................
000000000002B5F0 | 00 00 00 00 00 00 00 00  00 00 00 00 00 00 00 00  | ................
000000000002B600 | 00 00 00 00 00 00 00 00  00 00 00 00 00 00 00 00  | ................
000000000002B610 | 00 00 00 00 00 00 00 00  00 00 00 00 00 00 00 00  | ................
000000000002B620 | 00 00 00 00 00 00 00 00  00 00 00 00 00 00 00 00  | ................
000000000002B630 | 00 00 00 00 00 00 00 00  00 00 00 00 00 00 00 00  | ................
000000000002B640 | 00 00 00 00 00 00 00 00  00 00 00 00 00 00 00 00  | ................
000000000002B650 | 00 00 00 00 00 00 00 00  00 00 00 00 00 00 00 00  | ................
000000000002B660 | 00 00 00 00 00 00 00 00  00 00 00 00 00 00 00 00  | ................
000000000002B670 | 00 00 00 00 00 00 00 00  00 00 00 00 00 00 00 00  | ................
000000000002B680 | 00 00 00 00 00 00 00 00  00 00 00 00 00 00 00 00  | ................
000000000002B690 | 00 00 00 00 00 00 00 00  00 00 00 00 00 00 00 00  | ................
000000000002B6A0 | 00 00 00 00 00 00 00 00  00 00 00 00 00 00 00 00  | ................
000000000002B6B0 | 00 00 00 00 00 00 00 00  00 00 00 00 00 00 00 00  | ................
000000000002B6C0 | 00 00 00 00 00 00 00 00  00 00 00 00 00 00 00 00  | ................
000000000002B6D0 | 00 00 00 00 00 00 00 00  00 00 00 00 00 00 00 00  | ................
000000000002B6E0 | 34 7C 01 00 00 00 00 00  7C D3 00 00 00 00 00 00  | 4|......|.......
000000000002B6F0 | 00 00 00 00 00 00 00 00  00 00 00 00 00 00 00 00  | ................
000000000002B700 | 00 00 00 00 00 00 00 00  00 00 00 00 00 00 00 00  | ................
000000000002B710 | 00 00 00 00 00 00 00 00  00 00 00 00 00 00 00 00  | ................
000000000002B720 | 00 00 00 00 00 00 00 00  00 00 00 00 00 00 00 00  | ................
000000000002B730 | 00 00 00 00 00 00 00 00  00 00 00 00 00 00 00 00  | ................
000000000002B740 | 00 00 00 00 00 00 00 00  00 00 00 00 00 00 00 00  | ................
000000000002B750 | 00 00 00 00 00 00 00 00  00 00 00 00 00 00 00 00  | ................
000000000002B760 | 08 00 FF FF 0B 00 00 00  00 00 00 00 00 00 00 00  | ................
000000000002B770 | 00 00 00 00 00 00 00 00  00 00 00 00 00 00 00 00  | ................
000000000002B780 | 00 00 00 00 00 00 00 00  00 00 00 00 00 00 00 00  | ................
000000000002B790 | 00 00 00 00 00 00 00 00  00 00 00 00 00 00 00 00  | ................
000000000002B7A0 | 00 00 00 00 00 00 00 00  00 00 00 00 00 00 00 00  | ................
000000000002B7B0 | 00 00 00 00 00 00 00 00  00 00 00 00 00 00 00 00  | ................
000000000002B7C0 | 00 00 00 00 00 00 00 00  00 00 00 00 00 00 00 00  | ................
000000000002B7D0 | 00 00 00 00 00 00 00 00  00 00 00 00 00 00 00 00  | ................
000000000002B7E0 | 00 00 00 00 00 00 00 00  00 00 00 00 00 00 00 00  | ................
000000000002B7F0 | 4B 7C 01 00 00 00 00 00  8C D3 00 00 00 00 00 00  | K|..............
000000000002B800 | 00 00 00 00 00 00 00 00  00 00 00 00 00 00 00 00  | ................
000000000002B810 | 00 00 00 00 00 00 00 00  00 00 00 00 00 00 00 00  | ................
000000000002B820 | 00 00 00 00 00 00 00 00  00 00 00 00 00 00 00 00  | ................
000000000002B830 | 00 00 00 00 00 00 00 00  00 00 00 00 00 00 00 00  | ................
000000000002B840 | 00 00 00 00 00 00 00 00  00 00 00 00 00 00 00 00  | ................
000000000002B850 | 00 00 00 00 00 00 00 00  00 00 00 00 00 00 00 00  | ................
000000000002B860 | 00 00 00 00 00 00 00 00  00 00 00 00 00 00 00 00  | ................
000000000002B870 | 19 00 CF 00 0B 00 00 00  00 00 00 00 00 00 00 00  | ................
000000000002B880 | 00 00 00 00 00 00 00 00  00 00 00 00 00 00 00 00  | ................
000000000002B890 | 00 00 00 00 00 00 00 00  00 00 00 00 00 00 00 00  | ................
000000000002B8A0 | 00 00 00 00 00 00 00 00  00 00 00 00 00 00 00 00  | ................
000000000002B8B0 | 00 00 00 00 00 00 00 00  00 00 00 00 00 00 00 00  | ................
000000000002B8C0 | 00 00 00 00 00 00 00 00  00 00 00 00 00 00 00 00  | ................
000000000002B8D0 | 00 00 00 00 00 00 00 00  00 00 00 00 00 00 00 00  | ................
000000000002B8E0 | 00 00 00 00 00 00 00 00  00 00 00 00 00 00 00 00  | ................
000000000002B8F0 | 00 00 00 00 00 00 00 00  00 00 00 00 00 00 00 00  | ................
000000000002B900 | 00 00 00 00 00 00 00 00  00 00 00 00 00 00 00 00  | ................
000000000002B910 | 00 00 00 00 00 00 00 00  00 00 00 00 00 00 00 00  | ................
000000000002B920 | 00 00 00 00 00 00 00 00  00 00 00 00 00 00 00 00  | ................
000000000002B930 | 00 00 00 00 00 00 00 00  00 00 00 00 00 00 00 00  | ................
000000000002B940 | 00 00 00 00 00 00 00 00  00 00 00 00 00 00 00 00  | ................
000000000002B950 | 00 00 00 00 00 00 00 00  00 00 00 00 00 00 00 00  | ................
000000000002B960 | 00 00 00 00 00 00 00 00  00 00 00 00 00 00 00 00  | ................
000000000002B970 | 00 00 00 00 00 00 00 00  00 00 00 00 00 00 00 00  | ................
000000000002B980 | 00 00 00 00 00 00 00 00  00 00 00 00 00 00 00 00  | ................
000000000002B990 | 00 00 00 00 00 00 00 00  00 00 00 00 00 00 00 00  | ................
000000000002B9A0 | 00 00 00 00 00 00 00 00  00 00 00 00 00 00 00 00  | ................
000000000002B9B0 | 00 00 00 00 00 00 00 00  00 00 00 00 00 00 00 00  | ................
000000000002B9C0 | 00 00 00 00 00 00 00 00  00 00 00 00 00 00 00 00  | ................
000000000002B9D0 | 00 00 00 00 00 00 00 00  00 00 00 00 00 00 00 00  | ................
000000000002B9E0 | 00 00 00 00 00 00 00 00  00 00 00 00 00 00 00 00  | ................
000000000002B9F0 | 00 00 00 00 00 00 00 00  00 00 00 00 00 00 00 00  | ................
000000000002BA00 | 00 00 00 00 00 00 00 00  00 00 00 00 00 00 00 00  | ................
000000000002BA10 | 00 00 00 00 00 00 00 00  00 00 00 00 00 00 00 00  | ................
000000000002BA20 | 00 00 00 00 00 00 00 00  00 00 00 00 00 00 00 00  | ................
000000000002BA30 | 00 00 00 00 00 00 00 00  00 00 00 00 00 00 00 00  | ................
000000000002BA40 | 00 00 00 00 00 00 00 00  00 00 00 00 00 00 00 00  | ................
000000000002BA50 | 00 00 00 00 00 00 00 00  00 00 00 00 00 00 00 00  | ................
000000000002BA60 | 00 00 00 00 00 00 00 00  00 00 00 00 00 00 00 00  | ................
000000000002BA70 | 00 00 00 00 00 00 00 00  00 00 00 00 00 00 00 00  | ................
000000000002BA80 | 00 00 00 00 00 00 00 00  00 00 00 00 00 00 00 00  | ................
000000000002BA90 | 00 00 00 00 00 00 00 00  95 85 01 00 00 00 00 00  | ................
000000000002BAA0 | B4 D3 00 00 00 00 00 00  78 D4 00 00 00 00 00 00  | ........x.......
000000000002BAB0 | A0 D4 00 00 00 00 00 00  00 00 00 00 00 00 00 00  | ................
000000000002BAC0 | 00 00 00 00 00 00 00 00  00 00 00 00 00 00 00 00  | ................
000000000002BAD0 | 00 00 00 00 00 00 00 00  00 00 00 00 00 00 00 00  | ................
000000000002BAE0 | 00 00 00 00 00 00 00 00  00 00 00 00 00 00 00 00  | ................
000000000002BAF0 | 00 00 00 00 00 00 00 00  00 00 00 00 00 00 00 00  | ................
000000000002BB00 | 00 00 00 00 00 00 00 00  00 00 00 00 00 00 00 00  | ................
000000000002BB10 | 00 00 00 00 00 00 00 00  08 00 19 00 09 00 00 00  | ................
000000000002BB20 | 00 00 00 00 00 00 00 00  00 00 00 00 00 00 00 00  | ................
000000000002BB30 | 00 00 00 00 00 00 00 00  00 00 00 00 00 00 00 00  | ................
000000000002BB40 | 00 00 00 00 00 00 00 00  00 00 00 00 00 00 00 00  | ................
000000000002BB50 | 00 00 00 00 00 00 00 00  00 00 00 00 00 00 00 00  | ................
000000000002BB60 | 00 00 00 00 00 00 00 00  00 00 00 00 00 00 00 00  | ................
000000000002BB70 | 00 00 00 00 00 00 00 00  00 00 00 00 00 00 00 00  | ................
000000000002BB80 | 00 00 00 00 00 00 00 00  00 00 00 00 00 00 00 00  | ................
000000000002BB90 | 00 00 00 00 00 00 00 00  00 00 00 00 00 00 00 00  | ................
000000000002BBA0 | 00 00 00 00 00 00 00 00  62 7C 01 00 00 00 00 00  | ........b|......
000000000002BBB0 | C8 D4 00 00 00 00 00 00  00 00 00 00 00 00 00 00  | ................
000000000002BBC0 | 00 00 00 00 00 00 00 00  00 00 00 00 00 00 00 00  | ................
000000000002BBD0 | 00 00 00 00 00 00 00 00  00 00 00 00 00 00 00 00  | ................
000000000002BBE0 | 00 00 00 00 00 00 00 00  00 00 00 00 00 00 00 00  | ................
000000000002BBF0 | 00 00 00 00 00 00 00 00  00 00 00 00 00 00 00 00  | ................
000000000002BC00 | 00 00 00 00 00 00 00 00  00 00 00 00 00 00 00 00  | ................
000000000002BC10 | 00 00 00 00 00 00 00 00  00 00 00 00 00 00 00 00  | ................
000000000002BC20 | 00 00 00 00 00 00 00 00  19 00 87 00 0B 00 00 00  | ................
000000000002BC30 | 00 00 00 00 00 00 00 00  00 00 00 00 00 00 00 00  | ................
000000000002BC40 | 00 00 00 00 00 00 00 00  00 00 00 00 00 00 00 00  | ................
000000000002BC50 | 00 00 00 00 00 00 00 00  00 00 00 00 00 00 00 00  | ................
000000000002BC60 | 00 00 00 00 00 00 00 00  00 00 00 00 00 00 00 00  | ................
000000000002BC70 | 00 00 00 00 00 00 00 00  00 00 00 00 00 00 00 00  | ................
000000000002BC80 | 00 00 00 00 00 00 00 00  00 00 00 00 00 00 00 00  | ................
000000000002BC90 | 00 00 00 00 00 00 00 00  00 00 00 00 00 00 00 00  | ................
000000000002BCA0 | 00 00 00 00 00 00 00 00  00 00 00 00 00 00 00 00  | ................
000000000002BCB0 | 00 00 00 00 00 00 00 00  79 7C 01 00 00 00 00 00  | ........y|......
000000000002BCC0 | E4 D4 00 00 00 00 00 00  00 00 00 00 00 00 00 00  | ................
000000000002BCD0 | 00 00 00 00 00 00 00 00  00 00 00 00 00 00 00 00  | ................
000000000002BCE0 | 00 00 00 00 00 00 00 00  00 00 00 00 00 00 00 00  | ................
000000000002BCF0 | 00 00 00 00 00 00 00 00  00 00 00 00 00 00 00 00  | ................
000000000002BD00 | 00 00 00 00 00 00 00 00  00 00 00 00 00 00 00 00  | ................
000000000002BD10 | 00 00 00 00 00 00 00 00  00 00 00 00 00 00 00 00  | ................
000000000002BD20 | 00 00 00 00 00 00 00 00  00 00 00 00 00 00 00 00  | ................
000000000002BD30 | 00 00 00 00 00 00 00 00  00 00 FF FF 09 00 00 00  | ................
000000000002BD40 | 00 00 00 00 00 00 00 00  00 00 00 00 00 00 00 00  | ................
000000000002BD50 | 00 00 00 00 00 00 00 00  00 00 00 00 00 00 00 00  | ................
000000000002BD60 | 00 00 00 00 00 00 00 00  00 00 00 00 00 00 00 00  | ................
000000000002BD70 | 00 00 00 00 00 00 00 00  00 00 00 00 00 00 00 00  | ................
000000000002BD80 | 00 00 00 00 00 00 00 00  00 00 00 00 00 00 00 00  | ................
000000000002BD90 | 00 00 00 00 00 00 00 00  00 00 00 00 00 00 00 00  | ................
000000000002BDA0 | 00 00 00 00 00 00 00 00  00 00 00 00 00 00 00 00  | ................
000000000002BDB0 | 00 00 00 00 00 00 00 00  00 00 00 00 00 00 00 00  | ................
000000000002BDC0 | 00 00 00 00 00 00 00 00  00 00 00 00 00 00 00 00  | ................
000000000002BDD0 | 00 00 00 00 00 00 00 00  00 00 00 00 00 00 00 00  | ................
000000000002BDE0 | 00 00 00 00 00 00 00 00  00 00 00 00 00 00 00 00  | ................
000000000002BDF0 | 00 00 00 00 00 00 00 00  00 00 00 00 00 00 00 00  | ................
000000000002BE00 | 00 00 00 00 00 00 00 00  00 00 00 00 00 00 00 00  | ................
000000000002BE10 | 00 00 00 00 00 00 00 00  00 00 00 00 00 00 00 00  | ................
000000000002BE20 | 00 00 00 00 00 00 00 00  00 00 00 00 00 00 00 00  | ................
000000000002BE30 | 00 00 00 00 00 00 00 00  00 00 00 00 00 00 00 00  | ................
000000000002BE40 | 00 00 00 00 00 00 00 00  00 00 00 00 00 00 00 00  | ................
000000000002BE50 | 00 00 00 00 00 00 00 00  00 00 00 00 00 00 00 00  | ................
000000000002BE60 | 00 00 00 00 00 00 00 00  00 00 00 00 00 00 00 00  | ................
000000000002BE70 | 00 00 00 00 00 00 00 00  00 00 00 00 00 00 00 00  | ................
000000000002BE80 | 00 00 00 00 00 00 00 00  00 00 00 00 00 00 00 00  | ................
000000000002BE90 | 00 00 00 00 00 00 00 00  00 00 00 00 00 00 00 00  | ................
000000000002BEA0 | 00 00 00 00 00 00 00 00  00 00 00 00 00 00 00 00  | ................
000000000002BEB0 | 00 00 00 00 00 00 00 00  00 00 00 00 00 00 00 00  | ................
000000000002BEC0 | 00 00 00 00 00 00 00 00  00 00 00 00 00 00 00 00  | ................
000000000002BED0 | 00 00 00 00 00 00 00 00  90 7C 01 00 00 00 00 00  | .........|......
000000000002BEE0 | 30 D5 00 00 00 00 00 00  00 00 00 00 00 00 00 00  | 0...............
000000000002BEF0 | 00 00 00 00 00 00 00 00  00 00 00 00 00 00 00 00  | ................
000000000002BF00 | 00 00 00 00 00 00 00 00  00 00 00 00 00 00 00 00  | ................
000000000002BF10 | 00 00 00 00 00 00 00 00  00 00 00 00 00 00 00 00  | ................
000000000002BF20 | 00 00 00 00 00 00 00 00  00 00 00 00 00 00 00 00  | ................
000000000002BF30 | 00 00 00 00 00 00 00 00  00 00 00 00 00 00 00 00  | ................
000000000002BF40 | 00 00 00 00 00 00 00 00  00 00 00 00 00 00 00 00  | ................
000000000002BF50 | 00 00 00 00 00 00 00 00  19 00 06 00 0B 00 00 00  | ................
000000000002BF60 | FF 96 01 00 00 00 00 00  4C D5 00 00 00 00 00 00  | ........L.......
000000000002BF70 | 00 00 00 00 00 00 00 00  00 00 00 00 00 00 00 00  | ................
000000000002BF80 | 00 00 00 00 00 00 00 00  00 00 00 00 00 00 00 00  | ................
000000000002BF90 | 00 00 00 00 00 00 00 00  00 00 00 00 00 00 00 00  | ................
000000000002BFA0 | 00 00 00 00 00 00 00 00  00 00 00 00 00 00 00 00  | ................
000000000002BFB0 | 00 00 00 00 00 00 00 00  00 00 00 00 00 00 00 00  | ................
000000000002BFC0 | 00 00 00 00 00 00 00 00  00 00 00 00 00 00 00 00  | ................
000000000002BFD0 | 00 00 00 00 00 00 00 00  00 00 00 00 00 00 00 00  | ................
000000000002BFE0 | 18 00 6D 00 09 00 00 00  00 00 00 00 00 00 00 00  | ..m.............
000000000002BFF0 | 00 00 00 00 00 00 00 00  00 00 00 00 00 00 00 00  | ................
000000000002C000 | 00 00 00 00 00 00 00 00  00 00 00 00 00 00 00 00  | ................
000000000002C010 | 00 00 00 00 00 00 00 00  00 00 00 00 00 00 00 00  | ................
000000000002C020 | 00 00 00 00 00 00 00 00  00 00 00 00 00 00 00 00  | ................
000000000002C030 | 00 00 00 00 00 00 00 00  00 00 00 00 00 00 00 00  | ................
000000000002C040 | 00 00 00 00 00 00 00 00  00 00 00 00 00 00 00 00  | ................
000000000002C050 | 00 00 00 00 00 00 00 00  00 00 00 00 00 00 00 00  | ................
000000000002C060 | 00 00 00 00 00 00 00 00  00 00 00 00 00 00 00 00  | ................
000000000002C070 | A7 7C 01 00 00 00 00 00  CC D5 00 00 00 00 00 00  | .|..............
000000000002C080 | 00 00 00 00 00 00 00 00  00 00 00 00 00 00 00 00  | ................
000000000002C090 | 00 00 00 00 00 00 00 00  00 00 00 00 00 00 00 00  | ................
000000000002C0A0 | 00 00 00 00 00 00 00 00  00 00 00 00 00 00 00 00  | ................
000000000002C0B0 | 00 00 00 00 00 00 00 00  00 00 00 00 00 00 00 00  | ................
000000000002C0C0 | 00 00 00 00 00 00 00 00  00 00 00 00 00 00 00 00  | ................
000000000002C0D0 | 00 00 00 00 00 00 00 00  00 00 00 00 00 00 00 00  | ................
000000000002C0E0 | 00 00 00 00 00 00 00 00  00 00 00 00 00 00 00 00  | ................
000000000002C0F0 | 08 00 FF FF 0B 00 00 00  BE 7C 01 00 00 00 00 00  | .........|......
000000000002C100 | DC D5 00 00 00 00 00 00  00 00 00 00 00 00 00 00  | ................
000000000002C110 | 00 00 00 00 00 00 00 00  00 00 00 00 00 00 00 00  | ................
000000000002C120 | 00 00 00 00 00 00 00 00  00 00 00 00 00 00 00 00  | ................
000000000002C130 | 00 00 00 00 00 00 00 00  00 00 00 00 00 00 00 00  | ................
000000000002C140 | 00 00 00 00 00 00 00 00  00 00 00 00 00 00 00 00  | ................
000000000002C150 | 00 00 00 00 00 00 00 00  00 00 00 00 00 00 00 00  | ................
000000000002C160 | 00 00 00 00 00 00 00 00  00 00 00 00 00 00 00 00  | ................
000000000002C170 | 00 00 00 00 00 00 00 00  19 00 43 00 0B 00 00 00  | ..........C.....
000000000002C180 | 00 00 00 00 00 00 00 00  00 00 00 00 00 00 00 00  | ................
000000000002C190 | 00 00 00 00 00 00 00 00  00 00 00 00 00 00 00 00  | ................
000000000002C1A0 | 00 00 00 00 00 00 00 00  00 00 00 00 00 00 00 00  | ................
000000000002C1B0 | 00 00 00 00 00 00 00 00  00 00 00 00 00 00 00 00  | ................
000000000002C1C0 | 00 00 00 00 00 00 00 00  00 00 00 00 00 00 00 00  | ................
000000000002C1D0 | 00 00 00 00 00 00 00 00  00 00 00 00 00 00 00 00  | ................
000000000002C1E0 | 00 00 00 00 00 00 00 00  00 00 00 00 00 00 00 00  | ................
000000000002C1F0 | 00 00 00 00 00 00 00 00  00 00 00 00 00 00 00 00  | ................
000000000002C200 | 00 00 00 00 00 00 00 00  00 00 00 00 00 00 00 00  | ................
000000000002C210 | 00 00 00 00 00 00 00 00  00 00 00 00 00 00 00 00  | ................
000000000002C220 | 00 00 00 00 00 00 00 00  00 00 00 00 00 00 00 00  | ................
000000000002C230 | 00 00 00 00 00 00 00 00  00 00 00 00 00 00 00 00  | ................
000000000002C240 | 00 00 00 00 00 00 00 00  00 00 00 00 00 00 00 00  | ................
000000000002C250 | 00 00 00 00 00 00 00 00  00 00 00 00 00 00 00 00  | ................
000000000002C260 | 00 00 00 00 00 00 00 00  00 00 00 00 00 00 00 00  | ................
000000000002C270 | 00 00 00 00 00 00 00 00  00 00 00 00 00 00 00 00  | ................
000000000002C280 | 00 00 00 00 00 00 00 00  00 00 00 00 00 00 00 00  | ................
000000000002C290 | 00 00 00 00 00 00 00 00  00 00 00 00 00 00 00 00  | ................
000000000002C2A0 | 00 00 00 00 00 00 00 00  00 00 00 00 00 00 00 00  | ................
000000000002C2B0 | 00 00 00 00 00 00 00 00  00 00 00 00 00 00 00 00  | ................
000000000002C2C0 | 00 00 00 00 00 00 00 00  00 00 00 00 00 00 00 00  | ................
000000000002C2D0 | 00 00 00 00 00 00 00 00  00 00 00 00 00 00 00 00  | ................
000000000002C2E0 | 00 00 00 00 00 00 00 00  00 00 00 00 00 00 00 00  | ................
000000000002C2F0 | 00 00 00 00 00 00 00 00  00 00 00 00 00 00 00 00  | ................
000000000002C300 | 00 00 00 00 00 00 00 00  00 00 00 00 00 00 00 00  | ................
000000000002C310 | 00 00 00 00 00 00 00 00  00 00 00 00 00 00 00 00  | ................
000000000002C320 | 00 00 00 00 00 00 00 00  00 00 00 00 00 00 00 00  | ................
000000000002C330 | 00 00 00 00 00 00 00 00  00 00 00 00 00 00 00 00  | ................
000000000002C340 | 00 00 00 00 00 00 00 00  00 00 00 00 00 00 00 00  | ................
000000000002C350 | 00 00 00 00 00 00 00 00  00 00 00 00 00 00 00 00  | ................
000000000002C360 | 00 00 00 00 00 00 00 00  00 00 00 00 00 00 00 00  | ................
000000000002C370 | 00 00 00 00 00 00 00 00  00 00 00 00 00 00 00 00  | ................
000000000002C380 | 00 00 00 00 00 00 00 00  00 00 00 00 00 00 00 00  | ................
000000000002C390 | 00 00 00 00 00 00 00 00  00 00 00 00 00 00 00 00  | ................
000000000002C3A0 | D5 7C 01 00 00 00 00 00  04 D6 00 00 00 00 00 00  | .|..............
000000000002C3B0 | 00 00 00 00 00 00 00 00  00 00 00 00 00 00 00 00  | ................
000000000002C3C0 | 00 00 00 00 00 00 00 00  00 00 00 00 00 00 00 00  | ................
000000000002C3D0 | 00 00 00 00 00 00 00 00  00 00 00 00 00 00 00 00  | ................
000000000002C3E0 | 00 00 00 00 00 00 00 00  00 00 00 00 00 00 00 00  | ................
000000000002C3F0 | 00 00 00 00 00 00 00 00  00 00 00 00 00 00 00 00  | ................
000000000002C400 | 00 00 00 00 00 00 00 00  00 00 00 00 00 00 00 00  | ................
000000000002C410 | 00 00 00 00 00 00 00 00  00 00 00 00 00 00 00 00  | ................
000000000002C420 | 08 00 FF FF 0B 00 00 00  00 00 00 00 00 00 00 00  | ................
000000000002C430 | 00 00 00 00 00 00 00 00  00 00 00 00 00 00 00 00  | ................
000000000002C440 | 00 00 00 00 00 00 00 00  00 00 00 00 00 00 00 00  | ................
000000000002C450 | 00 00 00 00 00 00 00 00  00 00 00 00 00 00 00 00  | ................
000000000002C460 | 00 00 00 00 00 00 00 00  00 00 00 00 00 00 00 00  | ................
000000000002C470 | 00 00 00 00 00 00 00 00  00 00 00 00 00 00 00 00  | ................
000000000002C480 | 00 00 00 00 00 00 00 00  00 00 00 00 00 00 00 00  | ................
000000000002C490 | 00 00 00 00 00 00 00 00  00 00 00 00 00 00 00 00  | ................
000000000002C4A0 | 00 00 00 00 00 00 00 00  00 00 00 00 00 00 00 00  | ................
000000000002C4B0 | 00 00 00 00 00 00 00 00  00 00 00 00 00 00 00 00  | ................
000000000002C4C0 | 00 00 00 00 00 00 00 00  00 00 00 00 00 00 00 00  | ................
000000000002C4D0 | 00 00 00 00 00 00 00 00  00 00 00 00 00 00 00 00  | ................
000000000002C4E0 | 00 00 00 00 00 00 00 00  00 00 00 00 00 00 00 00  | ................
000000000002C4F0 | 00 00 00 00 00 00 00 00  00 00 00 00 00 00 00 00  | ................
000000000002C500 | 00 00 00 00 00 00 00 00  00 00 00 00 00 00 00 00  | ................
000000000002C510 | 00 00 00 00 00 00 00 00  00 00 00 00 00 00 00 00  | ................
000000000002C520 | 00 00 00 00 00 00 00 00  00 00 00 00 00 00 00 00  | ................
000000000002C530 | 00 00 00 00 00 00 00 00  EC 7C 01 00 00 00 00 00  | .........|......
000000000002C540 | 14 D6 00 00 00 00 00 00  00 00 00 00 00 00 00 00  | ................
000000000002C550 | 00 00 00 00 00 00 00 00  00 00 00 00 00 00 00 00  | ................
000000000002C560 | 00 00 00 00 00 00 00 00  00 00 00 00 00 00 00 00  | ................
000000000002C570 | 00 00 00 00 00 00 00 00  00 00 00 00 00 00 00 00  | ................
000000000002C580 | 00 00 00 00 00 00 00 00  00 00 00 00 00 00 00 00  | ................
000000000002C590 | 00 00 00 00 00 00 00 00  00 00 00 00 00 00 00 00  | ................
000000000002C5A0 | 00 00 00 00 00 00 00 00  00 00 00 00 00 00 00 00  | ................
000000000002C5B0 | 00 00 00 00 00 00 00 00  19 00 D8 00 0B 00 00 00  | ................
000000000002C5C0 | 00 00 00 00 00 00 00 00  00 00 00 00 00 00 00 00  | ................
000000000002C5D0 | 00 00 00 00 00 00 00 00  00 00 00 00 00 00 00 00  | ................
000000000002C5E0 | 00 00 00 00 00 00 00 00  00 00 00 00 00 00 00 00  | ................
000000000002C5F0 | 00 00 00 00 00 00 00 00  00 00 00 00 00 00 00 00  | ................
000000000002C600 | 00 00 00 00 00 00 00 00  00 00 00 00 00 00 00 00  | ................
000000000002C610 | 00 00 00 00 00 00 00 00  00 00 00 00 00 00 00 00  | ................
000000000002C620 | 00 00 00 00 00 00 00 00  00 00 00 00 00 00 00 00  | ................
000000000002C630 | 00 00 00 00 00 00 00 00  00 00 00 00 00 00 00 00  | ................
000000000002C640 | 00 00 00 00 00 00 00 00  00 00 00 00 00 00 00 00  | ................
000000000002C650 | 00 00 00 00 00 00 00 00  00 00 00 00 00 00 00 00  | ................
000000000002C660 | 00 00 00 00 00 00 00 00  00 00 00 00 00 00 00 00  | ................
000000000002C670 | 00 00 00 00 00 00 00 00  00 00 00 00 00 00 00 00  | ................
000000000002C680 | 00 00 00 00 00 00 00 00  00 00 00 00 00 00 00 00  | ................
000000000002C690 | 00 00 00 00 00 00 00 00  00 00 00 00 00 00 00 00  | ................
000000000002C6A0 | 00 00 00 00 00 00 00 00  00 00 00 00 00 00 00 00  | ................
000000000002C6B0 | 00 00 00 00 00 00 00 00  00 00 00 00 00 00 00 00  | ................
000000000002C6C0 | 00 00 00 00 00 00 00 00  00 00 00 00 00 00 00 00  | ................
000000000002C6D0 | 00 00 00 00 00 00 00 00  00 00 00 00 00 00 00 00  | ................
000000000002C6E0 | 00 00 00 00 00 00 00 00  00 00 00 00 00 00 00 00  | ................
000000000002C6F0 | 00 00 00 00 00 00 00 00  00 00 00 00 00 00 00 00  | ................
000000000002C700 | 00 00 00 00 00 00 00 00  00 00 00 00 00 00 00 00  | ................
000000000002C710 | 00 00 00 00 00 00 00 00  00 00 00 00 00 00 00 00  | ................
000000000002C720 | 00 00 00 00 00 00 00 00  00 00 00 00 00 00 00 00  | ................
000000000002C730 | 00 00 00 00 00 00 00 00  00 00 00 00 00 00 00 00  | ................
000000000002C740 | 00 00 00 00 00 00 00 00  00 00 00 00 00 00 00 00  | ................
000000000002C750 | 00 00 00 00 00 00 00 00  BF 84 01 00 00 00 00 00  | ................
000000000002C760 | 28 D6 00 00 00 00 00 00  8C D6 00 00 00 00 00 00  | (...............
000000000002C770 | B4 D6 00 00 00 00 00 00  00 00 00 00 00 00 00 00  | ................
000000000002C780 | 00 00 00 00 00 00 00 00  00 00 00 00 00 00 00 00  | ................
000000000002C790 | 00 00 00 00 00 00 00 00  00 00 00 00 00 00 00 00  | ................
000000000002C7A0 | 00 00 00 00 00 00 00 00  00 00 00 00 00 00 00 00  | ................
000000000002C7B0 | 00 00 00 00 00 00 00 00  00 00 00 00 00 00 00 00  | ................
000000000002C7C0 | 00 00 00 00 00 00 00 00  00 00 00 00 00 00 00 00  | ................
000000000002C7D0 | 00 00 00 00 00 00 00 00  08 00 F2 00 0A 00 00 00  | ................
000000000002C7E0 | 03 7D 01 00 00 00 00 00  DC D6 00 00 00 00 00 00  | .}..............
000000000002C7F0 | 00 00 00 00 00 00 00 00  00 00 00 00 00 00 00 00  | ................
000000000002C800 | 00 00 00 00 00 00 00 00  00 00 00 00 00 00 00 00  | ................
000000000002C810 | 00 00 00 00 00 00 00 00  00 00 00 00 00 00 00 00  | ................
000000000002C820 | 00 00 00 00 00 00 00 00  00 00 00 00 00 00 00 00  | ................
000000000002C830 | 00 00 00 00 00 00 00 00  00 00 00 00 00 00 00 00  | ................
000000000002C840 | 00 00 00 00 00 00 00 00  00 00 00 00 00 00 00 00  | ................
000000000002C850 | 00 00 00 00 00 00 00 00  00 00 00 00 00 00 00 00  | ................
000000000002C860 | 18 00 E6 00 05 00 00 00  00 00 00 00 00 00 00 00  | ................
000000000002C870 | 00 00 00 00 00 00 00 00  00 00 00 00 00 00 00 00  | ................
000000000002C880 | 00 00 00 00 00 00 00 00  00 00 00 00 00 00 00 00  | ................
000000000002C890 | 00 00 00 00 00 00 00 00  00 00 00 00 00 00 00 00  | ................
000000000002C8A0 | 00 00 00 00 00 00 00 00  00 00 00 00 00 00 00 00  | ................
000000000002C8B0 | 00 00 00 00 00 00 00 00  00 00 00 00 00 00 00 00  | ................
000000000002C8C0 | 00 00 00 00 00 00 00 00  00 00 00 00 00 00 00 00  | ................
000000000002C8D0 | 00 00 00 00 00 00 00 00  00 00 00 00 00 00 00 00  | ................
000000000002C8E0 | 00 00 00 00 00 00 00 00  00 00 00 00 00 00 00 00  | ................
000000000002C8F0 | 00 00 00 00 00 00 00 00  00 00 00 00 00 00 00 00  | ................
000000000002C900 | 00 00 00 00 00 00 00 00  00 00 00 00 00 00 00 00  | ................
000000000002C910 | 00 00 00 00 00 00 00 00  00 00 00 00 00 00 00 00  | ................
000000000002C920 | 00 00 00 00 00 00 00 00  00 00 00 00 00 00 00 00  | ................
000000000002C930 | 00 00 00 00 00 00 00 00  00 00 00 00 00 00 00 00  | ................
000000000002C940 | 00 00 00 00 00 00 00 00  00 00 00 00 00 00 00 00  | ................
000000000002C950 | 00 00 00 00 00 00 00 00  00 00 00 00 00 00 00 00  | ................
000000000002C960 | 00 00 00 00 00 00 00 00  00 00 00 00 00 00 00 00  | ................
000000000002C970 | 00 00 00 00 00 00 00 00  00 00 00 00 00 00 00 00  | ................
000000000002C980 | 00 00 00 00 00 00 00 00  00 00 00 00 00 00 00 00  | ................
000000000002C990 | 00 00 00 00 00 00 00 00  00 00 00 00 00 00 00 00  | ................
000000000002C9A0 | 00 00 00 00 00 00 00 00  00 00 00 00 00 00 00 00  | ................
000000000002C9B0 | 00 00 00 00 00 00 00 00  00 00 00 00 00 00 00 00  | ................
000000000002C9C0 | 00 00 00 00 00 00 00 00  00 00 00 00 00 00 00 00  | ................
000000000002C9D0 | 00 00 00 00 00 00 00 00  00 00 00 00 00 00 00 00  | ................
000000000002C9E0 | 00 00 00 00 00 00 00 00  00 00 00 00 00 00 00 00  | ................
000000000002C9F0 | 00 00 00 00 00 00 00 00  00 00 00 00 00 00 00 00  | ................
000000000002CA00 | 00 00 00 00 00 00 00 00  00 00 00 00 00 00 00 00  | ................
000000000002CA10 | 00 00 00 00 00 00 00 00  00 00 00 00 00 00 00 00  | ................
000000000002CA20 | 00 00 00 00 00 00 00 00  00 00 00 00 00 00 00 00  | ................
000000000002CA30 | 00 00 00 00 00 00 00 00  00 00 00 00 00 00 00 00  | ................
000000000002CA40 | 00 00 00 00 00 00 00 00  00 00 00 00 00 00 00 00  | ................
000000000002CA50 | 00 00 00 00 00 00 00 00  00 00 00 00 00 00 00 00  | ................
000000000002CA60 | 00 00 00 00 00 00 00 00  00 00 00 00 00 00 00 00  | ................
000000000002CA70 | 00 00 00 00 00 00 00 00  00 00 00 00 00 00 00 00  | ................
000000000002CA80 | 00 00 00 00 00 00 00 00  00 00 00 00 00 00 00 00  | ................
000000000002CA90 | 00 00 00 00 00 00 00 00  00 00 00 00 00 00 00 00  | ................
000000000002CAA0 | 00 00 00 00 00 00 00 00  00 00 00 00 00 00 00 00  | ................
000000000002CAB0 | 00 00 00 00 00 00 00 00  00 00 00 00 00 00 00 00  | ................
000000000002CAC0 | 00 00 00 00 00 00 00 00  00 00 00 00 00 00 00 00  | ................
000000000002CAD0 | 00 00 00 00 00 00 00 00  00 00 00 00 00 00 00 00  | ................
000000000002CAE0 | 00 00 00 00 00 00 00 00  00 00 00 00 00 00 00 00  | ................
000000000002CAF0 | 00 00 00 00 00 00 00 00  00 00 00 00 00 00 00 00  | ................
000000000002CB00 | 00 00 00 00 00 00 00 00  00 00 00 00 00 00 00 00  | ................
000000000002CB10 | 1A 7D 01 00 00 00 00 00  F4 D6 00 00 00 00 00 00  | .}..............
000000000002CB20 | 00 00 00 00 00 00 00 00  00 00 00 00 00 00 00 00  | ................
000000000002CB30 | 00 00 00 00 00 00 00 00  00 00 00 00 00 00 00 00  | ................
000000000002CB40 | 00 00 00 00 00 00 00 00  00 00 00 00 00 00 00 00  | ................
000000000002CB50 | 00 00 00 00 00 00 00 00  00 00 00 00 00 00 00 00  | ................
000000000002CB60 | 00 00 00 00 00 00 00 00  00 00 00 00 00 00 00 00  | ................
000000000002CB70 | 00 00 00 00 00 00 00 00  00 00 00 00 00 00 00 00  | ................
000000000002CB80 | 00 00 00 00 00 00 00 00  00 00 00 00 00 00 00 00  | ................
000000000002CB90 | 19 00 AA 00 0B 00 00 00  00 00 00 00 00 00 00 00  | ................
000000000002CBA0 | 00 00 00 00 00 00 00 00  00 00 00 00 00 00 00 00  | ................
000000000002CBB0 | 00 00 00 00 00 00 00 00  00 00 00 00 00 00 00 00  | ................
000000000002CBC0 | 00 00 00 00 00 00 00 00  00 00 00 00 00 00 00 00  | ................
000000000002CBD0 | 00 00 00 00 00 00 00 00  00 00 00 00 00 00 00 00  | ................
000000000002CBE0 | 00 00 00 00 00 00 00 00  00 00 00 00 00 00 00 00  | ................
000000000002CBF0 | 00 00 00 00 00 00 00 00  00 00 00 00 00 00 00 00  | ................
000000000002CC00 | 00 00 00 00 00 00 00 00  00 00 00 00 00 00 00 00  | ................
000000000002CC10 | 00 00 00 00 00 00 00 00  00 00 00 00 00 00 00 00  | ................
000000000002CC20 | 31 7D 01 00 00 00 00 00  FC D6 00 00 00 00 00 00  | 1}..............
000000000002CC30 | 00 00 00 00 00 00 00 00  00 00 00 00 00 00 00 00  | ................
000000000002CC40 | 00 00 00 00 00 00 00 00  00 00 00 00 00 00 00 00  | ................
000000000002CC50 | 00 00 00 00 00 00 00 00  00 00 00 00 00 00 00 00  | ................
000000000002CC60 | 00 00 00 00 00 00 00 00  00 00 00 00 00 00 00 00  | ................
000000000002CC70 | 00 00 00 00 00 00 00 00  00 00 00 00 00 00 00 00  | ................
000000000002CC80 | 00 00 00 00 00 00 00 00  00 00 00 00 00 00 00 00  | ................
000000000002CC90 | 00 00 00 00 00 00 00 00  00 00 00 00 00 00 00 00  | ................
000000000002CCA0 | 00 00 FF FF 02 00 00 00  00 00 00 00 00 00 00 00  | ................
000000000002CCB0 | 00 00 00 00 00 00 00 00  00 00 00 00 00 00 00 00  | ................
000000000002CCC0 | 00 00 00 00 00 00 00 00  00 00 00 00 00 00 00 00  | ................
000000000002CCD0 | 00 00 00 00 00 00 00 00  00 00 00 00 00 00 00 00  | ................
000000000002CCE0 | 00 00 00 00 00 00 00 00  00 00 00 00 00 00 00 00  | ................
000000000002CCF0 | 00 00 00 00 00 00 00 00  00 00 00 00 00 00 00 00  | ................
000000000002CD00 | 00 00 00 00 00 00 00 00  00 00 00 00 00 00 00 00  | ................
000000000002CD10 | 00 00 00 00 00 00 00 00  00 00 00 00 00 00 00 00  | ................
000000000002CD20 | 00 00 00 00 00 00 00 00  00 00 00 00 00 00 00 00  | ................
000000000002CD30 | 00 00 00 00 00 00 00 00  00 00 00 00 00 00 00 00  | ................
000000000002CD40 | 00 00 00 00 00 00 00 00  00 00 00 00 00 00 00 00  | ................
000000000002CD50 | 00 00 00 00 00 00 00 00  00 00 00 00 00 00 00 00  | ................
000000000002CD60 | 00 00 00 00 00 00 00 00  00 00 00 00 00 00 00 00  | ................
000000000002CD70 | 00 00 00 00 00 00 00 00  00 00 00 00 00 00 00 00  | ................
000000000002CD80 | 00 00 00 00 00 00 00 00  00 00 00 00 00 00 00 00  | ................
000000000002CD90 | 00 00 00 00 00 00 00 00  00 00 00 00 00 00 00 00  | ................
000000000002CDA0 | 00 00 00 00 00 00 00 00  00 00 00 00 00 00 00 00  | ................
000000000002CDB0 | 00 00 00 00 00 00 00 00  00 00 00 00 00 00 00 00  | ................
000000000002CDC0 | 00 00 00 00 00 00 00 00  00 00 00 00 00 00 00 00  | ................
000000000002CDD0 | 00 00 00 00 00 00 00 00  00 00 00 00 00 00 00 00  | ................
000000000002CDE0 | 00 00 00 00 00 00 00 00  00 00 00 00 00 00 00 00  | ................
000000000002CDF0 | 00 00 00 00 00 00 00 00  00 00 00 00 00 00 00 00  | ................
000000000002CE00 | 00 00 00 00 00 00 00 00  00 00 00 00 00 00 00 00  | ................
000000000002CE10 | 00 00 00 00 00 00 00 00  00 00 00 00 00 00 00 00  | ................
000000000002CE20 | 00 00 00 00 00 00 00 00  00 00 00 00 00 00 00 00  | ................
000000000002CE30 | 00 00 00 00 00 00 00 00  00 00 00 00 00 00 00 00  | ................
000000000002CE40 | 00 00 00 00 00 00 00 00  00 00 00 00 00 00 00 00  | ................
000000000002CE50 | 00 00 00 00 00 00 00 00  00 00 00 00 00 00 00 00  | ................
000000000002CE60 | 00 00 00 00 00 00 00 00  00 00 00 00 00 00 00 00  | ................
000000000002CE70 | 00 00 00 00 00 00 00 00  00 00 00 00 00 00 00 00  | ................
000000000002CE80 | 00 00 00 00 00 00 00 00  00 00 00 00 00 00 00 00  | ................
000000000002CE90 | 00 00 00 00 00 00 00 00  00 00 00 00 00 00 00 00  | ................
000000000002CEA0 | 00 00 00 00 00 00 00 00  00 00 00 00 00 00 00 00  | ................
000000000002CEB0 | 00 00 00 00 00 00 00 00  00 00 00 00 00 00 00 00  | ................
000000000002CEC0 | 00 00 00 00 00 00 00 00  48 7D 01 00 00 00 00 00  | ........H}......
000000000002CED0 | D4 D7 00 00 00 00 00 00  00 00 00 00 00 00 00 00  | ................
000000000002CEE0 | 00 00 00 00 00 00 00 00  00 00 00 00 00 00 00 00  | ................
000000000002CEF0 | 00 00 00 00 00 00 00 00  00 00 00 00 00 00 00 00  | ................
000000000002CF00 | 00 00 00 00 00 00 00 00  00 00 00 00 00 00 00 00  | ................
000000000002CF10 | 00 00 00 00 00 00 00 00  00 00 00 00 00 00 00 00  | ................
000000000002CF20 | 00 00 00 00 00 00 00 00  00 00 00 00 00 00 00 00  | ................
000000000002CF30 | 00 00 00 00 00 00 00 00  00 00 00 00 00 00 00 00  | ................
000000000002CF40 | 00 00 00 00 00 00 00 00  18 00 5B 00 0B 00 00 00  | ..........[.....
000000000002CF50 | 5F 7D 01 00 00 00 00 00  EC D7 00 00 00 00 00 00  | _}..............
000000000002CF60 | 00 00 00 00 00 00 00 00  00 00 00 00 00 00 00 00  | ................
000000000002CF70 | 00 00 00 00 00 00 00 00  00 00 00 00 00 00 00 00  | ................
000000000002CF80 | 00 00 00 00 00 00 00 00  00 00 00 00 00 00 00 00  | ................
000000000002CF90 | 00 00 00 00 00 00 00 00  00 00 00 00 00 00 00 00  | ................
000000000002CFA0 | 00 00 00 00 00 00 00 00  00 00 00 00 00 00 00 00  | ................
000000000002CFB0 | 00 00 00 00 00 00 00 00  00 00 00 00 00 00 00 00  | ................
000000000002CFC0 | 00 00 00 00 00 00 00 00  00 00 00 00 00 00 00 00  | ................
000000000002CFD0 | 18 00 5D 00 06 00 00 00  00 00 00 00 00 00 00 00  | ..].............
000000000002CFE0 | 00 00 00 00 00 00 00 00  00 00 00 00 00 00 00 00  | ................
000000000002CFF0 | 00 00 00 00 00 00 00 00  00 00 00 00 00 00 00 00  | ................
000000000002D000 | 00 00 00 00 00 00 00 00  00 00 00 00 00 00 00 00  | ................
000000000002D010 | 00 00 00 00 00 00 00 00  00 00 00 00 00 00 00 00  | ................
000000000002D020 | 00 00 00 00 00 00 00 00  00 00 00 00 00 00 00 00  | ................
000000000002D030 | 00 00 00 00 00 00 00 00  00 00 00 00 00 00 00 00  | ................
000000000002D040 | 00 00 00 00 00 00 00 00  00 00 00 00 00 00 00 00  | ................
000000000002D050 | 00 00 00 00 00 00 00 00  00 00 00 00 00 00 00 00  | ................
000000000002D060 | 00 00 00 00 00 00 00 00  00 00 00 00 00 00 00 00  | ................
000000000002D070 | 00 00 00 00 00 00 00 00  00 00 00 00 00 00 00 00  | ................
000000000002D080 | 00 00 00 00 00 00 00 00  00 00 00 00 00 00 00 00  | ................
000000000002D090 | 00 00 00 00 00 00 00 00  00 00 00 00 00 00 00 00  | ................
000000000002D0A0 | 00 00 00 00 00 00 00 00  00 00 00 00 00 00 00 00  | ................
000000000002D0B0 | 00 00 00 00 00 00 00 00  00 00 00 00 00 00 00 00  | ................
000000000002D0C0 | 00 00 00 00 00 00 00 00  00 00 00 00 00 00 00 00  | ................
000000000002D0D0 | 00 00 00 00 00 00 00 00  00 00 00 00 00 00 00 00  | ................
000000000002D0E0 | 00 00 00 00 00 00 00 00  00 00 00 00 00 00 00 00  | ................
000000000002D0F0 | 00 00 00 00 00 00 00 00  00 00 00 00 00 00 00 00  | ................
000000000002D100 | 00 00 00 00 00 00 00 00  00 00 00 00 00 00 00 00  | ................
000000000002D110 | 00 00 00 00 00 00 00 00  00 00 00 00 00 00 00 00  | ................
000000000002D120 | 00 00 00 00 00 00 00 00  00 00 00 00 00 00 00 00  | ................
000000000002D130 | 00 00 00 00 00 00 00 00  00 00 00 00 00 00 00 00  | ................
000000000002D140 | 00 00 00 00 00 00 00 00  00 00 00 00 00 00 00 00  | ................
000000000002D150 | 00 00 00 00 00 00 00 00  00 00 00 00 00 00 00 00  | ................
000000000002D160 | 00 00 00 00 00 00 00 00  00 00 00 00 00 00 00 00  | ................
000000000002D170 | 00 00 00 00 00 00 00 00  00 00 00 00 00 00 00 00  | ................
000000000002D180 | 00 00 00 00 00 00 00 00  00 00 00 00 00 00 00 00  | ................
000000000002D190 | 00 00 00 00 00 00 00 00  00 00 00 00 00 00 00 00  | ................
000000000002D1A0 | 00 00 00 00 00 00 00 00  00 00 00 00 00 00 00 00  | ................
000000000002D1B0 | 00 00 00 00 00 00 00 00  00 00 00 00 00 00 00 00  | ................
000000000002D1C0 | 00 00 00 00 00 00 00 00  00 00 00 00 00 00 00 00  | ................
000000000002D1D0 | 00 00 00 00 00 00 00 00  00 00 00 00 00 00 00 00  | ................
000000000002D1E0 | 00 00 00 00 00 00 00 00  00 00 00 00 00 00 00 00  | ................
000000000002D1F0 | 00 00 00 00 00 00 00 00  76 7D 01 00 00 00 00 00  | ........v}......
000000000002D200 | 04 D8 00 00 00 00 00 00  00 00 00 00 00 00 00 00  | ................
000000000002D210 | 00 00 00 00 00 00 00 00  00 00 00 00 00 00 00 00  | ................
000000000002D220 | 00 00 00 00 00 00 00 00  00 00 00 00 00 00 00 00  | ................
000000000002D230 | 00 00 00 00 00 00 00 00  00 00 00 00 00 00 00 00  | ................
000000000002D240 | 00 00 00 00 00 00 00 00  00 00 00 00 00 00 00 00  | ................
000000000002D250 | 00 00 00 00 00 00 00 00  00 00 00 00 00 00 00 00  | ................
000000000002D260 | 00 00 00 00 00 00 00 00  00 00 00 00 00 00 00 00  | ................
000000000002D270 | 00 00 00 00 00 00 00 00  19 00 58 00 0B 00 00 00  | ..........X.....
000000000002D280 | 00 00 00 00 00 00 00 00  00 00 00 00 00 00 00 00  | ................
000000000002D290 | 00 00 00 00 00 00 00 00  00 00 00 00 00 00 00 00  | ................
000000000002D2A0 | 00 00 00 00 00 00 00 00  00 00 00 00 00 00 00 00  | ................
000000000002D2B0 | 00 00 00 00 00 00 00 00  00 00 00 00 00 00 00 00  | ................
000000000002D2C0 | 00 00 00 00 00 00 00 00  00 00 00 00 00 00 00 00  | ................
000000000002D2D0 | 00 00 00 00 00 00 00 00  00 00 00 00 00 00 00 00  | ................
000000000002D2E0 | 00 00 00 00 00 00 00 00  00 00 00 00 00 00 00 00  | ................
000000000002D2F0 | 00 00 00 00 00 00 00 00  00 00 00 00 00 00 00 00  | ................
000000000002D300 | 00 00 00 00 00 00 00 00  00 00 00 00 00 00 00 00  | ................
000000000002D310 | 00 00 00 00 00 00 00 00  00 00 00 00 00 00 00 00  | ................
000000000002D320 | 00 00 00 00 00 00 00 00  00 00 00 00 00 00 00 00  | ................
000000000002D330 | 00 00 00 00 00 00 00 00  00 00 00 00 00 00 00 00  | ................
000000000002D340 | 00 00 00 00 00 00 00 00  00 00 00 00 00 00 00 00  | ................
000000000002D350 | 00 00 00 00 00 00 00 00  00 00 00 00 00 00 00 00  | ................
000000000002D360 | 00 00 00 00 00 00 00 00  00 00 00 00 00 00 00 00  | ................
000000000002D370 | 00 00 00 00 00 00 00 00  00 00 00 00 00 00 00 00  | ................
000000000002D380 | 00 00 00 00 00 00 00 00  00 00 00 00 00 00 00 00  | ................
000000000002D390 | 8D 7D 01 00 00 00 00 00  D0 D8 00 00 00 00 00 00  | .}..............
000000000002D3A0 | 00 00 00 00 00 00 00 00  00 00 00 00 00 00 00 00  | ................
000000000002D3B0 | 00 00 00 00 00 00 00 00  00 00 00 00 00 00 00 00  | ................
000000000002D3C0 | 00 00 00 00 00 00 00 00  00 00 00 00 00 00 00 00  | ................
000000000002D3D0 | 00 00 00 00 00 00 00 00  00 00 00 00 00 00 00 00  | ................
000000000002D3E0 | 00 00 00 00 00 00 00 00  00 00 00 00 00 00 00 00  | ................
000000000002D3F0 | 00 00 00 00 00 00 00 00  00 00 00 00 00 00 00 00  | ................
000000000002D400 | 00 00 00 00 00 00 00 00  00 00 00 00 00 00 00 00  | ................
000000000002D410 | 19 00 C3 00 0B 00 00 00  BF 87 01 00 00 00 00 00  | ................
000000000002D420 | F8 D8 00 00 00 00 00 00  00 00 00 00 00 00 00 00  | ................
000000000002D430 | 00 00 00 00 00 00 00 00  00 00 00 00 00 00 00 00  | ................
000000000002D440 | 00 00 00 00 00 00 00 00  00 00 00 00 00 00 00 00  | ................
000000000002D450 | 00 00 00 00 00 00 00 00  00 00 00 00 00 00 00 00  | ................
000000000002D460 | 00 00 00 00 00 00 00 00  00 00 00 00 00 00 00 00  | ................
000000000002D470 | 00 00 00 00 00 00 00 00  00 00 00 00 00 00 00 00  | ................
000000000002D480 | 00 00 00 00 00 00 00 00  00 00 00 00 00 00 00 00  | ................
000000000002D490 | 00 00 00 00 00 00 00 00  19 00 85 00 0B 00 00 00  | ................
000000000002D4A0 | 99 96 01 00 00 00 00 00  44 D9 00 00 00 00 00 00  | ........D.......
000000000002D4B0 | 00 00 00 00 00 00 00 00  00 00 00 00 00 00 00 00  | ................
000000000002D4C0 | 00 00 00 00 00 00 00 00  00 00 00 00 00 00 00 00  | ................
000000000002D4D0 | 00 00 00 00 00 00 00 00  00 00 00 00 00 00 00 00  | ................
000000000002D4E0 | 00 00 00 00 00 00 00 00  00 00 00 00 00 00 00 00  | ................
000000000002D4F0 | 00 00 00 00 00 00 00 00  00 00 00 00 00 00 00 00  | ................
000000000002D500 | 00 00 00 00 00 00 00 00  00 00 00 00 00 00 00 00  | ................
000000000002D510 | 00 00 00 00 00 00 00 00  00 00 00 00 00 00 00 00  | ................
000000000002D520 | 18 00 16 00 0A 00 00 00  00 00 00 00 00 00 00 00  | ................
000000000002D530 | 00 00 00 00 00 00 00 00  00 00 00 00 00 00 00 00  | ................
000000000002D540 | 00 00 00 00 00 00 00 00  00 00 00 00 00 00 00 00  | ................
000000000002D550 | 00 00 00 00 00 00 00 00  00 00 00 00 00 00 00 00  | ................
000000000002D560 | 00 00 00 00 00 00 00 00  00 00 00 00 00 00 00 00  | ................
000000000002D570 | 00 00 00 00 00 00 00 00  00 00 00 00 00 00 00 00  | ................
000000000002D580 | 00 00 00 00 00 00 00 00  00 00 00 00 00 00 00 00  | ................
000000000002D590 | 00 00 00 00 00 00 00 00  00 00 00 00 00 00 00 00  | ................
000000000002D5A0 | 00 00 00 00 00 00 00 00  00 00 00 00 00 00 00 00  | ................
000000000002D5B0 | 00 00 00 00 00 00 00 00  00 00 00 00 00 00 00 00  | ................
000000000002D5C0 | 00 00 00 00 00 00 00 00  00 00 00 00 00 00 00 00  | ................
000000000002D5D0 | 00 00 00 00 00 00 00 00  00 00 00 00 00 00 00 00  | ................
000000000002D5E0 | 00 00 00 00 00 00 00 00  00 00 00 00 00 00 00 00  | ................
000000000002D5F0 | 00 00 00 00 00 00 00 00  00 00 00 00 00 00 00 00  | ................
000000000002D600 | 00 00 00 00 00 00 00 00  00 00 00 00 00 00 00 00  | ................
000000000002D610 | 00 00 00 00 00 00 00 00  00 00 00 00 00 00 00 00  | ................
000000000002D620 | 00 00 00 00 00 00 00 00  00 00 00 00 00 00 00 00  | ................
000000000002D630 | 00 00 00 00 00 00 00 00  A4 7D 01 00 00 00 00 00  | .........}......
000000000002D640 | 5C D9 00 00 00 00 00 00  00 00 00 00 00 00 00 00  | \...............
000000000002D650 | 00 00 00 00 00 00 00 00  00 00 00 00 00 00 00 00  | ................
000000000002D660 | 00 00 00 00 00 00 00 00  00 00 00 00 00 00 00 00  | ................
000000000002D670 | 00 00 00 00 00 00 00 00  00 00 00 00 00 00 00 00  | ................
000000000002D680 | 00 00 00 00 00 00 00 00  00 00 00 00 00 00 00 00  | ................
000000000002D690 | 00 00 00 00 00 00 00 00  00 00 00 00 00 00 00 00  | ................
000000000002D6A0 | 00 00 00 00 00 00 00 00  00 00 00 00 00 00 00 00  | ................
000000000002D6B0 | 00 00 00 00 00 00 00 00  19 00 0E 00 0B 00 00 00  | ................
000000000002D6C0 | BB 7D 01 00 00 00 00 00  78 D9 00 00 00 00 00 00  | .}......x.......
000000000002D6D0 | 00 00 00 00 00 00 00 00  00 00 00 00 00 00 00 00  | ................
000000000002D6E0 | 00 00 00 00 00 00 00 00  00 00 00 00 00 00 00 00  | ................
000000000002D6F0 | 00 00 00 00 00 00 00 00  00 00 00 00 00 00 00 00  | ................
000000000002D700 | 00 00 00 00 00 00 00 00  00 00 00 00 00 00 00 00  | ................
000000000002D710 | 00 00 00 00 00 00 00 00  00 00 00 00 00 00 00 00  | ................
000000000002D720 | 00 00 00 00 00 00 00 00  00 00 00 00 00 00 00 00  | ................
000000000002D730 | 00 00 00 00 00 00 00 00  00 00 00 00 00 00 00 00  | ................
000000000002D740 | 19 00 77 00 0B 00 00 00  00 00 00 00 00 00 00 00  | ..w.............
000000000002D750 | 00 00 00 00 00 00 00 00  00 00 00 00 00 00 00 00  | ................
000000000002D760 | 00 00 00 00 00 00 00 00  00 00 00 00 00 00 00 00  | ................
000000000002D770 | 00 00 00 00 00 00 00 00  00 00 00 00 00 00 00 00  | ................
000000000002D780 | 00 00 00 00 00 00 00 00  00 00 00 00 00 00 00 00  | ................
000000000002D790 | 00 00 00 00 00 00 00 00  00 00 00 00 00 00 00 00  | ................
000000000002D7A0 | 00 00 00 00 00 00 00 00  00 00 00 00 00 00 00 00  | ................
000000000002D7B0 | 00 00 00 00 00 00 00 00  00 00 00 00 00 00 00 00  | ................
000000000002D7C0 | 00 00 00 00 00 00 00 00  00 00 00 00 00 00 00 00  | ................
000000000002D7D0 | 00 00 00 00 00 00 00 00  00 00 00 00 00 00 00 00  | ................
000000000002D7E0 | 00 00 00 00 00 00 00 00  00 00 00 00 00 00 00 00  | ................
000000000002D7F0 | 00 00 00 00 00 00 00 00  00 00 00 00 00 00 00 00  | ................
000000000002D800 | 00 00 00 00 00 00 00 00  00 00 00 00 00 00 00 00  | ................
000000000002D810 | 00 00 00 00 00 00 00 00  00 00 00 00 00 00 00 00  | ................
000000000002D820 | 00 00 00 00 00 00 00 00  00 00 00 00 00 00 00 00  | ................
000000000002D830 | 00 00 00 00 00 00 00 00  00 00 00 00 00 00 00 00  | ................
000000000002D840 | 00 00 00 00 00 00 00 00  00 00 00 00 00 00 00 00  | ................
000000000002D850 | 00 00 00 00 00 00 00 00  00 00 00 00 00 00 00 00  | ................
000000000002D860 | 00 00 00 00 00 00 00 00  00 00 00 00 00 00 00 00  | ................
000000000002D870 | 00 00 00 00 00 00 00 00  00 00 00 00 00 00 00 00  | ................
000000000002D880 | 00 00 00 00 00 00 00 00  00 00 00 00 00 00 00 00  | ................
000000000002D890 | 00 00 00 00 00 00 00 00  00 00 00 00 00 00 00 00  | ................
000000000002D8A0 | 00 00 00 00 00 00 00 00  00 00 00 00 00 00 00 00  | ................
000000000002D8B0 | 00 00 00 00 00 00 00 00  00 00 00 00 00 00 00 00  | ................
000000000002D8C0 | 00 00 00 00 00 00 00 00  00 00 00 00 00 00 00 00  | ................
000000000002D8D0 | 00 00 00 00 00 00 00 00  00 00 00 00 00 00 00 00  | ................
000000000002D8E0 | 00 00 00 00 00 00 00 00  00 00 00 00 00 00 00 00  | ................
000000000002D8F0 | 00 00 00 00 00 00 00 00  00 00 00 00 00 00 00 00  | ................
000000000002D900 | 00 00 00 00 00 00 00 00  00 00 00 00 00 00 00 00  | ................
000000000002D910 | 00 00 00 00 00 00 00 00  00 00 00 00 00 00 00 00  | ................
000000000002D920 | 00 00 00 00 00 00 00 00  00 00 00 00 00 00 00 00  | ................
000000000002D930 | 00 00 00 00 00 00 00 00  00 00 00 00 00 00 00 00  | ................
000000000002D940 | 00 00 00 00 00 00 00 00  00 00 00 00 00 00 00 00  | ................
000000000002D950 | 00 00 00 00 00 00 00 00  00 00 00 00 00 00 00 00  | ................
000000000002D960 | 00 00 00 00 00 00 00 00  00 00 00 00 00 00 00 00  | ................
000000000002D970 | 00 00 00 00 00 00 00 00  00 00 00 00 00 00 00 00  | ................
000000000002D980 | 00 00 00 00 00 00 00 00  00 00 00 00 00 00 00 00  | ................
000000000002D990 | 00 00 00 00 00 00 00 00  00 00 00 00 00 00 00 00  | ................
000000000002D9A0 | 00 00 00 00 00 00 00 00  00 00 00 00 00 00 00 00  | ................
000000000002D9B0 | 00 00 00 00 00 00 00 00  00 00 00 00 00 00 00 00  | ................
000000000002D9C0 | 00 00 00 00 00 00 00 00  00 00 00 00 00 00 00 00  | ................
000000000002D9D0 | 00 00 00 00 00 00 00 00  00 00 00 00 00 00 00 00  | ................
000000000002D9E0 | 00 00 00 00 00 00 00 00  00 00 00 00 00 00 00 00  | ................
000000000002D9F0 | 60 A0 01 00 00 00 00 00  94 D9 00 00 00 00 00 00  | `...............
000000000002DA00 | 00 00 00 00 00 00 00 00  00 00 00 00 00 00 00 00  | ................
000000000002DA10 | 06 00 00 00 00 00 00 00  00 00 00 00 00 00 00 00  | ................
000000000002DA20 | 00 00 00 00 00 00 00 00  00 00 00 00 00 00 00 00  | ................
000000000002DA30 | 00 00 00 00 00 00 00 00  00 00 00 00 00 00 00 00  | ................
000000000002DA40 | 00 00 00 00 00 00 00 00  00 00 00 00 00 00 00 00  | ................
000000000002DA50 | 00 00 00 00 00 00 00 00  00 00 00 00 00 00 00 00  | ................
000000000002DA60 | 00 00 00 00 00 00 00 00  00 00 00 00 00 00 00 00  | ................
000000000002DA70 | 01 00 FF FF 0B 00 00 00  00 00 00 00 00 00 00 00  | ................
000000000002DA80 | 00 00 00 00 00 00 00 00  00 00 00 00 00 00 00 00  | ................
000000000002DA90 | 00 00 00 00 00 00 00 00  00 00 00 00 00 00 00 00  | ................
000000000002DAA0 | 00 00 00 00 00 00 00 00  00 00 00 00 00 00 00 00  | ................
000000000002DAB0 | 00 00 00 00 00 00 00 00  00 00 00 00 00 00 00 00  | ................
000000000002DAC0 | 00 00 00 00 00 00 00 00  00 00 00 00 00 00 00 00  | ................
000000000002DAD0 | 00 00 00 00 00 00 00 00  00 00 00 00 00 00 00 00  | ................
000000000002DAE0 | 00 00 00 00 00 00 00 00  00 00 00 00 00 00 00 00  | ................
000000000002DAF0 | 00 00 00 00 00 00 00 00  00 00 00 00 00 00 00 00  | ................
000000000002DB00 | 89 83 01 00 00 00 00 00  B8 D9 00 00 00 00 00 00  | ................
000000000002DB10 | 7C DA 00 00 00 00 00 00  A4 DA 00 00 00 00 00 00  | |...............
000000000002DB20 | 00 00 00 00 00 00 00 00  00 00 00 00 00 00 00 00  | ................
000000000002DB30 | 00 00 00 00 00 00 00 00  00 00 00 00 00 00 00 00  | ................
000000000002DB40 | 00 00 00 00 00 00 00 00  00 00 00 00 00 00 00 00  | ................
000000000002DB50 | 00 00 00 00 00 00 00 00  00 00 00 00 00 00 00 00  | ................
000000000002DB60 | 00 00 00 00 00 00 00 00  00 00 00 00 00 00 00 00  | ................
000000000002DB70 | 00 00 00 00 00 00 00 00  00 00 00 00 00 00 00 00  | ................
000000000002DB80 | 08 00 59 00 09 00 00 00  00 00 00 00 00 00 00 00  | ..Y.............
000000000002DB90 | 00 00 00 00 00 00 00 00  00 00 00 00 00 00 00 00  | ................
000000000002DBA0 | 00 00 00 00 00 00 00 00  00 00 00 00 00 00 00 00  | ................
000000000002DBB0 | 00 00 00 00 00 00 00 00  00 00 00 00 00 00 00 00  | ................
000000000002DBC0 | 00 00 00 00 00 00 00 00  00 00 00 00 00 00 00 00  | ................
000000000002DBD0 | 00 00 00 00 00 00 00 00  00 00 00 00 00 00 00 00  | ................
000000000002DBE0 | 00 00 00 00 00 00 00 00  00 00 00 00 00 00 00 00  | ................
000000000002DBF0 | 00 00 00 00 00 00 00 00  00 00 00 00 00 00 00 00  | ................
000000000002DC00 | 00 00 00 00 00 00 00 00  00 00 00 00 00 00 00 00  | ................
000000000002DC10 | 00 00 00 00 00 00 00 00  00 00 00 00 00 00 00 00  | ................
000000000002DC20 | 00 00 00 00 00 00 00 00  00 00 00 00 00 00 00 00  | ................
000000000002DC30 | 00 00 00 00 00 00 00 00  00 00 00 00 00 00 00 00  | ................
000000000002DC40 | 00 00 00 00 00 00 00 00  00 00 00 00 00 00 00 00  | ................
000000000002DC50 | 00 00 00 00 00 00 00 00  00 00 00 00 00 00 00 00  | ................
000000000002DC60 | 00 00 00 00 00 00 00 00  00 00 00 00 00 00 00 00  | ................
000000000002DC70 | 00 00 00 00 00 00 00 00  00 00 00 00 00 00 00 00  | ................
000000000002DC80 | 00 00 00 00 00 00 00 00  00 00 00 00 00 00 00 00  | ................
000000000002DC90 | 00 00 00 00 00 00 00 00  00 00 00 00 00 00 00 00  | ................
000000000002DCA0 | 00 00 00 00 00 00 00 00  00 00 00 00 00 00 00 00  | ................
000000000002DCB0 | 00 00 00 00 00 00 00 00  00 00 00 00 00 00 00 00  | ................
000000000002DCC0 | 00 00 00 00 00 00 00 00  00 00 00 00 00 00 00 00  | ................
000000000002DCD0 | 00 00 00 00 00 00 00 00  00 00 00 00 00 00 00 00  | ................
000000000002DCE0 | 00 00 00 00 00 00 00 00  00 00 00 00 00 00 00 00  | ................
000000000002DCF0 | 00 00 00 00 00 00 00 00  00 00 00 00 00 00 00 00  | ................
000000000002DD00 | 00 00 00 00 00 00 00 00  00 00 00 00 00 00 00 00  | ................
000000000002DD10 | 00 00 00 00 00 00 00 00  00 00 00 00 00 00 00 00  | ................
000000000002DD20 | 00 00 00 00 00 00 00 00  00 00 00 00 00 00 00 00  | ................
000000000002DD30 | 00 00 00 00 00 00 00 00  00 00 00 00 00 00 00 00  | ................
000000000002DD40 | 00 00 00 00 00 00 00 00  00 00 00 00 00 00 00 00  | ................
000000000002DD50 | 00 00 00 00 00 00 00 00  00 00 00 00 00 00 00 00  | ................
000000000002DD60 | 00 00 00 00 00 00 00 00  00 00 00 00 00 00 00 00  | ................
000000000002DD70 | 00 00 00 00 00 00 00 00  00 00 00 00 00 00 00 00  | ................
000000000002DD80 | 00 00 00 00 00 00 00 00  00 00 00 00 00 00 00 00  | ................
000000000002DD90 | 00 00 00 00 00 00 00 00  00 00 00 00 00 00 00 00  | ................
000000000002DDA0 | 00 00 00 00 00 00 00 00  00 00 00 00 00 00 00 00  | ................
000000000002DDB0 | 00 00 00 00 00 00 00 00  00 00 00 00 00 00 00 00  | ................
000000000002DDC0 | 00 00 00 00 00 00 00 00  00 00 00 00 00 00 00 00  | ................
000000000002DDD0 | 00 00 00 00 00 00 00 00  00 00 00 00 00 00 00 00  | ................
000000000002DDE0 | 00 00 00 00 00 00 00 00  00 00 00 00 00 00 00 00  | ................
000000000002DDF0 | 00 00 00 00 00 00 00 00  00 00 00 00 00 00 00 00  | ................
000000000002DE00 | 00 00 00 00 00 00 00 00  00 00 00 00 00 00 00 00  | ................
000000000002DE10 | 00 00 00 00 00 00 00 00  00 00 00 00 00 00 00 00  | ................
000000000002DE20 | 00 00 00 00 00 00 00 00  00 00 00 00 00 00 00 00  | ................
000000000002DE30 | 00 00 00 00 00 00 00 00  00 00 00 00 00 00 00 00  | ................
000000000002DE40 | 00 00 00 00 00 00 00 00  00 00 00 00 00 00 00 00  | ................
000000000002DE50 | 00 00 00 00 00 00 00 00  00 00 00 00 00 00 00 00  | ................
000000000002DE60 | 00 00 00 00 00 00 00 00  00 00 00 00 00 00 00 00  | ................
000000000002DE70 | 00 00 00 00 00 00 00 00  00 00 00 00 00 00 00 00  | ................
000000000002DE80 | 00 00 00 00 00 00 00 00  00 00 00 00 00 00 00 00  | ................
000000000002DE90 | 00 00 00 00 00 00 00 00  00 00 00 00 00 00 00 00  | ................
000000000002DEA0 | 00 00 00 00 00 00 00 00  00 00 00 00 00 00 00 00  | ................
000000000002DEB0 | 00 00 00 00 00 00 00 00  65 83 01 00 00 00 00 00  | ........e.......
000000000002DEC0 | CC DA 00 00 00 00 00 00  DC DA 00 00 00 00 00 00  | ................
000000000002DED0 | 04 DB 00 00 00 00 00 00  00 00 00 00 00 00 00 00  | ................
000000000002DEE0 | 00 00 00 00 00 00 00 00  00 00 00 00 00 00 00 00  | ................
000000000002DEF0 | 00 00 00 00 00 00 00 00  00 00 00 00 00 00 00 00  | ................
000000000002DF00 | 00 00 00 00 00 00 00 00  00 00 00 00 00 00 00 00  | ................
000000000002DF10 | 00 00 00 00 00 00 00 00  00 00 00 00 00 00 00 00  | ................
000000000002DF20 | 00 00 00 00 00 00 00 00  00 00 00 00 00 00 00 00  | ................
000000000002DF30 | 00 00 00 00 00 00 00 00  08 00 18 00 0A 00 00 00  | ................
000000000002DF40 | 00 00 00 00 00 00 00 00  00 00 00 00 00 00 00 00  | ................
000000000002DF50 | 00 00 00 00 00 00 00 00  00 00 00 00 00 00 00 00  | ................
000000000002DF60 | 00 00 00 00 00 00 00 00  00 00 00 00 00 00 00 00  | ................
000000000002DF70 | 00 00 00 00 00 00 00 00  00 00 00 00 00 00 00 00  | ................
000000000002DF80 | 00 00 00 00 00 00 00 00  00 00 00 00 00 00 00 00  | ................
000000000002DF90 | 00 00 00 00 00 00 00 00  00 00 00 00 00 00 00 00  | ................
000000000002DFA0 | 00 00 00 00 00 00 00 00  00 00 00 00 00 00 00 00  | ................
000000000002DFB0 | 00 00 00 00 00 00 00 00  00 00 00 00 00 00 00 00  | ................
000000000002DFC0 | 00 00 00 00 00 00 00 00  00 00 00 00 00 00 00 00  | ................
000000000002DFD0 | 00 00 00 00 00 00 00 00  00 00 00 00 00 00 00 00  | ................
000000000002DFE0 | 00 00 00 00 00 00 00 00  00 00 00 00 00 00 00 00  | ................
000000000002DFF0 | 00 00 00 00 00 00 00 00  00 00 00 00 00 00 00 00  | ................
000000000002E000 | 00 00 00 00 00 00 00 00  00 00 00 00 00 00 00 00  | ................
000000000002E010 | 00 00 00 00 00 00 00 00  00 00 00 00 00 00 00 00  | ................
000000000002E020 | 00 00 00 00 00 00 00 00  00 00 00 00 00 00 00 00  | ................
000000000002E030 | 00 00 00 00 00 00 00 00  00 00 00 00 00 00 00 00  | ................
000000000002E040 | 00 00 00 00 00 00 00 00  00 00 00 00 00 00 00 00  | ................
000000000002E050 | 00 00 00 00 00 00 00 00  00 00 00 00 00 00 00 00  | ................
000000000002E060 | 00 00 00 00 00 00 00 00  00 00 00 00 00 00 00 00  | ................
000000000002E070 | 00 00 00 00 00 00 00 00  00 00 00 00 00 00 00 00  | ................
000000000002E080 | 00 00 00 00 00 00 00 00  00 00 00 00 00 00 00 00  | ................
000000000002E090 | 00 00 00 00 00 00 00 00  00 00 00 00 00 00 00 00  | ................
000000000002E0A0 | 00 00 00 00 00 00 00 00  00 00 00 00 00 00 00 00  | ................
000000000002E0B0 | 00 00 00 00 00 00 00 00  00 00 00 00 00 00 00 00  | ................
000000000002E0C0 | 00 00 00 00 00 00 00 00  00 00 00 00 00 00 00 00  | ................
000000000002E0D0 | 00 00 00 00 00 00 00 00  00 00 00 00 00 00 00 00  | ................
000000000002E0E0 | 00 00 00 00 00 00 00 00  00 00 00 00 00 00 00 00  | ................
000000000002E0F0 | 00 00 00 00 00 00 00 00  00 00 00 00 00 00 00 00  | ................
000000000002E100 | 00 00 00 00 00 00 00 00  00 00 00 00 00 00 00 00  | ................
000000000002E110 | 00 00 00 00 00 00 00 00  00 00 00 00 00 00 00 00  | ................
000000000002E120 | 00 00 00 00 00 00 00 00  00 00 00 00 00 00 00 00  | ................
000000000002E130 | 00 00 00 00 00 00 00 00  00 00 00 00 00 00 00 00  | ................
000000000002E140 | 00 00 00 00 00 00 00 00  00 00 00 00 00 00 00 00  | ................
000000000002E150 | 00 00 00 00 00 00 00 00  00 00 00 00 00 00 00 00  | ................
000000000002E160 | 00 00 00 00 00 00 00 00  00 00 00 00 00 00 00 00  | ................
000000000002E170 | 00 00 00 00 00 00 00 00  00 00 00 00 00 00 00 00  | ................
000000000002E180 | 00 00 00 00 00 00 00 00  00 00 00 00 00 00 00 00  | ................
000000000002E190 | 00 00 00 00 00 00 00 00  00 00 00 00 00 00 00 00  | ................
000000000002E1A0 | 00 00 00 00 00 00 00 00  00 00 00 00 00 00 00 00  | ................
000000000002E1B0 | 00 00 00 00 00 00 00 00  00 00 00 00 00 00 00 00  | ................
000000000002E1C0 | 00 00 00 00 00 00 00 00  00 00 00 00 00 00 00 00  | ................
000000000002E1D0 | 00 00 00 00 00 00 00 00  00 00 00 00 00 00 00 00  | ................
000000000002E1E0 | 00 00 00 00 00 00 00 00  00 00 00 00 00 00 00 00  | ................
000000000002E1F0 | 00 00 00 00 00 00 00 00  00 00 00 00 00 00 00 00  | ................
000000000002E200 | 00 00 00 00 00 00 00 00  00 00 00 00 00 00 00 00  | ................
000000000002E210 | 00 00 00 00 00 00 00 00  00 00 00 00 00 00 00 00  | ................
000000000002E220 | 00 00 00 00 00 00 00 00  00 00 00 00 00 00 00 00  | ................
000000000002E230 | 00 00 00 00 00 00 00 00  00 00 00 00 00 00 00 00  | ................
000000000002E240 | 00 00 00 00 00 00 00 00  00 00 00 00 00 00 00 00  | ................
000000000002E250 | 00 00 00 00 00 00 00 00  00 00 00 00 00 00 00 00  | ................
000000000002E260 | 00 00 00 00 00 00 00 00  00 00 00 00 00 00 00 00  | ................
000000000002E270 | 00 00 00 00 00 00 00 00  00 00 00 00 00 00 00 00  | ................
000000000002E280 | 00 00 00 00 00 00 00 00  00 00 00 00 00 00 00 00  | ................
000000000002E290 | 00 00 00 00 00 00 00 00  00 00 00 00 00 00 00 00  | ................
000000000002E2A0 | 00 00 00 00 00 00 00 00  00 00 00 00 00 00 00 00  | ................
000000000002E2B0 | 00 00 00 00 00 00 00 00  00 00 00 00 00 00 00 00  | ................
000000000002E2C0 | 00 00 00 00 00 00 00 00  00 00 00 00 00 00 00 00  | ................
000000000002E2D0 | 00 00 00 00 00 00 00 00  00 00 00 00 00 00 00 00  | ................
000000000002E2E0 | 00 00 00 00 00 00 00 00  00 00 00 00 00 00 00 00  | ................
000000000002E2F0 | 00 00 00 00 00 00 00 00  D2 7D 01 00 00 00 00 00  | .........}......
000000000002E300 | 2C DB 00 00 00 00 00 00  00 00 00 00 00 00 00 00  | ,...............
000000000002E310 | 00 00 00 00 00 00 00 00  00 00 00 00 00 00 00 00  | ................
000000000002E320 | 00 00 00 00 00 00 00 00  00 00 00 00 00 00 00 00  | ................
000000000002E330 | 00 00 00 00 00 00 00 00  00 00 00 00 00 00 00 00  | ................
000000000002E340 | 00 00 00 00 00 00 00 00  00 00 00 00 00 00 00 00  | ................
000000000002E350 | 00 00 00 00 00 00 00 00  00 00 00 00 00 00 00 00  | ................
000000000002E360 | 00 00 00 00 00 00 00 00  00 00 00 00 00 00 00 00  | ................
000000000002E370 | 00 00 00 00 00 00 00 00  19 00 BB 00 0B 00 00 00  | ................
000000000002E380 | 00 00 00 00 00 00 00 00  00 00 00 00 00 00 00 00  | ................
000000000002E390 | 00 00 00 00 00 00 00 00  00 00 00 00 00 00 00 00  | ................
000000000002E3A0 | 00 00 00 00 00 00 00 00  00 00 00 00 00 00 00 00  | ................
000000000002E3B0 | 00 00 00 00 00 00 00 00  00 00 00 00 00 00 00 00  | ................
000000000002E3C0 | 00 00 00 00 00 00 00 00  00 00 00 00 00 00 00 00  | ................
000000000002E3D0 | 00 00 00 00 00 00 00 00  00 00 00 00 00 00 00 00  | ................
000000000002E3E0 | 00 00 00 00 00 00 00 00  00 00 00 00 00 00 00 00  | ................
000000000002E3F0 | 00 00 00 00 00 00 00 00  00 00 00 00 00 00 00 00  | ................
000000000002E400 | 00 00 00 00 00 00 00 00  00 00 00 00 00 00 00 00  | ................
000000000002E410 | 00 00 00 00 00 00 00 00  00 00 00 00 00 00 00 00  | ................
000000000002E420 | 00 00 00 00 00 00 00 00  00 00 00 00 00 00 00 00  | ................
000000000002E430 | 00 00 00 00 00 00 00 00  00 00 00 00 00 00 00 00  | ................
000000000002E440 | 00 00 00 00 00 00 00 00  00 00 00 00 00 00 00 00  | ................
000000000002E450 | 00 00 00 00 00 00 00 00  00 00 00 00 00 00 00 00  | ................
000000000002E460 | 00 00 00 00 00 00 00 00  00 00 00 00 00 00 00 00  | ................
000000000002E470 | 00 00 00 00 00 00 00 00  00 00 00 00 00 00 00 00  | ................
000000000002E480 | 00 00 00 00 00 00 00 00  00 00 00 00 00 00 00 00  | ................
000000000002E490 | 00 00 00 00 00 00 00 00  00 00 00 00 00 00 00 00  | ................
000000000002E4A0 | 00 00 00 00 00 00 00 00  00 00 00 00 00 00 00 00  | ................
000000000002E4B0 | 00 00 00 00 00 00 00 00  00 00 00 00 00 00 00 00  | ................
000000000002E4C0 | 00 00 00 00 00 00 00 00  00 00 00 00 00 00 00 00  | ................
000000000002E4D0 | 00 00 00 00 00 00 00 00  00 00 00 00 00 00 00 00  | ................
000000000002E4E0 | 00 00 00 00 00 00 00 00  00 00 00 00 00 00 00 00  | ................
000000000002E4F0 | 00 00 00 00 00 00 00 00  00 00 00 00 00 00 00 00  | ................
000000000002E500 | 00 00 00 00 00 00 00 00  00 00 00 00 00 00 00 00  | ................
000000000002E510 | 00 00 00 00 00 00 00 00  00 00 00 00 00 00 00 00  | ................
000000000002E520 | 00 00 00 00 00 00 00 00  00 00 00 00 00 00 00 00  | ................
000000000002E530 | 00 00 00 00 00 00 00 00  00 00 00 00 00 00 00 00  | ................
000000000002E540 | 00 00 00 00 00 00 00 00  00 00 00 00 00 00 00 00  | ................
000000000002E550 | 00 00 00 00 00 00 00 00  00 00 00 00 00 00 00 00  | ................
000000000002E560 | 00 00 00 00 00 00 00 00  00 00 00 00 00 00 00 00  | ................
000000000002E570 | 00 00 00 00 00 00 00 00  00 00 00 00 00 00 00 00  | ................
000000000002E580 | 00 00 00 00 00 00 00 00  00 00 00 00 00 00 00 00  | ................
000000000002E590 | 00 00 00 00 00 00 00 00  00 00 00 00 00 00 00 00  | ................
000000000002E5A0 | 00 00 00 00 00 00 00 00  00 00 00 00 00 00 00 00  | ................
000000000002E5B0 | 00 00 00 00 00 00 00 00  00 00 00 00 00 00 00 00  | ................
000000000002E5C0 | 00 00 00 00 00 00 00 00  00 00 00 00 00 00 00 00  | ................
000000000002E5D0 | 00 00 00 00 00 00 00 00  00 00 00 00 00 00 00 00  | ................
000000000002E5E0 | 00 00 00 00 00 00 00 00  00 00 00 00 00 00 00 00  | ................
000000000002E5F0 | 00 00 00 00 00 00 00 00  00 00 00 00 00 00 00 00  | ................
000000000002E600 | 00 00 00 00 00 00 00 00  00 00 00 00 00 00 00 00  | ................
000000000002E610 | 00 00 00 00 00 00 00 00  00 00 00 00 00 00 00 00  | ................
000000000002E620 | 00 00 00 00 00 00 00 00  00 00 00 00 00 00 00 00  | ................
000000000002E630 | 00 00 00 00 00 00 00 00  00 00 00 00 00 00 00 00  | ................
000000000002E640 | 00 00 00 00 00 00 00 00  00 00 00 00 00 00 00 00  | ................
000000000002E650 | 00 00 00 00 00 00 00 00  00 00 00 00 00 00 00 00  | ................
000000000002E660 | 00 00 00 00 00 00 00 00  00 00 00 00 00 00 00 00  | ................
000000000002E670 | 00 00 00 00 00 00 00 00  00 00 00 00 00 00 00 00  | ................
000000000002E680 | 00 00 00 00 00 00 00 00  00 00 00 00 00 00 00 00  | ................
000000000002E690 | 00 00 00 00 00 00 00 00  00 00 00 00 00 00 00 00  | ................
000000000002E6A0 | 00 00 00 00 00 00 00 00  00 00 00 00 00 00 00 00  | ................
000000000002E6B0 | 00 00 00 00 00 00 00 00  00 00 00 00 00 00 00 00  | ................
000000000002E6C0 | 00 00 00 00 00 00 00 00  00 00 00 00 00 00 00 00  | ................
000000000002E6D0 | 00 00 00 00 00 00 00 00  00 00 00 00 00 00 00 00  | ................
000000000002E6E0 | 00 00 00 00 00 00 00 00  00 00 00 00 00 00 00 00  | ................
000000000002E6F0 | 00 00 00 00 00 00 00 00  00 00 00 00 00 00 00 00  | ................
000000000002E700 | 00 00 00 00 00 00 00 00  00 00 00 00 00 00 00 00  | ................
000000000002E710 | 00 00 00 00 00 00 00 00  00 00 00 00 00 00 00 00  | ................
000000000002E720 | 00 00 00 00 00 00 00 00  00 00 00 00 00 00 00 00  | ................
000000000002E730 | 00 00 00 00 00 00 00 00  00 00 00 00 00 00 00 00  | ................
000000000002E740 | 00 00 00 00 00 00 00 00  00 00 00 00 00 00 00 00  | ................
000000000002E750 | 00 00 00 00 00 00 00 00  00 00 00 00 00 00 00 00  | ................
000000000002E760 | 00 00 00 00 00 00 00 00  00 00 00 00 00 00 00 00  | ................
000000000002E770 | 00 00 00 00 00 00 00 00  00 00 00 00 00 00 00 00  | ................
000000000002E780 | 00 00 00 00 00 00 00 00  00 00 00 00 00 00 00 00  | ................
000000000002E790 | 00 00 00 00 00 00 00 00  00 00 00 00 00 00 00 00  | ................
000000000002E7A0 | 00 00 00 00 00 00 00 00  00 00 00 00 00 00 00 00  | ................
000000000002E7B0 | 00 00 00 00 00 00 00 00  00 00 00 00 00 00 00 00  | ................
000000000002E7C0 | 00 00 00 00 00 00 00 00  00 00 00 00 00 00 00 00  | ................
000000000002E7D0 | 00 00 00 00 00 00 00 00  00 00 00 00 00 00 00 00  | ................
000000000002E7E0 | 00 00 00 00 00 00 00 00  00 00 00 00 00 00 00 00  | ................
000000000002E7F0 | 00 00 00 00 00 00 00 00  00 00 00 00 00 00 00 00  | ................
000000000002E800 | 00 00 00 00 00 00 00 00  00 00 00 00 00 00 00 00  | ................
000000000002E810 | 00 00 00 00 00 00 00 00  00 00 00 00 00 00 00 00  | ................
000000000002E820 | 00 00 00 00 00 00 00 00  00 00 00 00 00 00 00 00  | ................
000000000002E830 | 00 00 00 00 00 00 00 00  00 00 00 00 00 00 00 00  | ................
000000000002E840 | 00 00 00 00 00 00 00 00  00 00 00 00 00 00 00 00  | ................
000000000002E850 | 00 00 00 00 00 00 00 00  00 00 00 00 00 00 00 00  | ................
000000000002E860 | 00 00 00 00 00 00 00 00  00 00 00 00 00 00 00 00  | ................
000000000002E870 | 00 00 00 00 00 00 00 00  00 00 00 00 00 00 00 00  | ................
000000000002E880 | 00 00 00 00 00 00 00 00  00 00 00 00 00 00 00 00  | ................
000000000002E890 | 00 00 00 00 00 00 00 00  00 00 00 00 00 00 00 00  | ................
000000000002E8A0 | 00 00 00 00 00 00 00 00  00 00 00 00 00 00 00 00  | ................
000000000002E8B0 | 00 00 00 00 00 00 00 00  00 00 00 00 00 00 00 00  | ................
000000000002E8C0 | 00 00 00 00 00 00 00 00  00 00 00 00 00 00 00 00  | ................
000000000002E8D0 | 00 00 00 00 00 00 00 00  00 00 00 00 00 00 00 00  | ................
000000000002E8E0 | 00 00 00 00 00 00 00 00  00 00 00 00 00 00 00 00  | ................
000000000002E8F0 | 00 00 00 00 00 00 00 00  00 00 00 00 00 00 00 00  | ................
000000000002E900 | 00 00 00 00 00 00 00 00  00 00 00 00 00 00 00 00  | ................
000000000002E910 | 00 00 00 00 00 00 00 00  00 00 00 00 00 00 00 00  | ................
000000000002E920 | 00 00 00 00 00 00 00 00  00 00 00 00 00 00 00 00  | ................
000000000002E930 | 00 00 00 00 00 00 00 00  00 00 00 00 00 00 00 00  | ................
000000000002E940 | 00 00 00 00 00 00 00 00  00 00 00 00 00 00 00 00  | ................
000000000002E950 | 00 00 00 00 00 00 00 00  00 00 00 00 00 00 00 00  | ................
000000000002E960 | 00 00 00 00 00 00 00 00  00 00 00 00 00 00 00 00  | ................
000000000002E970 | 00 00 00 00 00 00 00 00  00 00 00 00 00 00 00 00  | ................
000000000002E980 | 00 00 00 00 00 00 00 00  00 00 00 00 00 00 00 00  | ................
000000000002E990 | 00 00 00 00 00 00 00 00  00 00 00 00 00 00 00 00  | ................
000000000002E9A0 | 00 00 00 00 00 00 00 00  00 00 00 00 00 00 00 00  | ................
000000000002E9B0 | 00 00 00 00 00 00 00 00  00 00 00 00 00 00 00 00  | ................
000000000002E9C0 | 00 00 00 00 00 00 00 00  00 00 00 00 00 00 00 00  | ................
000000000002E9D0 | 00 00 00 00 00 00 00 00  00 00 00 00 00 00 00 00  | ................
000000000002E9E0 | 00 00 00 00 00 00 00 00  00 00 00 00 00 00 00 00  | ................
000000000002E9F0 | 00 00 00 00 00 00 00 00  00 00 00 00 00 00 00 00  | ................
000000000002EA00 | 00 00 00 00 00 00 00 00  00 00 00 00 00 00 00 00  | ................
000000000002EA10 | 00 00 00 00 00 00 00 00  00 00 00 00 00 00 00 00  | ................
000000000002EA20 | 00 00 00 00 00 00 00 00  00 00 00 00 00 00 00 00  | ................
000000000002EA30 | 00 00 00 00 00 00 00 00  00 00 00 00 00 00 00 00  | ................
000000000002EA40 | 00 00 00 00 00 00 00 00  00 00 00 00 00 00 00 00  | ................
000000000002EA50 | 00 00 00 00 00 00 00 00  00 00 00 00 00 00 00 00  | ................
000000000002EA60 | 00 00 00 00 00 00 00 00  00 00 00 00 00 00 00 00  | ................
000000000002EA70 | 00 00 00 00 00 00 00 00  00 00 00 00 00 00 00 00  | ................
000000000002EA80 | 00 00 00 00 00 00 00 00  00 00 00 00 00 00 00 00  | ................
000000000002EA90 | 00 00 00 00 00 00 00 00  00 00 00 00 00 00 00 00  | ................
000000000002EAA0 | 00 00 00 00 00 00 00 00  00 00 00 00 00 00 00 00  | ................
000000000002EAB0 | 00 00 00 00 00 00 00 00  00 00 00 00 00 00 00 00  | ................
000000000002EAC0 | 00 00 00 00 00 00 00 00  00 00 00 00 00 00 00 00  | ................
000000000002EAD0 | 00 00 00 00 00 00 00 00  00 00 00 00 00 00 00 00  | ................
000000000002EAE0 | 00 00 00 00 00 00 00 00  00 00 00 00 00 00 00 00  | ................
000000000002EAF0 | 00 00 00 00 00 00 00 00  00 00 00 00 00 00 00 00  | ................
000000000002EB00 | 00 00 00 00 00 00 00 00  00 00 00 00 00 00 00 00  | ................
000000000002EB10 | 00 00 00 00 00 00 00 00  00 00 00 00 00 00 00 00  | ................
000000000002EB20 | 00 00 00 00 00 00 00 00  00 00 00 00 00 00 00 00  | ................
000000000002EB30 | 00 00 00 00 00 00 00 00  00 00 00 00 00 00 00 00  | ................
000000000002EB40 | 00 00 00 00 00 00 00 00  00 00 00 00 00 00 00 00  | ................
000000000002EB50 | 00 00 00 00 00 00 00 00  00 00 00 00 00 00 00 00  | ................
000000000002EB60 | 00 00 00 00 00 00 00 00  00 00 00 00 00 00 00 00  | ................
000000000002EB70 | 00 00 00 00 00 00 00 00  19 83 01 00 00 00 00 00  | ................
000000000002EB80 | 48 DB 00 00 00 00 00 00  0C DC 00 00 00 00 00 00  | H...............
000000000002EB90 | 34 DC 00 00 00 00 00 00  00 00 00 00 00 00 00 00  | 4...............
000000000002EBA0 | 00 00 00 00 00 00 00 00  00 00 00 00 00 00 00 00  | ................
000000000002EBB0 | 00 00 00 00 00 00 00 00  00 00 00 00 00 00 00 00  | ................
000000000002EBC0 | 00 00 00 00 00 00 00 00  00 00 00 00 00 00 00 00  | ................
000000000002EBD0 | 00 00 00 00 00 00 00 00  00 00 00 00 00 00 00 00  | ................
000000000002EBE0 | 00 00 00 00 00 00 00 00  00 00 00 00 00 00 00 00  | ................
000000000002EBF0 | 00 00 00 00 00 00 00 00  08 00 B9 00 09 00 00 00  | ................
000000000002EC00 | 00 00 00 00 00 00 00 00  00 00 00 00 00 00 00 00  | ................
000000000002EC10 | 00 00 00 00 00 00 00 00  00 00 00 00 00 00 00 00  | ................
000000000002EC20 | 00 00 00 00 00 00 00 00  00 00 00 00 00 00 00 00  | ................
000000000002EC30 | 00 00 00 00 00 00 00 00  00 00 00 00 00 00 00 00  | ................
000000000002EC40 | 00 00 00 00 00 00 00 00  00 00 00 00 00 00 00 00  | ................
000000000002EC50 | 00 00 00 00 00 00 00 00  00 00 00 00 00 00 00 00  | ................
000000000002EC60 | 00 00 00 00 00 00 00 00  00 00 00 00 00 00 00 00  | ................
000000000002EC70 | 00 00 00 00 00 00 00 00  00 00 00 00 00 00 00 00  | ................
000000000002EC80 | 00 00 00 00 00 00 00 00  00 00 00 00 00 00 00 00  | ................
000000000002EC90 | 00 00 00 00 00 00 00 00  00 00 00 00 00 00 00 00  | ................
000000000002ECA0 | 00 00 00 00 00 00 00 00  00 00 00 00 00 00 00 00  | ................
000000000002ECB0 | 00 00 00 00 00 00 00 00  00 00 00 00 00 00 00 00  | ................
000000000002ECC0 | 00 00 00 00 00 00 00 00  00 00 00 00 00 00 00 00  | ................
000000000002ECD0 | 00 00 00 00 00 00 00 00  00 00 00 00 00 00 00 00  | ................
000000000002ECE0 | 00 00 00 00 00 00 00 00  00 00 00 00 00 00 00 00  | ................
000000000002ECF0 | 00 00 00 00 00 00 00 00  00 00 00 00 00 00 00 00  | ................
000000000002ED00 | 00 00 00 00 00 00 00 00  00 00 00 00 00 00 00 00  | ................
000000000002ED10 | 00 00 00 00 00 00 00 00  00 00 00 00 00 00 00 00  | ................
000000000002ED20 | 00 00 00 00 00 00 00 00  00 00 00 00 00 00 00 00  | ................
000000000002ED30 | 00 00 00 00 00 00 00 00  00 00 00 00 00 00 00 00  | ................
000000000002ED40 | 00 00 00 00 00 00 00 00  00 00 00 00 00 00 00 00  | ................
000000000002ED50 | 00 00 00 00 00 00 00 00  00 00 00 00 00 00 00 00  | ................
000000000002ED60 | 00 00 00 00 00 00 00 00  00 00 00 00 00 00 00 00  | ................
000000000002ED70 | 00 00 00 00 00 00 00 00  00 00 00 00 00 00 00 00  | ................
000000000002ED80 | 00 00 00 00 00 00 00 00  00 00 00 00 00 00 00 00  | ................
000000000002ED90 | 00 00 00 00 00 00 00 00  E9 7D 01 00 00 00 00 00  | .........}......
000000000002EDA0 | 5C DC 00 00 00 00 00 00  00 00 00 00 00 00 00 00  | \...............
000000000002EDB0 | 00 00 00 00 00 00 00 00  00 00 00 00 00 00 00 00  | ................
000000000002EDC0 | 00 00 00 00 00 00 00 00  00 00 00 00 00 00 00 00  | ................
000000000002EDD0 | 00 00 00 00 00 00 00 00  00 00 00 00 00 00 00 00  | ................
000000000002EDE0 | 00 00 00 00 00 00 00 00  00 00 00 00 00 00 00 00  | ................
000000000002EDF0 | 00 00 00 00 00 00 00 00  00 00 00 00 00 00 00 00  | ................
000000000002EE00 | 00 00 00 00 00 00 00 00  00 00 00 00 00 00 00 00  | ................
000000000002EE10 | 00 00 00 00 00 00 00 00  19 00 74 00 0B 00 00 00  | ..........t.....
000000000002EE20 | 00 00 00 00 00 00 00 00  00 00 00 00 00 00 00 00  | ................
000000000002EE30 | 00 00 00 00 00 00 00 00  00 00 00 00 00 00 00 00  | ................
000000000002EE40 | 00 00 00 00 00 00 00 00  00 00 00 00 00 00 00 00  | ................
000000000002EE50 | 00 00 00 00 00 00 00 00  00 00 00 00 00 00 00 00  | ................
000000000002EE60 | 00 00 00 00 00 00 00 00  00 00 00 00 00 00 00 00  | ................
000000000002EE70 | 00 00 00 00 00 00 00 00  00 00 00 00 00 00 00 00  | ................
000000000002EE80 | 00 00 00 00 00 00 00 00  00 00 00 00 00 00 00 00  | ................
000000000002EE90 | 00 00 00 00 00 00 00 00  00 00 00 00 00 00 00 00  | ................
000000000002EEA0 | 00 00 00 00 00 00 00 00  00 7E 01 00 00 00 00 00  | .........~......
000000000002EEB0 | 00 00 00 00 00 00 00 00  00 00 00 00 00 00 00 00  | ................
000000000002EEC0 | 00 00 00 00 00 00 00 00  07 00 00 00 00 00 00 00  | ................
000000000002EED0 | 00 00 00 00 00 00 00 00  00 00 00 00 00 00 00 00  | ................
000000000002EEE0 | 00 00 00 00 00 00 00 00  00 00 00 00 00 00 00 00  | ................
000000000002EEF0 | 00 00 00 00 00 00 00 00  00 00 00 00 00 00 00 00  | ................
000000000002EF00 | 00 00 00 00 00 00 00 00  00 00 00 00 00 00 00 00  | ................
000000000002EF10 | 00 00 00 00 00 00 00 00  00 00 00 00 00 00 00 00  | ................
000000000002EF20 | 00 00 00 00 00 00 00 00  00 00 FF FF 0B 00 00 00  | ................
000000000002EF30 | 00 00 00 00 00 00 00 00  00 00 00 00 00 00 00 00  | ................
000000000002EF40 | 00 00 00 00 00 00 00 00  00 00 00 00 00 00 00 00  | ................
000000000002EF50 | 00 00 00 00 00 00 00 00  00 00 00 00 00 00 00 00  | ................
000000000002EF60 | 00 00 00 00 00 00 00 00  00 00 00 00 00 00 00 00  | ................
000000000002EF70 | 00 00 00 00 00 00 00 00  00 00 00 00 00 00 00 00  | ................
000000000002EF80 | 00 00 00 00 00 00 00 00  00 00 00 00 00 00 00 00  | ................
000000000002EF90 | 00 00 00 00 00 00 00 00  00 00 00 00 00 00 00 00  | ................
000000000002EFA0 | 00 00 00 00 00 00 00 00  00 00 00 00 00 00 00 00  | ................
000000000002EFB0 | 00 00 00 00 00 00 00 00  00 00 00 00 00 00 00 00  | ................
000000000002EFC0 | 00 00 00 00 00 00 00 00  00 00 00 00 00 00 00 00  | ................
000000000002EFD0 | 00 00 00 00 00 00 00 00  00 00 00 00 00 00 00 00  | ................
000000000002EFE0 | 00 00 00 00 00 00 00 00  00 00 00 00 00 00 00 00  | ................
000000000002EFF0 | 00 00 00 00 00 00 00 00  00 00 00 00 00 00 00 00  | ................
000000000002F000 | 00 00 00 00 00 00 00 00  00 00 00 00 00 00 00 00  | ................
000000000002F010 | 00 00 00 00 00 00 00 00  00 00 00 00 00 00 00 00  | ................
000000000002F020 | 00 00 00 00 00 00 00 00  00 00 00 00 00 00 00 00  | ................
000000000002F030 | 00 00 00 00 00 00 00 00  00 00 00 00 00 00 00 00  | ................
000000000002F040 | 00 00 00 00 00 00 00 00  00 00 00 00 00 00 00 00  | ................
000000000002F050 | 00 00 00 00 00 00 00 00  00 00 00 00 00 00 00 00  | ................
000000000002F060 | 00 00 00 00 00 00 00 00  00 00 00 00 00 00 00 00  | ................
000000000002F070 | 00 00 00 00 00 00 00 00  00 00 00 00 00 00 00 00  | ................
000000000002F080 | 00 00 00 00 00 00 00 00  00 00 00 00 00 00 00 00  | ................
000000000002F090 | 00 00 00 00 00 00 00 00  00 00 00 00 00 00 00 00  | ................
000000000002F0A0 | 00 00 00 00 00 00 00 00  00 00 00 00 00 00 00 00  | ................
000000000002F0B0 | 00 00 00 00 00 00 00 00  00 00 00 00 00 00 00 00  | ................
000000000002F0C0 | 00 00 00 00 00 00 00 00  00 00 00 00 00 00 00 00  | ................
000000000002F0D0 | 00 00 00 00 00 00 00 00  00 00 00 00 00 00 00 00  | ................
000000000002F0E0 | 00 00 00 00 00 00 00 00  00 00 00 00 00 00 00 00  | ................
000000000002F0F0 | 00 00 00 00 00 00 00 00  00 00 00 00 00 00 00 00  | ................
000000000002F100 | 00 00 00 00 00 00 00 00  00 00 00 00 00 00 00 00  | ................
000000000002F110 | 00 00 00 00 00 00 00 00  00 00 00 00 00 00 00 00  | ................
000000000002F120 | 00 00 00 00 00 00 00 00  00 00 00 00 00 00 00 00  | ................
000000000002F130 | 00 00 00 00 00 00 00 00  00 00 00 00 00 00 00 00  | ................
000000000002F140 | 00 00 00 00 00 00 00 00  00 00 00 00 00 00 00 00  | ................
000000000002F150 | 00 00 00 00 00 00 00 00  00 00 00 00 00 00 00 00  | ................
000000000002F160 | 00 00 00 00 00 00 00 00  00 00 00 00 00 00 00 00  | ................
000000000002F170 | 00 00 00 00 00 00 00 00  00 00 00 00 00 00 00 00  | ................
000000000002F180 | 00 00 00 00 00 00 00 00  00 00 00 00 00 00 00 00  | ................
000000000002F190 | 00 00 00 00 00 00 00 00  00 00 00 00 00 00 00 00  | ................
000000000002F1A0 | 00 00 00 00 00 00 00 00  00 00 00 00 00 00 00 00  | ................
000000000002F1B0 | 00 00 00 00 00 00 00 00  00 00 00 00 00 00 00 00  | ................
000000000002F1C0 | 00 00 00 00 00 00 00 00  00 00 00 00 00 00 00 00  | ................
000000000002F1D0 | 00 00 00 00 00 00 00 00  00 00 00 00 00 00 00 00  | ................
000000000002F1E0 | 00 00 00 00 00 00 00 00  00 00 00 00 00 00 00 00  | ................
000000000002F1F0 | 00 00 00 00 00 00 00 00  00 00 00 00 00 00 00 00  | ................
000000000002F200 | 00 00 00 00 00 00 00 00  00 00 00 00 00 00 00 00  | ................
000000000002F210 | 00 00 00 00 00 00 00 00  00 00 00 00 00 00 00 00  | ................
000000000002F220 | 00 00 00 00 00 00 00 00  00 00 00 00 00 00 00 00  | ................
000000000002F230 | 00 00 00 00 00 00 00 00  00 00 00 00 00 00 00 00  | ................
000000000002F240 | 00 00 00 00 00 00 00 00  00 00 00 00 00 00 00 00  | ................
000000000002F250 | 00 00 00 00 00 00 00 00  00 00 00 00 00 00 00 00  | ................
000000000002F260 | 00 00 00 00 00 00 00 00  00 00 00 00 00 00 00 00  | ................
000000000002F270 | 00 00 00 00 00 00 00 00  00 00 00 00 00 00 00 00  | ................
000000000002F280 | 00 00 00 00 00 00 00 00  00 00 00 00 00 00 00 00  | ................
000000000002F290 | 00 00 00 00 00 00 00 00  00 00 00 00 00 00 00 00  | ................
000000000002F2A0 | 00 00 00 00 00 00 00 00  00 00 00 00 00 00 00 00  | ................
000000000002F2B0 | 00 00 00 00 00 00 00 00  00 00 00 00 00 00 00 00  | ................
000000000002F2C0 | 00 00 00 00 00 00 00 00  00 00 00 00 00 00 00 00  | ................
000000000002F2D0 | 00 00 00 00 00 00 00 00  00 00 00 00 00 00 00 00  | ................
000000000002F2E0 | 00 00 00 00 00 00 00 00  00 00 00 00 00 00 00 00  | ................
000000000002F2F0 | 00 00 00 00 00 00 00 00  00 00 00 00 00 00 00 00  | ................
000000000002F300 | 00 00 00 00 00 00 00 00  00 00 00 00 00 00 00 00  | ................
000000000002F310 | 00 00 00 00 00 00 00 00  00 00 00 00 00 00 00 00  | ................
000000000002F320 | 00 00 00 00 00 00 00 00  00 00 00 00 00 00 00 00  | ................
000000000002F330 | 00 00 00 00 00 00 00 00  00 00 00 00 00 00 00 00  | ................
000000000002F340 | 00 00 00 00 00 00 00 00  00 00 00 00 00 00 00 00  | ................
000000000002F350 | 00 00 00 00 00 00 00 00  00 00 00 00 00 00 00 00  | ................
000000000002F360 | 00 00 00 00 00 00 00 00  00 00 00 00 00 00 00 00  | ................
000000000002F370 | 00 00 00 00 00 00 00 00  00 00 00 00 00 00 00 00  | ................
000000000002F380 | 00 00 00 00 00 00 00 00  00 00 00 00 00 00 00 00  | ................
000000000002F390 | 00 00 00 00 00 00 00 00  00 00 00 00 00 00 00 00  | ................
000000000002F3A0 | 00 00 00 00 00 00 00 00  00 00 00 00 00 00 00 00  | ................
000000000002F3B0 | 00 00 00 00 00 00 00 00  00 00 00 00 00 00 00 00  | ................
000000000002F3C0 | 00 00 00 00 00 00 00 00  00 00 00 00 00 00 00 00  | ................
000000000002F3D0 | 00 00 00 00 00 00 00 00  00 00 00 00 00 00 00 00  | ................
000000000002F3E0 | 00 00 00 00 00 00 00 00  00 00 00 00 00 00 00 00  | ................
000000000002F3F0 | 00 00 00 00 00 00 00 00  00 00 00 00 00 00 00 00  | ................
000000000002F400 | 00 00 00 00 00 00 00 00  00 00 00 00 00 00 00 00  | ................
000000000002F410 | 00 00 00 00 00 00 00 00  00 00 00 00 00 00 00 00  | ................
000000000002F420 | 00 00 00 00 00 00 00 00  00 00 00 00 00 00 00 00  | ................
000000000002F430 | 00 00 00 00 00 00 00 00  00 00 00 00 00 00 00 00  | ................
000000000002F440 | 00 00 00 00 00 00 00 00  00 00 00 00 00 00 00 00  | ................
000000000002F450 | 00 00 00 00 00 00 00 00  00 00 00 00 00 00 00 00  | ................
000000000002F460 | 00 00 00 00 00 00 00 00  00 00 00 00 00 00 00 00  | ................
000000000002F470 | 00 00 00 00 00 00 00 00  00 00 00 00 00 00 00 00  | ................
000000000002F480 | 00 00 00 00 00 00 00 00  00 00 00 00 00 00 00 00  | ................
000000000002F490 | 00 00 00 00 00 00 00 00  00 00 00 00 00 00 00 00  | ................
000000000002F4A0 | 00 00 00 00 00 00 00 00  00 00 00 00 00 00 00 00  | ................
000000000002F4B0 | 00 00 00 00 00 00 00 00  00 00 00 00 00 00 00 00  | ................
000000000002F4C0 | 00 00 00 00 00 00 00 00  00 00 00 00 00 00 00 00  | ................
000000000002F4D0 | 00 00 00 00 00 00 00 00  00 00 00 00 00 00 00 00  | ................
000000000002F4E0 | 00 00 00 00 00 00 00 00  00 00 00 00 00 00 00 00  | ................
000000000002F4F0 | 00 00 00 00 00 00 00 00  00 00 00 00 00 00 00 00  | ................
000000000002F500 | 00 00 00 00 00 00 00 00  00 00 00 00 00 00 00 00  | ................
000000000002F510 | 00 00 00 00 00 00 00 00  00 00 00 00 00 00 00 00  | ................
000000000002F520 | 00 00 00 00 00 00 00 00  00 00 00 00 00 00 00 00  | ................
000000000002F530 | 00 00 00 00 00 00 00 00  00 00 00 00 00 00 00 00  | ................
000000000002F540 | 00 00 00 00 00 00 00 00  00 00 00 00 00 00 00 00  | ................
000000000002F550 | 00 00 00 00 00 00 00 00  00 00 00 00 00 00 00 00  | ................
000000000002F560 | 00 00 00 00 00 00 00 00  00 00 00 00 00 00 00 00  | ................
000000000002F570 | 00 00 00 00 00 00 00 00  00 00 00 00 00 00 00 00  | ................
000000000002F580 | 00 00 00 00 00 00 00 00  00 00 00 00 00 00 00 00  | ................
000000000002F590 | 17 7E 01 00 00 00 00 00  8C DC 00 00 00 00 00 00  | .~..............
000000000002F5A0 | 00 00 00 00 00 00 00 00  00 00 00 00 00 00 00 00  | ................
000000000002F5B0 | 00 00 00 00 00 00 00 00  00 00 00 00 00 00 00 00  | ................
000000000002F5C0 | 00 00 00 00 00 00 00 00  00 00 00 00 00 00 00 00  | ................
000000000002F5D0 | 00 00 00 00 00 00 00 00  00 00 00 00 00 00 00 00  | ................
000000000002F5E0 | 00 00 00 00 00 00 00 00  00 00 00 00 00 00 00 00  | ................
000000000002F5F0 | 00 00 00 00 00 00 00 00  00 00 00 00 00 00 00 00  | ................
000000000002F600 | 00 00 00 00 00 00 00 00  00 00 00 00 00 00 00 00  | ................
000000000002F610 | 19 00 DE 00 0B 00 00 00  00 00 00 00 00 00 00 00  | ................
000000000002F620 | 00 00 00 00 00 00 00 00  00 00 00 00 00 00 00 00  | ................
000000000002F630 | 00 00 00 00 00 00 00 00  00 00 00 00 00 00 00 00  | ................
000000000002F640 | 00 00 00 00 00 00 00 00  00 00 00 00 00 00 00 00  | ................
000000000002F650 | 00 00 00 00 00 00 00 00  00 00 00 00 00 00 00 00  | ................
000000000002F660 | 00 00 00 00 00 00 00 00  00 00 00 00 00 00 00 00  | ................
000000000002F670 | 00 00 00 00 00 00 00 00  00 00 00 00 00 00 00 00  | ................
000000000002F680 | 00 00 00 00 00 00 00 00  00 00 00 00 00 00 00 00  | ................
000000000002F690 | 00 00 00 00 00 00 00 00  00 00 00 00 00 00 00 00  | ................
000000000002F6A0 | 00 00 00 00 00 00 00 00  00 00 00 00 00 00 00 00  | ................
000000000002F6B0 | 00 00 00 00 00 00 00 00  00 00 00 00 00 00 00 00  | ................
000000000002F6C0 | 00 00 00 00 00 00 00 00  00 00 00 00 00 00 00 00  | ................
000000000002F6D0 | 00 00 00 00 00 00 00 00  00 00 00 00 00 00 00 00  | ................
000000000002F6E0 | 00 00 00 00 00 00 00 00  00 00 00 00 00 00 00 00  | ................
000000000002F6F0 | 00 00 00 00 00 00 00 00  00 00 00 00 00 00 00 00  | ................
000000000002F700 | 00 00 00 00 00 00 00 00  00 00 00 00 00 00 00 00  | ................
000000000002F710 | 00 00 00 00 00 00 00 00  00 00 00 00 00 00 00 00  | ................
000000000002F720 | 00 00 00 00 00 00 00 00  00 00 00 00 00 00 00 00  | ................
000000000002F730 | 00 00 00 00 00 00 00 00  00 00 00 00 00 00 00 00  | ................
000000000002F740 | 00 00 00 00 00 00 00 00  00 00 00 00 00 00 00 00  | ................
000000000002F750 | 00 00 00 00 00 00 00 00  00 00 00 00 00 00 00 00  | ................
000000000002F760 | 00 00 00 00 00 00 00 00  00 00 00 00 00 00 00 00  | ................
000000000002F770 | 00 00 00 00 00 00 00 00  00 00 00 00 00 00 00 00  | ................
000000000002F780 | 00 00 00 00 00 00 00 00  00 00 00 00 00 00 00 00  | ................
000000000002F790 | 00 00 00 00 00 00 00 00  00 00 00 00 00 00 00 00  | ................
000000000002F7A0 | 00 00 00 00 00 00 00 00  00 00 00 00 00 00 00 00  | ................
000000000002F7B0 | 00 00 00 00 00 00 00 00  00 00 00 00 00 00 00 00  | ................
000000000002F7C0 | 00 00 00 00 00 00 00 00  00 00 00 00 00 00 00 00  | ................
000000000002F7D0 | 00 00 00 00 00 00 00 00  00 00 00 00 00 00 00 00  | ................
000000000002F7E0 | 00 00 00 00 00 00 00 00  00 00 00 00 00 00 00 00  | ................
000000000002F7F0 | 00 00 00 00 00 00 00 00  00 00 00 00 00 00 00 00  | ................
000000000002F800 | 00 00 00 00 00 00 00 00  00 00 00 00 00 00 00 00  | ................
000000000002F810 | 00 00 00 00 00 00 00 00  00 00 00 00 00 00 00 00  | ................
000000000002F820 | 00 00 00 00 00 00 00 00  00 00 00 00 00 00 00 00  | ................
000000000002F830 | 00 00 00 00 00 00 00 00  2E 7E 01 00 00 00 00 00  | .........~......
000000000002F840 | CC DC 00 00 00 00 00 00  00 00 00 00 00 00 00 00  | ................
000000000002F850 | 00 00 00 00 00 00 00 00  00 00 00 00 00 00 00 00  | ................
000000000002F860 | 00 00 00 00 00 00 00 00  00 00 00 00 00 00 00 00  | ................
000000000002F870 | 00 00 00 00 00 00 00 00  00 00 00 00 00 00 00 00  | ................
000000000002F880 | 00 00 00 00 00 00 00 00  00 00 00 00 00 00 00 00  | ................
000000000002F890 | 00 00 00 00 00 00 00 00  00 00 00 00 00 00 00 00  | ................
000000000002F8A0 | 00 00 00 00 00 00 00 00  00 00 00 00 00 00 00 00  | ................
000000000002F8B0 | 00 00 00 00 00 00 00 00  08 00 FF FF 0B 00 00 00  | ................
000000000002F8C0 | 13 95 01 00 00 00 00 00  DC DC 00 00 00 00 00 00  | ................
000000000002F8D0 | 00 00 00 00 00 00 00 00  00 00 00 00 00 00 00 00  | ................
000000000002F8E0 | 00 00 00 00 00 00 00 00  00 00 00 00 00 00 00 00  | ................
000000000002F8F0 | 00 00 00 00 00 00 00 00  00 00 00 00 00 00 00 00  | ................
000000000002F900 | 00 00 00 00 00 00 00 00  00 00 00 00 00 00 00 00  | ................
000000000002F910 | 00 00 00 00 00 00 00 00  00 00 00 00 00 00 00 00  | ................
000000000002F920 | 00 00 00 00 00 00 00 00  00 00 00 00 00 00 00 00  | ................
000000000002F930 | 00 00 00 00 00 00 00 00  00 00 00 00 00 00 00 00  | ................
000000000002F940 | 08 00 FF FF 0B 00 00 00  00 00 00 00 00 00 00 00  | ................
000000000002F950 | 00 00 00 00 00 00 00 00  00 00 00 00 00 00 00 00  | ................
000000000002F960 | 00 00 00 00 00 00 00 00  00 00 00 00 00 00 00 00  | ................
000000000002F970 | 00 00 00 00 00 00 00 00  00 00 00 00 00 00 00 00  | ................
000000000002F980 | 00 00 00 00 00 00 00 00  00 00 00 00 00 00 00 00  | ................
000000000002F990 | 00 00 00 00 00 00 00 00  00 00 00 00 00 00 00 00  | ................
000000000002F9A0 | 00 00 00 00 00 00 00 00  00 00 00 00 00 00 00 00  | ................
000000000002F9B0 | 00 00 00 00 00 00 00 00  00 00 00 00 00 00 00 00  | ................
000000000002F9C0 | 00 00 00 00 00 00 00 00  00 00 00 00 00 00 00 00  | ................
000000000002F9D0 | 45 7E 01 00 00 00 00 00  EC DC 00 00 00 00 00 00  | E~..............
000000000002F9E0 | 00 00 00 00 00 00 00 00  00 00 00 00 00 00 00 00  | ................
000000000002F9F0 | 00 00 00 00 00 00 00 00  00 00 00 00 00 00 00 00  | ................
000000000002FA00 | 00 00 00 00 00 00 00 00  00 00 00 00 00 00 00 00  | ................
000000000002FA10 | 00 00 00 00 00 00 00 00  00 00 00 00 00 00 00 00  | ................
000000000002FA20 | 00 00 00 00 00 00 00 00  00 00 00 00 00 00 00 00  | ................
000000000002FA30 | 00 00 00 00 00 00 00 00  00 00 00 00 00 00 00 00  | ................
000000000002FA40 | 00 00 00 00 00 00 00 00  00 00 00 00 00 00 00 00  | ................
000000000002FA50 | 00 00 FF FF 0B 00 00 00  5C 7E 01 00 00 00 00 00  | ........\~......
000000000002FA60 | FC DC 00 00 00 00 00 00  00 00 00 00 00 00 00 00  | ................
000000000002FA70 | 00 00 00 00 00 00 00 00  00 00 00 00 00 00 00 00  | ................
000000000002FA80 | 00 00 00 00 00 00 00 00  00 00 00 00 00 00 00 00  | ................
000000000002FA90 | 00 00 00 00 00 00 00 00  00 00 00 00 00 00 00 00  | ................
000000000002FAA0 | 00 00 00 00 00 00 00 00  00 00 00 00 00 00 00 00  | ................
000000000002FAB0 | 00 00 00 00 00 00 00 00  00 00 00 00 00 00 00 00  | ................
000000000002FAC0 | 00 00 00 00 00 00 00 00  00 00 00 00 00 00 00 00  | ................
000000000002FAD0 | 00 00 00 00 00 00 00 00  00 00 FF FF 0B 00 00 00  | ................
000000000002FAE0 | 00 00 00 00 00 00 00 00  00 00 00 00 00 00 00 00  | ................
000000000002FAF0 | 00 00 00 00 00 00 00 00  00 00 00 00 00 00 00 00  | ................
000000000002FB00 | 00 00 00 00 00 00 00 00  00 00 00 00 00 00 00 00  | ................
000000000002FB10 | 00 00 00 00 00 00 00 00  00 00 00 00 00 00 00 00  | ................
000000000002FB20 | 00 00 00 00 00 00 00 00  00 00 00 00 00 00 00 00  | ................
000000000002FB30 | 00 00 00 00 00 00 00 00  00 00 00 00 00 00 00 00  | ................
000000000002FB40 | 00 00 00 00 00 00 00 00  00 00 00 00 00 00 00 00  | ................
000000000002FB50 | 00 00 00 00 00 00 00 00  00 00 00 00 00 00 00 00  | ................
000000000002FB60 | 00 00 00 00 00 00 00 00  00 00 00 00 00 00 00 00  | ................
000000000002FB70 | 00 00 00 00 00 00 00 00  00 00 00 00 00 00 00 00  | ................
000000000002FB80 | 00 00 00 00 00 00 00 00  00 00 00 00 00 00 00 00  | ................
000000000002FB90 | 00 00 00 00 00 00 00 00  00 00 00 00 00 00 00 00  | ................
000000000002FBA0 | 00 00 00 00 00 00 00 00  00 00 00 00 00 00 00 00  | ................
000000000002FBB0 | 00 00 00 00 00 00 00 00  00 00 00 00 00 00 00 00  | ................
000000000002FBC0 | 00 00 00 00 00 00 00 00  00 00 00 00 00 00 00 00  | ................
000000000002FBD0 | 00 00 00 00 00 00 00 00  00 00 00 00 00 00 00 00  | ................
000000000002FBE0 | 00 00 00 00 00 00 00 00  00 00 00 00 00 00 00 00  | ................
000000000002FBF0 | 00 00 00 00 00 00 00 00  00 00 00 00 00 00 00 00  | ................
000000000002FC00 | 00 00 00 00 00 00 00 00  00 00 00 00 00 00 00 00  | ................
000000000002FC10 | 00 00 00 00 00 00 00 00  00 00 00 00 00 00 00 00  | ................
000000000002FC20 | 00 00 00 00 00 00 00 00  00 00 00 00 00 00 00 00  | ................
000000000002FC30 | 00 00 00 00 00 00 00 00  00 00 00 00 00 00 00 00  | ................
000000000002FC40 | 00 00 00 00 00 00 00 00  00 00 00 00 00 00 00 00  | ................
000000000002FC50 | 00 00 00 00 00 00 00 00  00 00 00 00 00 00 00 00  | ................
000000000002FC60 | 00 00 00 00 00 00 00 00  00 00 00 00 00 00 00 00  | ................
000000000002FC70 | 00 00 00 00 00 00 00 00  00 00 00 00 00 00 00 00  | ................
000000000002FC80 | 00 00 00 00 00 00 00 00  00 00 00 00 00 00 00 00  | ................
000000000002FC90 | 00 00 00 00 00 00 00 00  00 00 00 00 00 00 00 00  | ................
000000000002FCA0 | 00 00 00 00 00 00 00 00  00 00 00 00 00 00 00 00  | ................
000000000002FCB0 | 00 00 00 00 00 00 00 00  00 00 00 00 00 00 00 00  | ................
000000000002FCC0 | 00 00 00 00 00 00 00 00  00 00 00 00 00 00 00 00  | ................
000000000002FCD0 | 00 00 00 00 00 00 00 00  00 00 00 00 00 00 00 00  | ................
000000000002FCE0 | 00 00 00 00 00 00 00 00  00 00 00 00 00 00 00 00  | ................
000000000002FCF0 | 00 00 00 00 00 00 00 00  00 00 00 00 00 00 00 00  | ................
000000000002FD00 | 00 00 00 00 00 00 00 00  00 00 00 00 00 00 00 00  | ................
000000000002FD10 | 00 00 00 00 00 00 00 00  00 00 00 00 00 00 00 00  | ................
000000000002FD20 | 00 00 00 00 00 00 00 00  00 00 00 00 00 00 00 00  | ................
000000000002FD30 | 00 00 00 00 00 00 00 00  00 00 00 00 00 00 00 00  | ................
000000000002FD40 | 00 00 00 00 00 00 00 00  00 00 00 00 00 00 00 00  | ................
000000000002FD50 | 00 00 00 00 00 00 00 00  00 00 00 00 00 00 00 00  | ................
000000000002FD60 | 00 00 00 00 00 00 00 00  00 00 00 00 00 00 00 00  | ................
000000000002FD70 | 00 00 00 00 00 00 00 00  00 00 00 00 00 00 00 00  | ................
000000000002FD80 | 00 00 00 00 00 00 00 00  00 00 00 00 00 00 00 00  | ................
000000000002FD90 | 00 00 00 00 00 00 00 00  00 00 00 00 00 00 00 00  | ................
000000000002FDA0 | 00 00 00 00 00 00 00 00  00 00 00 00 00 00 00 00  | ................
000000000002FDB0 | 00 00 00 00 00 00 00 00  00 00 00 00 00 00 00 00  | ................
000000000002FDC0 | 00 00 00 00 00 00 00 00  00 00 00 00 00 00 00 00  | ................
000000000002FDD0 | 00 00 00 00 00 00 00 00  00 00 00 00 00 00 00 00  | ................
000000000002FDE0 | 00 00 00 00 00 00 00 00  00 00 00 00 00 00 00 00  | ................
000000000002FDF0 | 00 00 00 00 00 00 00 00  00 00 00 00 00 00 00 00  | ................
000000000002FE00 | 00 00 00 00 00 00 00 00  00 00 00 00 00 00 00 00  | ................
000000000002FE10 | 00 00 00 00 00 00 00 00  00 00 00 00 00 00 00 00  | ................
000000000002FE20 | 00 00 00 00 00 00 00 00  00 00 00 00 00 00 00 00  | ................
000000000002FE30 | 00 00 00 00 00 00 00 00  00 00 00 00 00 00 00 00  | ................
000000000002FE40 | 00 00 00 00 00 00 00 00  00 00 00 00 00 00 00 00  | ................
000000000002FE50 | 00 00 00 00 00 00 00 00  00 00 00 00 00 00 00 00  | ................
000000000002FE60 | 00 00 00 00 00 00 00 00  00 00 00 00 00 00 00 00  | ................
000000000002FE70 | 00 00 00 00 00 00 00 00  00 00 00 00 00 00 00 00  | ................
000000000002FE80 | 00 00 00 00 00 00 00 00  00 00 00 00 00 00 00 00  | ................
000000000002FE90 | 00 00 00 00 00 00 00 00  00 00 00 00 00 00 00 00  | ................
000000000002FEA0 | 00 00 00 00 00 00 00 00  00 00 00 00 00 00 00 00  | ................
000000000002FEB0 | 00 00 00 00 00 00 00 00  00 00 00 00 00 00 00 00  | ................
000000000002FEC0 | 00 00 00 00 00 00 00 00  00 00 00 00 00 00 00 00  | ................
000000000002FED0 | 00 00 00 00 00 00 00 00  00 00 00 00 00 00 00 00  | ................
000000000002FEE0 | 00 00 00 00 00 00 00 00  00 00 00 00 00 00 00 00  | ................
000000000002FEF0 | 00 00 00 00 00 00 00 00  00 00 00 00 00 00 00 00  | ................
000000000002FF00 | 00 00 00 00 00 00 00 00  00 00 00 00 00 00 00 00  | ................
000000000002FF10 | 00 00 00 00 00 00 00 00  00 00 00 00 00 00 00 00  | ................
000000000002FF20 | 73 7E 01 00 00 00 00 00  00 00 00 00 00 00 00 00  | s~..............
000000000002FF30 | 00 00 00 00 00 00 00 00  00 00 00 00 00 00 00 00  | ................
000000000002FF40 | 07 00 00 00 00 00 00 00  00 00 00 00 00 00 00 00  | ................
000000000002FF50 | 00 00 00 00 00 00 00 00  00 00 00 00 00 00 00 00  | ................
000000000002FF60 | 00 00 00 00 00 00 00 00  00 00 00 00 00 00 00 00  | ................
000000000002FF70 | 00 00 00 00 00 00 00 00  00 00 00 00 00 00 00 00  | ................
000000000002FF80 | 00 00 00 00 00 00 00 00  00 00 00 00 00 00 00 00  | ................
000000000002FF90 | 00 00 00 00 00 00 00 00  00 00 00 00 00 00 00 00  | ................
000000000002FFA0 | 00 00 FF FF 0B 00 00 00  00 00 00 00 00 00 00 00  | ................
000000000002FFB0 | 00 00 00 00 00 00 00 00  00 00 00 00 00 00 00 00  | ................
000000000002FFC0 | 00 00 00 00 00 00 00 00  00 00 00 00 00 00 00 00  | ................
000000000002FFD0 | 00 00 00 00 00 00 00 00  00 00 00 00 00 00 00 00  | ................
000000000002FFE0 | 00 00 00 00 00 00 00 00  00 00 00 00 00 00 00 00  | ................
000000000002FFF0 | 00 00 00 00 00 00 00 00  00 00 00 00 00 00 00 00  | ................
0000000000030000 | 00 00 00 00 00 00 00 00  00 00 00 00 00 00 00 00  | ................
0000000000030010 | 00 00 00 00 00 00 00 00  00 00 00 00 00 00 00 00  | ................
0000000000030020 | 00 00 00 00 00 00 00 00  00 00 00 00 00 00 00 00  | ................
0000000000030030 | 00 00 00 00 00 00 00 00  00 00 00 00 00 00 00 00  | ................
0000000000030040 | 00 00 00 00 00 00 00 00  00 00 00 00 00 00 00 00  | ................
0000000000030050 | 00 00 00 00 00 00 00 00  00 00 00 00 00 00 00 00  | ................
0000000000030060 | 00 00 00 00 00 00 00 00  00 00 00 00 00 00 00 00  | ................
0000000000030070 | 00 00 00 00 00 00 00 00  00 00 00 00 00 00 00 00  | ................
0000000000030080 | 00 00 00 00 00 00 00 00  00 00 00 00 00 00 00 00  | ................
0000000000030090 | 00 00 00 00 00 00 00 00  00 00 00 00 00 00 00 00  | ................
00000000000300A0 | 00 00 00 00 00 00 00 00  00 00 00 00 00 00 00 00  | ................
00000000000300B0 | 00 00 00 00 00 00 00 00  00 00 00 00 00 00 00 00  | ................
00000000000300C0 | 00 00 00 00 00 00 00 00  00 00 00 00 00 00 00 00  | ................
00000000000300D0 | 00 00 00 00 00 00 00 00  00 00 00 00 00 00 00 00  | ................
00000000000300E0 | 00 00 00 00 00 00 00 00  00 00 00 00 00 00 00 00  | ................
00000000000300F0 | 00 00 00 00 00 00 00 00  00 00 00 00 00 00 00 00  | ................
0000000000030100 | 00 00 00 00 00 00 00 00  00 00 00 00 00 00 00 00  | ................
0000000000030110 | 00 00 00 00 00 00 00 00  00 00 00 00 00 00 00 00  | ................
0000000000030120 | 00 00 00 00 00 00 00 00  00 00 00 00 00 00 00 00  | ................
0000000000030130 | 00 00 00 00 00 00 00 00  00 00 00 00 00 00 00 00  | ................
0000000000030140 | 00 00 00 00 00 00 00 00  00 00 00 00 00 00 00 00  | ................
0000000000030150 | 00 00 00 00 00 00 00 00  00 00 00 00 00 00 00 00  | ................
0000000000030160 | 00 00 00 00 00 00 00 00  00 00 00 00 00 00 00 00  | ................
0000000000030170 | 00 00 00 00 00 00 00 00  00 00 00 00 00 00 00 00  | ................
0000000000030180 | 00 00 00 00 00 00 00 00  00 00 00 00 00 00 00 00  | ................
0000000000030190 | 00 00 00 00 00 00 00 00  00 00 00 00 00 00 00 00  | ................
00000000000301A0 | 00 00 00 00 00 00 00 00  00 00 00 00 00 00 00 00  | ................
00000000000301B0 | 00 00 00 00 00 00 00 00  00 00 00 00 00 00 00 00  | ................
00000000000301C0 | 00 00 00 00 00 00 00 00  00 00 00 00 00 00 00 00  | ................
00000000000301D0 | 00 00 00 00 00 00 00 00  00 00 00 00 00 00 00 00  | ................
00000000000301E0 | 00 00 00 00 00 00 00 00  00 00 00 00 00 00 00 00  | ................
00000000000301F0 | 00 00 00 00 00 00 00 00  00 00 00 00 00 00 00 00  | ................
0000000000030200 | 00 00 00 00 00 00 00 00  00 00 00 00 00 00 00 00  | ................
0000000000030210 | 00 00 00 00 00 00 00 00  00 00 00 00 00 00 00 00  | ................
0000000000030220 | 00 00 00 00 00 00 00 00  00 00 00 00 00 00 00 00  | ................
0000000000030230 | 00 00 00 00 00 00 00 00  00 00 00 00 00 00 00 00  | ................
0000000000030240 | 00 00 00 00 00 00 00 00  00 00 00 00 00 00 00 00  | ................
0000000000030250 | 00 00 00 00 00 00 00 00  00 00 00 00 00 00 00 00  | ................
0000000000030260 | 00 00 00 00 00 00 00 00  00 00 00 00 00 00 00 00  | ................
0000000000030270 | 00 00 00 00 00 00 00 00  00 00 00 00 00 00 00 00  | ................
0000000000030280 | 00 00 00 00 00 00 00 00  00 00 00 00 00 00 00 00  | ................
0000000000030290 | 00 00 00 00 00 00 00 00  00 00 00 00 00 00 00 00  | ................
00000000000302A0 | 00 00 00 00 00 00 00 00  00 00 00 00 00 00 00 00  | ................
00000000000302B0 | 00 00 00 00 00 00 00 00  00 00 00 00 00 00 00 00  | ................
00000000000302C0 | 00 00 00 00 00 00 00 00  00 00 00 00 00 00 00 00  | ................
00000000000302D0 | 00 00 00 00 00 00 00 00  00 00 00 00 00 00 00 00  | ................
00000000000302E0 | 00 00 00 00 00 00 00 00  00 00 00 00 00 00 00 00  | ................
00000000000302F0 | 00 00 00 00 00 00 00 00  00 00 00 00 00 00 00 00  | ................
0000000000030300 | 00 00 00 00 00 00 00 00  00 00 00 00 00 00 00 00  | ................
0000000000030310 | 00 00 00 00 00 00 00 00  00 00 00 00 00 00 00 00  | ................
0000000000030320 | 00 00 00 00 00 00 00 00  00 00 00 00 00 00 00 00  | ................
0000000000030330 | 00 00 00 00 00 00 00 00  00 00 00 00 00 00 00 00  | ................
0000000000030340 | 00 00 00 00 00 00 00 00  00 00 00 00 00 00 00 00  | ................
0000000000030350 | 00 00 00 00 00 00 00 00  00 00 00 00 00 00 00 00  | ................
0000000000030360 | 00 00 00 00 00 00 00 00  00 00 00 00 00 00 00 00  | ................
0000000000030370 | 00 00 00 00 00 00 00 00  00 00 00 00 00 00 00 00  | ................
0000000000030380 | 00 00 00 00 00 00 00 00  00 00 00 00 00 00 00 00  | ................
0000000000030390 | 00 00 00 00 00 00 00 00  00 00 00 00 00 00 00 00  | ................
00000000000303A0 | 00 00 00 00 00 00 00 00  00 00 00 00 00 00 00 00  | ................
00000000000303B0 | 00 00 00 00 00 00 00 00  00 00 00 00 00 00 00 00  | ................
00000000000303C0 | 00 00 00 00 00 00 00 00  00 00 00 00 00 00 00 00  | ................
00000000000303D0 | 00 00 00 00 00 00 00 00  00 00 00 00 00 00 00 00  | ................
00000000000303E0 | 00 00 00 00 00 00 00 00  00 00 00 00 00 00 00 00  | ................
00000000000303F0 | 00 00 00 00 00 00 00 00  00 00 00 00 00 00 00 00  | ................
0000000000030400 | 00 00 00 00 00 00 00 00  00 00 00 00 00 00 00 00  | ................
0000000000030410 | 00 00 00 00 00 00 00 00  00 00 00 00 00 00 00 00  | ................
0000000000030420 | 00 00 00 00 00 00 00 00  00 00 00 00 00 00 00 00  | ................
0000000000030430 | 00 00 00 00 00 00 00 00  00 00 00 00 00 00 00 00  | ................
0000000000030440 | 00 00 00 00 00 00 00 00  00 00 00 00 00 00 00 00  | ................
0000000000030450 | 00 00 00 00 00 00 00 00  00 00 00 00 00 00 00 00  | ................
0000000000030460 | 00 00 00 00 00 00 00 00  00 00 00 00 00 00 00 00  | ................
0000000000030470 | 00 00 00 00 00 00 00 00  00 00 00 00 00 00 00 00  | ................
0000000000030480 | 00 00 00 00 00 00 00 00  00 00 00 00 00 00 00 00  | ................
0000000000030490 | 00 00 00 00 00 00 00 00  00 00 00 00 00 00 00 00  | ................
00000000000304A0 | 00 00 00 00 00 00 00 00  00 00 00 00 00 00 00 00  | ................
00000000000304B0 | 00 00 00 00 00 00 00 00  00 00 00 00 00 00 00 00  | ................
00000000000304C0 | 00 00 00 00 00 00 00 00  00 00 00 00 00 00 00 00  | ................
00000000000304D0 | 00 00 00 00 00 00 00 00  00 00 00 00 00 00 00 00  | ................
00000000000304E0 | 00 00 00 00 00 00 00 00  00 00 00 00 00 00 00 00  | ................
00000000000304F0 | 00 00 00 00 00 00 00 00  00 00 00 00 00 00 00 00  | ................
0000000000030500 | 00 00 00 00 00 00 00 00  00 00 00 00 00 00 00 00  | ................
0000000000030510 | 00 00 00 00 00 00 00 00  00 00 00 00 00 00 00 00  | ................
0000000000030520 | 00 00 00 00 00 00 00 00  00 00 00 00 00 00 00 00  | ................
0000000000030530 | 00 00 00 00 00 00 00 00  00 00 00 00 00 00 00 00  | ................
0000000000030540 | 00 00 00 00 00 00 00 00  00 00 00 00 00 00 00 00  | ................
0000000000030550 | 00 00 00 00 00 00 00 00  00 00 00 00 00 00 00 00  | ................
0000000000030560 | 00 00 00 00 00 00 00 00  00 00 00 00 00 00 00 00  | ................
0000000000030570 | 00 00 00 00 00 00 00 00  00 00 00 00 00 00 00 00  | ................
0000000000030580 | 00 00 00 00 00 00 00 00  00 00 00 00 00 00 00 00  | ................
0000000000030590 | 00 00 00 00 00 00 00 00  00 00 00 00 00 00 00 00  | ................
00000000000305A0 | 00 00 00 00 00 00 00 00  00 00 00 00 00 00 00 00  | ................
00000000000305B0 | 00 00 00 00 00 00 00 00  00 00 00 00 00 00 00 00  | ................
00000000000305C0 | 00 00 00 00 00 00 00 00  00 00 00 00 00 00 00 00  | ................
00000000000305D0 | 00 00 00 00 00 00 00 00  00 00 00 00 00 00 00 00  | ................
00000000000305E0 | 00 00 00 00 00 00 00 00  00 00 00 00 00 00 00 00  | ................
00000000000305F0 | 00 00 00 00 00 00 00 00  00 00 00 00 00 00 00 00  | ................
0000000000030600 | 00 00 00 00 00 00 00 00  00 00 00 00 00 00 00 00  | ................
0000000000030610 | 00 00 00 00 00 00 00 00  00 00 00 00 00 00 00 00  | ................
0000000000030620 | 00 00 00 00 00 00 00 00  00 00 00 00 00 00 00 00  | ................
0000000000030630 | 00 00 00 00 00 00 00 00  00 00 00 00 00 00 00 00  | ................
0000000000030640 | 00 00 00 00 00 00 00 00  00 00 00 00 00 00 00 00  | ................
0000000000030650 | 00 00 00 00 00 00 00 00  00 00 00 00 00 00 00 00  | ................
0000000000030660 | 00 00 00 00 00 00 00 00  00 00 00 00 00 00 00 00  | ................
0000000000030670 | 00 00 00 00 00 00 00 00  00 00 00 00 00 00 00 00  | ................
0000000000030680 | 00 00 00 00 00 00 00 00  00 00 00 00 00 00 00 00  | ................
0000000000030690 | 00 00 00 00 00 00 00 00  00 00 00 00 00 00 00 00  | ................
00000000000306A0 | 00 00 00 00 00 00 00 00  00 00 00 00 00 00 00 00  | ................
00000000000306B0 | 00 00 00 00 00 00 00 00  00 00 00 00 00 00 00 00  | ................
00000000000306C0 | 00 00 00 00 00 00 00 00  00 00 00 00 00 00 00 00  | ................
00000000000306D0 | 00 00 00 00 00 00 00 00  00 00 00 00 00 00 00 00  | ................
00000000000306E0 | 00 00 00 00 00 00 00 00  00 00 00 00 00 00 00 00  | ................
00000000000306F0 | 00 00 00 00 00 00 00 00  00 00 00 00 00 00 00 00  | ................
0000000000030700 | 00 00 00 00 00 00 00 00  00 00 00 00 00 00 00 00  | ................
0000000000030710 | 00 00 00 00 00 00 00 00  8A 7E 01 00 00 00 00 00  | .........~......
0000000000030720 | 0C DD 00 00 00 00 00 00  00 00 00 00 00 00 00 00  | ................
0000000000030730 | 00 00 00 00 00 00 00 00  00 00 00 00 00 00 00 00  | ................
0000000000030740 | 00 00 00 00 00 00 00 00  00 00 00 00 00 00 00 00  | ................
0000000000030750 | 00 00 00 00 00 00 00 00  00 00 00 00 00 00 00 00  | ................
0000000000030760 | 00 00 00 00 00 00 00 00  00 00 00 00 00 00 00 00  | ................
0000000000030770 | 00 00 00 00 00 00 00 00  00 00 00 00 00 00 00 00  | ................
0000000000030780 | 00 00 00 00 00 00 00 00  00 00 00 00 00 00 00 00  | ................
0000000000030790 | 00 00 00 00 00 00 00 00  19 00 6C 00 0B 00 00 00  | ..........l.....
00000000000307A0 | 00 00 00 00 00 00 00 00  00 00 00 00 00 00 00 00  | ................
00000000000307B0 | 00 00 00 00 00 00 00 00  00 00 00 00 00 00 00 00  | ................
00000000000307C0 | 00 00 00 00 00 00 00 00  00 00 00 00 00 00 00 00  | ................
00000000000307D0 | 00 00 00 00 00 00 00 00  00 00 00 00 00 00 00 00  | ................
00000000000307E0 | 00 00 00 00 00 00 00 00  00 00 00 00 00 00 00 00  | ................
00000000000307F0 | 00 00 00 00 00 00 00 00  00 00 00 00 00 00 00 00  | ................
0000000000030800 | 00 00 00 00 00 00 00 00  00 00 00 00 00 00 00 00  | ................
0000000000030810 | 00 00 00 00 00 00 00 00  00 00 00 00 00 00 00 00  | ................
0000000000030820 | 00 00 00 00 00 00 00 00  00 00 00 00 00 00 00 00  | ................
0000000000030830 | 00 00 00 00 00 00 00 00  00 00 00 00 00 00 00 00  | ................
0000000000030840 | 00 00 00 00 00 00 00 00  00 00 00 00 00 00 00 00  | ................
0000000000030850 | 00 00 00 00 00 00 00 00  00 00 00 00 00 00 00 00  | ................
0000000000030860 | 00 00 00 00 00 00 00 00  00 00 00 00 00 00 00 00  | ................
0000000000030870 | 00 00 00 00 00 00 00 00  00 00 00 00 00 00 00 00  | ................
0000000000030880 | 00 00 00 00 00 00 00 00  00 00 00 00 00 00 00 00  | ................
0000000000030890 | 00 00 00 00 00 00 00 00  00 00 00 00 00 00 00 00  | ................
00000000000308A0 | 00 00 00 00 00 00 00 00  00 00 00 00 00 00 00 00  | ................
00000000000308B0 | 00 00 00 00 00 00 00 00  00 00 00 00 00 00 00 00  | ................
00000000000308C0 | 00 00 00 00 00 00 00 00  00 00 00 00 00 00 00 00  | ................
00000000000308D0 | 00 00 00 00 00 00 00 00  00 00 00 00 00 00 00 00  | ................
00000000000308E0 | 00 00 00 00 00 00 00 00  00 00 00 00 00 00 00 00  | ................
00000000000308F0 | 00 00 00 00 00 00 00 00  00 00 00 00 00 00 00 00  | ................
0000000000030900 | 00 00 00 00 00 00 00 00  00 00 00 00 00 00 00 00  | ................
0000000000030910 | 00 00 00 00 00 00 00 00  00 00 00 00 00 00 00 00  | ................
0000000000030920 | 00 00 00 00 00 00 00 00  00 00 00 00 00 00 00 00  | ................
0000000000030930 | 00 00 00 00 00 00 00 00  00 00 00 00 00 00 00 00  | ................
0000000000030940 | 00 00 00 00 00 00 00 00  00 00 00 00 00 00 00 00  | ................
0000000000030950 | 00 00 00 00 00 00 00 00  00 00 00 00 00 00 00 00  | ................
0000000000030960 | 00 00 00 00 00 00 00 00  00 00 00 00 00 00 00 00  | ................
0000000000030970 | 00 00 00 00 00 00 00 00  00 00 00 00 00 00 00 00  | ................
0000000000030980 | 00 00 00 00 00 00 00 00  00 00 00 00 00 00 00 00  | ................
0000000000030990 | 00 00 00 00 00 00 00 00  00 00 00 00 00 00 00 00  | ................
00000000000309A0 | 00 00 00 00 00 00 00 00  00 00 00 00 00 00 00 00  | ................
00000000000309B0 | 00 00 00 00 00 00 00 00  00 00 00 00 00 00 00 00  | ................
00000000000309C0 | 00 00 00 00 00 00 00 00  00 00 00 00 00 00 00 00  | ................
00000000000309D0 | 00 00 00 00 00 00 00 00  00 00 00 00 00 00 00 00  | ................
00000000000309E0 | 00 00 00 00 00 00 00 00  00 00 00 00 00 00 00 00  | ................
00000000000309F0 | 00 00 00 00 00 00 00 00  00 00 00 00 00 00 00 00  | ................
0000000000030A00 | 00 00 00 00 00 00 00 00  00 00 00 00 00 00 00 00  | ................
0000000000030A10 | 00 00 00 00 00 00 00 00  00 00 00 00 00 00 00 00  | ................
0000000000030A20 | 00 00 00 00 00 00 00 00  00 00 00 00 00 00 00 00  | ................
0000000000030A30 | 00 00 00 00 00 00 00 00  00 00 00 00 00 00 00 00  | ................
0000000000030A40 | 00 00 00 00 00 00 00 00  A1 7E 01 00 00 00 00 00  | .........~......
0000000000030A50 | 34 DD 00 00 00 00 00 00  00 00 00 00 00 00 00 00  | 4...............
0000000000030A60 | 00 00 00 00 00 00 00 00  00 00 00 00 00 00 00 00  | ................
0000000000030A70 | 00 00 00 00 00 00 00 00  00 00 00 00 00 00 00 00  | ................
0000000000030A80 | 00 00 00 00 00 00 00 00  00 00 00 00 00 00 00 00  | ................
0000000000030A90 | 00 00 00 00 00 00 00 00  00 00 00 00 00 00 00 00  | ................
0000000000030AA0 | 00 00 00 00 00 00 00 00  00 00 00 00 00 00 00 00  | ................
0000000000030AB0 | 00 00 00 00 00 00 00 00  00 00 00 00 00 00 00 00  | ................
0000000000030AC0 | 00 00 00 00 00 00 00 00  19 00 A4 00 0B 00 00 00  | ................
0000000000030AD0 | 00 00 00 00 00 00 00 00  00 00 00 00 00 00 00 00  | ................
0000000000030AE0 | 00 00 00 00 00 00 00 00  00 00 00 00 00 00 00 00  | ................
0000000000030AF0 | 00 00 00 00 00 00 00 00  00 00 00 00 00 00 00 00  | ................
0000000000030B00 | 00 00 00 00 00 00 00 00  00 00 00 00 00 00 00 00  | ................
0000000000030B10 | 00 00 00 00 00 00 00 00  00 00 00 00 00 00 00 00  | ................
0000000000030B20 | 00 00 00 00 00 00 00 00  00 00 00 00 00 00 00 00  | ................
0000000000030B30 | 00 00 00 00 00 00 00 00  00 00 00 00 00 00 00 00  | ................
0000000000030B40 | 00 00 00 00 00 00 00 00  00 00 00 00 00 00 00 00  | ................
0000000000030B50 | 00 00 00 00 00 00 00 00  00 00 00 00 00 00 00 00  | ................
0000000000030B60 | 00 00 00 00 00 00 00 00  00 00 00 00 00 00 00 00  | ................
0000000000030B70 | 00 00 00 00 00 00 00 00  00 00 00 00 00 00 00 00  | ................
0000000000030B80 | 00 00 00 00 00 00 00 00  00 00 00 00 00 00 00 00  | ................
0000000000030B90 | 00 00 00 00 00 00 00 00  00 00 00 00 00 00 00 00  | ................
0000000000030BA0 | 00 00 00 00 00 00 00 00  00 00 00 00 00 00 00 00  | ................
0000000000030BB0 | 00 00 00 00 00 00 00 00  00 00 00 00 00 00 00 00  | ................
0000000000030BC0 | 00 00 00 00 00 00 00 00  00 00 00 00 00 00 00 00  | ................
0000000000030BD0 | 00 00 00 00 00 00 00 00  00 00 00 00 00 00 00 00  | ................
0000000000030BE0 | 00 00 00 00 00 00 00 00  00 00 00 00 00 00 00 00  | ................
0000000000030BF0 | 00 00 00 00 00 00 00 00  00 00 00 00 00 00 00 00  | ................
0000000000030C00 | 00 00 00 00 00 00 00 00  00 00 00 00 00 00 00 00  | ................
0000000000030C10 | 00 00 00 00 00 00 00 00  00 00 00 00 00 00 00 00  | ................
0000000000030C20 | 00 00 00 00 00 00 00 00  00 00 00 00 00 00 00 00  | ................
0000000000030C30 | 00 00 00 00 00 00 00 00  00 00 00 00 00 00 00 00  | ................
0000000000030C40 | 00 00 00 00 00 00 00 00  00 00 00 00 00 00 00 00  | ................
0000000000030C50 | 00 00 00 00 00 00 00 00  00 00 00 00 00 00 00 00  | ................
0000000000030C60 | 00 00 00 00 00 00 00 00  00 00 00 00 00 00 00 00  | ................
0000000000030C70 | 00 00 00 00 00 00 00 00  00 00 00 00 00 00 00 00  | ................
0000000000030C80 | 00 00 00 00 00 00 00 00  00 00 00 00 00 00 00 00  | ................
0000000000030C90 | 00 00 00 00 00 00 00 00  00 00 00 00 00 00 00 00  | ................
0000000000030CA0 | 00 00 00 00 00 00 00 00  00 00 00 00 00 00 00 00  | ................
0000000000030CB0 | 00 00 00 00 00 00 00 00  00 00 00 00 00 00 00 00  | ................
0000000000030CC0 | 00 00 00 00 00 00 00 00  00 00 00 00 00 00 00 00  | ................
0000000000030CD0 | 00 00 00 00 00 00 00 00  00 00 00 00 00 00 00 00  | ................
0000000000030CE0 | 00 00 00 00 00 00 00 00  00 00 00 00 00 00 00 00  | ................
0000000000030CF0 | 00 00 00 00 00 00 00 00  00 00 00 00 00 00 00 00  | ................
0000000000030D00 | 00 00 00 00 00 00 00 00  00 00 00 00 00 00 00 00  | ................
0000000000030D10 | 00 00 00 00 00 00 00 00  00 00 00 00 00 00 00 00  | ................
0000000000030D20 | 00 00 00 00 00 00 00 00  00 00 00 00 00 00 00 00  | ................
0000000000030D30 | 00 00 00 00 00 00 00 00  00 00 00 00 00 00 00 00  | ................
0000000000030D40 | 00 00 00 00 00 00 00 00  00 00 00 00 00 00 00 00  | ................
0000000000030D50 | 00 00 00 00 00 00 00 00  00 00 00 00 00 00 00 00  | ................
0000000000030D60 | 00 00 00 00 00 00 00 00  00 00 00 00 00 00 00 00  | ................
0000000000030D70 | 00 00 00 00 00 00 00 00  B8 7E 01 00 00 00 00 00  | .........~......
0000000000030D80 | 3C DD 00 00 00 00 00 00  00 00 00 00 00 00 00 00  | <...............
0000000000030D90 | 00 00 00 00 00 00 00 00  00 00 00 00 00 00 00 00  | ................
0000000000030DA0 | 00 00 00 00 00 00 00 00  00 00 00 00 00 00 00 00  | ................
0000000000030DB0 | 00 00 00 00 00 00 00 00  00 00 00 00 00 00 00 00  | ................
0000000000030DC0 | 00 00 00 00 00 00 00 00  00 00 00 00 00 00 00 00  | ................
0000000000030DD0 | 00 00 00 00 00 00 00 00  00 00 00 00 00 00 00 00  | ................
0000000000030DE0 | 00 00 00 00 00 00 00 00  00 00 00 00 00 00 00 00  | ................
0000000000030DF0 | 00 00 00 00 00 00 00 00  18 00 22 00 09 00 00 00  | ..........".....
0000000000030E00 | CF 7E 01 00 00 00 00 00  D8 DD 00 00 00 00 00 00  | .~..............
0000000000030E10 | 00 00 00 00 00 00 00 00  00 00 00 00 00 00 00 00  | ................
0000000000030E20 | 00 00 00 00 00 00 00 00  00 00 00 00 00 00 00 00  | ................
0000000000030E30 | 00 00 00 00 00 00 00 00  00 00 00 00 00 00 00 00  | ................
0000000000030E40 | 00 00 00 00 00 00 00 00  00 00 00 00 00 00 00 00  | ................
0000000000030E50 | 00 00 00 00 00 00 00 00  00 00 00 00 00 00 00 00  | ................
0000000000030E60 | 00 00 00 00 00 00 00 00  00 00 00 00 00 00 00 00  | ................
0000000000030E70 | 00 00 00 00 00 00 00 00  00 00 00 00 00 00 00 00  | ................
0000000000030E80 | 19 00 B6 00 0B 00 00 00  00 00 00 00 00 00 00 00  | ................
0000000000030E90 | 00 00 00 00 00 00 00 00  00 00 00 00 00 00 00 00  | ................
0000000000030EA0 | 00 00 00 00 00 00 00 00  00 00 00 00 00 00 00 00  | ................
0000000000030EB0 | 00 00 00 00 00 00 00 00  00 00 00 00 00 00 00 00  | ................
0000000000030EC0 | 00 00 00 00 00 00 00 00  00 00 00 00 00 00 00 00  | ................
0000000000030ED0 | 00 00 00 00 00 00 00 00  00 00 00 00 00 00 00 00  | ................
0000000000030EE0 | 00 00 00 00 00 00 00 00  00 00 00 00 00 00 00 00  | ................
0000000000030EF0 | 00 00 00 00 00 00 00 00  00 00 00 00 00 00 00 00  | ................
0000000000030F00 | 00 00 00 00 00 00 00 00  00 00 00 00 00 00 00 00  | ................
0000000000030F10 | 00 00 00 00 00 00 00 00  00 00 00 00 00 00 00 00  | ................
0000000000030F20 | 00 00 00 00 00 00 00 00  00 00 00 00 00 00 00 00  | ................
0000000000030F30 | 00 00 00 00 00 00 00 00  00 00 00 00 00 00 00 00  | ................
0000000000030F40 | 00 00 00 00 00 00 00 00  00 00 00 00 00 00 00 00  | ................
0000000000030F50 | 00 00 00 00 00 00 00 00  00 00 00 00 00 00 00 00  | ................
0000000000030F60 | 00 00 00 00 00 00 00 00  00 00 00 00 00 00 00 00  | ................
0000000000030F70 | 00 00 00 00 00 00 00 00  00 00 00 00 00 00 00 00  | ................
0000000000030F80 | 00 00 00 00 00 00 00 00  00 00 00 00 00 00 00 00  | ................
0000000000030F90 | 00 00 00 00 00 00 00 00  00 00 00 00 00 00 00 00  | ................
0000000000030FA0 | 00 00 00 00 00 00 00 00  00 00 00 00 00 00 00 00  | ................
0000000000030FB0 | 00 00 00 00 00 00 00 00  00 00 00 00 00 00 00 00  | ................
0000000000030FC0 | 00 00 00 00 00 00 00 00  00 00 00 00 00 00 00 00  | ................
0000000000030FD0 | 00 00 00 00 00 00 00 00  00 00 00 00 00 00 00 00  | ................
0000000000030FE0 | 00 00 00 00 00 00 00 00  00 00 00 00 00 00 00 00  | ................
0000000000030FF0 | 00 00 00 00 00 00 00 00  00 00 00 00 00 00 00 00  | ................
0000000000031000 | 00 00 00 00 00 00 00 00  00 00 00 00 00 00 00 00  | ................
0000000000031010 | 00 00 00 00 00 00 00 00  00 00 00 00 00 00 00 00  | ................
0000000000031020 | 00 00 00 00 00 00 00 00  00 00 00 00 00 00 00 00  | ................
0000000000031030 | 00 00 00 00 00 00 00 00  00 00 00 00 00 00 00 00  | ................
0000000000031040 | 00 00 00 00 00 00 00 00  00 00 00 00 00 00 00 00  | ................
0000000000031050 | 00 00 00 00 00 00 00 00  00 00 00 00 00 00 00 00  | ................
0000000000031060 | 00 00 00 00 00 00 00 00  00 00 00 00 00 00 00 00  | ................
0000000000031070 | 00 00 00 00 00 00 00 00  00 00 00 00 00 00 00 00  | ................
0000000000031080 | 00 00 00 00 00 00 00 00  00 00 00 00 00 00 00 00  | ................
0000000000031090 | 00 00 00 00 00 00 00 00  00 00 00 00 00 00 00 00  | ................
00000000000310A0 | 00 00 00 00 00 00 00 00  00 00 00 00 00 00 00 00  | ................
00000000000310B0 | 00 00 00 00 00 00 00 00  00 00 00 00 00 00 00 00  | ................
00000000000310C0 | 00 00 00 00 00 00 00 00  00 00 00 00 00 00 00 00  | ................
00000000000310D0 | 00 00 00 00 00 00 00 00  00 00 00 00 00 00 00 00  | ................
00000000000310E0 | 00 00 00 00 00 00 00 00  00 00 00 00 00 00 00 00  | ................
00000000000310F0 | 00 00 00 00 00 00 00 00  00 00 00 00 00 00 00 00  | ................
0000000000031100 | 00 00 00 00 00 00 00 00  00 00 00 00 00 00 00 00  | ................
0000000000031110 | 00 00 00 00 00 00 00 00  00 00 00 00 00 00 00 00  | ................
0000000000031120 | 00 00 00 00 00 00 00 00  00 00 00 00 00 00 00 00  | ................
0000000000031130 | 00 00 00 00 00 00 00 00  00 00 00 00 00 00 00 00  | ................
0000000000031140 | 00 00 00 00 00 00 00 00  00 00 00 00 00 00 00 00  | ................
0000000000031150 | 00 00 00 00 00 00 00 00  00 00 00 00 00 00 00 00  | ................
0000000000031160 | 00 00 00 00 00 00 00 00  00 00 00 00 00 00 00 00  | ................
0000000000031170 | 00 00 00 00 00 00 00 00  00 00 00 00 00 00 00 00  | ................
0000000000031180 | 00 00 00 00 00 00 00 00  00 00 00 00 00 00 00 00  | ................
0000000000031190 | 00 00 00 00 00 00 00 00  00 00 00 00 00 00 00 00  | ................
00000000000311A0 | 00 00 00 00 00 00 00 00  00 00 00 00 00 00 00 00  | ................
00000000000311B0 | 00 00 00 00 00 00 00 00  00 00 00 00 00 00 00 00  | ................
00000000000311C0 | 00 00 00 00 00 00 00 00  00 00 00 00 00 00 00 00  | ................
00000000000311D0 | 00 00 00 00 00 00 00 00  00 00 00 00 00 00 00 00  | ................
00000000000311E0 | 00 00 00 00 00 00 00 00  00 00 00 00 00 00 00 00  | ................
00000000000311F0 | 00 00 00 00 00 00 00 00  00 00 00 00 00 00 00 00  | ................
0000000000031200 | 00 00 00 00 00 00 00 00  00 00 00 00 00 00 00 00  | ................
0000000000031210 | 00 00 00 00 00 00 00 00  00 00 00 00 00 00 00 00  | ................
0000000000031220 | 00 00 00 00 00 00 00 00  00 00 00 00 00 00 00 00  | ................
0000000000031230 | 00 00 00 00 00 00 00 00  00 00 00 00 00 00 00 00  | ................
0000000000031240 | 00 00 00 00 00 00 00 00  00 00 00 00 00 00 00 00  | ................
0000000000031250 | 00 00 00 00 00 00 00 00  00 00 00 00 00 00 00 00  | ................
0000000000031260 | 00 00 00 00 00 00 00 00  00 00 00 00 00 00 00 00  | ................
0000000000031270 | 00 00 00 00 00 00 00 00  00 00 00 00 00 00 00 00  | ................
0000000000031280 | 00 00 00 00 00 00 00 00  00 00 00 00 00 00 00 00  | ................
0000000000031290 | 00 00 00 00 00 00 00 00  00 00 00 00 00 00 00 00  | ................
00000000000312A0 | 00 00 00 00 00 00 00 00  00 00 00 00 00 00 00 00  | ................
00000000000312B0 | 00 00 00 00 00 00 00 00  00 00 00 00 00 00 00 00  | ................
00000000000312C0 | 00 00 00 00 00 00 00 00  00 00 00 00 00 00 00 00  | ................
00000000000312D0 | 00 00 00 00 00 00 00 00  00 00 00 00 00 00 00 00  | ................
00000000000312E0 | 00 00 00 00 00 00 00 00  00 00 00 00 00 00 00 00  | ................
00000000000312F0 | 00 00 00 00 00 00 00 00  00 00 00 00 00 00 00 00  | ................
0000000000031300 | 00 00 00 00 00 00 00 00  00 00 00 00 00 00 00 00  | ................
0000000000031310 | 00 00 00 00 00 00 00 00  00 00 00 00 00 00 00 00  | ................
0000000000031320 | 00 00 00 00 00 00 00 00  00 00 00 00 00 00 00 00  | ................
0000000000031330 | 00 00 00 00 00 00 00 00  00 00 00 00 00 00 00 00  | ................
0000000000031340 | 00 00 00 00 00 00 00 00  00 00 00 00 00 00 00 00  | ................
0000000000031350 | 00 00 00 00 00 00 00 00  00 00 00 00 00 00 00 00  | ................
0000000000031360 | 00 00 00 00 00 00 00 00  00 00 00 00 00 00 00 00  | ................
0000000000031370 | 00 00 00 00 00 00 00 00  00 00 00 00 00 00 00 00  | ................
0000000000031380 | 00 00 00 00 00 00 00 00  00 00 00 00 00 00 00 00  | ................
0000000000031390 | 00 00 00 00 00 00 00 00  00 00 00 00 00 00 00 00  | ................
00000000000313A0 | 00 00 00 00 00 00 00 00  00 00 00 00 00 00 00 00  | ................
00000000000313B0 | 00 00 00 00 00 00 00 00  00 00 00 00 00 00 00 00  | ................
00000000000313C0 | 00 00 00 00 00 00 00 00  00 00 00 00 00 00 00 00  | ................
00000000000313D0 | 00 00 00 00 00 00 00 00  00 00 00 00 00 00 00 00  | ................
00000000000313E0 | 00 00 00 00 00 00 00 00  00 00 00 00 00 00 00 00  | ................
00000000000313F0 | 00 00 00 00 00 00 00 00  00 00 00 00 00 00 00 00  | ................
0000000000031400 | 00 00 00 00 00 00 00 00  00 00 00 00 00 00 00 00  | ................
0000000000031410 | 00 00 00 00 00 00 00 00  00 00 00 00 00 00 00 00  | ................
0000000000031420 | 00 00 00 00 00 00 00 00  00 00 00 00 00 00 00 00  | ................
0000000000031430 | 00 00 00 00 00 00 00 00  00 00 00 00 00 00 00 00  | ................
0000000000031440 | 00 00 00 00 00 00 00 00  00 00 00 00 00 00 00 00  | ................
0000000000031450 | 00 00 00 00 00 00 00 00  00 00 00 00 00 00 00 00  | ................
0000000000031460 | 00 00 00 00 00 00 00 00  00 00 00 00 00 00 00 00  | ................
0000000000031470 | 00 00 00 00 00 00 00 00  00 00 00 00 00 00 00 00  | ................
0000000000031480 | 00 00 00 00 00 00 00 00  00 00 00 00 00 00 00 00  | ................
0000000000031490 | 00 00 00 00 00 00 00 00  00 00 00 00 00 00 00 00  | ................
00000000000314A0 | 00 00 00 00 00 00 00 00  00 00 00 00 00 00 00 00  | ................
00000000000314B0 | 00 00 00 00 00 00 00 00  00 00 00 00 00 00 00 00  | ................
00000000000314C0 | 00 00 00 00 00 00 00 00  00 00 00 00 00 00 00 00  | ................
00000000000314D0 | 00 00 00 00 00 00 00 00  00 00 00 00 00 00 00 00  | ................
00000000000314E0 | 00 00 00 00 00 00 00 00  00 00 00 00 00 00 00 00  | ................
00000000000314F0 | 00 00 00 00 00 00 00 00  00 00 00 00 00 00 00 00  | ................
0000000000031500 | 00 00 00 00 00 00 00 00  00 00 00 00 00 00 00 00  | ................
0000000000031510 | 00 00 00 00 00 00 00 00  00 00 00 00 00 00 00 00  | ................
0000000000031520 | 00 00 00 00 00 00 00 00  00 00 00 00 00 00 00 00  | ................
0000000000031530 | 00 00 00 00 00 00 00 00  00 00 00 00 00 00 00 00  | ................
0000000000031540 | 00 00 00 00 00 00 00 00  00 00 00 00 00 00 00 00  | ................
0000000000031550 | 00 00 00 00 00 00 00 00  00 00 00 00 00 00 00 00  | ................
0000000000031560 | 00 00 00 00 00 00 00 00  00 00 00 00 00 00 00 00  | ................
0000000000031570 | 00 00 00 00 00 00 00 00  00 00 00 00 00 00 00 00  | ................
0000000000031580 | 00 00 00 00 00 00 00 00  00 00 00 00 00 00 00 00  | ................
0000000000031590 | 00 00 00 00 00 00 00 00  00 00 00 00 00 00 00 00  | ................
00000000000315A0 | 00 00 00 00 00 00 00 00  00 00 00 00 00 00 00 00  | ................
00000000000315B0 | 00 00 00 00 00 00 00 00  00 00 00 00 00 00 00 00  | ................
00000000000315C0 | 00 00 00 00 00 00 00 00  00 00 00 00 00 00 00 00  | ................
00000000000315D0 | 00 00 00 00 00 00 00 00  00 00 00 00 00 00 00 00  | ................
00000000000315E0 | 00 00 00 00 00 00 00 00  00 00 00 00 00 00 00 00  | ................
00000000000315F0 | 00 00 00 00 00 00 00 00  00 00 00 00 00 00 00 00  | ................
0000000000031600 | 00 00 00 00 00 00 00 00  00 00 00 00 00 00 00 00  | ................
0000000000031610 | 00 00 00 00 00 00 00 00  00 00 00 00 00 00 00 00  | ................
0000000000031620 | 00 00 00 00 00 00 00 00  00 00 00 00 00 00 00 00  | ................
0000000000031630 | 00 00 00 00 00 00 00 00  00 00 00 00 00 00 00 00  | ................
0000000000031640 | 00 00 00 00 00 00 00 00  00 00 00 00 00 00 00 00  | ................
0000000000031650 | 00 00 00 00 00 00 00 00  00 00 00 00 00 00 00 00  | ................
0000000000031660 | 00 00 00 00 00 00 00 00  00 00 00 00 00 00 00 00  | ................
0000000000031670 | 00 00 00 00 00 00 00 00  00 00 00 00 00 00 00 00  | ................
0000000000031680 | 00 00 00 00 00 00 00 00  00 00 00 00 00 00 00 00  | ................
0000000000031690 | 00 00 00 00 00 00 00 00  00 00 00 00 00 00 00 00  | ................
00000000000316A0 | 00 00 00 00 00 00 00 00  00 00 00 00 00 00 00 00  | ................
00000000000316B0 | 00 00 00 00 00 00 00 00  00 00 00 00 00 00 00 00  | ................
00000000000316C0 | 00 00 00 00 00 00 00 00  00 00 00 00 00 00 00 00  | ................
00000000000316D0 | 00 00 00 00 00 00 00 00  00 00 00 00 00 00 00 00  | ................
00000000000316E0 | 00 00 00 00 00 00 00 00  00 00 00 00 00 00 00 00  | ................
00000000000316F0 | 00 00 00 00 00 00 00 00  00 00 00 00 00 00 00 00  | ................
0000000000031700 | 00 00 00 00 00 00 00 00  00 00 00 00 00 00 00 00  | ................
0000000000031710 | 00 00 00 00 00 00 00 00  00 00 00 00 00 00 00 00  | ................
0000000000031720 | 00 00 00 00 00 00 00 00  00 00 00 00 00 00 00 00  | ................
0000000000031730 | 00 00 00 00 00 00 00 00  00 00 00 00 00 00 00 00  | ................
0000000000031740 | 00 00 00 00 00 00 00 00  00 00 00 00 00 00 00 00  | ................
0000000000031750 | 00 00 00 00 00 00 00 00  00 00 00 00 00 00 00 00  | ................
0000000000031760 | 00 00 00 00 00 00 00 00  00 00 00 00 00 00 00 00  | ................
0000000000031770 | 00 00 00 00 00 00 00 00  00 00 00 00 00 00 00 00  | ................
0000000000031780 | 00 00 00 00 00 00 00 00  00 00 00 00 00 00 00 00  | ................
0000000000031790 | 00 00 00 00 00 00 00 00  00 00 00 00 00 00 00 00  | ................
00000000000317A0 | 00 00 00 00 00 00 00 00  00 00 00 00 00 00 00 00  | ................
00000000000317B0 | 00 00 00 00 00 00 00 00  00 00 00 00 00 00 00 00  | ................
00000000000317C0 | 00 00 00 00 00 00 00 00  00 00 00 00 00 00 00 00  | ................
00000000000317D0 | 00 00 00 00 00 00 00 00  00 00 00 00 00 00 00 00  | ................
00000000000317E0 | 00 00 00 00 00 00 00 00  00 00 00 00 00 00 00 00  | ................
00000000000317F0 | 00 00 00 00 00 00 00 00  00 00 00 00 00 00 00 00  | ................
0000000000031800 | 00 00 00 00 00 00 00 00  00 00 00 00 00 00 00 00  | ................
0000000000031810 | 00 00 00 00 00 00 00 00  00 00 00 00 00 00 00 00  | ................
0000000000031820 | 00 00 00 00 00 00 00 00  00 00 00 00 00 00 00 00  | ................
0000000000031830 | 00 00 00 00 00 00 00 00  00 00 00 00 00 00 00 00  | ................
0000000000031840 | 00 00 00 00 00 00 00 00  00 00 00 00 00 00 00 00  | ................
0000000000031850 | 00 00 00 00 00 00 00 00  00 00 00 00 00 00 00 00  | ................
0000000000031860 | 00 00 00 00 00 00 00 00  00 00 00 00 00 00 00 00  | ................
0000000000031870 | 00 00 00 00 00 00 00 00  00 00 00 00 00 00 00 00  | ................
0000000000031880 | 00 00 00 00 00 00 00 00  00 00 00 00 00 00 00 00  | ................
0000000000031890 | 00 00 00 00 00 00 00 00  00 00 00 00 00 00 00 00  | ................
00000000000318A0 | 00 00 00 00 00 00 00 00  00 00 00 00 00 00 00 00  | ................
00000000000318B0 | 00 00 00 00 00 00 00 00  00 00 00 00 00 00 00 00  | ................
00000000000318C0 | 00 00 00 00 00 00 00 00  00 00 00 00 00 00 00 00  | ................
00000000000318D0 | 00 00 00 00 00 00 00 00  00 00 00 00 00 00 00 00  | ................
00000000000318E0 | 00 00 00 00 00 00 00 00  00 00 00 00 00 00 00 00  | ................
00000000000318F0 | 00 00 00 00 00 00 00 00  00 00 00 00 00 00 00 00  | ................
0000000000031900 | 00 00 00 00 00 00 00 00  00 00 00 00 00 00 00 00  | ................
0000000000031910 | 00 00 00 00 00 00 00 00  00 00 00 00 00 00 00 00  | ................
0000000000031920 | 00 00 00 00 00 00 00 00  00 00 00 00 00 00 00 00  | ................
0000000000031930 | 00 00 00 00 00 00 00 00  00 00 00 00 00 00 00 00  | ................
0000000000031940 | 00 00 00 00 00 00 00 00  00 00 00 00 00 00 00 00  | ................
0000000000031950 | 00 00 00 00 00 00 00 00  00 00 00 00 00 00 00 00  | ................
0000000000031960 | 00 00 00 00 00 00 00 00  00 00 00 00 00 00 00 00  | ................
0000000000031970 | 00 00 00 00 00 00 00 00  00 00 00 00 00 00 00 00  | ................
0000000000031980 | 00 00 00 00 00 00 00 00  00 00 00 00 00 00 00 00  | ................
0000000000031990 | 00 00 00 00 00 00 00 00  00 00 00 00 00 00 00 00  | ................
00000000000319A0 | 00 00 00 00 00 00 00 00  00 00 00 00 00 00 00 00  | ................
00000000000319B0 | 00 00 00 00 00 00 00 00  00 00 00 00 00 00 00 00  | ................
00000000000319C0 | 00 00 00 00 00 00 00 00  00 00 00 00 00 00 00 00  | ................
00000000000319D0 | 00 00 00 00 00 00 00 00  00 00 00 00 00 00 00 00  | ................
00000000000319E0 | 00 00 00 00 00 00 00 00  00 00 00 00 00 00 00 00  | ................
00000000000319F0 | 00 00 00 00 00 00 00 00  00 00 00 00 00 00 00 00  | ................
0000000000031A00 | 00 00 00 00 00 00 00 00  00 00 00 00 00 00 00 00  | ................
0000000000031A10 | 00 00 00 00 00 00 00 00  00 00 00 00 00 00 00 00  | ................
0000000000031A20 | 00 00 00 00 00 00 00 00  00 00 00 00 00 00 00 00  | ................
0000000000031A30 | 00 00 00 00 00 00 00 00  00 00 00 00 00 00 00 00  | ................
0000000000031A40 | 00 00 00 00 00 00 00 00  00 00 00 00 00 00 00 00  | ................
0000000000031A50 | 00 00 00 00 00 00 00 00  00 00 00 00 00 00 00 00  | ................
0000000000031A60 | 00 00 00 00 00 00 00 00  00 00 00 00 00 00 00 00  | ................
0000000000031A70 | 00 00 00 00 00 00 00 00  00 00 00 00 00 00 00 00  | ................
0000000000031A80 | 00 00 00 00 00 00 00 00  00 00 00 00 00 00 00 00  | ................
0000000000031A90 | 00 00 00 00 00 00 00 00  00 00 00 00 00 00 00 00  | ................
0000000000031AA0 | 00 00 00 00 00 00 00 00  00 00 00 00 00 00 00 00  | ................
0000000000031AB0 | 00 00 00 00 00 00 00 00  00 00 00 00 00 00 00 00  | ................
0000000000031AC0 | 00 00 00 00 00 00 00 00  00 00 00 00 00 00 00 00  | ................
0000000000031AD0 | 00 00 00 00 00 00 00 00  00 00 00 00 00 00 00 00  | ................
0000000000031AE0 | 00 00 00 00 00 00 00 00  00 00 00 00 00 00 00 00  | ................
0000000000031AF0 | 00 00 00 00 00 00 00 00  00 00 00 00 00 00 00 00  | ................
0000000000031B00 | 00 00 00 00 00 00 00 00  00 00 00 00 00 00 00 00  | ................
0000000000031B10 | 00 00 00 00 00 00 00 00  00 00 00 00 00 00 00 00  | ................
0000000000031B20 | 00 00 00 00 00 00 00 00  00 00 00 00 00 00 00 00  | ................
0000000000031B30 | 00 00 00 00 00 00 00 00  00 00 00 00 00 00 00 00  | ................
0000000000031B40 | 00 00 00 00 00 00 00 00  00 00 00 00 00 00 00 00  | ................
0000000000031B50 | 00 00 00 00 00 00 00 00  00 00 00 00 00 00 00 00  | ................
0000000000031B60 | 00 00 00 00 00 00 00 00  00 00 00 00 00 00 00 00  | ................
0000000000031B70 | 00 00 00 00 00 00 00 00  00 00 00 00 00 00 00 00  | ................
0000000000031B80 | 00 00 00 00 00 00 00 00  00 00 00 00 00 00 00 00  | ................
0000000000031B90 | 00 00 00 00 00 00 00 00  00 00 00 00 00 00 00 00  | ................
0000000000031BA0 | 00 00 00 00 00 00 00 00  00 00 00 00 00 00 00 00  | ................
0000000000031BB0 | 00 00 00 00 00 00 00 00  00 00 00 00 00 00 00 00  | ................
0000000000031BC0 | 00 00 00 00 00 00 00 00  00 00 00 00 00 00 00 00  | ................
0000000000031BD0 | 00 00 00 00 00 00 00 00  00 00 00 00 00 00 00 00  | ................
0000000000031BE0 | 00 00 00 00 00 00 00 00  00 00 00 00 00 00 00 00  | ................
0000000000031BF0 | 00 00 00 00 00 00 00 00  00 00 00 00 00 00 00 00  | ................
0000000000031C00 | 00 00 00 00 00 00 00 00  00 00 00 00 00 00 00 00  | ................
0000000000031C10 | 00 00 00 00 00 00 00 00  00 00 00 00 00 00 00 00  | ................
0000000000031C20 | 00 00 00 00 00 00 00 00  00 00 00 00 00 00 00 00  | ................
0000000000031C30 | 00 00 00 00 00 00 00 00  00 00 00 00 00 00 00 00  | ................
0000000000031C40 | 00 00 00 00 00 00 00 00  00 00 00 00 00 00 00 00  | ................
0000000000031C50 | 00 00 00 00 00 00 00 00  00 00 00 00 00 00 00 00  | ................
0000000000031C60 | 00 00 00 00 00 00 00 00  00 00 00 00 00 00 00 00  | ................
0000000000031C70 | 00 00 00 00 00 00 00 00  00 00 00 00 00 00 00 00  | ................
0000000000031C80 | 00 00 00 00 00 00 00 00  00 00 00 00 00 00 00 00  | ................
0000000000031C90 | 00 00 00 00 00 00 00 00  00 00 00 00 00 00 00 00  | ................
0000000000031CA0 | 00 00 00 00 00 00 00 00  00 00 00 00 00 00 00 00  | ................
0000000000031CB0 | 00 00 00 00 00 00 00 00  00 00 00 00 00 00 00 00  | ................
0000000000031CC0 | 00 00 00 00 00 00 00 00  00 00 00 00 00 00 00 00  | ................
0000000000031CD0 | 00 00 00 00 00 00 00 00  00 00 00 00 00 00 00 00  | ................
0000000000031CE0 | 00 00 00 00 00 00 00 00  00 00 00 00 00 00 00 00  | ................
0000000000031CF0 | 00 00 00 00 00 00 00 00  00 00 00 00 00 00 00 00  | ................
0000000000031D00 | 00 00 00 00 00 00 00 00  00 00 00 00 00 00 00 00  | ................
0000000000031D10 | 00 00 00 00 00 00 00 00  00 00 00 00 00 00 00 00  | ................
0000000000031D20 | 00 00 00 00 00 00 00 00  00 00 00 00 00 00 00 00  | ................
0000000000031D30 | 00 00 00 00 00 00 00 00  00 00 00 00 00 00 00 00  | ................
0000000000031D40 | 00 00 00 00 00 00 00 00  00 00 00 00 00 00 00 00  | ................
0000000000031D50 | 00 00 00 00 00 00 00 00  00 00 00 00 00 00 00 00  | ................
0000000000031D60 | 00 00 00 00 00 00 00 00  00 00 00 00 00 00 00 00  | ................
0000000000031D70 | 00 00 00 00 00 00 00 00  00 00 00 00 00 00 00 00  | ................
0000000000031D80 | 00 00 00 00 00 00 00 00  00 00 00 00 00 00 00 00  | ................
0000000000031D90 | 00 00 00 00 00 00 00 00  00 00 00 00 00 00 00 00  | ................
0000000000031DA0 | 00 00 00 00 00 00 00 00  00 00 00 00 00 00 00 00  | ................
0000000000031DB0 | 00 00 00 00 00 00 00 00  00 00 00 00 00 00 00 00  | ................
0000000000031DC0 | 00 00 00 00 00 00 00 00  00 00 00 00 00 00 00 00  | ................
0000000000031DD0 | 00 00 00 00 00 00 00 00  00 00 00 00 00 00 00 00  | ................
0000000000031DE0 | 00 00 00 00 00 00 00 00  00 00 00 00 00 00 00 00  | ................
0000000000031DF0 | 00 00 00 00 00 00 00 00  00 00 00 00 00 00 00 00  | ................
0000000000031E00 | 00 00 00 00 00 00 00 00  00 00 00 00 00 00 00 00  | ................
0000000000031E10 | 00 00 00 00 00 00 00 00  00 00 00 00 00 00 00 00  | ................
0000000000031E20 | 00 00 00 00 00 00 00 00  00 00 00 00 00 00 00 00  | ................
0000000000031E30 | 00 00 00 00 00 00 00 00  00 00 00 00 00 00 00 00  | ................
0000000000031E40 | 00 00 00 00 00 00 00 00  00 00 00 00 00 00 00 00  | ................
0000000000031E50 | 00 00 00 00 00 00 00 00  00 00 00 00 00 00 00 00  | ................
0000000000031E60 | 00 00 00 00 00 00 00 00  00 00 00 00 00 00 00 00  | ................
0000000000031E70 | 00 00 00 00 00 00 00 00  00 00 00 00 00 00 00 00  | ................
0000000000031E80 | 00 00 00 00 00 00 00 00  00 00 00 00 00 00 00 00  | ................
0000000000031E90 | 00 00 00 00 00 00 00 00  00 00 00 00 00 00 00 00  | ................
0000000000031EA0 | 00 00 00 00 00 00 00 00  00 00 00 00 00 00 00 00  | ................
0000000000031EB0 | 00 00 00 00 00 00 00 00  00 00 00 00 00 00 00 00  | ................
0000000000031EC0 | 00 00 00 00 00 00 00 00  00 00 00 00 00 00 00 00  | ................
0000000000031ED0 | 00 00 00 00 00 00 00 00  00 00 00 00 00 00 00 00  | ................
0000000000031EE0 | 00 00 00 00 00 00 00 00  00 00 00 00 00 00 00 00  | ................
0000000000031EF0 | 00 00 00 00 00 00 00 00  00 00 00 00 00 00 00 00  | ................
0000000000031F00 | 00 00 00 00 00 00 00 00  00 00 00 00 00 00 00 00  | ................
0000000000031F10 | 00 00 00 00 00 00 00 00  00 00 00 00 00 00 00 00  | ................
0000000000031F20 | 00 00 00 00 00 00 00 00  00 00 00 00 00 00 00 00  | ................
0000000000031F30 | 00 00 00 00 00 00 00 00  00 00 00 00 00 00 00 00  | ................
0000000000031F40 | 00 00 00 00 00 00 00 00  00 00 00 00 00 00 00 00  | ................
0000000000031F50 | 00 00 00 00 00 00 00 00  00 00 00 00 00 00 00 00  | ................
0000000000031F60 | 00 00 00 00 00 00 00 00  00 00 00 00 00 00 00 00  | ................
0000000000031F70 | 00 00 00 00 00 00 00 00  00 00 00 00 00 00 00 00  | ................
0000000000031F80 | 00 00 00 00 00 00 00 00  00 00 00 00 00 00 00 00  | ................
0000000000031F90 | 00 00 00 00 00 00 00 00  00 00 00 00 00 00 00 00  | ................
0000000000031FA0 | 00 00 00 00 00 00 00 00  00 00 00 00 00 00 00 00  | ................
0000000000031FB0 | 00 00 00 00 00 00 00 00  00 00 00 00 00 00 00 00  | ................
0000000000031FC0 | 00 00 00 00 00 00 00 00  00 00 00 00 00 00 00 00  | ................
0000000000031FD0 | 00 00 00 00 00 00 00 00  00 00 00 00 00 00 00 00  | ................
0000000000031FE0 | 00 00 00 00 00 00 00 00  00 00 00 00 00 00 00 00  | ................
0000000000031FF0 | 00 00 00 00 00 00 00 00  00 00 00 00 00 00 00 00  | ................
0000000000032000 | 00 00 00 00 00 00 00 00  00 00 00 00 00 00 00 00  | ................
0000000000032010 | 00 00 00 00 00 00 00 00  00 00 00 00 00 00 00 00  | ................
0000000000032020 | 00 00 00 00 00 00 00 00  00 00 00 00 00 00 00 00  | ................
0000000000032030 | 00 00 00 00 00 00 00 00  00 00 00 00 00 00 00 00  | ................
0000000000032040 | 00 00 00 00 00 00 00 00  00 00 00 00 00 00 00 00  | ................
0000000000032050 | 00 00 00 00 00 00 00 00  00 00 00 00 00 00 00 00  | ................
0000000000032060 | 00 00 00 00 00 00 00 00  00 00 00 00 00 00 00 00  | ................
0000000000032070 | 00 00 00 00 00 00 00 00  00 00 00 00 00 00 00 00  | ................
0000000000032080 | 00 00 00 00 00 00 00 00  00 00 00 00 00 00 00 00  | ................
0000000000032090 | 00 00 00 00 00 00 00 00  00 00 00 00 00 00 00 00  | ................
00000000000320A0 | 00 00 00 00 00 00 00 00  00 00 00 00 00 00 00 00  | ................
00000000000320B0 | 00 00 00 00 00 00 00 00  00 00 00 00 00 00 00 00  | ................
00000000000320C0 | 00 00 00 00 00 00 00 00  00 00 00 00 00 00 00 00  | ................
00000000000320D0 | 00 00 00 00 00 00 00 00  00 00 00 00 00 00 00 00  | ................
00000000000320E0 | 00 00 00 00 00 00 00 00  00 00 00 00 00 00 00 00  | ................
00000000000320F0 | 00 00 00 00 00 00 00 00  00 00 00 00 00 00 00 00  | ................
0000000000032100 | 00 00 00 00 00 00 00 00  00 00 00 00 00 00 00 00  | ................
0000000000032110 | 00 00 00 00 00 00 00 00  00 00 00 00 00 00 00 00  | ................
0000000000032120 | 00 00 00 00 00 00 00 00  00 00 00 00 00 00 00 00  | ................
0000000000032130 | 00 00 00 00 00 00 00 00  00 00 00 00 00 00 00 00  | ................
0000000000032140 | 00 00 00 00 00 00 00 00  00 00 00 00 00 00 00 00  | ................
0000000000032150 | 00 00 00 00 00 00 00 00  00 00 00 00 00 00 00 00  | ................
0000000000032160 | 00 00 00 00 00 00 00 00  00 00 00 00 00 00 00 00  | ................
0000000000032170 | 00 00 00 00 00 00 00 00  00 00 00 00 00 00 00 00  | ................
0000000000032180 | 00 00 00 00 00 00 00 00  00 00 00 00 00 00 00 00  | ................
0000000000032190 | 00 00 00 00 00 00 00 00  00 00 00 00 00 00 00 00  | ................
00000000000321A0 | 00 00 00 00 00 00 00 00  00 00 00 00 00 00 00 00  | ................
00000000000321B0 | 00 00 00 00 00 00 00 00  00 00 00 00 00 00 00 00  | ................
00000000000321C0 | 00 00 00 00 00 00 00 00  00 00 00 00 00 00 00 00  | ................
00000000000321D0 | 00 00 00 00 00 00 00 00  00 00 00 00 00 00 00 00  | ................
00000000000321E0 | 00 00 00 00 00 00 00 00  00 00 00 00 00 00 00 00  | ................
00000000000321F0 | 00 00 00 00 00 00 00 00  00 00 00 00 00 00 00 00  | ................
0000000000032200 | 00 00 00 00 00 00 00 00  00 00 00 00 00 00 00 00  | ................
0000000000032210 | 00 00 00 00 00 00 00 00  00 00 00 00 00 00 00 00  | ................
0000000000032220 | 00 00 00 00 00 00 00 00  00 00 00 00 00 00 00 00  | ................
0000000000032230 | 00 00 00 00 00 00 00 00  00 00 00 00 00 00 00 00  | ................
0000000000032240 | 00 00 00 00 00 00 00 00  00 00 00 00 00 00 00 00  | ................
0000000000032250 | 00 00 00 00 00 00 00 00  00 00 00 00 00 00 00 00  | ................
0000000000032260 | 00 00 00 00 00 00 00 00  00 00 00 00 00 00 00 00  | ................
0000000000032270 | 00 00 00 00 00 00 00 00  00 00 00 00 00 00 00 00  | ................
0000000000032280 | 00 00 00 00 00 00 00 00  00 00 00 00 00 00 00 00  | ................
0000000000032290 | 00 00 00 00 00 00 00 00  00 00 00 00 00 00 00 00  | ................
00000000000322A0 | 00 00 00 00 00 00 00 00  00 00 00 00 00 00 00 00  | ................
00000000000322B0 | 00 00 00 00 00 00 00 00  5B 80 01 00 00 00 00 00  | ........[.......
00000000000322C0 | F4 DD 00 00 00 00 00 00  40 DE 00 00 00 00 00 00  | ........@.......
00000000000322D0 | 68 DE 00 00 00 00 00 00  00 00 00 00 00 00 00 00  | h...............
00000000000322E0 | 00 00 00 00 00 00 00 00  00 00 00 00 00 00 00 00  | ................
00000000000322F0 | 00 00 00 00 00 00 00 00  00 00 00 00 00 00 00 00  | ................
0000000000032300 | 00 00 00 00 00 00 00 00  00 00 00 00 00 00 00 00  | ................
0000000000032310 | 00 00 00 00 00 00 00 00  00 00 00 00 00 00 00 00  | ................
0000000000032320 | 00 00 00 00 00 00 00 00  00 00 00 00 00 00 00 00  | ................
0000000000032330 | 00 00 00 00 00 00 00 00  08 00 1A 00 0A 00 00 00  | ................
0000000000032340 | 00 00 00 00 00 00 00 00  00 00 00 00 00 00 00 00  | ................
0000000000032350 | 00 00 00 00 00 00 00 00  00 00 00 00 00 00 00 00  | ................
0000000000032360 | 00 00 00 00 00 00 00 00  00 00 00 00 00 00 00 00  | ................
0000000000032370 | 00 00 00 00 00 00 00 00  00 00 00 00 00 00 00 00  | ................
0000000000032380 | 00 00 00 00 00 00 00 00  00 00 00 00 00 00 00 00  | ................
0000000000032390 | 00 00 00 00 00 00 00 00  00 00 00 00 00 00 00 00  | ................
00000000000323A0 | 00 00 00 00 00 00 00 00  00 00 00 00 00 00 00 00  | ................
00000000000323B0 | 00 00 00 00 00 00 00 00  00 00 00 00 00 00 00 00  | ................
00000000000323C0 | 00 00 00 00 00 00 00 00  E6 7E 01 00 00 00 00 00  | .........~......
00000000000323D0 | 90 DE 00 00 00 00 00 00  00 00 00 00 00 00 00 00  | ................
00000000000323E0 | 00 00 00 00 00 00 00 00  00 00 00 00 00 00 00 00  | ................
00000000000323F0 | 00 00 00 00 00 00 00 00  00 00 00 00 00 00 00 00  | ................
0000000000032400 | 00 00 00 00 00 00 00 00  00 00 00 00 00 00 00 00  | ................
0000000000032410 | 00 00 00 00 00 00 00 00  00 00 00 00 00 00 00 00  | ................
0000000000032420 | 00 00 00 00 00 00 00 00  00 00 00 00 00 00 00 00  | ................
0000000000032430 | 00 00 00 00 00 00 00 00  00 00 00 00 00 00 00 00  | ................
0000000000032440 | 00 00 00 00 00 00 00 00  00 00 FF FF 0B 00 00 00  | ................
0000000000032450 | 00 00 00 00 00 00 00 00  00 00 00 00 00 00 00 00  | ................
0000000000032460 | 00 00 00 00 00 00 00 00  00 00 00 00 00 00 00 00  | ................
0000000000032470 | 00 00 00 00 00 00 00 00  00 00 00 00 00 00 00 00  | ................
0000000000032480 | 00 00 00 00 00 00 00 00  00 00 00 00 00 00 00 00  | ................
0000000000032490 | 00 00 00 00 00 00 00 00  00 00 00 00 00 00 00 00  | ................
00000000000324A0 | 00 00 00 00 00 00 00 00  00 00 00 00 00 00 00 00  | ................
00000000000324B0 | 00 00 00 00 00 00 00 00  00 00 00 00 00 00 00 00  | ................
00000000000324C0 | 00 00 00 00 00 00 00 00  00 00 00 00 00 00 00 00  | ................
00000000000324D0 | 00 00 00 00 00 00 00 00  00 00 00 00 00 00 00 00  | ................
00000000000324E0 | 00 00 00 00 00 00 00 00  00 00 00 00 00 00 00 00  | ................
00000000000324F0 | 00 00 00 00 00 00 00 00  00 00 00 00 00 00 00 00  | ................
0000000000032500 | 00 00 00 00 00 00 00 00  00 00 00 00 00 00 00 00  | ................
0000000000032510 | 00 00 00 00 00 00 00 00  00 00 00 00 00 00 00 00  | ................
0000000000032520 | 00 00 00 00 00 00 00 00  00 00 00 00 00 00 00 00  | ................
0000000000032530 | 00 00 00 00 00 00 00 00  00 00 00 00 00 00 00 00  | ................
0000000000032540 | 00 00 00 00 00 00 00 00  00 00 00 00 00 00 00 00  | ................
0000000000032550 | 00 00 00 00 00 00 00 00  00 00 00 00 00 00 00 00  | ................
0000000000032560 | 00 00 00 00 00 00 00 00  00 00 00 00 00 00 00 00  | ................
0000000000032570 | 00 00 00 00 00 00 00 00  00 00 00 00 00 00 00 00  | ................
0000000000032580 | 00 00 00 00 00 00 00 00  00 00 00 00 00 00 00 00  | ................
0000000000032590 | 00 00 00 00 00 00 00 00  00 00 00 00 00 00 00 00  | ................
00000000000325A0 | 00 00 00 00 00 00 00 00  00 00 00 00 00 00 00 00  | ................
00000000000325B0 | 00 00 00 00 00 00 00 00  00 00 00 00 00 00 00 00  | ................
00000000000325C0 | 00 00 00 00 00 00 00 00  00 00 00 00 00 00 00 00  | ................
00000000000325D0 | 00 00 00 00 00 00 00 00  00 00 00 00 00 00 00 00  | ................
00000000000325E0 | 00 00 00 00 00 00 00 00  00 00 00 00 00 00 00 00  | ................
00000000000325F0 | 00 00 00 00 00 00 00 00  00 00 00 00 00 00 00 00  | ................
0000000000032600 | 00 00 00 00 00 00 00 00  00 00 00 00 00 00 00 00  | ................
0000000000032610 | 00 00 00 00 00 00 00 00  00 00 00 00 00 00 00 00  | ................
0000000000032620 | 00 00 00 00 00 00 00 00  00 00 00 00 00 00 00 00  | ................
0000000000032630 | 00 00 00 00 00 00 00 00  00 00 00 00 00 00 00 00  | ................
0000000000032640 | 00 00 00 00 00 00 00 00  00 00 00 00 00 00 00 00  | ................
0000000000032650 | 00 00 00 00 00 00 00 00  00 00 00 00 00 00 00 00  | ................
0000000000032660 | 00 00 00 00 00 00 00 00  00 00 00 00 00 00 00 00  | ................
0000000000032670 | 00 00 00 00 00 00 00 00  00 00 00 00 00 00 00 00  | ................
0000000000032680 | 00 00 00 00 00 00 00 00  00 00 00 00 00 00 00 00  | ................
0000000000032690 | 00 00 00 00 00 00 00 00  00 00 00 00 00 00 00 00  | ................
00000000000326A0 | 00 00 00 00 00 00 00 00  00 00 00 00 00 00 00 00  | ................
00000000000326B0 | 00 00 00 00 00 00 00 00  00 00 00 00 00 00 00 00  | ................
00000000000326C0 | 00 00 00 00 00 00 00 00  00 00 00 00 00 00 00 00  | ................
00000000000326D0 | 00 00 00 00 00 00 00 00  00 00 00 00 00 00 00 00  | ................
00000000000326E0 | 00 00 00 00 00 00 00 00  00 00 00 00 00 00 00 00  | ................
00000000000326F0 | 00 00 00 00 00 00 00 00  00 00 00 00 00 00 00 00  | ................
0000000000032700 | 00 00 00 00 00 00 00 00  00 00 00 00 00 00 00 00  | ................
0000000000032710 | 00 00 00 00 00 00 00 00  00 00 00 00 00 00 00 00  | ................
0000000000032720 | 00 00 00 00 00 00 00 00  00 00 00 00 00 00 00 00  | ................
0000000000032730 | 00 00 00 00 00 00 00 00  00 00 00 00 00 00 00 00  | ................
0000000000032740 | 00 00 00 00 00 00 00 00  00 00 00 00 00 00 00 00  | ................
0000000000032750 | 00 00 00 00 00 00 00 00  00 00 00 00 00 00 00 00  | ................
0000000000032760 | 00 00 00 00 00 00 00 00  00 00 00 00 00 00 00 00  | ................
0000000000032770 | 00 00 00 00 00 00 00 00  00 00 00 00 00 00 00 00  | ................
0000000000032780 | 00 00 00 00 00 00 00 00  00 00 00 00 00 00 00 00  | ................
0000000000032790 | 00 00 00 00 00 00 00 00  00 00 00 00 00 00 00 00  | ................
00000000000327A0 | 00 00 00 00 00 00 00 00  00 00 00 00 00 00 00 00  | ................
00000000000327B0 | 00 00 00 00 00 00 00 00  00 00 00 00 00 00 00 00  | ................
00000000000327C0 | 00 00 00 00 00 00 00 00  00 00 00 00 00 00 00 00  | ................
00000000000327D0 | 00 00 00 00 00 00 00 00  00 00 00 00 00 00 00 00  | ................
00000000000327E0 | 00 00 00 00 00 00 00 00  00 00 00 00 00 00 00 00  | ................
00000000000327F0 | 00 00 00 00 00 00 00 00  00 00 00 00 00 00 00 00  | ................
0000000000032800 | 00 00 00 00 00 00 00 00  00 00 00 00 00 00 00 00  | ................
0000000000032810 | 00 00 00 00 00 00 00 00  00 00 00 00 00 00 00 00  | ................
0000000000032820 | 00 00 00 00 00 00 00 00  00 00 00 00 00 00 00 00  | ................
0000000000032830 | 00 00 00 00 00 00 00 00  00 00 00 00 00 00 00 00  | ................
0000000000032840 | 00 00 00 00 00 00 00 00  00 00 00 00 00 00 00 00  | ................
0000000000032850 | 00 00 00 00 00 00 00 00  00 00 00 00 00 00 00 00  | ................
0000000000032860 | 00 00 00 00 00 00 00 00  00 00 00 00 00 00 00 00  | ................
0000000000032870 | 00 00 00 00 00 00 00 00  00 00 00 00 00 00 00 00  | ................
0000000000032880 | 00 00 00 00 00 00 00 00  00 00 00 00 00 00 00 00  | ................
0000000000032890 | 00 00 00 00 00 00 00 00  00 00 00 00 00 00 00 00  | ................
00000000000328A0 | 00 00 00 00 00 00 00 00  00 00 00 00 00 00 00 00  | ................
00000000000328B0 | 00 00 00 00 00 00 00 00  00 00 00 00 00 00 00 00  | ................
00000000000328C0 | 00 00 00 00 00 00 00 00  00 00 00 00 00 00 00 00  | ................
00000000000328D0 | 00 00 00 00 00 00 00 00  00 00 00 00 00 00 00 00  | ................
00000000000328E0 | 00 00 00 00 00 00 00 00  00 00 00 00 00 00 00 00  | ................
00000000000328F0 | 00 00 00 00 00 00 00 00  00 00 00 00 00 00 00 00  | ................
0000000000032900 | 00 00 00 00 00 00 00 00  00 00 00 00 00 00 00 00  | ................
0000000000032910 | 00 00 00 00 00 00 00 00  00 00 00 00 00 00 00 00  | ................
0000000000032920 | 00 00 00 00 00 00 00 00  00 00 00 00 00 00 00 00  | ................
0000000000032930 | 00 00 00 00 00 00 00 00  00 00 00 00 00 00 00 00  | ................
0000000000032940 | 00 00 00 00 00 00 00 00  00 00 00 00 00 00 00 00  | ................
0000000000032950 | 00 00 00 00 00 00 00 00  00 00 00 00 00 00 00 00  | ................
0000000000032960 | 00 00 00 00 00 00 00 00  00 00 00 00 00 00 00 00  | ................
0000000000032970 | 00 00 00 00 00 00 00 00  00 00 00 00 00 00 00 00  | ................
0000000000032980 | 00 00 00 00 00 00 00 00  00 00 00 00 00 00 00 00  | ................
0000000000032990 | 00 00 00 00 00 00 00 00  00 00 00 00 00 00 00 00  | ................
00000000000329A0 | 00 00 00 00 00 00 00 00  00 00 00 00 00 00 00 00  | ................
00000000000329B0 | 00 00 00 00 00 00 00 00  00 00 00 00 00 00 00 00  | ................
00000000000329C0 | 00 00 00 00 00 00 00 00  00 00 00 00 00 00 00 00  | ................
00000000000329D0 | 00 00 00 00 00 00 00 00  00 00 00 00 00 00 00 00  | ................
00000000000329E0 | 00 00 00 00 00 00 00 00  00 00 00 00 00 00 00 00  | ................
00000000000329F0 | 00 00 00 00 00 00 00 00  00 00 00 00 00 00 00 00  | ................
0000000000032A00 | 00 00 00 00 00 00 00 00  00 00 00 00 00 00 00 00  | ................
0000000000032A10 | 00 00 00 00 00 00 00 00  00 00 00 00 00 00 00 00  | ................
0000000000032A20 | 00 00 00 00 00 00 00 00  00 00 00 00 00 00 00 00  | ................
0000000000032A30 | 00 00 00 00 00 00 00 00  00 00 00 00 00 00 00 00  | ................
0000000000032A40 | 00 00 00 00 00 00 00 00  00 00 00 00 00 00 00 00  | ................
0000000000032A50 | 00 00 00 00 00 00 00 00  00 00 00 00 00 00 00 00  | ................
0000000000032A60 | 00 00 00 00 00 00 00 00  00 00 00 00 00 00 00 00  | ................
0000000000032A70 | 00 00 00 00 00 00 00 00  00 00 00 00 00 00 00 00  | ................
0000000000032A80 | 00 00 00 00 00 00 00 00  00 00 00 00 00 00 00 00  | ................
0000000000032A90 | 00 00 00 00 00 00 00 00  00 00 00 00 00 00 00 00  | ................
0000000000032AA0 | 00 00 00 00 00 00 00 00  00 00 00 00 00 00 00 00  | ................
0000000000032AB0 | 00 00 00 00 00 00 00 00  00 00 00 00 00 00 00 00  | ................
0000000000032AC0 | 00 00 00 00 00 00 00 00  00 00 00 00 00 00 00 00  | ................
0000000000032AD0 | 00 00 00 00 00 00 00 00  00 00 00 00 00 00 00 00  | ................
0000000000032AE0 | 00 00 00 00 00 00 00 00  00 00 00 00 00 00 00 00  | ................
0000000000032AF0 | 00 00 00 00 00 00 00 00  00 00 00 00 00 00 00 00  | ................
0000000000032B00 | 00 00 00 00 00 00 00 00  00 00 00 00 00 00 00 00  | ................
0000000000032B10 | 00 00 00 00 00 00 00 00  00 00 00 00 00 00 00 00  | ................
0000000000032B20 | 00 00 00 00 00 00 00 00  00 00 00 00 00 00 00 00  | ................
0000000000032B30 | 00 00 00 00 00 00 00 00  00 00 00 00 00 00 00 00  | ................
0000000000032B40 | 00 00 00 00 00 00 00 00  00 00 00 00 00 00 00 00  | ................
0000000000032B50 | 00 00 00 00 00 00 00 00  00 00 00 00 00 00 00 00  | ................
0000000000032B60 | 00 00 00 00 00 00 00 00  00 00 00 00 00 00 00 00  | ................
0000000000032B70 | 00 00 00 00 00 00 00 00  00 00 00 00 00 00 00 00  | ................
0000000000032B80 | 00 00 00 00 00 00 00 00  00 00 00 00 00 00 00 00  | ................
0000000000032B90 | 00 00 00 00 00 00 00 00  00 00 00 00 00 00 00 00  | ................
0000000000032BA0 | 00 00 00 00 00 00 00 00  00 00 00 00 00 00 00 00  | ................
0000000000032BB0 | 00 00 00 00 00 00 00 00  00 00 00 00 00 00 00 00  | ................
0000000000032BC0 | 00 00 00 00 00 00 00 00  00 00 00 00 00 00 00 00  | ................
0000000000032BD0 | 00 00 00 00 00 00 00 00  00 00 00 00 00 00 00 00  | ................
0000000000032BE0 | 00 00 00 00 00 00 00 00  00 00 00 00 00 00 00 00  | ................
0000000000032BF0 | 00 00 00 00 00 00 00 00  00 00 00 00 00 00 00 00  | ................
0000000000032C00 | 00 00 00 00 00 00 00 00  00 00 00 00 00 00 00 00  | ................
0000000000032C10 | 00 00 00 00 00 00 00 00  00 00 00 00 00 00 00 00  | ................
0000000000032C20 | 00 00 00 00 00 00 00 00  00 00 00 00 00 00 00 00  | ................
0000000000032C30 | 00 00 00 00 00 00 00 00  00 00 00 00 00 00 00 00  | ................
0000000000032C40 | 00 00 00 00 00 00 00 00  00 00 00 00 00 00 00 00  | ................
0000000000032C50 | 00 00 00 00 00 00 00 00  00 00 00 00 00 00 00 00  | ................
0000000000032C60 | 00 00 00 00 00 00 00 00  00 00 00 00 00 00 00 00  | ................
0000000000032C70 | 00 00 00 00 00 00 00 00  00 00 00 00 00 00 00 00  | ................
0000000000032C80 | 00 00 00 00 00 00 00 00  00 00 00 00 00 00 00 00  | ................
0000000000032C90 | 00 00 00 00 00 00 00 00  00 00 00 00 00 00 00 00  | ................
0000000000032CA0 | 00 00 00 00 00 00 00 00  00 00 00 00 00 00 00 00  | ................
0000000000032CB0 | 00 00 00 00 00 00 00 00  00 00 00 00 00 00 00 00  | ................
0000000000032CC0 | 00 00 00 00 00 00 00 00  00 00 00 00 00 00 00 00  | ................
0000000000032CD0 | 00 00 00 00 00 00 00 00  00 00 00 00 00 00 00 00  | ................
0000000000032CE0 | 00 00 00 00 00 00 00 00  00 00 00 00 00 00 00 00  | ................
0000000000032CF0 | 00 00 00 00 00 00 00 00  00 00 00 00 00 00 00 00  | ................
0000000000032D00 | 00 00 00 00 00 00 00 00  00 00 00 00 00 00 00 00  | ................
0000000000032D10 | 00 00 00 00 00 00 00 00  00 00 00 00 00 00 00 00  | ................
0000000000032D20 | 00 00 00 00 00 00 00 00  00 00 00 00 00 00 00 00  | ................
0000000000032D30 | 00 00 00 00 00 00 00 00  00 00 00 00 00 00 00 00  | ................
0000000000032D40 | 00 00 00 00 00 00 00 00  00 00 00 00 00 00 00 00  | ................
0000000000032D50 | 00 00 00 00 00 00 00 00  00 00 00 00 00 00 00 00  | ................
0000000000032D60 | 00 00 00 00 00 00 00 00  00 00 00 00 00 00 00 00  | ................
0000000000032D70 | 00 00 00 00 00 00 00 00  00 00 00 00 00 00 00 00  | ................
0000000000032D80 | 00 00 00 00 00 00 00 00  00 00 00 00 00 00 00 00  | ................
0000000000032D90 | 00 00 00 00 00 00 00 00  00 00 00 00 00 00 00 00  | ................
0000000000032DA0 | 00 00 00 00 00 00 00 00  00 00 00 00 00 00 00 00  | ................
0000000000032DB0 | 00 00 00 00 00 00 00 00  00 00 00 00 00 00 00 00  | ................
0000000000032DC0 | 00 00 00 00 00 00 00 00  00 00 00 00 00 00 00 00  | ................
0000000000032DD0 | 00 00 00 00 00 00 00 00  00 00 00 00 00 00 00 00  | ................
0000000000032DE0 | 00 00 00 00 00 00 00 00  00 00 00 00 00 00 00 00  | ................
0000000000032DF0 | 00 00 00 00 00 00 00 00  00 00 00 00 00 00 00 00  | ................
0000000000032E00 | 00 00 00 00 00 00 00 00  00 00 00 00 00 00 00 00  | ................
0000000000032E10 | 00 00 00 00 00 00 00 00  00 00 00 00 00 00 00 00  | ................
0000000000032E20 | 00 00 00 00 00 00 00 00  00 00 00 00 00 00 00 00  | ................
0000000000032E30 | 00 00 00 00 00 00 00 00  00 00 00 00 00 00 00 00  | ................
0000000000032E40 | 00 00 00 00 00 00 00 00  00 00 00 00 00 00 00 00  | ................
0000000000032E50 | 00 00 00 00 00 00 00 00  00 00 00 00 00 00 00 00  | ................
0000000000032E60 | 00 00 00 00 00 00 00 00  00 00 00 00 00 00 00 00  | ................
0000000000032E70 | 00 00 00 00 00 00 00 00  00 00 00 00 00 00 00 00  | ................
0000000000032E80 | 00 00 00 00 00 00 00 00  00 00 00 00 00 00 00 00  | ................
0000000000032E90 | 00 00 00 00 00 00 00 00  00 00 00 00 00 00 00 00  | ................
0000000000032EA0 | 00 00 00 00 00 00 00 00  00 00 00 00 00 00 00 00  | ................
0000000000032EB0 | 00 00 00 00 00 00 00 00  00 00 00 00 00 00 00 00  | ................
0000000000032EC0 | 00 00 00 00 00 00 00 00  00 00 00 00 00 00 00 00  | ................
0000000000032ED0 | 00 00 00 00 00 00 00 00  00 00 00 00 00 00 00 00  | ................
0000000000032EE0 | 00 00 00 00 00 00 00 00  00 00 00 00 00 00 00 00  | ................
0000000000032EF0 | 00 00 00 00 00 00 00 00  00 00 00 00 00 00 00 00  | ................
0000000000032F00 | 00 00 00 00 00 00 00 00  00 00 00 00 00 00 00 00  | ................
0000000000032F10 | 00 00 00 00 00 00 00 00  00 00 00 00 00 00 00 00  | ................
0000000000032F20 | 00 00 00 00 00 00 00 00  00 00 00 00 00 00 00 00  | ................
0000000000032F30 | 00 00 00 00 00 00 00 00  00 00 00 00 00 00 00 00  | ................
0000000000032F40 | 00 00 00 00 00 00 00 00  00 00 00 00 00 00 00 00  | ................
0000000000032F50 | 00 00 00 00 00 00 00 00  00 00 00 00 00 00 00 00  | ................
0000000000032F60 | 00 00 00 00 00 00 00 00  00 00 00 00 00 00 00 00  | ................
0000000000032F70 | 00 00 00 00 00 00 00 00  00 00 00 00 00 00 00 00  | ................
0000000000032F80 | 00 00 00 00 00 00 00 00  00 00 00 00 00 00 00 00  | ................
0000000000032F90 | 00 00 00 00 00 00 00 00  00 00 00 00 00 00 00 00  | ................
0000000000032FA0 | 00 00 00 00 00 00 00 00  00 00 00 00 00 00 00 00  | ................
0000000000032FB0 | 00 00 00 00 00 00 00 00  00 00 00 00 00 00 00 00  | ................
0000000000032FC0 | 00 00 00 00 00 00 00 00  00 00 00 00 00 00 00 00  | ................
0000000000032FD0 | 00 00 00 00 00 00 00 00  00 00 00 00 00 00 00 00  | ................
0000000000032FE0 | 00 00 00 00 00 00 00 00  00 00 00 00 00 00 00 00  | ................
0000000000032FF0 | 00 00 00 00 00 00 00 00  00 00 00 00 00 00 00 00  | ................
0000000000033000 | 00 00 00 00 00 00 00 00  00 00 00 00 00 00 00 00  | ................
0000000000033010 | 00 00 00 00 00 00 00 00  00 00 00 00 00 00 00 00  | ................
0000000000033020 | 00 00 00 00 00 00 00 00  00 00 00 00 00 00 00 00  | ................
0000000000033030 | 00 00 00 00 00 00 00 00  00 00 00 00 00 00 00 00  | ................
0000000000033040 | 00 00 00 00 00 00 00 00  00 00 00 00 00 00 00 00  | ................
0000000000033050 | 00 00 00 00 00 00 00 00  00 00 00 00 00 00 00 00  | ................
0000000000033060 | 00 00 00 00 00 00 00 00  00 00 00 00 00 00 00 00  | ................
0000000000033070 | 00 00 00 00 00 00 00 00  00 00 00 00 00 00 00 00  | ................
0000000000033080 | 00 00 00 00 00 00 00 00  00 00 00 00 00 00 00 00  | ................
0000000000033090 | 00 00 00 00 00 00 00 00  00 00 00 00 00 00 00 00  | ................
00000000000330A0 | 00 00 00 00 00 00 00 00  00 00 00 00 00 00 00 00  | ................
00000000000330B0 | 00 00 00 00 00 00 00 00  00 00 00 00 00 00 00 00  | ................
00000000000330C0 | 00 00 00 00 00 00 00 00  00 00 00 00 00 00 00 00  | ................
00000000000330D0 | 00 00 00 00 00 00 00 00  00 00 00 00 00 00 00 00  | ................
00000000000330E0 | 00 00 00 00 00 00 00 00  00 00 00 00 00 00 00 00  | ................
00000000000330F0 | 00 00 00 00 00 00 00 00  00 00 00 00 00 00 00 00  | ................
0000000000033100 | 00 00 00 00 00 00 00 00  00 00 00 00 00 00 00 00  | ................
0000000000033110 | 00 00 00 00 00 00 00 00  00 00 00 00 00 00 00 00  | ................
0000000000033120 | 00 00 00 00 00 00 00 00  00 00 00 00 00 00 00 00  | ................
0000000000033130 | 00 00 00 00 00 00 00 00  00 00 00 00 00 00 00 00  | ................
0000000000033140 | 00 00 00 00 00 00 00 00  00 00 00 00 00 00 00 00  | ................
0000000000033150 | 00 00 00 00 00 00 00 00  00 00 00 00 00 00 00 00  | ................
0000000000033160 | 00 00 00 00 00 00 00 00  00 00 00 00 00 00 00 00  | ................
0000000000033170 | 00 00 00 00 00 00 00 00  00 00 00 00 00 00 00 00  | ................
0000000000033180 | 00 00 00 00 00 00 00 00  00 00 00 00 00 00 00 00  | ................
0000000000033190 | 00 00 00 00 00 00 00 00  00 00 00 00 00 00 00 00  | ................
00000000000331A0 | 00 00 00 00 00 00 00 00  00 00 00 00 00 00 00 00  | ................
00000000000331B0 | 00 00 00 00 00 00 00 00  00 00 00 00 00 00 00 00  | ................
00000000000331C0 | 00 00 00 00 00 00 00 00  00 00 00 00 00 00 00 00  | ................
00000000000331D0 | 00 00 00 00 00 00 00 00  00 00 00 00 00 00 00 00  | ................
00000000000331E0 | 00 00 00 00 00 00 00 00  00 00 00 00 00 00 00 00  | ................
00000000000331F0 | 00 00 00 00 00 00 00 00  00 00 00 00 00 00 00 00  | ................
0000000000033200 | 00 00 00 00 00 00 00 00  00 00 00 00 00 00 00 00  | ................
0000000000033210 | 00 00 00 00 00 00 00 00  00 00 00 00 00 00 00 00  | ................
0000000000033220 | 00 00 00 00 00 00 00 00  00 00 00 00 00 00 00 00  | ................
0000000000033230 | 00 00 00 00 00 00 00 00  00 00 00 00 00 00 00 00  | ................
0000000000033240 | 00 00 00 00 00 00 00 00  00 00 00 00 00 00 00 00  | ................
0000000000033250 | 00 00 00 00 00 00 00 00  00 00 00 00 00 00 00 00  | ................
0000000000033260 | 00 00 00 00 00 00 00 00  00 00 00 00 00 00 00 00  | ................
0000000000033270 | 00 00 00 00 00 00 00 00  00 00 00 00 00 00 00 00  | ................
0000000000033280 | 00 00 00 00 00 00 00 00  00 00 00 00 00 00 00 00  | ................
0000000000033290 | 00 00 00 00 00 00 00 00  00 00 00 00 00 00 00 00  | ................
00000000000332A0 | 00 00 00 00 00 00 00 00  00 00 00 00 00 00 00 00  | ................
00000000000332B0 | 00 00 00 00 00 00 00 00  00 00 00 00 00 00 00 00  | ................
00000000000332C0 | 00 00 00 00 00 00 00 00  00 00 00 00 00 00 00 00  | ................
00000000000332D0 | 00 00 00 00 00 00 00 00  00 00 00 00 00 00 00 00  | ................
00000000000332E0 | 00 00 00 00 00 00 00 00  00 00 00 00 00 00 00 00  | ................
00000000000332F0 | 00 00 00 00 00 00 00 00  00 00 00 00 00 00 00 00  | ................
0000000000033300 | 00 00 00 00 00 00 00 00  00 00 00 00 00 00 00 00  | ................
0000000000033310 | 00 00 00 00 00 00 00 00  00 00 00 00 00 00 00 00  | ................
0000000000033320 | 00 00 00 00 00 00 00 00  00 00 00 00 00 00 00 00  | ................
0000000000033330 | 00 00 00 00 00 00 00 00  00 00 00 00 00 00 00 00  | ................
0000000000033340 | 00 00 00 00 00 00 00 00  00 00 00 00 00 00 00 00  | ................
0000000000033350 | 00 00 00 00 00 00 00 00  00 00 00 00 00 00 00 00  | ................
0000000000033360 | 00 00 00 00 00 00 00 00  00 00 00 00 00 00 00 00  | ................
0000000000033370 | 00 00 00 00 00 00 00 00  00 00 00 00 00 00 00 00  | ................
0000000000033380 | 00 00 00 00 00 00 00 00  00 00 00 00 00 00 00 00  | ................
0000000000033390 | 00 00 00 00 00 00 00 00  00 00 00 00 00 00 00 00  | ................
00000000000333A0 | 00 00 00 00 00 00 00 00  00 00 00 00 00 00 00 00  | ................
00000000000333B0 | 00 00 00 00 00 00 00 00  00 00 00 00 00 00 00 00  | ................
00000000000333C0 | 00 00 00 00 00 00 00 00  00 00 00 00 00 00 00 00  | ................
00000000000333D0 | 00 00 00 00 00 00 00 00  00 00 00 00 00 00 00 00  | ................
00000000000333E0 | 00 00 00 00 00 00 00 00  00 00 00 00 00 00 00 00  | ................
00000000000333F0 | 00 00 00 00 00 00 00 00  00 00 00 00 00 00 00 00  | ................
0000000000033400 | 00 00 00 00 00 00 00 00  00 00 00 00 00 00 00 00  | ................
0000000000033410 | 00 00 00 00 00 00 00 00  00 00 00 00 00 00 00 00  | ................
0000000000033420 | 00 00 00 00 00 00 00 00  00 00 00 00 00 00 00 00  | ................
0000000000033430 | 00 00 00 00 00 00 00 00  00 00 00 00 00 00 00 00  | ................
0000000000033440 | 00 00 00 00 00 00 00 00  00 00 00 00 00 00 00 00  | ................
0000000000033450 | 00 00 00 00 00 00 00 00  00 00 00 00 00 00 00 00  | ................
0000000000033460 | 00 00 00 00 00 00 00 00  00 00 00 00 00 00 00 00  | ................
0000000000033470 | 00 00 00 00 00 00 00 00  00 00 00 00 00 00 00 00  | ................
0000000000033480 | 00 00 00 00 00 00 00 00  00 00 00 00 00 00 00 00  | ................
0000000000033490 | 00 00 00 00 00 00 00 00  00 00 00 00 00 00 00 00  | ................
00000000000334A0 | 00 00 00 00 00 00 00 00  00 00 00 00 00 00 00 00  | ................
00000000000334B0 | 00 00 00 00 00 00 00 00  00 00 00 00 00 00 00 00  | ................
00000000000334C0 | 00 00 00 00 00 00 00 00  00 00 00 00 00 00 00 00  | ................
00000000000334D0 | 00 00 00 00 00 00 00 00  00 00 00 00 00 00 00 00  | ................
00000000000334E0 | 00 00 00 00 00 00 00 00  00 00 00 00 00 00 00 00  | ................
00000000000334F0 | 00 00 00 00 00 00 00 00  00 00 00 00 00 00 00 00  | ................
0000000000033500 | 00 00 00 00 00 00 00 00  00 00 00 00 00 00 00 00  | ................
0000000000033510 | 00 00 00 00 00 00 00 00  00 00 00 00 00 00 00 00  | ................
0000000000033520 | 00 00 00 00 00 00 00 00  00 00 00 00 00 00 00 00  | ................
0000000000033530 | 00 00 00 00 00 00 00 00  00 00 00 00 00 00 00 00  | ................
0000000000033540 | 00 00 00 00 00 00 00 00  00 00 00 00 00 00 00 00  | ................
0000000000033550 | 00 00 00 00 00 00 00 00  00 00 00 00 00 00 00 00  | ................
0000000000033560 | 00 00 00 00 00 00 00 00  00 00 00 00 00 00 00 00  | ................
0000000000033570 | 00 00 00 00 00 00 00 00  00 00 00 00 00 00 00 00  | ................
0000000000033580 | 00 00 00 00 00 00 00 00  00 00 00 00 00 00 00 00  | ................
0000000000033590 | 00 00 00 00 00 00 00 00  00 00 00 00 00 00 00 00  | ................
00000000000335A0 | 00 00 00 00 00 00 00 00  00 00 00 00 00 00 00 00  | ................
00000000000335B0 | 00 00 00 00 00 00 00 00  00 00 00 00 00 00 00 00  | ................
00000000000335C0 | 00 00 00 00 00 00 00 00  00 00 00 00 00 00 00 00  | ................
00000000000335D0 | 00 00 00 00 00 00 00 00  00 00 00 00 00 00 00 00  | ................
00000000000335E0 | 00 00 00 00 00 00 00 00  00 00 00 00 00 00 00 00  | ................
00000000000335F0 | 00 00 00 00 00 00 00 00  00 00 00 00 00 00 00 00  | ................
0000000000033600 | 00 00 00 00 00 00 00 00  00 00 00 00 00 00 00 00  | ................
0000000000033610 | 00 00 00 00 00 00 00 00  00 00 00 00 00 00 00 00  | ................
0000000000033620 | 00 00 00 00 00 00 00 00  00 00 00 00 00 00 00 00  | ................
0000000000033630 | 00 00 00 00 00 00 00 00  00 00 00 00 00 00 00 00  | ................
0000000000033640 | 00 00 00 00 00 00 00 00  00 00 00 00 00 00 00 00  | ................
0000000000033650 | 00 00 00 00 00 00 00 00  00 00 00 00 00 00 00 00  | ................
0000000000033660 | 00 00 00 00 00 00 00 00  00 00 00 00 00 00 00 00  | ................
0000000000033670 | 00 00 00 00 00 00 00 00  00 00 00 00 00 00 00 00  | ................
0000000000033680 | 00 00 00 00 00 00 00 00  00 00 00 00 00 00 00 00  | ................
0000000000033690 | 00 00 00 00 00 00 00 00  00 00 00 00 00 00 00 00  | ................
00000000000336A0 | 00 00 00 00 00 00 00 00  00 00 00 00 00 00 00 00  | ................
00000000000336B0 | 00 00 00 00 00 00 00 00  00 00 00 00 00 00 00 00  | ................
00000000000336C0 | 00 00 00 00 00 00 00 00  00 00 00 00 00 00 00 00  | ................
00000000000336D0 | 00 00 00 00 00 00 00 00  00 00 00 00 00 00 00 00  | ................
00000000000336E0 | 00 00 00 00 00 00 00 00  00 00 00 00 00 00 00 00  | ................
00000000000336F0 | 00 00 00 00 00 00 00 00  00 00 00 00 00 00 00 00  | ................
0000000000033700 | 00 00 00 00 00 00 00 00  00 00 00 00 00 00 00 00  | ................
0000000000033710 | 00 00 00 00 00 00 00 00  00 00 00 00 00 00 00 00  | ................
0000000000033720 | 00 00 00 00 00 00 00 00  00 00 00 00 00 00 00 00  | ................
0000000000033730 | 00 00 00 00 00 00 00 00  00 00 00 00 00 00 00 00  | ................
0000000000033740 | 00 00 00 00 00 00 00 00  00 00 00 00 00 00 00 00  | ................
0000000000033750 | 00 00 00 00 00 00 00 00  00 00 00 00 00 00 00 00  | ................
0000000000033760 | 00 00 00 00 00 00 00 00  00 00 00 00 00 00 00 00  | ................
0000000000033770 | 00 00 00 00 00 00 00 00  00 00 00 00 00 00 00 00  | ................
0000000000033780 | 00 00 00 00 00 00 00 00  00 00 00 00 00 00 00 00  | ................
0000000000033790 | 00 00 00 00 00 00 00 00  00 00 00 00 00 00 00 00  | ................
00000000000337A0 | 00 00 00 00 00 00 00 00  00 00 00 00 00 00 00 00  | ................
00000000000337B0 | 00 00 00 00 00 00 00 00  00 00 00 00 00 00 00 00  | ................
00000000000337C0 | 00 00 00 00 00 00 00 00  00 00 00 00 00 00 00 00  | ................
00000000000337D0 | 00 00 00 00 00 00 00 00  00 00 00 00 00 00 00 00  | ................
00000000000337E0 | 00 00 00 00 00 00 00 00  00 00 00 00 00 00 00 00  | ................
00000000000337F0 | 00 00 00 00 00 00 00 00  00 00 00 00 00 00 00 00  | ................
0000000000033800 | 00 00 00 00 00 00 00 00  00 00 00 00 00 00 00 00  | ................
0000000000033810 | 00 00 00 00 00 00 00 00  00 00 00 00 00 00 00 00  | ................
0000000000033820 | 00 00 00 00 00 00 00 00  00 00 00 00 00 00 00 00  | ................
0000000000033830 | 00 00 00 00 00 00 00 00  00 00 00 00 00 00 00 00  | ................
0000000000033840 | 00 00 00 00 00 00 00 00  00 00 00 00 00 00 00 00  | ................
0000000000033850 | 00 00 00 00 00 00 00 00  00 00 00 00 00 00 00 00  | ................
0000000000033860 | 00 00 00 00 00 00 00 00  00 00 00 00 00 00 00 00  | ................
0000000000033870 | 00 00 00 00 00 00 00 00  00 00 00 00 00 00 00 00  | ................
0000000000033880 | 00 00 00 00 00 00 00 00  00 00 00 00 00 00 00 00  | ................
0000000000033890 | 00 00 00 00 00 00 00 00  00 00 00 00 00 00 00 00  | ................
00000000000338A0 | 00 00 00 00 00 00 00 00  00 00 00 00 00 00 00 00  | ................
00000000000338B0 | 00 00 00 00 00 00 00 00  00 00 00 00 00 00 00 00  | ................
00000000000338C0 | 00 00 00 00 00 00 00 00  00 00 00 00 00 00 00 00  | ................
00000000000338D0 | 00 00 00 00 00 00 00 00  00 00 00 00 00 00 00 00  | ................
00000000000338E0 | 00 00 00 00 00 00 00 00  00 00 00 00 00 00 00 00  | ................
00000000000338F0 | 00 00 00 00 00 00 00 00  00 00 00 00 00 00 00 00  | ................
0000000000033900 | 00 00 00 00 00 00 00 00  00 00 00 00 00 00 00 00  | ................
0000000000033910 | 00 00 00 00 00 00 00 00  00 00 00 00 00 00 00 00  | ................
0000000000033920 | 00 00 00 00 00 00 00 00  00 00 00 00 00 00 00 00  | ................
0000000000033930 | 00 00 00 00 00 00 00 00  00 00 00 00 00 00 00 00  | ................
0000000000033940 | 00 00 00 00 00 00 00 00  00 00 00 00 00 00 00 00  | ................
0000000000033950 | 00 00 00 00 00 00 00 00  00 00 00 00 00 00 00 00  | ................
0000000000033960 | 00 00 00 00 00 00 00 00  00 00 00 00 00 00 00 00  | ................
0000000000033970 | 00 00 00 00 00 00 00 00  00 00 00 00 00 00 00 00  | ................
0000000000033980 | 00 00 00 00 00 00 00 00  00 00 00 00 00 00 00 00  | ................
0000000000033990 | 00 00 00 00 00 00 00 00  00 00 00 00 00 00 00 00  | ................
00000000000339A0 | 00 00 00 00 00 00 00 00  00 00 00 00 00 00 00 00  | ................
00000000000339B0 | 00 00 00 00 00 00 00 00  00 00 00 00 00 00 00 00  | ................
00000000000339C0 | 00 00 00 00 00 00 00 00  00 00 00 00 00 00 00 00  | ................
00000000000339D0 | 00 00 00 00 00 00 00 00  00 00 00 00 00 00 00 00  | ................
00000000000339E0 | 00 00 00 00 00 00 00 00  00 00 00 00 00 00 00 00  | ................
00000000000339F0 | 00 00 00 00 00 00 00 00  00 00 00 00 00 00 00 00  | ................
0000000000033A00 | 00 00 00 00 00 00 00 00  00 00 00 00 00 00 00 00  | ................
0000000000033A10 | 00 00 00 00 00 00 00 00  00 00 00 00 00 00 00 00  | ................
0000000000033A20 | 00 00 00 00 00 00 00 00  00 00 00 00 00 00 00 00  | ................
0000000000033A30 | 00 00 00 00 00 00 00 00  00 00 00 00 00 00 00 00  | ................
0000000000033A40 | 00 00 00 00 00 00 00 00  00 00 00 00 00 00 00 00  | ................
0000000000033A50 | 00 00 00 00 00 00 00 00  00 00 00 00 00 00 00 00  | ................
0000000000033A60 | 00 00 00 00 00 00 00 00  00 00 00 00 00 00 00 00  | ................
0000000000033A70 | 00 00 00 00 00 00 00 00  00 00 00 00 00 00 00 00  | ................
0000000000033A80 | 00 00 00 00 00 00 00 00  00 00 00 00 00 00 00 00  | ................
0000000000033A90 | 00 00 00 00 00 00 00 00  00 00 00 00 00 00 00 00  | ................
0000000000033AA0 | 00 00 00 00 00 00 00 00  00 00 00 00 00 00 00 00  | ................
0000000000033AB0 | 00 00 00 00 00 00 00 00  00 00 00 00 00 00 00 00  | ................
0000000000033AC0 | 00 00 00 00 00 00 00 00  00 00 00 00 00 00 00 00  | ................
0000000000033AD0 | 00 00 00 00 00 00 00 00  00 00 00 00 00 00 00 00  | ................
0000000000033AE0 | 00 00 00 00 00 00 00 00  00 00 00 00 00 00 00 00  | ................
0000000000033AF0 | 00 00 00 00 00 00 00 00  00 00 00 00 00 00 00 00  | ................
0000000000033B00 | 00 00 00 00 00 00 00 00  00 00 00 00 00 00 00 00  | ................
0000000000033B10 | 00 00 00 00 00 00 00 00  00 00 00 00 00 00 00 00  | ................
0000000000033B20 | 00 00 00 00 00 00 00 00  00 00 00 00 00 00 00 00  | ................
0000000000033B30 | 00 00 00 00 00 00 00 00  00 00 00 00 00 00 00 00  | ................
0000000000033B40 | 00 00 00 00 00 00 00 00  00 00 00 00 00 00 00 00  | ................
0000000000033B50 | 00 00 00 00 00 00 00 00  00 00 00 00 00 00 00 00  | ................
0000000000033B60 | 00 00 00 00 00 00 00 00  00 00 00 00 00 00 00 00  | ................
0000000000033B70 | 00 00 00 00 00 00 00 00  00 00 00 00 00 00 00 00  | ................
0000000000033B80 | 00 00 00 00 00 00 00 00  00 00 00 00 00 00 00 00  | ................
0000000000033B90 | 00 00 00 00 00 00 00 00  00 00 00 00 00 00 00 00  | ................
0000000000033BA0 | 00 00 00 00 00 00 00 00  00 00 00 00 00 00 00 00  | ................
0000000000033BB0 | 00 00 00 00 00 00 00 00  00 00 00 00 00 00 00 00  | ................
0000000000033BC0 | 00 00 00 00 00 00 00 00  00 00 00 00 00 00 00 00  | ................
0000000000033BD0 | 00 00 00 00 00 00 00 00  00 00 00 00 00 00 00 00  | ................
0000000000033BE0 | 00 00 00 00 00 00 00 00  00 00 00 00 00 00 00 00  | ................
0000000000033BF0 | 00 00 00 00 00 00 00 00  00 00 00 00 00 00 00 00  | ................
0000000000033C00 | 00 00 00 00 00 00 00 00  00 00 00 00 00 00 00 00  | ................
0000000000033C10 | 00 00 00 00 00 00 00 00  00 00 00 00 00 00 00 00  | ................
0000000000033C20 | 00 00 00 00 00 00 00 00  00 00 00 00 00 00 00 00  | ................
0000000000033C30 | 00 00 00 00 00 00 00 00  00 00 00 00 00 00 00 00  | ................
0000000000033C40 | 00 00 00 00 00 00 00 00  00 00 00 00 00 00 00 00  | ................
0000000000033C50 | 00 00 00 00 00 00 00 00  00 00 00 00 00 00 00 00  | ................
0000000000033C60 | 00 00 00 00 00 00 00 00  00 00 00 00 00 00 00 00  | ................
0000000000033C70 | 00 00 00 00 00 00 00 00  00 00 00 00 00 00 00 00  | ................
0000000000033C80 | 00 00 00 00 00 00 00 00  00 00 00 00 00 00 00 00  | ................
0000000000033C90 | 00 00 00 00 00 00 00 00  00 00 00 00 00 00 00 00  | ................
0000000000033CA0 | 00 00 00 00 00 00 00 00  00 00 00 00 00 00 00 00  | ................
0000000000033CB0 | 00 00 00 00 00 00 00 00  00 00 00 00 00 00 00 00  | ................
0000000000033CC0 | FD 7E 01 00 00 00 00 00  B8 DE 00 00 00 00 00 00  | .~..............
0000000000033CD0 | 00 00 00 00 00 00 00 00  00 00 00 00 00 00 00 00  | ................
0000000000033CE0 | 00 00 00 00 00 00 00 00  00 00 00 00 00 00 00 00  | ................
0000000000033CF0 | 00 00 00 00 00 00 00 00  00 00 00 00 00 00 00 00  | ................
0000000000033D00 | 00 00 00 00 00 00 00 00  00 00 00 00 00 00 00 00  | ................
0000000000033D10 | 00 00 00 00 00 00 00 00  00 00 00 00 00 00 00 00  | ................
0000000000033D20 | 00 00 00 00 00 00 00 00  00 00 00 00 00 00 00 00  | ................
0000000000033D30 | 00 00 00 00 00 00 00 00  00 00 00 00 00 00 00 00  | ................
0000000000033D40 | 08 00 FF FF 0B 00 00 00  00 00 00 00 00 00 00 00  | ................
0000000000033D50 | 00 00 00 00 00 00 00 00  00 00 00 00 00 00 00 00  | ................
0000000000033D60 | 00 00 00 00 00 00 00 00  00 00 00 00 00 00 00 00  | ................
0000000000033D70 | 00 00 00 00 00 00 00 00  00 00 00 00 00 00 00 00  | ................
0000000000033D80 | 00 00 00 00 00 00 00 00  00 00 00 00 00 00 00 00  | ................
0000000000033D90 | 00 00 00 00 00 00 00 00  00 00 00 00 00 00 00 00  | ................
0000000000033DA0 | 00 00 00 00 00 00 00 00  00 00 00 00 00 00 00 00  | ................
0000000000033DB0 | 00 00 00 00 00 00 00 00  00 00 00 00 00 00 00 00  | ................
0000000000033DC0 | 00 00 00 00 00 00 00 00  00 00 00 00 00 00 00 00  | ................
0000000000033DD0 | 00 00 00 00 00 00 00 00  00 00 00 00 00 00 00 00  | ................
0000000000033DE0 | 00 00 00 00 00 00 00 00  00 00 00 00 00 00 00 00  | ................
0000000000033DF0 | 00 00 00 00 00 00 00 00  00 00 00 00 00 00 00 00  | ................
0000000000033E00 | 00 00 00 00 00 00 00 00  00 00 00 00 00 00 00 00  | ................
0000000000033E10 | 00 00 00 00 00 00 00 00  00 00 00 00 00 00 00 00  | ................
0000000000033E20 | 00 00 00 00 00 00 00 00  00 00 00 00 00 00 00 00  | ................
0000000000033E30 | 00 00 00 00 00 00 00 00  00 00 00 00 00 00 00 00  | ................
0000000000033E40 | 00 00 00 00 00 00 00 00  00 00 00 00 00 00 00 00  | ................
0000000000033E50 | 00 00 00 00 00 00 00 00  00 00 00 00 00 00 00 00  | ................
0000000000033E60 | 00 00 00 00 00 00 00 00  00 00 00 00 00 00 00 00  | ................
0000000000033E70 | 00 00 00 00 00 00 00 00  00 00 00 00 00 00 00 00  | ................
0000000000033E80 | 00 00 00 00 00 00 00 00  00 00 00 00 00 00 00 00  | ................
0000000000033E90 | 00 00 00 00 00 00 00 00  00 00 00 00 00 00 00 00  | ................
0000000000033EA0 | 00 00 00 00 00 00 00 00  00 00 00 00 00 00 00 00  | ................
0000000000033EB0 | 00 00 00 00 00 00 00 00  00 00 00 00 00 00 00 00  | ................
0000000000033EC0 | 00 00 00 00 00 00 00 00  00 00 00 00 00 00 00 00  | ................
0000000000033ED0 | 00 00 00 00 00 00 00 00  00 00 00 00 00 00 00 00  | ................
0000000000033EE0 | 00 00 00 00 00 00 00 00  00 00 00 00 00 00 00 00  | ................
0000000000033EF0 | 00 00 00 00 00 00 00 00  00 00 00 00 00 00 00 00  | ................
0000000000033F00 | 00 00 00 00 00 00 00 00  00 00 00 00 00 00 00 00  | ................
0000000000033F10 | 00 00 00 00 00 00 00 00  00 00 00 00 00 00 00 00  | ................
0000000000033F20 | 00 00 00 00 00 00 00 00  00 00 00 00 00 00 00 00  | ................
0000000000033F30 | 00 00 00 00 00 00 00 00  00 00 00 00 00 00 00 00  | ................
0000000000033F40 | 00 00 00 00 00 00 00 00  00 00 00 00 00 00 00 00  | ................
0000000000033F50 | 00 00 00 00 00 00 00 00  00 00 00 00 00 00 00 00  | ................
0000000000033F60 | 00 00 00 00 00 00 00 00  00 00 00 00 00 00 00 00  | ................
0000000000033F70 | 00 00 00 00 00 00 00 00  00 00 00 00 00 00 00 00  | ................
0000000000033F80 | 00 00 00 00 00 00 00 00  00 00 00 00 00 00 00 00  | ................
0000000000033F90 | 00 00 00 00 00 00 00 00  00 00 00 00 00 00 00 00  | ................
0000000000033FA0 | 00 00 00 00 00 00 00 00  00 00 00 00 00 00 00 00  | ................
0000000000033FB0 | 00 00 00 00 00 00 00 00  00 00 00 00 00 00 00 00  | ................
0000000000033FC0 | 00 00 00 00 00 00 00 00  00 00 00 00 00 00 00 00  | ................
0000000000033FD0 | 00 00 00 00 00 00 00 00  00 00 00 00 00 00 00 00  | ................
0000000000033FE0 | 00 00 00 00 00 00 00 00  00 00 00 00 00 00 00 00  | ................
0000000000033FF0 | 00 00 00 00 00 00 00 00  00 00 00 00 00 00 00 00  | ................
0000000000034000 | 00 00 00 00 00 00 00 00  00 00 00 00 00 00 00 00  | ................
0000000000034010 | 00 00 00 00 00 00 00 00  00 00 00 00 00 00 00 00  | ................
0000000000034020 | 00 00 00 00 00 00 00 00  00 00 00 00 00 00 00 00  | ................
0000000000034030 | 00 00 00 00 00 00 00 00  00 00 00 00 00 00 00 00  | ................
0000000000034040 | 00 00 00 00 00 00 00 00  00 00 00 00 00 00 00 00  | ................
0000000000034050 | 00 00 00 00 00 00 00 00  00 00 00 00 00 00 00 00  | ................
0000000000034060 | 00 00 00 00 00 00 00 00  00 00 00 00 00 00 00 00  | ................
0000000000034070 | 00 00 00 00 00 00 00 00  00 00 00 00 00 00 00 00  | ................
0000000000034080 | 00 00 00 00 00 00 00 00  00 00 00 00 00 00 00 00  | ................
0000000000034090 | 00 00 00 00 00 00 00 00  00 00 00 00 00 00 00 00  | ................
00000000000340A0 | 00 00 00 00 00 00 00 00  00 00 00 00 00 00 00 00  | ................
00000000000340B0 | 00 00 00 00 00 00 00 00  00 00 00 00 00 00 00 00  | ................
00000000000340C0 | 00 00 00 00 00 00 00 00  00 00 00 00 00 00 00 00  | ................
00000000000340D0 | 00 00 00 00 00 00 00 00  00 00 00 00 00 00 00 00  | ................
00000000000340E0 | 00 00 00 00 00 00 00 00  00 00 00 00 00 00 00 00  | ................
00000000000340F0 | 00 00 00 00 00 00 00 00  00 00 00 00 00 00 00 00  | ................
0000000000034100 | 00 00 00 00 00 00 00 00  00 00 00 00 00 00 00 00  | ................
0000000000034110 | 00 00 00 00 00 00 00 00  00 00 00 00 00 00 00 00  | ................
0000000000034120 | 00 00 00 00 00 00 00 00  00 00 00 00 00 00 00 00  | ................
0000000000034130 | 00 00 00 00 00 00 00 00  00 00 00 00 00 00 00 00  | ................
0000000000034140 | 00 00 00 00 00 00 00 00  00 00 00 00 00 00 00 00  | ................
0000000000034150 | 00 00 00 00 00 00 00 00  00 00 00 00 00 00 00 00  | ................
0000000000034160 | 00 00 00 00 00 00 00 00  00 00 00 00 00 00 00 00  | ................
0000000000034170 | 00 00 00 00 00 00 00 00  00 00 00 00 00 00 00 00  | ................
0000000000034180 | 00 00 00 00 00 00 00 00  00 00 00 00 00 00 00 00  | ................
0000000000034190 | 00 00 00 00 00 00 00 00  00 00 00 00 00 00 00 00  | ................
00000000000341A0 | 00 00 00 00 00 00 00 00  00 00 00 00 00 00 00 00  | ................
00000000000341B0 | 00 00 00 00 00 00 00 00  00 00 00 00 00 00 00 00  | ................
00000000000341C0 | 00 00 00 00 00 00 00 00  00 00 00 00 00 00 00 00  | ................
00000000000341D0 | 00 00 00 00 00 00 00 00  00 00 00 00 00 00 00 00  | ................
00000000000341E0 | 00 00 00 00 00 00 00 00  00 00 00 00 00 00 00 00  | ................
00000000000341F0 | 00 00 00 00 00 00 00 00  00 00 00 00 00 00 00 00  | ................
0000000000034200 | 00 00 00 00 00 00 00 00  00 00 00 00 00 00 00 00  | ................
0000000000034210 | 00 00 00 00 00 00 00 00  00 00 00 00 00 00 00 00  | ................
0000000000034220 | 00 00 00 00 00 00 00 00  00 00 00 00 00 00 00 00  | ................
0000000000034230 | 00 00 00 00 00 00 00 00  00 00 00 00 00 00 00 00  | ................
0000000000034240 | 00 00 00 00 00 00 00 00  00 00 00 00 00 00 00 00  | ................
0000000000034250 | 00 00 00 00 00 00 00 00  00 00 00 00 00 00 00 00  | ................
0000000000034260 | 00 00 00 00 00 00 00 00  00 00 00 00 00 00 00 00  | ................
0000000000034270 | 00 00 00 00 00 00 00 00  00 00 00 00 00 00 00 00  | ................
0000000000034280 | 00 00 00 00 00 00 00 00  00 00 00 00 00 00 00 00  | ................
0000000000034290 | 00 00 00 00 00 00 00 00  00 00 00 00 00 00 00 00  | ................
00000000000342A0 | 00 00 00 00 00 00 00 00  00 00 00 00 00 00 00 00  | ................
00000000000342B0 | 00 00 00 00 00 00 00 00  00 00 00 00 00 00 00 00  | ................
00000000000342C0 | 00 00 00 00 00 00 00 00  00 00 00 00 00 00 00 00  | ................
00000000000342D0 | 00 00 00 00 00 00 00 00  00 00 00 00 00 00 00 00  | ................
00000000000342E0 | 00 00 00 00 00 00 00 00  00 00 00 00 00 00 00 00  | ................
00000000000342F0 | 00 00 00 00 00 00 00 00  00 00 00 00 00 00 00 00  | ................
0000000000034300 | 00 00 00 00 00 00 00 00  00 00 00 00 00 00 00 00  | ................
0000000000034310 | 00 00 00 00 00 00 00 00  00 00 00 00 00 00 00 00  | ................
0000000000034320 | 00 00 00 00 00 00 00 00  00 00 00 00 00 00 00 00  | ................
0000000000034330 | 00 00 00 00 00 00 00 00  00 00 00 00 00 00 00 00  | ................
0000000000034340 | 00 00 00 00 00 00 00 00  00 00 00 00 00 00 00 00  | ................
0000000000034350 | 00 00 00 00 00 00 00 00  00 00 00 00 00 00 00 00  | ................
0000000000034360 | 00 00 00 00 00 00 00 00  00 00 00 00 00 00 00 00  | ................
0000000000034370 | 00 00 00 00 00 00 00 00  00 00 00 00 00 00 00 00  | ................
0000000000034380 | 00 00 00 00 00 00 00 00  00 00 00 00 00 00 00 00  | ................
0000000000034390 | 00 00 00 00 00 00 00 00  00 00 00 00 00 00 00 00  | ................
00000000000343A0 | 00 00 00 00 00 00 00 00  00 00 00 00 00 00 00 00  | ................
00000000000343B0 | 00 00 00 00 00 00 00 00  00 00 00 00 00 00 00 00  | ................
00000000000343C0 | 00 00 00 00 00 00 00 00  00 00 00 00 00 00 00 00  | ................
00000000000343D0 | 00 00 00 00 00 00 00 00  00 00 00 00 00 00 00 00  | ................
00000000000343E0 | 00 00 00 00 00 00 00 00  00 00 00 00 00 00 00 00  | ................
00000000000343F0 | 00 00 00 00 00 00 00 00  00 00 00 00 00 00 00 00  | ................
0000000000034400 | 00 00 00 00 00 00 00 00  00 00 00 00 00 00 00 00  | ................
0000000000034410 | 00 00 00 00 00 00 00 00  00 00 00 00 00 00 00 00  | ................
0000000000034420 | 00 00 00 00 00 00 00 00  00 00 00 00 00 00 00 00  | ................
0000000000034430 | 00 00 00 00 00 00 00 00  00 00 00 00 00 00 00 00  | ................
0000000000034440 | 00 00 00 00 00 00 00 00  00 00 00 00 00 00 00 00  | ................
0000000000034450 | 00 00 00 00 00 00 00 00  00 00 00 00 00 00 00 00  | ................
0000000000034460 | 00 00 00 00 00 00 00 00  00 00 00 00 00 00 00 00  | ................
0000000000034470 | 00 00 00 00 00 00 00 00  00 00 00 00 00 00 00 00  | ................
0000000000034480 | 00 00 00 00 00 00 00 00  00 00 00 00 00 00 00 00  | ................
0000000000034490 | 00 00 00 00 00 00 00 00  00 00 00 00 00 00 00 00  | ................
00000000000344A0 | 00 00 00 00 00 00 00 00  00 00 00 00 00 00 00 00  | ................
00000000000344B0 | 00 00 00 00 00 00 00 00  00 00 00 00 00 00 00 00  | ................
00000000000344C0 | 00 00 00 00 00 00 00 00  00 00 00 00 00 00 00 00  | ................
00000000000344D0 | 00 00 00 00 00 00 00 00  00 00 00 00 00 00 00 00  | ................
00000000000344E0 | 00 00 00 00 00 00 00 00  00 00 00 00 00 00 00 00  | ................
00000000000344F0 | 00 00 00 00 00 00 00 00  00 00 00 00 00 00 00 00  | ................
0000000000034500 | 00 00 00 00 00 00 00 00  00 00 00 00 00 00 00 00  | ................
0000000000034510 | 00 00 00 00 00 00 00 00  00 00 00 00 00 00 00 00  | ................
0000000000034520 | 00 00 00 00 00 00 00 00  00 00 00 00 00 00 00 00  | ................
0000000000034530 | 00 00 00 00 00 00 00 00  00 00 00 00 00 00 00 00  | ................
0000000000034540 | 00 00 00 00 00 00 00 00  00 00 00 00 00 00 00 00  | ................
0000000000034550 | 00 00 00 00 00 00 00 00  00 00 00 00 00 00 00 00  | ................
0000000000034560 | 00 00 00 00 00 00 00 00  00 00 00 00 00 00 00 00  | ................
0000000000034570 | 00 00 00 00 00 00 00 00  00 00 00 00 00 00 00 00  | ................
0000000000034580 | 00 00 00 00 00 00 00 00  00 00 00 00 00 00 00 00  | ................
0000000000034590 | 00 00 00 00 00 00 00 00  00 00 00 00 00 00 00 00  | ................
00000000000345A0 | 00 00 00 00 00 00 00 00  00 00 00 00 00 00 00 00  | ................
00000000000345B0 | 00 00 00 00 00 00 00 00  00 00 00 00 00 00 00 00  | ................
00000000000345C0 | 00 00 00 00 00 00 00 00  00 00 00 00 00 00 00 00  | ................
00000000000345D0 | 00 00 00 00 00 00 00 00  00 00 00 00 00 00 00 00  | ................
00000000000345E0 | 00 00 00 00 00 00 00 00  00 00 00 00 00 00 00 00  | ................
00000000000345F0 | 00 00 00 00 00 00 00 00  00 00 00 00 00 00 00 00  | ................
0000000000034600 | 00 00 00 00 00 00 00 00  00 00 00 00 00 00 00 00  | ................
0000000000034610 | 00 00 00 00 00 00 00 00  00 00 00 00 00 00 00 00  | ................
0000000000034620 | 00 00 00 00 00 00 00 00  00 00 00 00 00 00 00 00  | ................
0000000000034630 | 00 00 00 00 00 00 00 00  00 00 00 00 00 00 00 00  | ................
0000000000034640 | 00 00 00 00 00 00 00 00  00 00 00 00 00 00 00 00  | ................
0000000000034650 | 00 00 00 00 00 00 00 00  00 00 00 00 00 00 00 00  | ................
0000000000034660 | 00 00 00 00 00 00 00 00  00 00 00 00 00 00 00 00  | ................
0000000000034670 | 00 00 00 00 00 00 00 00  00 00 00 00 00 00 00 00  | ................
0000000000034680 | 00 00 00 00 00 00 00 00  00 00 00 00 00 00 00 00  | ................
0000000000034690 | 00 00 00 00 00 00 00 00  00 00 00 00 00 00 00 00  | ................
00000000000346A0 | 00 00 00 00 00 00 00 00  00 00 00 00 00 00 00 00  | ................
00000000000346B0 | 00 00 00 00 00 00 00 00  00 00 00 00 00 00 00 00  | ................
00000000000346C0 | 00 00 00 00 00 00 00 00  00 00 00 00 00 00 00 00  | ................
00000000000346D0 | 00 00 00 00 00 00 00 00  00 00 00 00 00 00 00 00  | ................
00000000000346E0 | 00 00 00 00 00 00 00 00  00 00 00 00 00 00 00 00  | ................
00000000000346F0 | 00 00 00 00 00 00 00 00  00 00 00 00 00 00 00 00  | ................
0000000000034700 | 00 00 00 00 00 00 00 00  00 00 00 00 00 00 00 00  | ................
0000000000034710 | 00 00 00 00 00 00 00 00  00 00 00 00 00 00 00 00  | ................
0000000000034720 | 00 00 00 00 00 00 00 00  00 00 00 00 00 00 00 00  | ................
0000000000034730 | 00 00 00 00 00 00 00 00  00 00 00 00 00 00 00 00  | ................
0000000000034740 | 00 00 00 00 00 00 00 00  00 00 00 00 00 00 00 00  | ................
0000000000034750 | 00 00 00 00 00 00 00 00  00 00 00 00 00 00 00 00  | ................
0000000000034760 | 00 00 00 00 00 00 00 00  00 00 00 00 00 00 00 00  | ................
0000000000034770 | 00 00 00 00 00 00 00 00  00 00 00 00 00 00 00 00  | ................
0000000000034780 | 00 00 00 00 00 00 00 00  00 00 00 00 00 00 00 00  | ................
0000000000034790 | 00 00 00 00 00 00 00 00  00 00 00 00 00 00 00 00  | ................
00000000000347A0 | 00 00 00 00 00 00 00 00  00 00 00 00 00 00 00 00  | ................
00000000000347B0 | 00 00 00 00 00 00 00 00  00 00 00 00 00 00 00 00  | ................
00000000000347C0 | 00 00 00 00 00 00 00 00  00 00 00 00 00 00 00 00  | ................
00000000000347D0 | 00 00 00 00 00 00 00 00  00 00 00 00 00 00 00 00  | ................
00000000000347E0 | 00 00 00 00 00 00 00 00  00 00 00 00 00 00 00 00  | ................
00000000000347F0 | 00 00 00 00 00 00 00 00  00 00 00 00 00 00 00 00  | ................
0000000000034800 | 00 00 00 00 00 00 00 00  00 00 00 00 00 00 00 00  | ................
0000000000034810 | 00 00 00 00 00 00 00 00  00 00 00 00 00 00 00 00  | ................
0000000000034820 | 00 00 00 00 00 00 00 00  00 00 00 00 00 00 00 00  | ................
0000000000034830 | 00 00 00 00 00 00 00 00  00 00 00 00 00 00 00 00  | ................
0000000000034840 | 00 00 00 00 00 00 00 00  00 00 00 00 00 00 00 00  | ................
0000000000034850 | 00 00 00 00 00 00 00 00  00 00 00 00 00 00 00 00  | ................
0000000000034860 | 00 00 00 00 00 00 00 00  00 00 00 00 00 00 00 00  | ................
0000000000034870 | 00 00 00 00 00 00 00 00  00 00 00 00 00 00 00 00  | ................
0000000000034880 | 00 00 00 00 00 00 00 00  00 00 00 00 00 00 00 00  | ................
0000000000034890 | 00 00 00 00 00 00 00 00  00 00 00 00 00 00 00 00  | ................
00000000000348A0 | 00 00 00 00 00 00 00 00  00 00 00 00 00 00 00 00  | ................
00000000000348B0 | 00 00 00 00 00 00 00 00  00 00 00 00 00 00 00 00  | ................
00000000000348C0 | 00 00 00 00 00 00 00 00  00 00 00 00 00 00 00 00  | ................
00000000000348D0 | 00 00 00 00 00 00 00 00  00 00 00 00 00 00 00 00  | ................
00000000000348E0 | 00 00 00 00 00 00 00 00  00 00 00 00 00 00 00 00  | ................
00000000000348F0 | 00 00 00 00 00 00 00 00  00 00 00 00 00 00 00 00  | ................
0000000000034900 | 00 00 00 00 00 00 00 00  00 00 00 00 00 00 00 00  | ................
0000000000034910 | 00 00 00 00 00 00 00 00  00 00 00 00 00 00 00 00  | ................
0000000000034920 | 00 00 00 00 00 00 00 00  00 00 00 00 00 00 00 00  | ................
0000000000034930 | 00 00 00 00 00 00 00 00  00 00 00 00 00 00 00 00  | ................
0000000000034940 | 00 00 00 00 00 00 00 00  00 00 00 00 00 00 00 00  | ................
0000000000034950 | 00 00 00 00 00 00 00 00  00 00 00 00 00 00 00 00  | ................
0000000000034960 | 00 00 00 00 00 00 00 00  00 00 00 00 00 00 00 00  | ................
0000000000034970 | 00 00 00 00 00 00 00 00  00 00 00 00 00 00 00 00  | ................
0000000000034980 | 00 00 00 00 00 00 00 00  00 00 00 00 00 00 00 00  | ................
0000000000034990 | 00 00 00 00 00 00 00 00  00 00 00 00 00 00 00 00  | ................
00000000000349A0 | 00 00 00 00 00 00 00 00  00 00 00 00 00 00 00 00  | ................
00000000000349B0 | 00 00 00 00 00 00 00 00  00 00 00 00 00 00 00 00  | ................
00000000000349C0 | 00 00 00 00 00 00 00 00  00 00 00 00 00 00 00 00  | ................
00000000000349D0 | 00 00 00 00 00 00 00 00  00 00 00 00 00 00 00 00  | ................
00000000000349E0 | 00 00 00 00 00 00 00 00  00 00 00 00 00 00 00 00  | ................
00000000000349F0 | 00 00 00 00 00 00 00 00  00 00 00 00 00 00 00 00  | ................
0000000000034A00 | 00 00 00 00 00 00 00 00  14 7F 01 00 00 00 00 00  | ................
0000000000034A10 | C8 DE 00 00 00 00 00 00  00 00 00 00 00 00 00 00  | ................
0000000000034A20 | 00 00 00 00 00 00 00 00  00 00 00 00 00 00 00 00  | ................
0000000000034A30 | 00 00 00 00 00 00 00 00  00 00 00 00 00 00 00 00  | ................
0000000000034A40 | 00 00 00 00 00 00 00 00  00 00 00 00 00 00 00 00  | ................
0000000000034A50 | 00 00 00 00 00 00 00 00  00 00 00 00 00 00 00 00  | ................
0000000000034A60 | 00 00 00 00 00 00 00 00  00 00 00 00 00 00 00 00  | ................
0000000000034A70 | 00 00 00 00 00 00 00 00  00 00 00 00 00 00 00 00  | ................
0000000000034A80 | 00 00 00 00 00 00 00 00  19 00 95 00 0B 00 00 00  | ................
0000000000034A90 | 00 00 00 00 00 00 00 00  00 00 00 00 00 00 00 00  | ................
0000000000034AA0 | 00 00 00 00 00 00 00 00  00 00 00 00 00 00 00 00  | ................
0000000000034AB0 | 00 00 00 00 00 00 00 00  00 00 00 00 00 00 00 00  | ................
0000000000034AC0 | 00 00 00 00 00 00 00 00  00 00 00 00 00 00 00 00  | ................
0000000000034AD0 | 00 00 00 00 00 00 00 00  00 00 00 00 00 00 00 00  | ................
0000000000034AE0 | 00 00 00 00 00 00 00 00  00 00 00 00 00 00 00 00  | ................
0000000000034AF0 | 00 00 00 00 00 00 00 00  00 00 00 00 00 00 00 00  | ................
0000000000034B00 | 00 00 00 00 00 00 00 00  00 00 00 00 00 00 00 00  | ................
0000000000034B10 | 00 00 00 00 00 00 00 00  00 00 00 00 00 00 00 00  | ................
0000000000034B20 | 00 00 00 00 00 00 00 00  00 00 00 00 00 00 00 00  | ................
0000000000034B30 | 00 00 00 00 00 00 00 00  00 00 00 00 00 00 00 00  | ................
0000000000034B40 | 00 00 00 00 00 00 00 00  00 00 00 00 00 00 00 00  | ................
0000000000034B50 | 00 00 00 00 00 00 00 00  00 00 00 00 00 00 00 00  | ................
0000000000034B60 | 00 00 00 00 00 00 00 00  00 00 00 00 00 00 00 00  | ................
0000000000034B70 | 00 00 00 00 00 00 00 00  00 00 00 00 00 00 00 00  | ................
0000000000034B80 | 00 00 00 00 00 00 00 00  00 00 00 00 00 00 00 00  | ................
0000000000034B90 | 00 00 00 00 00 00 00 00  00 00 00 00 00 00 00 00  | ................
0000000000034BA0 | 00 00 00 00 00 00 00 00  00 00 00 00 00 00 00 00  | ................
0000000000034BB0 | 00 00 00 00 00 00 00 00  00 00 00 00 00 00 00 00  | ................
0000000000034BC0 | 00 00 00 00 00 00 00 00  00 00 00 00 00 00 00 00  | ................
0000000000034BD0 | 00 00 00 00 00 00 00 00  00 00 00 00 00 00 00 00  | ................
0000000000034BE0 | 00 00 00 00 00 00 00 00  00 00 00 00 00 00 00 00  | ................
0000000000034BF0 | 00 00 00 00 00 00 00 00  00 00 00 00 00 00 00 00  | ................
0000000000034C00 | 00 00 00 00 00 00 00 00  00 00 00 00 00 00 00 00  | ................
0000000000034C10 | 00 00 00 00 00 00 00 00  00 00 00 00 00 00 00 00  | ................
0000000000034C20 | 00 00 00 00 00 00 00 00  00 00 00 00 00 00 00 00  | ................
0000000000034C30 | 00 00 00 00 00 00 00 00  00 00 00 00 00 00 00 00  | ................
0000000000034C40 | 00 00 00 00 00 00 00 00  00 00 00 00 00 00 00 00  | ................
0000000000034C50 | 00 00 00 00 00 00 00 00  00 00 00 00 00 00 00 00  | ................
0000000000034C60 | 00 00 00 00 00 00 00 00  00 00 00 00 00 00 00 00  | ................
0000000000034C70 | 00 00 00 00 00 00 00 00  00 00 00 00 00 00 00 00  | ................
0000000000034C80 | 00 00 00 00 00 00 00 00  00 00 00 00 00 00 00 00  | ................
0000000000034C90 | 00 00 00 00 00 00 00 00  00 00 00 00 00 00 00 00  | ................
0000000000034CA0 | 00 00 00 00 00 00 00 00  00 00 00 00 00 00 00 00  | ................
0000000000034CB0 | 00 00 00 00 00 00 00 00  00 00 00 00 00 00 00 00  | ................
0000000000034CC0 | 00 00 00 00 00 00 00 00  00 00 00 00 00 00 00 00  | ................
0000000000034CD0 | 00 00 00 00 00 00 00 00  00 00 00 00 00 00 00 00  | ................
0000000000034CE0 | 00 00 00 00 00 00 00 00  00 00 00 00 00 00 00 00  | ................
0000000000034CF0 | 00 00 00 00 00 00 00 00  00 00 00 00 00 00 00 00  | ................
0000000000034D00 | 00 00 00 00 00 00 00 00  00 00 00 00 00 00 00 00  | ................
0000000000034D10 | 00 00 00 00 00 00 00 00  00 00 00 00 00 00 00 00  | ................
0000000000034D20 | 00 00 00 00 00 00 00 00  00 00 00 00 00 00 00 00  | ................
0000000000034D30 | 00 00 00 00 00 00 00 00  00 00 00 00 00 00 00 00  | ................
0000000000034D40 | 00 00 00 00 00 00 00 00  00 00 00 00 00 00 00 00  | ................
0000000000034D50 | 00 00 00 00 00 00 00 00  00 00 00 00 00 00 00 00  | ................
0000000000034D60 | 00 00 00 00 00 00 00 00  00 00 00 00 00 00 00 00  | ................
0000000000034D70 | 00 00 00 00 00 00 00 00  00 00 00 00 00 00 00 00  | ................
0000000000034D80 | 00 00 00 00 00 00 00 00  00 00 00 00 00 00 00 00  | ................
0000000000034D90 | 00 00 00 00 00 00 00 00  00 00 00 00 00 00 00 00  | ................
0000000000034DA0 | 00 00 00 00 00 00 00 00  00 00 00 00 00 00 00 00  | ................
0000000000034DB0 | 00 00 00 00 00 00 00 00  00 00 00 00 00 00 00 00  | ................
0000000000034DC0 | 00 00 00 00 00 00 00 00  00 00 00 00 00 00 00 00  | ................
0000000000034DD0 | 00 00 00 00 00 00 00 00  00 00 00 00 00 00 00 00  | ................
0000000000034DE0 | 00 00 00 00 00 00 00 00  00 00 00 00 00 00 00 00  | ................
0000000000034DF0 | 00 00 00 00 00 00 00 00  00 00 00 00 00 00 00 00  | ................
0000000000034E00 | 00 00 00 00 00 00 00 00  00 00 00 00 00 00 00 00  | ................
0000000000034E10 | 00 00 00 00 00 00 00 00  00 00 00 00 00 00 00 00  | ................
0000000000034E20 | 00 00 00 00 00 00 00 00  00 00 00 00 00 00 00 00  | ................
0000000000034E30 | 00 00 00 00 00 00 00 00  00 00 00 00 00 00 00 00  | ................
0000000000034E40 | 00 00 00 00 00 00 00 00  00 00 00 00 00 00 00 00  | ................
0000000000034E50 | 00 00 00 00 00 00 00 00  00 00 00 00 00 00 00 00  | ................
0000000000034E60 | 00 00 00 00 00 00 00 00  00 00 00 00 00 00 00 00  | ................
0000000000034E70 | 00 00 00 00 00 00 00 00  00 00 00 00 00 00 00 00  | ................
0000000000034E80 | 00 00 00 00 00 00 00 00  00 00 00 00 00 00 00 00  | ................
0000000000034E90 | 00 00 00 00 00 00 00 00  00 00 00 00 00 00 00 00  | ................
0000000000034EA0 | 00 00 00 00 00 00 00 00  00 00 00 00 00 00 00 00  | ................
0000000000034EB0 | 00 00 00 00 00 00 00 00  00 00 00 00 00 00 00 00  | ................
0000000000034EC0 | 00 00 00 00 00 00 00 00  00 00 00 00 00 00 00 00  | ................
0000000000034ED0 | 00 00 00 00 00 00 00 00  00 00 00 00 00 00 00 00  | ................
0000000000034EE0 | 00 00 00 00 00 00 00 00  00 00 00 00 00 00 00 00  | ................
0000000000034EF0 | 00 00 00 00 00 00 00 00  00 00 00 00 00 00 00 00  | ................
0000000000034F00 | 00 00 00 00 00 00 00 00  00 00 00 00 00 00 00 00  | ................
0000000000034F10 | 00 00 00 00 00 00 00 00  00 00 00 00 00 00 00 00  | ................
0000000000034F20 | 00 00 00 00 00 00 00 00  00 00 00 00 00 00 00 00  | ................
0000000000034F30 | 00 00 00 00 00 00 00 00  00 00 00 00 00 00 00 00  | ................
0000000000034F40 | 00 00 00 00 00 00 00 00  00 00 00 00 00 00 00 00  | ................
0000000000034F50 | 00 00 00 00 00 00 00 00  00 00 00 00 00 00 00 00  | ................
0000000000034F60 | 00 00 00 00 00 00 00 00  00 00 00 00 00 00 00 00  | ................
0000000000034F70 | 00 00 00 00 00 00 00 00  00 00 00 00 00 00 00 00  | ................
0000000000034F80 | 00 00 00 00 00 00 00 00  00 00 00 00 00 00 00 00  | ................
0000000000034F90 | 00 00 00 00 00 00 00 00  00 00 00 00 00 00 00 00  | ................
0000000000034FA0 | 00 00 00 00 00 00 00 00  00 00 00 00 00 00 00 00  | ................
0000000000034FB0 | 00 00 00 00 00 00 00 00  00 00 00 00 00 00 00 00  | ................
0000000000034FC0 | 00 00 00 00 00 00 00 00  00 00 00 00 00 00 00 00  | ................
0000000000034FD0 | 00 00 00 00 00 00 00 00  00 00 00 00 00 00 00 00  | ................
0000000000034FE0 | 00 00 00 00 00 00 00 00  00 00 00 00 00 00 00 00  | ................
0000000000034FF0 | 00 00 00 00 00 00 00 00  00 00 00 00 00 00 00 00  | ................
0000000000035000 | 00 00 00 00 00 00 00 00  00 00 00 00 00 00 00 00  | ................
0000000000035010 | 00 00 00 00 00 00 00 00  00 00 00 00 00 00 00 00  | ................
0000000000035020 | 00 00 00 00 00 00 00 00  00 00 00 00 00 00 00 00  | ................
0000000000035030 | 00 00 00 00 00 00 00 00  00 00 00 00 00 00 00 00  | ................
0000000000035040 | 00 00 00 00 00 00 00 00  00 00 00 00 00 00 00 00  | ................
0000000000035050 | 00 00 00 00 00 00 00 00  00 00 00 00 00 00 00 00  | ................
0000000000035060 | 00 00 00 00 00 00 00 00  00 00 00 00 00 00 00 00  | ................
0000000000035070 | 00 00 00 00 00 00 00 00  00 00 00 00 00 00 00 00  | ................
0000000000035080 | 00 00 00 00 00 00 00 00  00 00 00 00 00 00 00 00  | ................
0000000000035090 | 00 00 00 00 00 00 00 00  00 00 00 00 00 00 00 00  | ................
00000000000350A0 | 00 00 00 00 00 00 00 00  00 00 00 00 00 00 00 00  | ................
00000000000350B0 | 00 00 00 00 00 00 00 00  00 00 00 00 00 00 00 00  | ................
00000000000350C0 | 00 00 00 00 00 00 00 00  00 00 00 00 00 00 00 00  | ................
00000000000350D0 | 00 00 00 00 00 00 00 00  00 00 00 00 00 00 00 00  | ................
00000000000350E0 | 00 00 00 00 00 00 00 00  00 00 00 00 00 00 00 00  | ................
00000000000350F0 | 00 00 00 00 00 00 00 00  00 00 00 00 00 00 00 00  | ................
0000000000035100 | 00 00 00 00 00 00 00 00  00 00 00 00 00 00 00 00  | ................
0000000000035110 | 00 00 00 00 00 00 00 00  00 00 00 00 00 00 00 00  | ................
0000000000035120 | 00 00 00 00 00 00 00 00  00 00 00 00 00 00 00 00  | ................
0000000000035130 | 00 00 00 00 00 00 00 00  00 00 00 00 00 00 00 00  | ................
0000000000035140 | 00 00 00 00 00 00 00 00  00 00 00 00 00 00 00 00  | ................
0000000000035150 | 00 00 00 00 00 00 00 00  00 00 00 00 00 00 00 00  | ................
0000000000035160 | 00 00 00 00 00 00 00 00  00 00 00 00 00 00 00 00  | ................
0000000000035170 | 00 00 00 00 00 00 00 00  00 00 00 00 00 00 00 00  | ................
0000000000035180 | 00 00 00 00 00 00 00 00  00 00 00 00 00 00 00 00  | ................
0000000000035190 | 00 00 00 00 00 00 00 00  00 00 00 00 00 00 00 00  | ................
00000000000351A0 | 00 00 00 00 00 00 00 00  00 00 00 00 00 00 00 00  | ................
00000000000351B0 | 00 00 00 00 00 00 00 00  00 00 00 00 00 00 00 00  | ................
00000000000351C0 | 00 00 00 00 00 00 00 00  00 00 00 00 00 00 00 00  | ................
00000000000351D0 | 00 00 00 00 00 00 00 00  00 00 00 00 00 00 00 00  | ................
00000000000351E0 | 00 00 00 00 00 00 00 00  00 00 00 00 00 00 00 00  | ................
00000000000351F0 | 00 00 00 00 00 00 00 00  00 00 00 00 00 00 00 00  | ................
0000000000035200 | 00 00 00 00 00 00 00 00  00 00 00 00 00 00 00 00  | ................
0000000000035210 | 00 00 00 00 00 00 00 00  00 00 00 00 00 00 00 00  | ................
0000000000035220 | 00 00 00 00 00 00 00 00  00 00 00 00 00 00 00 00  | ................
0000000000035230 | 00 00 00 00 00 00 00 00  00 00 00 00 00 00 00 00  | ................
0000000000035240 | 00 00 00 00 00 00 00 00  00 00 00 00 00 00 00 00  | ................
0000000000035250 | 00 00 00 00 00 00 00 00  00 00 00 00 00 00 00 00  | ................
0000000000035260 | 00 00 00 00 00 00 00 00  00 00 00 00 00 00 00 00  | ................
0000000000035270 | 00 00 00 00 00 00 00 00  00 00 00 00 00 00 00 00  | ................
0000000000035280 | 00 00 00 00 00 00 00 00  7F 92 01 00 00 00 00 00  | ................
0000000000035290 | E4 DE 00 00 00 00 00 00  00 00 00 00 00 00 00 00  | ................
00000000000352A0 | 00 00 00 00 00 00 00 00  00 00 00 00 00 00 00 00  | ................
00000000000352B0 | 00 00 00 00 00 00 00 00  00 00 00 00 00 00 00 00  | ................
00000000000352C0 | 00 00 00 00 00 00 00 00  00 00 00 00 00 00 00 00  | ................
00000000000352D0 | 00 00 00 00 00 00 00 00  00 00 00 00 00 00 00 00  | ................
00000000000352E0 | 00 00 00 00 00 00 00 00  00 00 00 00 00 00 00 00  | ................
00000000000352F0 | 00 00 00 00 00 00 00 00  00 00 00 00 00 00 00 00  | ................
0000000000035300 | 00 00 00 00 00 00 00 00  18 00 35 00 05 00 00 00  | ..........5.....
0000000000035310 | 00 00 00 00 00 00 00 00  00 00 00 00 00 00 00 00  | ................
0000000000035320 | 00 00 00 00 00 00 00 00  00 00 00 00 00 00 00 00  | ................
0000000000035330 | 00 00 00 00 00 00 00 00  00 00 00 00 00 00 00 00  | ................
0000000000035340 | 00 00 00 00 00 00 00 00  00 00 00 00 00 00 00 00  | ................
0000000000035350 | 00 00 00 00 00 00 00 00  00 00 00 00 00 00 00 00  | ................
0000000000035360 | 00 00 00 00 00 00 00 00  00 00 00 00 00 00 00 00  | ................
0000000000035370 | 00 00 00 00 00 00 00 00  00 00 00 00 00 00 00 00  | ................
0000000000035380 | 00 00 00 00 00 00 00 00  00 00 00 00 00 00 00 00  | ................
0000000000035390 | 00 00 00 00 00 00 00 00  00 00 00 00 00 00 00 00  | ................
00000000000353A0 | 00 00 00 00 00 00 00 00  00 00 00 00 00 00 00 00  | ................
00000000000353B0 | 00 00 00 00 00 00 00 00  00 00 00 00 00 00 00 00  | ................
00000000000353C0 | 00 00 00 00 00 00 00 00  00 00 00 00 00 00 00 00  | ................
00000000000353D0 | 00 00 00 00 00 00 00 00  00 00 00 00 00 00 00 00  | ................
00000000000353E0 | 00 00 00 00 00 00 00 00  00 00 00 00 00 00 00 00  | ................
00000000000353F0 | 00 00 00 00 00 00 00 00  00 00 00 00 00 00 00 00  | ................
0000000000035400 | 00 00 00 00 00 00 00 00  00 00 00 00 00 00 00 00  | ................
0000000000035410 | 00 00 00 00 00 00 00 00  00 00 00 00 00 00 00 00  | ................
0000000000035420 | 00 00 00 00 00 00 00 00  00 00 00 00 00 00 00 00  | ................
0000000000035430 | 00 00 00 00 00 00 00 00  00 00 00 00 00 00 00 00  | ................
0000000000035440 | 00 00 00 00 00 00 00 00  00 00 00 00 00 00 00 00  | ................
0000000000035450 | 00 00 00 00 00 00 00 00  00 00 00 00 00 00 00 00  | ................
0000000000035460 | 00 00 00 00 00 00 00 00  00 00 00 00 00 00 00 00  | ................
0000000000035470 | 00 00 00 00 00 00 00 00  00 00 00 00 00 00 00 00  | ................
0000000000035480 | 00 00 00 00 00 00 00 00  00 00 00 00 00 00 00 00  | ................
0000000000035490 | 00 00 00 00 00 00 00 00  00 00 00 00 00 00 00 00  | ................
00000000000354A0 | 00 00 00 00 00 00 00 00  00 00 00 00 00 00 00 00  | ................
00000000000354B0 | 00 00 00 00 00 00 00 00  00 00 00 00 00 00 00 00  | ................
00000000000354C0 | 00 00 00 00 00 00 00 00  00 00 00 00 00 00 00 00  | ................
00000000000354D0 | 00 00 00 00 00 00 00 00  00 00 00 00 00 00 00 00  | ................
00000000000354E0 | 00 00 00 00 00 00 00 00  00 00 00 00 00 00 00 00  | ................
00000000000354F0 | 00 00 00 00 00 00 00 00  00 00 00 00 00 00 00 00  | ................
0000000000035500 | 00 00 00 00 00 00 00 00  00 00 00 00 00 00 00 00  | ................
0000000000035510 | 00 00 00 00 00 00 00 00  00 00 00 00 00 00 00 00  | ................
0000000000035520 | 00 00 00 00 00 00 00 00  00 00 00 00 00 00 00 00  | ................
0000000000035530 | 00 00 00 00 00 00 00 00  00 00 00 00 00 00 00 00  | ................
0000000000035540 | 00 00 00 00 00 00 00 00  00 00 00 00 00 00 00 00  | ................
0000000000035550 | 00 00 00 00 00 00 00 00  00 00 00 00 00 00 00 00  | ................
0000000000035560 | 00 00 00 00 00 00 00 00  00 00 00 00 00 00 00 00  | ................
0000000000035570 | 00 00 00 00 00 00 00 00  00 00 00 00 00 00 00 00  | ................
0000000000035580 | 00 00 00 00 00 00 00 00  00 00 00 00 00 00 00 00  | ................
0000000000035590 | 00 00 00 00 00 00 00 00  00 00 00 00 00 00 00 00  | ................
00000000000355A0 | 00 00 00 00 00 00 00 00  00 00 00 00 00 00 00 00  | ................
00000000000355B0 | 00 00 00 00 00 00 00 00  00 00 00 00 00 00 00 00  | ................
00000000000355C0 | 00 00 00 00 00 00 00 00  00 00 00 00 00 00 00 00  | ................
00000000000355D0 | 00 00 00 00 00 00 00 00  00 00 00 00 00 00 00 00  | ................
00000000000355E0 | 00 00 00 00 00 00 00 00  00 00 00 00 00 00 00 00  | ................
00000000000355F0 | 00 00 00 00 00 00 00 00  00 00 00 00 00 00 00 00  | ................
0000000000035600 | 00 00 00 00 00 00 00 00  00 00 00 00 00 00 00 00  | ................
0000000000035610 | 00 00 00 00 00 00 00 00  00 00 00 00 00 00 00 00  | ................
0000000000035620 | 00 00 00 00 00 00 00 00  00 00 00 00 00 00 00 00  | ................
0000000000035630 | 00 00 00 00 00 00 00 00  00 00 00 00 00 00 00 00  | ................
0000000000035640 | 00 00 00 00 00 00 00 00  00 00 00 00 00 00 00 00  | ................
0000000000035650 | 00 00 00 00 00 00 00 00  00 00 00 00 00 00 00 00  | ................
0000000000035660 | 00 00 00 00 00 00 00 00  00 00 00 00 00 00 00 00  | ................
0000000000035670 | 00 00 00 00 00 00 00 00  00 00 00 00 00 00 00 00  | ................
0000000000035680 | 00 00 00 00 00 00 00 00  00 00 00 00 00 00 00 00  | ................
0000000000035690 | 00 00 00 00 00 00 00 00  00 00 00 00 00 00 00 00  | ................
00000000000356A0 | 00 00 00 00 00 00 00 00  00 00 00 00 00 00 00 00  | ................
00000000000356B0 | 00 00 00 00 00 00 00 00  00 00 00 00 00 00 00 00  | ................
00000000000356C0 | 00 00 00 00 00 00 00 00  00 00 00 00 00 00 00 00  | ................
00000000000356D0 | 00 00 00 00 00 00 00 00  00 00 00 00 00 00 00 00  | ................
00000000000356E0 | 00 00 00 00 00 00 00 00  00 00 00 00 00 00 00 00  | ................
00000000000356F0 | 00 00 00 00 00 00 00 00  00 00 00 00 00 00 00 00  | ................
0000000000035700 | 00 00 00 00 00 00 00 00  00 00 00 00 00 00 00 00  | ................
0000000000035710 | 00 00 00 00 00 00 00 00  00 00 00 00 00 00 00 00  | ................
0000000000035720 | 00 00 00 00 00 00 00 00  00 00 00 00 00 00 00 00  | ................
0000000000035730 | 00 00 00 00 00 00 00 00  00 00 00 00 00 00 00 00  | ................
0000000000035740 | 00 00 00 00 00 00 00 00  00 00 00 00 00 00 00 00  | ................
0000000000035750 | 00 00 00 00 00 00 00 00  00 00 00 00 00 00 00 00  | ................
0000000000035760 | 00 00 00 00 00 00 00 00  00 00 00 00 00 00 00 00  | ................
0000000000035770 | 00 00 00 00 00 00 00 00  00 00 00 00 00 00 00 00  | ................
0000000000035780 | 00 00 00 00 00 00 00 00  00 00 00 00 00 00 00 00  | ................
0000000000035790 | 00 00 00 00 00 00 00 00  00 00 00 00 00 00 00 00  | ................
00000000000357A0 | 00 00 00 00 00 00 00 00  00 00 00 00 00 00 00 00  | ................
00000000000357B0 | 00 00 00 00 00 00 00 00  00 00 00 00 00 00 00 00  | ................
00000000000357C0 | 00 00 00 00 00 00 00 00  00 00 00 00 00 00 00 00  | ................
00000000000357D0 | 00 00 00 00 00 00 00 00  00 00 00 00 00 00 00 00  | ................
00000000000357E0 | 00 00 00 00 00 00 00 00  00 00 00 00 00 00 00 00  | ................
00000000000357F0 | 00 00 00 00 00 00 00 00  00 00 00 00 00 00 00 00  | ................
0000000000035800 | 00 00 00 00 00 00 00 00  00 00 00 00 00 00 00 00  | ................
0000000000035810 | 00 00 00 00 00 00 00 00  00 00 00 00 00 00 00 00  | ................
0000000000035820 | 00 00 00 00 00 00 00 00  00 00 00 00 00 00 00 00  | ................
0000000000035830 | 00 00 00 00 00 00 00 00  00 00 00 00 00 00 00 00  | ................
0000000000035840 | 00 00 00 00 00 00 00 00  00 00 00 00 00 00 00 00  | ................
0000000000035850 | 00 00 00 00 00 00 00 00  00 00 00 00 00 00 00 00  | ................
0000000000035860 | 00 00 00 00 00 00 00 00  00 00 00 00 00 00 00 00  | ................
0000000000035870 | 00 00 00 00 00 00 00 00  00 00 00 00 00 00 00 00  | ................
0000000000035880 | 00 00 00 00 00 00 00 00  00 00 00 00 00 00 00 00  | ................
0000000000035890 | 00 00 00 00 00 00 00 00  00 00 00 00 00 00 00 00  | ................
00000000000358A0 | 00 00 00 00 00 00 00 00  00 00 00 00 00 00 00 00  | ................
00000000000358B0 | 00 00 00 00 00 00 00 00  00 00 00 00 00 00 00 00  | ................
00000000000358C0 | 00 00 00 00 00 00 00 00  00 00 00 00 00 00 00 00  | ................
00000000000358D0 | 00 00 00 00 00 00 00 00  00 00 00 00 00 00 00 00  | ................
00000000000358E0 | 00 00 00 00 00 00 00 00  00 00 00 00 00 00 00 00  | ................
00000000000358F0 | 00 00 00 00 00 00 00 00  00 00 00 00 00 00 00 00  | ................
0000000000035900 | 00 00 00 00 00 00 00 00  00 00 00 00 00 00 00 00  | ................
0000000000035910 | 00 00 00 00 00 00 00 00  00 00 00 00 00 00 00 00  | ................
0000000000035920 | 00 00 00 00 00 00 00 00  00 00 00 00 00 00 00 00  | ................
0000000000035930 | 00 00 00 00 00 00 00 00  00 00 00 00 00 00 00 00  | ................
0000000000035940 | 00 00 00 00 00 00 00 00  00 00 00 00 00 00 00 00  | ................
0000000000035950 | 00 00 00 00 00 00 00 00  00 00 00 00 00 00 00 00  | ................
0000000000035960 | 00 00 00 00 00 00 00 00  00 00 00 00 00 00 00 00  | ................
0000000000035970 | 00 00 00 00 00 00 00 00  00 00 00 00 00 00 00 00  | ................
0000000000035980 | 00 00 00 00 00 00 00 00  00 00 00 00 00 00 00 00  | ................
0000000000035990 | 00 00 00 00 00 00 00 00  00 00 00 00 00 00 00 00  | ................
00000000000359A0 | 00 00 00 00 00 00 00 00  00 00 00 00 00 00 00 00  | ................
00000000000359B0 | 00 00 00 00 00 00 00 00  00 00 00 00 00 00 00 00  | ................
00000000000359C0 | 00 00 00 00 00 00 00 00  00 00 00 00 00 00 00 00  | ................
00000000000359D0 | 00 00 00 00 00 00 00 00  00 00 00 00 00 00 00 00  | ................
00000000000359E0 | 00 00 00 00 00 00 00 00  00 00 00 00 00 00 00 00  | ................
00000000000359F0 | 00 00 00 00 00 00 00 00  00 00 00 00 00 00 00 00  | ................
0000000000035A00 | 00 00 00 00 00 00 00 00  00 00 00 00 00 00 00 00  | ................
0000000000035A10 | 00 00 00 00 00 00 00 00  00 00 00 00 00 00 00 00  | ................
0000000000035A20 | 00 00 00 00 00 00 00 00  00 00 00 00 00 00 00 00  | ................
0000000000035A30 | 00 00 00 00 00 00 00 00  00 00 00 00 00 00 00 00  | ................
0000000000035A40 | 00 00 00 00 00 00 00 00  00 00 00 00 00 00 00 00  | ................
0000000000035A50 | 00 00 00 00 00 00 00 00  00 00 00 00 00 00 00 00  | ................
0000000000035A60 | 00 00 00 00 00 00 00 00  00 00 00 00 00 00 00 00  | ................
0000000000035A70 | 00 00 00 00 00 00 00 00  00 00 00 00 00 00 00 00  | ................
0000000000035A80 | 00 00 00 00 00 00 00 00  00 00 00 00 00 00 00 00  | ................
0000000000035A90 | 00 00 00 00 00 00 00 00  00 00 00 00 00 00 00 00  | ................
0000000000035AA0 | 00 00 00 00 00 00 00 00  00 00 00 00 00 00 00 00  | ................
0000000000035AB0 | 00 00 00 00 00 00 00 00  00 00 00 00 00 00 00 00  | ................
0000000000035AC0 | 00 00 00 00 00 00 00 00  00 00 00 00 00 00 00 00  | ................
0000000000035AD0 | 00 00 00 00 00 00 00 00  00 00 00 00 00 00 00 00  | ................
0000000000035AE0 | 00 00 00 00 00 00 00 00  00 00 00 00 00 00 00 00  | ................
0000000000035AF0 | 00 00 00 00 00 00 00 00  00 00 00 00 00 00 00 00  | ................
0000000000035B00 | 00 00 00 00 00 00 00 00  00 00 00 00 00 00 00 00  | ................
0000000000035B10 | 00 00 00 00 00 00 00 00  00 00 00 00 00 00 00 00  | ................
0000000000035B20 | 00 00 00 00 00 00 00 00  00 00 00 00 00 00 00 00  | ................
0000000000035B30 | 00 00 00 00 00 00 00 00  00 00 00 00 00 00 00 00  | ................
0000000000035B40 | 00 00 00 00 00 00 00 00  00 00 00 00 00 00 00 00  | ................
0000000000035B50 | 00 00 00 00 00 00 00 00  00 00 00 00 00 00 00 00  | ................
0000000000035B60 | 00 00 00 00 00 00 00 00  00 00 00 00 00 00 00 00  | ................
0000000000035B70 | 00 00 00 00 00 00 00 00  00 00 00 00 00 00 00 00  | ................
0000000000035B80 | 00 00 00 00 00 00 00 00  00 00 00 00 00 00 00 00  | ................
0000000000035B90 | 00 00 00 00 00 00 00 00  00 00 00 00 00 00 00 00  | ................
0000000000035BA0 | 00 00 00 00 00 00 00 00  00 00 00 00 00 00 00 00  | ................
0000000000035BB0 | 00 00 00 00 00 00 00 00  00 00 00 00 00 00 00 00  | ................
0000000000035BC0 | 00 00 00 00 00 00 00 00  00 00 00 00 00 00 00 00  | ................
0000000000035BD0 | 00 00 00 00 00 00 00 00  00 00 00 00 00 00 00 00  | ................
0000000000035BE0 | 00 00 00 00 00 00 00 00  00 00 00 00 00 00 00 00  | ................
0000000000035BF0 | 00 00 00 00 00 00 00 00  00 00 00 00 00 00 00 00  | ................
0000000000035C00 | 00 00 00 00 00 00 00 00  00 00 00 00 00 00 00 00  | ................
0000000000035C10 | 00 00 00 00 00 00 00 00  00 00 00 00 00 00 00 00  | ................
0000000000035C20 | 00 00 00 00 00 00 00 00  00 00 00 00 00 00 00 00  | ................
0000000000035C30 | 00 00 00 00 00 00 00 00  00 00 00 00 00 00 00 00  | ................
0000000000035C40 | 00 00 00 00 00 00 00 00  00 00 00 00 00 00 00 00  | ................
0000000000035C50 | 00 00 00 00 00 00 00 00  00 00 00 00 00 00 00 00  | ................
0000000000035C60 | 00 00 00 00 00 00 00 00  00 00 00 00 00 00 00 00  | ................
0000000000035C70 | 00 00 00 00 00 00 00 00  00 00 00 00 00 00 00 00  | ................
0000000000035C80 | 00 00 00 00 00 00 00 00  00 00 00 00 00 00 00 00  | ................
0000000000035C90 | 00 00 00 00 00 00 00 00  00 00 00 00 00 00 00 00  | ................
0000000000035CA0 | 00 00 00 00 00 00 00 00  00 00 00 00 00 00 00 00  | ................
0000000000035CB0 | 00 00 00 00 00 00 00 00  00 00 00 00 00 00 00 00  | ................
0000000000035CC0 | 00 00 00 00 00 00 00 00  00 00 00 00 00 00 00 00  | ................
0000000000035CD0 | 00 00 00 00 00 00 00 00  00 00 00 00 00 00 00 00  | ................
0000000000035CE0 | 00 00 00 00 00 00 00 00  00 00 00 00 00 00 00 00  | ................
0000000000035CF0 | 00 00 00 00 00 00 00 00  00 00 00 00 00 00 00 00  | ................
0000000000035D00 | 00 00 00 00 00 00 00 00  00 00 00 00 00 00 00 00  | ................
0000000000035D10 | 00 00 00 00 00 00 00 00  00 00 00 00 00 00 00 00  | ................
0000000000035D20 | 00 00 00 00 00 00 00 00  00 00 00 00 00 00 00 00  | ................
0000000000035D30 | 00 00 00 00 00 00 00 00  00 00 00 00 00 00 00 00  | ................
0000000000035D40 | 00 00 00 00 00 00 00 00  00 00 00 00 00 00 00 00  | ................
0000000000035D50 | 00 00 00 00 00 00 00 00  00 00 00 00 00 00 00 00  | ................
0000000000035D60 | 00 00 00 00 00 00 00 00  00 00 00 00 00 00 00 00  | ................
0000000000035D70 | 00 00 00 00 00 00 00 00  00 00 00 00 00 00 00 00  | ................
0000000000035D80 | 00 00 00 00 00 00 00 00  00 00 00 00 00 00 00 00  | ................
0000000000035D90 | 00 00 00 00 00 00 00 00  00 00 00 00 00 00 00 00  | ................
0000000000035DA0 | 00 00 00 00 00 00 00 00  00 00 00 00 00 00 00 00  | ................
0000000000035DB0 | 00 00 00 00 00 00 00 00  00 00 00 00 00 00 00 00  | ................
0000000000035DC0 | 00 00 00 00 00 00 00 00  00 00 00 00 00 00 00 00  | ................
0000000000035DD0 | 00 00 00 00 00 00 00 00  00 00 00 00 00 00 00 00  | ................
0000000000035DE0 | 00 00 00 00 00 00 00 00  00 00 00 00 00 00 00 00  | ................
0000000000035DF0 | 00 00 00 00 00 00 00 00  00 00 00 00 00 00 00 00  | ................
0000000000035E00 | 00 00 00 00 00 00 00 00  00 00 00 00 00 00 00 00  | ................
0000000000035E10 | 00 00 00 00 00 00 00 00  00 00 00 00 00 00 00 00  | ................
0000000000035E20 | 00 00 00 00 00 00 00 00  00 00 00 00 00 00 00 00  | ................
0000000000035E30 | 00 00 00 00 00 00 00 00  00 00 00 00 00 00 00 00  | ................
0000000000035E40 | 00 00 00 00 00 00 00 00  00 00 00 00 00 00 00 00  | ................
0000000000035E50 | 00 00 00 00 00 00 00 00  00 00 00 00 00 00 00 00  | ................
0000000000035E60 | 00 00 00 00 00 00 00 00  00 00 00 00 00 00 00 00  | ................
0000000000035E70 | 00 00 00 00 00 00 00 00  00 00 00 00 00 00 00 00  | ................
0000000000035E80 | 00 00 00 00 00 00 00 00  00 00 00 00 00 00 00 00  | ................
0000000000035E90 | 00 00 00 00 00 00 00 00  00 00 00 00 00 00 00 00  | ................
0000000000035EA0 | 00 00 00 00 00 00 00 00  00 00 00 00 00 00 00 00  | ................
0000000000035EB0 | 00 00 00 00 00 00 00 00  00 00 00 00 00 00 00 00  | ................
0000000000035EC0 | 00 00 00 00 00 00 00 00  00 00 00 00 00 00 00 00  | ................
0000000000035ED0 | 00 00 00 00 00 00 00 00  00 00 00 00 00 00 00 00  | ................
0000000000035EE0 | 00 00 00 00 00 00 00 00  00 00 00 00 00 00 00 00  | ................
0000000000035EF0 | 00 00 00 00 00 00 00 00  00 00 00 00 00 00 00 00  | ................
0000000000035F00 | 00 00 00 00 00 00 00 00  00 00 00 00 00 00 00 00  | ................
0000000000035F10 | 00 00 00 00 00 00 00 00  00 00 00 00 00 00 00 00  | ................
0000000000035F20 | 00 00 00 00 00 00 00 00  00 00 00 00 00 00 00 00  | ................
0000000000035F30 | 00 00 00 00 00 00 00 00  00 00 00 00 00 00 00 00  | ................
0000000000035F40 | 00 00 00 00 00 00 00 00  00 00 00 00 00 00 00 00  | ................
0000000000035F50 | 00 00 00 00 00 00 00 00  00 00 00 00 00 00 00 00  | ................
0000000000035F60 | 00 00 00 00 00 00 00 00  00 00 00 00 00 00 00 00  | ................
0000000000035F70 | 00 00 00 00 00 00 00 00  00 00 00 00 00 00 00 00  | ................
0000000000035F80 | 00 00 00 00 00 00 00 00  00 00 00 00 00 00 00 00  | ................
0000000000035F90 | 00 00 00 00 00 00 00 00  00 00 00 00 00 00 00 00  | ................
0000000000035FA0 | 00 00 00 00 00 00 00 00  00 00 00 00 00 00 00 00  | ................
0000000000035FB0 | 00 00 00 00 00 00 00 00  00 00 00 00 00 00 00 00  | ................
0000000000035FC0 | 00 00 00 00 00 00 00 00  00 00 00 00 00 00 00 00  | ................
0000000000035FD0 | 00 00 00 00 00 00 00 00  00 00 00 00 00 00 00 00  | ................
0000000000035FE0 | 00 00 00 00 00 00 00 00  00 00 00 00 00 00 00 00  | ................
0000000000035FF0 | 00 00 00 00 00 00 00 00  00 00 00 00 00 00 00 00  | ................
0000000000036000 | 00 00 00 00 00 00 00 00  00 00 00 00 00 00 00 00  | ................
0000000000036010 | 00 00 00 00 00 00 00 00  00 00 00 00 00 00 00 00  | ................
0000000000036020 | 00 00 00 00 00 00 00 00  00 00 00 00 00 00 00 00  | ................
0000000000036030 | 00 00 00 00 00 00 00 00  00 00 00 00 00 00 00 00  | ................
0000000000036040 | 00 00 00 00 00 00 00 00  00 00 00 00 00 00 00 00  | ................
0000000000036050 | 00 00 00 00 00 00 00 00  00 00 00 00 00 00 00 00  | ................
0000000000036060 | 00 00 00 00 00 00 00 00  00 00 00 00 00 00 00 00  | ................
0000000000036070 | 00 00 00 00 00 00 00 00  00 00 00 00 00 00 00 00  | ................
0000000000036080 | 00 00 00 00 00 00 00 00  00 00 00 00 00 00 00 00  | ................
0000000000036090 | 00 00 00 00 00 00 00 00  00 00 00 00 00 00 00 00  | ................
00000000000360A0 | 00 00 00 00 00 00 00 00  00 00 00 00 00 00 00 00  | ................
00000000000360B0 | 00 00 00 00 00 00 00 00  00 00 00 00 00 00 00 00  | ................
00000000000360C0 | 00 00 00 00 00 00 00 00  00 00 00 00 00 00 00 00  | ................
00000000000360D0 | 00 00 00 00 00 00 00 00  00 00 00 00 00 00 00 00  | ................
00000000000360E0 | 00 00 00 00 00 00 00 00  00 00 00 00 00 00 00 00  | ................
00000000000360F0 | 00 00 00 00 00 00 00 00  00 00 00 00 00 00 00 00  | ................
0000000000036100 | 00 00 00 00 00 00 00 00  00 00 00 00 00 00 00 00  | ................
0000000000036110 | 00 00 00 00 00 00 00 00  00 00 00 00 00 00 00 00  | ................
0000000000036120 | 00 00 00 00 00 00 00 00  00 00 00 00 00 00 00 00  | ................
0000000000036130 | 00 00 00 00 00 00 00 00  00 00 00 00 00 00 00 00  | ................
0000000000036140 | 00 00 00 00 00 00 00 00  00 00 00 00 00 00 00 00  | ................
0000000000036150 | 00 00 00 00 00 00 00 00  00 00 00 00 00 00 00 00  | ................
0000000000036160 | 00 00 00 00 00 00 00 00  00 00 00 00 00 00 00 00  | ................
0000000000036170 | 00 00 00 00 00 00 00 00  00 00 00 00 00 00 00 00  | ................
0000000000036180 | 00 00 00 00 00 00 00 00  00 00 00 00 00 00 00 00  | ................
0000000000036190 | 00 00 00 00 00 00 00 00  00 00 00 00 00 00 00 00  | ................
00000000000361A0 | 00 00 00 00 00 00 00 00  00 00 00 00 00 00 00 00  | ................
00000000000361B0 | 00 00 00 00 00 00 00 00  00 00 00 00 00 00 00 00  | ................
00000000000361C0 | 00 00 00 00 00 00 00 00  00 00 00 00 00 00 00 00  | ................
00000000000361D0 | 00 00 00 00 00 00 00 00  00 00 00 00 00 00 00 00  | ................
00000000000361E0 | 00 00 00 00 00 00 00 00  00 00 00 00 00 00 00 00  | ................
00000000000361F0 | 00 00 00 00 00 00 00 00  00 00 00 00 00 00 00 00  | ................
0000000000036200 | 00 00 00 00 00 00 00 00  00 00 00 00 00 00 00 00  | ................
0000000000036210 | 00 00 00 00 00 00 00 00  00 00 00 00 00 00 00 00  | ................
0000000000036220 | 00 00 00 00 00 00 00 00  00 00 00 00 00 00 00 00  | ................
0000000000036230 | 00 00 00 00 00 00 00 00  00 00 00 00 00 00 00 00  | ................
0000000000036240 | 00 00 00 00 00 00 00 00  00 00 00 00 00 00 00 00  | ................
0000000000036250 | 00 00 00 00 00 00 00 00  00 00 00 00 00 00 00 00  | ................
0000000000036260 | 00 00 00 00 00 00 00 00  00 00 00 00 00 00 00 00  | ................
0000000000036270 | 00 00 00 00 00 00 00 00  00 00 00 00 00 00 00 00  | ................
0000000000036280 | 00 00 00 00 00 00 00 00  00 00 00 00 00 00 00 00  | ................
0000000000036290 | 00 00 00 00 00 00 00 00  00 00 00 00 00 00 00 00  | ................
00000000000362A0 | 00 00 00 00 00 00 00 00  00 00 00 00 00 00 00 00  | ................
00000000000362B0 | 00 00 00 00 00 00 00 00  00 00 00 00 00 00 00 00  | ................
00000000000362C0 | 00 00 00 00 00 00 00 00  00 00 00 00 00 00 00 00  | ................
00000000000362D0 | 00 00 00 00 00 00 00 00  00 00 00 00 00 00 00 00  | ................
00000000000362E0 | 00 00 00 00 00 00 00 00  00 00 00 00 00 00 00 00  | ................
00000000000362F0 | 00 00 00 00 00 00 00 00  00 00 00 00 00 00 00 00  | ................
0000000000036300 | 00 00 00 00 00 00 00 00  00 00 00 00 00 00 00 00  | ................
0000000000036310 | 00 00 00 00 00 00 00 00  00 00 00 00 00 00 00 00  | ................
0000000000036320 | 00 00 00 00 00 00 00 00  00 00 00 00 00 00 00 00  | ................
0000000000036330 | 00 00 00 00 00 00 00 00  00 00 00 00 00 00 00 00  | ................
0000000000036340 | 00 00 00 00 00 00 00 00  00 00 00 00 00 00 00 00  | ................
0000000000036350 | 00 00 00 00 00 00 00 00  00 00 00 00 00 00 00 00  | ................
0000000000036360 | 00 00 00 00 00 00 00 00  00 00 00 00 00 00 00 00  | ................
0000000000036370 | 00 00 00 00 00 00 00 00  00 00 00 00 00 00 00 00  | ................
0000000000036380 | 00 00 00 00 00 00 00 00  00 00 00 00 00 00 00 00  | ................
0000000000036390 | 00 00 00 00 00 00 00 00  00 00 00 00 00 00 00 00  | ................
00000000000363A0 | 00 00 00 00 00 00 00 00  00 00 00 00 00 00 00 00  | ................
00000000000363B0 | 00 00 00 00 00 00 00 00  00 00 00 00 00 00 00 00  | ................
00000000000363C0 | 00 00 00 00 00 00 00 00  00 00 00 00 00 00 00 00  | ................
00000000000363D0 | 00 00 00 00 00 00 00 00  00 00 00 00 00 00 00 00  | ................
00000000000363E0 | 00 00 00 00 00 00 00 00  00 00 00 00 00 00 00 00  | ................
00000000000363F0 | 00 00 00 00 00 00 00 00  00 00 00 00 00 00 00 00  | ................
0000000000036400 | 00 00 00 00 00 00 00 00  00 00 00 00 00 00 00 00  | ................
0000000000036410 | 00 00 00 00 00 00 00 00  00 00 00 00 00 00 00 00  | ................
0000000000036420 | 00 00 00 00 00 00 00 00  00 00 00 00 00 00 00 00  | ................
0000000000036430 | 00 00 00 00 00 00 00 00  00 00 00 00 00 00 00 00  | ................
0000000000036440 | 00 00 00 00 00 00 00 00  00 00 00 00 00 00 00 00  | ................
0000000000036450 | 00 00 00 00 00 00 00 00  00 00 00 00 00 00 00 00  | ................
0000000000036460 | 00 00 00 00 00 00 00 00  00 00 00 00 00 00 00 00  | ................
0000000000036470 | 00 00 00 00 00 00 00 00  00 00 00 00 00 00 00 00  | ................
0000000000036480 | 00 00 00 00 00 00 00 00  00 00 00 00 00 00 00 00  | ................
0000000000036490 | 00 00 00 00 00 00 00 00  00 00 00 00 00 00 00 00  | ................
00000000000364A0 | 00 00 00 00 00 00 00 00  00 00 00 00 00 00 00 00  | ................
00000000000364B0 | 00 00 00 00 00 00 00 00  00 00 00 00 00 00 00 00  | ................
00000000000364C0 | 00 00 00 00 00 00 00 00  00 00 00 00 00 00 00 00  | ................
00000000000364D0 | 00 00 00 00 00 00 00 00  00 00 00 00 00 00 00 00  | ................
00000000000364E0 | 00 00 00 00 00 00 00 00  00 00 00 00 00 00 00 00  | ................
00000000000364F0 | 00 00 00 00 00 00 00 00  00 00 00 00 00 00 00 00  | ................
0000000000036500 | 00 00 00 00 00 00 00 00  00 00 00 00 00 00 00 00  | ................
0000000000036510 | 00 00 00 00 00 00 00 00  00 00 00 00 00 00 00 00  | ................
0000000000036520 | 00 00 00 00 00 00 00 00  00 00 00 00 00 00 00 00  | ................
0000000000036530 | 00 00 00 00 00 00 00 00  00 00 00 00 00 00 00 00  | ................
0000000000036540 | 00 00 00 00 00 00 00 00  00 00 00 00 00 00 00 00  | ................
0000000000036550 | 00 00 00 00 00 00 00 00  00 00 00 00 00 00 00 00  | ................
0000000000036560 | 00 00 00 00 00 00 00 00  00 00 00 00 00 00 00 00  | ................
0000000000036570 | 00 00 00 00 00 00 00 00  00 00 00 00 00 00 00 00  | ................
0000000000036580 | 00 00 00 00 00 00 00 00  00 00 00 00 00 00 00 00  | ................
0000000000036590 | 00 00 00 00 00 00 00 00  00 00 00 00 00 00 00 00  | ................
00000000000365A0 | 00 00 00 00 00 00 00 00  00 00 00 00 00 00 00 00  | ................
00000000000365B0 | 00 00 00 00 00 00 00 00  00 00 00 00 00 00 00 00  | ................
00000000000365C0 | 00 00 00 00 00 00 00 00  00 00 00 00 00 00 00 00  | ................
00000000000365D0 | 00 00 00 00 00 00 00 00  00 00 00 00 00 00 00 00  | ................
00000000000365E0 | 00 00 00 00 00 00 00 00  00 00 00 00 00 00 00 00  | ................
00000000000365F0 | 00 00 00 00 00 00 00 00  00 00 00 00 00 00 00 00  | ................
0000000000036600 | 00 00 00 00 00 00 00 00  00 00 00 00 00 00 00 00  | ................
0000000000036610 | 00 00 00 00 00 00 00 00  00 00 00 00 00 00 00 00  | ................
0000000000036620 | 00 00 00 00 00 00 00 00  00 00 00 00 00 00 00 00  | ................
0000000000036630 | 00 00 00 00 00 00 00 00  00 00 00 00 00 00 00 00  | ................
0000000000036640 | 00 00 00 00 00 00 00 00  00 00 00 00 00 00 00 00  | ................
0000000000036650 | 00 00 00 00 00 00 00 00  00 00 00 00 00 00 00 00  | ................
0000000000036660 | 00 00 00 00 00 00 00 00  00 00 00 00 00 00 00 00  | ................
0000000000036670 | 00 00 00 00 00 00 00 00  00 00 00 00 00 00 00 00  | ................
0000000000036680 | 00 00 00 00 00 00 00 00  00 00 00 00 00 00 00 00  | ................
0000000000036690 | 00 00 00 00 00 00 00 00  00 00 00 00 00 00 00 00  | ................
00000000000366A0 | 00 00 00 00 00 00 00 00  00 00 00 00 00 00 00 00  | ................
00000000000366B0 | 00 00 00 00 00 00 00 00  00 00 00 00 00 00 00 00  | ................
00000000000366C0 | 00 00 00 00 00 00 00 00  00 00 00 00 00 00 00 00  | ................
00000000000366D0 | 00 00 00 00 00 00 00 00  00 00 00 00 00 00 00 00  | ................
00000000000366E0 | 00 00 00 00 00 00 00 00  00 00 00 00 00 00 00 00  | ................
00000000000366F0 | 00 00 00 00 00 00 00 00  00 00 00 00 00 00 00 00  | ................
0000000000036700 | 00 00 00 00 00 00 00 00  00 00 00 00 00 00 00 00  | ................
0000000000036710 | 00 00 00 00 00 00 00 00  00 00 00 00 00 00 00 00  | ................
0000000000036720 | 00 00 00 00 00 00 00 00  00 00 00 00 00 00 00 00  | ................
0000000000036730 | 00 00 00 00 00 00 00 00  00 00 00 00 00 00 00 00  | ................
0000000000036740 | 00 00 00 00 00 00 00 00  00 00 00 00 00 00 00 00  | ................
0000000000036750 | 00 00 00 00 00 00 00 00  00 00 00 00 00 00 00 00  | ................
0000000000036760 | 00 00 00 00 00 00 00 00  00 00 00 00 00 00 00 00  | ................
0000000000036770 | 00 00 00 00 00 00 00 00  00 00 00 00 00 00 00 00  | ................
0000000000036780 | 00 00 00 00 00 00 00 00  00 00 00 00 00 00 00 00  | ................
0000000000036790 | 00 00 00 00 00 00 00 00  00 00 00 00 00 00 00 00  | ................
00000000000367A0 | 00 00 00 00 00 00 00 00  00 00 00 00 00 00 00 00  | ................
00000000000367B0 | 00 00 00 00 00 00 00 00  00 00 00 00 00 00 00 00  | ................
00000000000367C0 | 00 00 00 00 00 00 00 00  00 00 00 00 00 00 00 00  | ................
00000000000367D0 | 00 00 00 00 00 00 00 00  00 00 00 00 00 00 00 00  | ................
00000000000367E0 | 00 00 00 00 00 00 00 00  00 00 00 00 00 00 00 00  | ................
00000000000367F0 | 00 00 00 00 00 00 00 00  00 00 00 00 00 00 00 00  | ................
0000000000036800 | 00 00 00 00 00 00 00 00  00 00 00 00 00 00 00 00  | ................
0000000000036810 | 00 00 00 00 00 00 00 00  00 00 00 00 00 00 00 00  | ................
0000000000036820 | 00 00 00 00 00 00 00 00  00 00 00 00 00 00 00 00  | ................
0000000000036830 | 00 00 00 00 00 00 00 00  00 00 00 00 00 00 00 00  | ................
0000000000036840 | 00 00 00 00 00 00 00 00  00 00 00 00 00 00 00 00  | ................
0000000000036850 | 00 00 00 00 00 00 00 00  00 00 00 00 00 00 00 00  | ................
0000000000036860 | 00 00 00 00 00 00 00 00  00 00 00 00 00 00 00 00  | ................
0000000000036870 | 00 00 00 00 00 00 00 00  00 00 00 00 00 00 00 00  | ................
0000000000036880 | 00 00 00 00 00 00 00 00  00 00 00 00 00 00 00 00  | ................
0000000000036890 | 00 00 00 00 00 00 00 00  00 00 00 00 00 00 00 00  | ................
00000000000368A0 | 00 00 00 00 00 00 00 00  00 00 00 00 00 00 00 00  | ................
00000000000368B0 | 00 00 00 00 00 00 00 00  00 00 00 00 00 00 00 00  | ................
00000000000368C0 | 00 00 00 00 00 00 00 00  00 00 00 00 00 00 00 00  | ................
00000000000368D0 | 00 00 00 00 00 00 00 00  00 00 00 00 00 00 00 00  | ................
00000000000368E0 | 00 00 00 00 00 00 00 00  00 00 00 00 00 00 00 00  | ................
00000000000368F0 | 00 00 00 00 00 00 00 00  00 00 00 00 00 00 00 00  | ................
0000000000036900 | 00 00 00 00 00 00 00 00  00 00 00 00 00 00 00 00  | ................
0000000000036910 | 00 00 00 00 00 00 00 00  00 00 00 00 00 00 00 00  | ................
0000000000036920 | 00 00 00 00 00 00 00 00  00 00 00 00 00 00 00 00  | ................
0000000000036930 | 00 00 00 00 00 00 00 00  00 00 00 00 00 00 00 00  | ................
0000000000036940 | 00 00 00 00 00 00 00 00  00 00 00 00 00 00 00 00  | ................
0000000000036950 | 00 00 00 00 00 00 00 00  00 00 00 00 00 00 00 00  | ................
0000000000036960 | 00 00 00 00 00 00 00 00  00 00 00 00 00 00 00 00  | ................
0000000000036970 | 00 00 00 00 00 00 00 00  00 00 00 00 00 00 00 00  | ................
0000000000036980 | 00 00 00 00 00 00 00 00  00 00 00 00 00 00 00 00  | ................
0000000000036990 | 00 00 00 00 00 00 00 00  00 00 00 00 00 00 00 00  | ................
00000000000369A0 | 00 00 00 00 00 00 00 00  00 00 00 00 00 00 00 00  | ................
00000000000369B0 | 00 00 00 00 00 00 00 00  00 00 00 00 00 00 00 00  | ................
00000000000369C0 | 00 00 00 00 00 00 00 00  00 00 00 00 00 00 00 00  | ................
00000000000369D0 | 00 00 00 00 00 00 00 00  00 00 00 00 00 00 00 00  | ................
00000000000369E0 | 00 00 00 00 00 00 00 00  00 00 00 00 00 00 00 00  | ................
00000000000369F0 | 00 00 00 00 00 00 00 00  00 00 00 00 00 00 00 00  | ................
0000000000036A00 | 00 00 00 00 00 00 00 00  00 00 00 00 00 00 00 00  | ................
0000000000036A10 | 00 00 00 00 00 00 00 00  00 00 00 00 00 00 00 00  | ................
0000000000036A20 | 00 00 00 00 00 00 00 00  00 00 00 00 00 00 00 00  | ................
0000000000036A30 | 00 00 00 00 00 00 00 00  00 00 00 00 00 00 00 00  | ................
0000000000036A40 | 00 00 00 00 00 00 00 00  00 00 00 00 00 00 00 00  | ................
0000000000036A50 | 00 00 00 00 00 00 00 00  00 00 00 00 00 00 00 00  | ................
0000000000036A60 | 00 00 00 00 00 00 00 00  00 00 00 00 00 00 00 00  | ................
0000000000036A70 | 00 00 00 00 00 00 00 00  00 00 00 00 00 00 00 00  | ................
0000000000036A80 | 00 00 00 00 00 00 00 00  00 00 00 00 00 00 00 00  | ................
0000000000036A90 | 00 00 00 00 00 00 00 00  00 00 00 00 00 00 00 00  | ................
0000000000036AA0 | 00 00 00 00 00 00 00 00  00 00 00 00 00 00 00 00  | ................
0000000000036AB0 | 00 00 00 00 00 00 00 00  00 00 00 00 00 00 00 00  | ................
0000000000036AC0 | 00 00 00 00 00 00 00 00  00 00 00 00 00 00 00 00  | ................
0000000000036AD0 | 00 00 00 00 00 00 00 00  00 00 00 00 00 00 00 00  | ................
0000000000036AE0 | 00 00 00 00 00 00 00 00  00 00 00 00 00 00 00 00  | ................
0000000000036AF0 | 00 00 00 00 00 00 00 00  00 00 00 00 00 00 00 00  | ................
0000000000036B00 | 00 00 00 00 00 00 00 00  00 00 00 00 00 00 00 00  | ................
0000000000036B10 | 00 00 00 00 00 00 00 00  00 00 00 00 00 00 00 00  | ................
0000000000036B20 | 00 00 00 00 00 00 00 00  00 00 00 00 00 00 00 00  | ................
0000000000036B30 | 00 00 00 00 00 00 00 00  00 00 00 00 00 00 00 00  | ................
0000000000036B40 | 00 00 00 00 00 00 00 00  00 00 00 00 00 00 00 00  | ................
0000000000036B50 | 00 00 00 00 00 00 00 00  00 00 00 00 00 00 00 00  | ................
0000000000036B60 | 00 00 00 00 00 00 00 00  00 00 00 00 00 00 00 00  | ................
0000000000036B70 | 00 00 00 00 00 00 00 00  00 00 00 00 00 00 00 00  | ................
0000000000036B80 | 00 00 00 00 00 00 00 00  00 00 00 00 00 00 00 00  | ................
0000000000036B90 | 00 00 00 00 00 00 00 00  00 00 00 00 00 00 00 00  | ................
0000000000036BA0 | 00 00 00 00 00 00 00 00  00 00 00 00 00 00 00 00  | ................
0000000000036BB0 | 00 00 00 00 00 00 00 00  00 00 00 00 00 00 00 00  | ................
0000000000036BC0 | 00 00 00 00 00 00 00 00  00 00 00 00 00 00 00 00  | ................
0000000000036BD0 | 00 00 00 00 00 00 00 00  00 00 00 00 00 00 00 00  | ................
0000000000036BE0 | 00 00 00 00 00 00 00 00  00 00 00 00 00 00 00 00  | ................
0000000000036BF0 | 00 00 00 00 00 00 00 00  00 00 00 00 00 00 00 00  | ................
0000000000036C00 | 00 00 00 00 00 00 00 00  00 00 00 00 00 00 00 00  | ................
0000000000036C10 | 00 00 00 00 00 00 00 00  00 00 00 00 00 00 00 00  | ................
0000000000036C20 | 00 00 00 00 00 00 00 00  00 00 00 00 00 00 00 00  | ................
0000000000036C30 | 00 00 00 00 00 00 00 00  00 00 00 00 00 00 00 00  | ................
0000000000036C40 | 00 00 00 00 00 00 00 00  00 00 00 00 00 00 00 00  | ................
0000000000036C50 | 00 00 00 00 00 00 00 00  00 00 00 00 00 00 00 00  | ................
0000000000036C60 | 00 00 00 00 00 00 00 00  00 00 00 00 00 00 00 00  | ................
0000000000036C70 | 00 00 00 00 00 00 00 00  00 00 00 00 00 00 00 00  | ................
0000000000036C80 | 00 00 00 00 00 00 00 00  00 00 00 00 00 00 00 00  | ................
0000000000036C90 | 00 00 00 00 00 00 00 00  00 00 00 00 00 00 00 00  | ................
0000000000036CA0 | 00 00 00 00 00 00 00 00  00 00 00 00 00 00 00 00  | ................
0000000000036CB0 | 00 00 00 00 00 00 00 00  00 00 00 00 00 00 00 00  | ................
0000000000036CC0 | 00 00 00 00 00 00 00 00  00 00 00 00 00 00 00 00  | ................
0000000000036CD0 | 00 00 00 00 00 00 00 00  00 00 00 00 00 00 00 00  | ................
0000000000036CE0 | 00 00 00 00 00 00 00 00  00 00 00 00 00 00 00 00  | ................
0000000000036CF0 | 00 00 00 00 00 00 00 00  00 00 00 00 00 00 00 00  | ................
0000000000036D00 | 00 00 00 00 00 00 00 00  00 00 00 00 00 00 00 00  | ................
0000000000036D10 | 00 00 00 00 00 00 00 00  00 00 00 00 00 00 00 00  | ................
0000000000036D20 | 00 00 00 00 00 00 00 00  00 00 00 00 00 00 00 00  | ................
0000000000036D30 | 00 00 00 00 00 00 00 00  00 00 00 00 00 00 00 00  | ................
0000000000036D40 | 00 00 00 00 00 00 00 00  00 00 00 00 00 00 00 00  | ................
0000000000036D50 | 00 00 00 00 00 00 00 00  00 00 00 00 00 00 00 00  | ................
0000000000036D60 | 00 00 00 00 00 00 00 00  00 00 00 00 00 00 00 00  | ................
0000000000036D70 | 00 00 00 00 00 00 00 00  00 00 00 00 00 00 00 00  | ................
0000000000036D80 | 00 00 00 00 00 00 00 00  00 00 00 00 00 00 00 00  | ................
0000000000036D90 | 00 00 00 00 00 00 00 00  00 00 00 00 00 00 00 00  | ................
0000000000036DA0 | 00 00 00 00 00 00 00 00  00 00 00 00 00 00 00 00  | ................
0000000000036DB0 | 00 00 00 00 00 00 00 00  00 00 00 00 00 00 00 00  | ................
0000000000036DC0 | 00 00 00 00 00 00 00 00  00 00 00 00 00 00 00 00  | ................
0000000000036DD0 | 00 00 00 00 00 00 00 00  00 00 00 00 00 00 00 00  | ................
0000000000036DE0 | 00 00 00 00 00 00 00 00  00 00 00 00 00 00 00 00  | ................
0000000000036DF0 | 00 00 00 00 00 00 00 00  00 00 00 00 00 00 00 00  | ................
0000000000036E00 | 00 00 00 00 00 00 00 00  00 00 00 00 00 00 00 00  | ................
0000000000036E10 | 00 00 00 00 00 00 00 00  00 00 00 00 00 00 00 00  | ................
0000000000036E20 | 00 00 00 00 00 00 00 00  00 00 00 00 00 00 00 00  | ................
0000000000036E30 | 00 00 00 00 00 00 00 00  00 00 00 00 00 00 00 00  | ................
0000000000036E40 | 00 00 00 00 00 00 00 00  00 00 00 00 00 00 00 00  | ................
0000000000036E50 | 00 00 00 00 00 00 00 00  00 00 00 00 00 00 00 00  | ................
0000000000036E60 | 00 00 00 00 00 00 00 00  00 00 00 00 00 00 00 00  | ................
0000000000036E70 | 00 00 00 00 00 00 00 00  00 00 00 00 00 00 00 00  | ................
0000000000036E80 | 00 00 00 00 00 00 00 00  00 00 00 00 00 00 00 00  | ................
0000000000036E90 | 00 00 00 00 00 00 00 00  00 00 00 00 00 00 00 00  | ................
0000000000036EA0 | 00 00 00 00 00 00 00 00  00 00 00 00 00 00 00 00  | ................
0000000000036EB0 | 00 00 00 00 00 00 00 00  00 00 00 00 00 00 00 00  | ................
0000000000036EC0 | 00 00 00 00 00 00 00 00  00 00 00 00 00 00 00 00  | ................
0000000000036ED0 | 00 00 00 00 00 00 00 00  00 00 00 00 00 00 00 00  | ................
0000000000036EE0 | 00 00 00 00 00 00 00 00  00 00 00 00 00 00 00 00  | ................
0000000000036EF0 | 00 00 00 00 00 00 00 00  00 00 00 00 00 00 00 00  | ................
0000000000036F00 | 00 00 00 00 00 00 00 00  00 00 00 00 00 00 00 00  | ................
0000000000036F10 | 00 00 00 00 00 00 00 00  00 00 00 00 00 00 00 00  | ................
0000000000036F20 | 00 00 00 00 00 00 00 00  00 00 00 00 00 00 00 00  | ................
0000000000036F30 | 00 00 00 00 00 00 00 00  F2 92 01 00 00 00 00 00  | ................
0000000000036F40 | EC DE 00 00 00 00 00 00  00 00 00 00 00 00 00 00  | ................
0000000000036F50 | 00 00 00 00 00 00 00 00  00 00 00 00 00 00 00 00  | ................
0000000000036F60 | 00 00 00 00 00 00 00 00  00 00 00 00 00 00 00 00  | ................
0000000000036F70 | 00 00 00 00 00 00 00 00  00 00 00 00 00 00 00 00  | ................
0000000000036F80 | 00 00 00 00 00 00 00 00  00 00 00 00 00 00 00 00  | ................
0000000000036F90 | 00 00 00 00 00 00 00 00  00 00 00 00 00 00 00 00  | ................
0000000000036FA0 | 00 00 00 00 00 00 00 00  00 00 00 00 00 00 00 00  | ................
0000000000036FB0 | 00 00 00 00 00 00 00 00  19 00 C5 00 0B 00 00 00  | ................
0000000000036FC0 | 00 00 00 00 00 00 00 00  00 00 00 00 00 00 00 00  | ................
0000000000036FD0 | 00 00 00 00 00 00 00 00  00 00 00 00 00 00 00 00  | ................
0000000000036FE0 | 00 00 00 00 00 00 00 00  00 00 00 00 00 00 00 00  | ................
0000000000036FF0 | 00 00 00 00 00 00 00 00  00 00 00 00 00 00 00 00  | ................
0000000000037000 | 00 00 00 00 00 00 00 00  00 00 00 00 00 00 00 00  | ................
0000000000037010 | 00 00 00 00 00 00 00 00  00 00 00 00 00 00 00 00  | ................
0000000000037020 | 00 00 00 00 00 00 00 00  00 00 00 00 00 00 00 00  | ................
0000000000037030 | 00 00 00 00 00 00 00 00  00 00 00 00 00 00 00 00  | ................
0000000000037040 | 00 00 00 00 00 00 00 00  00 00 00 00 00 00 00 00  | ................
0000000000037050 | 00 00 00 00 00 00 00 00  00 00 00 00 00 00 00 00  | ................
0000000000037060 | 00 00 00 00 00 00 00 00  00 00 00 00 00 00 00 00  | ................
0000000000037070 | 00 00 00 00 00 00 00 00  00 00 00 00 00 00 00 00  | ................
0000000000037080 | 00 00 00 00 00 00 00 00  00 00 00 00 00 00 00 00  | ................
0000000000037090 | 00 00 00 00 00 00 00 00  00 00 00 00 00 00 00 00  | ................
00000000000370A0 | 00 00 00 00 00 00 00 00  00 00 00 00 00 00 00 00  | ................
00000000000370B0 | 00 00 00 00 00 00 00 00  00 00 00 00 00 00 00 00  | ................
00000000000370C0 | 00 00 00 00 00 00 00 00  00 00 00 00 00 00 00 00  | ................
00000000000370D0 | 00 00 00 00 00 00 00 00  00 00 00 00 00 00 00 00  | ................
00000000000370E0 | 00 00 00 00 00 00 00 00  00 00 00 00 00 00 00 00  | ................
00000000000370F0 | 00 00 00 00 00 00 00 00  00 00 00 00 00 00 00 00  | ................
0000000000037100 | 00 00 00 00 00 00 00 00  00 00 00 00 00 00 00 00  | ................
0000000000037110 | 00 00 00 00 00 00 00 00  00 00 00 00 00 00 00 00  | ................
0000000000037120 | 00 00 00 00 00 00 00 00  00 00 00 00 00 00 00 00  | ................
0000000000037130 | 00 00 00 00 00 00 00 00  00 00 00 00 00 00 00 00  | ................
0000000000037140 | 00 00 00 00 00 00 00 00  00 00 00 00 00 00 00 00  | ................
0000000000037150 | 00 00 00 00 00 00 00 00  00 00 00 00 00 00 00 00  | ................
0000000000037160 | 00 00 00 00 00 00 00 00  00 00 00 00 00 00 00 00  | ................
0000000000037170 | 00 00 00 00 00 00 00 00  00 00 00 00 00 00 00 00  | ................
0000000000037180 | 00 00 00 00 00 00 00 00  00 00 00 00 00 00 00 00  | ................
0000000000037190 | 00 00 00 00 00 00 00 00  00 00 00 00 00 00 00 00  | ................
00000000000371A0 | 00 00 00 00 00 00 00 00  00 00 00 00 00 00 00 00  | ................
00000000000371B0 | 00 00 00 00 00 00 00 00  00 00 00 00 00 00 00 00  | ................
00000000000371C0 | 00 00 00 00 00 00 00 00  00 00 00 00 00 00 00 00  | ................
00000000000371D0 | 00 00 00 00 00 00 00 00  00 00 00 00 00 00 00 00  | ................
00000000000371E0 | 00 00 00 00 00 00 00 00  00 00 00 00 00 00 00 00  | ................
00000000000371F0 | 00 00 00 00 00 00 00 00  00 00 00 00 00 00 00 00  | ................
0000000000037200 | 00 00 00 00 00 00 00 00  00 00 00 00 00 00 00 00  | ................
0000000000037210 | 00 00 00 00 00 00 00 00  00 00 00 00 00 00 00 00  | ................
0000000000037220 | 00 00 00 00 00 00 00 00  00 00 00 00 00 00 00 00  | ................
0000000000037230 | 00 00 00 00 00 00 00 00  00 00 00 00 00 00 00 00  | ................
0000000000037240 | 00 00 00 00 00 00 00 00  00 00 00 00 00 00 00 00  | ................
0000000000037250 | 00 00 00 00 00 00 00 00  00 00 00 00 00 00 00 00  | ................
0000000000037260 | 00 00 00 00 00 00 00 00  00 00 00 00 00 00 00 00  | ................
0000000000037270 | 00 00 00 00 00 00 00 00  00 00 00 00 00 00 00 00  | ................
0000000000037280 | 00 00 00 00 00 00 00 00  00 00 00 00 00 00 00 00  | ................
0000000000037290 | 00 00 00 00 00 00 00 00  00 00 00 00 00 00 00 00  | ................
00000000000372A0 | 00 00 00 00 00 00 00 00  00 00 00 00 00 00 00 00  | ................
00000000000372B0 | 00 00 00 00 00 00 00 00  00 00 00 00 00 00 00 00  | ................
00000000000372C0 | 00 00 00 00 00 00 00 00  00 00 00 00 00 00 00 00  | ................
00000000000372D0 | 00 00 00 00 00 00 00 00  00 00 00 00 00 00 00 00  | ................
00000000000372E0 | 00 00 00 00 00 00 00 00  00 00 00 00 00 00 00 00  | ................
00000000000372F0 | 00 00 00 00 00 00 00 00  00 00 00 00 00 00 00 00  | ................
0000000000037300 | 00 00 00 00 00 00 00 00  00 00 00 00 00 00 00 00  | ................
0000000000037310 | 00 00 00 00 00 00 00 00  00 00 00 00 00 00 00 00  | ................
0000000000037320 | 00 00 00 00 00 00 00 00  00 00 00 00 00 00 00 00  | ................
0000000000037330 | 00 00 00 00 00 00 00 00  00 00 00 00 00 00 00 00  | ................
0000000000037340 | 00 00 00 00 00 00 00 00  00 00 00 00 00 00 00 00  | ................
0000000000037350 | 00 00 00 00 00 00 00 00  00 00 00 00 00 00 00 00  | ................
0000000000037360 | 00 00 00 00 00 00 00 00  00 00 00 00 00 00 00 00  | ................
0000000000037370 | 00 00 00 00 00 00 00 00  2B 7F 01 00 00 00 00 00  | ........+.......
0000000000037380 | 14 DF 00 00 00 00 00 00  00 00 00 00 00 00 00 00  | ................
0000000000037390 | 00 00 00 00 00 00 00 00  00 00 00 00 00 00 00 00  | ................
00000000000373A0 | 00 00 00 00 00 00 00 00  00 00 00 00 00 00 00 00  | ................
00000000000373B0 | 00 00 00 00 00 00 00 00  00 00 00 00 00 00 00 00  | ................
00000000000373C0 | 00 00 00 00 00 00 00 00  00 00 00 00 00 00 00 00  | ................
00000000000373D0 | 00 00 00 00 00 00 00 00  00 00 00 00 00 00 00 00  | ................
00000000000373E0 | 00 00 00 00 00 00 00 00  00 00 00 00 00 00 00 00  | ................
00000000000373F0 | 00 00 00 00 00 00 00 00  19 00 02 00 0B 00 00 00  | ................
0000000000037400 | 00 00 00 00 00 00 00 00  20 00 00 00 00 00 00 00  | ........ .......
0000000000037410 | 30 80 01 00 00 00 00 00  00 00 00 00 00 00 00 00  | 0...............
0000000000037420 | 38 E1 03 00 00 00 00 00  00 00 00 50 00 00 00 00  | 8..........P....
0000000000037430 | 7C E5 00 00 00 00 00 00  00 74 03 00 00 00 00 00  | |........t......
0000000000037440 | 00 00 00 00 00 00 00 00  28 00 00 00 00 00 00 00  | ........(.......
0000000000037450 | 60 EA 00 00 00 00 00 00  70 EA 00 00 00 00 00 00  | `.......p.......
0000000000037460 | AE 86 01 00 00 00 00 00  00 00 00 00 00 00 00 00  | ................
0000000000037470 | 00 00 00 00 00 00 00 00  28 00 00 00 00 00 00 00  | ........(.......
0000000000037480 | E4 EA 00 00 00 00 00 00  F4 EA 00 00 00 00 00 00  | ................
0000000000037490 | AE 86 01 00 00 00 00 00  00 00 00 00 00 00 00 00  | ................
00000000000374A0 | 00 00 00 00 00 00 00 00  28 00 00 00 00 00 00 00  | ........(.......
00000000000374B0 | 2C EB 00 00 00 00 00 00  3C EB 00 00 00 00 00 00  | ,.......<.......
00000000000374C0 | CF 89 01 00 00 00 00 00  00 00 00 00 00 00 00 00  | ................
00000000000374D0 | 00 00 00 00 00 00 00 00  30 00 00 00 00 00 00 00  | ........0.......
00000000000374E0 | 30 EC 00 00 00 00 00 00  40 EC 00 00 00 00 00 00  | 0.......@.......
00000000000374F0 | F1 89 01 00 00 00 00 00  00 00 00 00 00 00 00 00  | ................
0000000000037500 | 00 00 00 00 00 00 00 00  20 00 00 00 00 00 00 00  | ........ .......
0000000000037510 | C7 8D 01 00 00 00 00 00  00 00 00 00 00 00 00 00  | ................
0000000000037520 | 38 E1 03 00 00 00 00 00  00 00 00 50 00 00 00 00  | 8..........P....
0000000000037530 | 30 EE 00 00 00 00 00 00  00 75 03 00 00 00 00 00  | 0........u......
0000000000037540 | 00 00 00 00 00 00 00 00  28 00 00 00 00 00 00 00  | ........(.......
0000000000037550 | C4 F2 00 00 00 00 00 00  D4 F2 00 00 00 00 00 00  | ................
0000000000037560 | 30 97 01 00 00 00 00 00  00 00 00 00 00 00 00 00  | 0...............
0000000000037570 | D0 A7 03 00 00 00 00 00  F0 A7 03 00 00 00 00 00  | ................
0000000000037580 | 10 A8 03 00 00 00 00 00  70 8D 03 00 00 00 00 00  | ........p.......
0000000000037590 | 30 A8 03 00 00 00 00 00  50 A8 03 00 00 00 00 00  | 0.......P.......
00000000000375A0 | 00 00 00 00 00 00 00 00  30 00 00 00 00 00 00 00  | ........0.......
00000000000375B0 | 54 F3 00 00 00 00 00 00  90 F3 00 00 00 00 00 00  | T...............
00000000000375C0 | AE 86 01 00 00 00 00 00  00 00 00 00 00 00 00 00  | ................
00000000000375D0 | 00 00 00 00 00 00 00 00  30 00 00 00 00 00 00 00  | ........0.......
00000000000375E0 | 28 F4 00 00 00 00 00 00  64 F4 00 00 00 00 00 00  | (.......d.......
00000000000375F0 | 30 97 01 00 00 00 00 00  00 00 00 00 00 00 00 00  | 0...............
0000000000037600 | 00 00 00 00 00 00 00 00  28 00 00 00 00 00 00 00  | ........(.......
0000000000037610 | AE 86 01 00 00 00 00 00  00 00 00 00 00 00 00 00  | ................
0000000000037620 | 00 00 00 00 00 00 00 00  28 00 00 00 00 00 00 00  | ........(.......
0000000000037630 | 30 80 01 00 00 00 00 00  00 00 00 00 00 00 00 00  | 0...............
0000000000037640 | 00 00 00 00 00 00 00 00  20 00 00 00 00 00 00 00  | ........ .......
0000000000037650 | 30 80 01 00 00 00 00 00  00 00 00 00 00 00 00 00  | 0...............
0000000000037660 | 38 E1 03 00 00 00 00 00  00 00 00 50 00 00 00 00  | 8..........P....
0000000000037670 | D8 07 01 00 00 00 00 00  40 76 03 00 00 00 00 00  | ........@v......
0000000000037680 | 00 00 00 00 00 00 00 00  28 00 00 00 00 00 00 00  | ........(.......
0000000000037690 | 24 0E 01 00 00 00 00 00  34 0E 01 00 00 00 00 00  | $.......4.......
00000000000376A0 | AE 86 01 00 00 00 00 00  00 00 00 00 00 00 00 00  | ................
00000000000376B0 | 00 00 00 00 00 00 00 00  28 00 00 00 00 00 00 00  | ........(.......
00000000000376C0 | 40 0E 01 00 00 00 00 00  50 0E 01 00 00 00 00 00  | @.......P.......
00000000000376D0 | 30 97 01 00 00 00 00 00  00 00 00 00 00 00 00 00  | 0...............
00000000000376E0 | 00 00 00 00 00 00 00 00  44 00 00 00 00 00 00 00  | ........D.......
00000000000376F0 | 08 10 01 00 00 00 00 00  54 10 01 00 00 00 00 00  | ........T.......
0000000000037700 | C8 58 01 00 00 00 00 00  00 00 00 00 00 00 00 00  | .X..............
0000000000037710 | 00 00 00 00 00 00 00 00  40 00 00 00 00 00 00 00  | ........@.......
0000000000037720 | F4 12 01 00 00 00 00 00  40 13 01 00 00 00 00 00  | ........@.......
0000000000037730 | F1 89 01 00 00 00 00 00  00 00 00 00 00 00 00 00  | ................
0000000000037740 | 00 00 00 00 00 00 00 00  30 00 00 00 00 00 00 00  | ........0.......
0000000000037750 | C8 13 01 00 00 00 00 00  04 14 01 00 00 00 00 00  | ................
0000000000037760 | C8 58 01 00 00 00 00 00  00 00 00 00 00 00 00 00  | .X..............
0000000000037770 | 50 BE 03 00 00 00 00 00  70 BE 03 00 00 00 00 00  | P.......p.......
0000000000037780 | 90 BE 03 00 00 00 00 00  00 00 00 00 00 00 00 00  | ................
0000000000037790 | 00 00 00 00 00 00 00 00  28 00 00 00 00 00 00 00  | ........(.......
00000000000377A0 | AE 86 01 00 00 00 00 00  00 00 00 00 00 00 00 00  | ................
00000000000377B0 | 00 00 00 00 00 00 00 00  20 00 00 00 00 00 00 00  | ........ .......
00000000000377C0 | C8 58 01 00 00 00 00 00  00 00 00 00 00 00 00 00  | .X..............
00000000000377D0 | 38 E1 03 00 00 00 00 00  00 00 00 50 00 00 00 00  | 8..........P....
00000000000377E0 | 00 1F 01 00 00 00 00 00  B0 77 03 00 00 00 00 00  | .........w......
00000000000377F0 | 00 00 00 00 00 00 00 00  20 00 00 00 00 00 00 00  | ........ .......
0000000000037800 | C8 58 01 00 00 00 00 00  00 00 00 00 00 00 00 00  | .X..............
0000000000037810 | 38 E1 03 00 00 00 00 00  00 00 00 50 00 00 00 00  | 8..........P....
0000000000037820 | D0 20 01 00 00 00 00 00  F0 77 03 00 00 00 00 00  | . .......w......
0000000000037830 | 00 00 00 00 00 00 00 00  28 00 00 00 00 00 00 00  | ........(.......
0000000000037840 | D8 22 01 00 00 00 00 00  E8 22 01 00 00 00 00 00  | ."......."......
0000000000037850 | AE 86 01 00 00 00 00 00  00 00 00 00 00 00 00 00  | ................
0000000000037860 | 00 00 00 00 00 00 00 00  28 00 00 00 00 00 00 00  | ........(.......
0000000000037870 | 18 24 01 00 00 00 00 00  28 24 01 00 00 00 00 00  | .$......($......
0000000000037880 | 30 97 01 00 00 00 00 00  00 00 00 00 00 00 00 00  | 0...............
0000000000037890 | 00 00 00 00 00 00 00 00  55 00 00 00 00 00 00 00  | ........U.......
00000000000378A0 | F0 2B 01 00 00 00 00 00  00 2C 01 00 00 00 00 00  | .+.......,......
00000000000378B0 | A6 AE 01 00 00 00 00 00  00 00 00 00 00 00 00 00  | ................
00000000000378C0 | 00 00 00 00 00 00 00 00  2C 00 00 00 00 00 00 00  | ........,.......
00000000000378D0 | C9 63 01 00 00 00 00 00  00 00 00 00 00 00 00 00  | .c..............
00000000000378E0 | 00 00 00 00 00 00 00 00  28 00 00 00 00 00 00 00  | ........(.......
00000000000378F0 | 4A 5A 01 00 00 00 00 00  00 00 00 00 00 00 00 00  | JZ..............
0000000000037900 | 00 00 00 00 00 00 00 00  4B 00 00 00 00 00 00 00  | ........K.......
0000000000037910 | 24 30 01 00 00 00 00 00  60 30 01 00 00 00 00 00  | $0......`0......
0000000000037920 | AE 86 01 00 00 00 00 00  00 00 00 00 00 00 00 00  | ................
0000000000037930 | 00 00 00 00 00 00 00 00  20 00 00 00 00 00 00 00  | ........ .......
0000000000037940 | 37 B1 01 00 00 00 00 00  00 00 00 00 00 00 00 00  | 7...............
0000000000037950 | 38 E1 03 00 00 00 00 00  00 00 00 50 00 00 00 00  | 8..........P....
0000000000037960 | 9C 39 01 00 00 00 00 00  30 79 03 00 00 00 00 00  | .9......0y......
0000000000037970 | 00 00 00 00 00 00 00 00  20 00 00 00 00 00 00 00  | ........ .......
0000000000037980 | C8 58 01 00 00 00 00 00  00 00 00 00 00 00 00 00  | .X..............
0000000000037990 | 38 E1 03 00 00 00 00 00  00 00 00 50 00 00 00 00  | 8..........P....
00000000000379A0 | A8 3C 01 00 00 00 00 00  70 79 03 00 00 00 00 00  | .<......py......
00000000000379B0 | 00 00 00 00 00 00 00 00  2C 00 00 00 00 00 00 00  | ........,.......
00000000000379C0 | 79 B3 01 00 00 00 00 00  00 00 00 00 00 00 00 00  | y...............
00000000000379D0 | B0 A0 03 00 00 00 00 00  D0 A0 03 00 00 00 00 00  | ................
00000000000379E0 | D0 AF 03 00 00 00 00 00  F0 AF 03 00 00 00 00 00  | ................
00000000000379F0 | 50 B4 03 00 00 00 00 00  70 B4 03 00 00 00 00 00  | P.......p.......
0000000000037A00 | 90 A3 03 00 00 00 00 00  90 AF 03 00 00 00 00 00  | ................
0000000000037A10 | 10 8D 03 00 00 00 00 00  30 8D 03 00 00 00 00 00  | ........0.......
0000000000037A20 | 70 99 03 00 00 00 00 00  90 99 03 00 00 00 00 00  | p...............
0000000000037A30 | D0 B7 03 00 00 00 00 00  F0 B7 03 00 00 00 00 00  | ................
0000000000037A40 | 70 AD 03 00 00 00 00 00  90 AD 03 00 00 00 00 00  | p...............
0000000000037A50 | D0 93 03 00 00 00 00 00  F0 93 03 00 00 00 00 00  | ................
0000000000037A60 | D0 90 03 00 00 00 00 00  F0 90 03 00 00 00 00 00  | ................
0000000000037A70 | 00 00 00 00 00 00 00 00  00 00 00 00 00 00 00 00  | ................
0000000000037A80 | 00 00 00 00 00 00 00 00  30 00 00 00 00 00 00 00  | ........0.......
0000000000037A90 | D0 45 01 00 00 00 00 00  E0 45 01 00 00 00 00 00  | .E.......E......
0000000000037AA0 | 79 B3 01 00 00 00 00 00  00 00 00 00 00 00 00 00  | y...............
0000000000037AB0 | 00 00 00 00 00 00 00 00  20 00 00 00 00 00 00 00  | ........ .......
0000000000037AC0 | C8 58 01 00 00 00 00 00  00 00 00 00 00 00 00 00  | .X..............
0000000000037AD0 | 38 E1 03 00 00 00 00 00  00 00 00 50 00 00 00 00  | 8..........P....
0000000000037AE0 | EC 45 01 00 00 00 00 00  B0 7A 03 00 00 00 00 00  | .E.......z......
