# Memory dump: 0x37af0 - 0x3c270
# Segment: __cfstring
#============================================================================

# Address        | Hex Bytes                                       | ASCII
#----------------------------------------------------------------------------
0000000000037AF0 | E0 DD 03 00 00 00 00 00  C8 07 00 00 00 00 00 00  | ................
0000000000037B00 | B8 56 01 00 00 00 00 00  1A 00 00 00 00 00 00 00  | .V..............
0000000000037B10 | E0 DD 03 00 00 00 00 00  C8 07 00 00 00 00 00 00  | ................
0000000000037B20 | 0F 57 01 00 00 00 00 00  32 00 00 00 00 00 00 00  | .W......2.......
0000000000037B30 | E0 DD 03 00 00 00 00 00  C8 07 00 00 00 00 00 00  | ................
0000000000037B40 | 42 57 01 00 00 00 00 00  2C 00 00 00 00 00 00 00  | BW......,.......
0000000000037B50 | E0 DD 03 00 00 00 00 00  C8 07 00 00 00 00 00 00  | ................
0000000000037B60 | 6F 57 01 00 00 00 00 00  1F 00 00 00 00 00 00 00  | oW..............
0000000000037B70 | E0 DD 03 00 00 00 00 00  C8 07 00 00 00 00 00 00  | ................
0000000000037B80 | 8F 57 01 00 00 00 00 00  22 00 00 00 00 00 00 00  | .W......".......
0000000000037B90 | E0 DD 03 00 00 00 00 00  C8 07 00 00 00 00 00 00  | ................
0000000000037BA0 | B2 57 01 00 00 00 00 00  23 00 00 00 00 00 00 00  | .W......#.......
0000000000037BB0 | E0 DD 03 00 00 00 00 00  C8 07 00 00 00 00 00 00  | ................
0000000000037BC0 | 22 58 01 00 00 00 00 00  18 00 00 00 00 00 00 00  | "X..............
0000000000037BD0 | E0 DD 03 00 00 00 00 00  C8 07 00 00 00 00 00 00  | ................
0000000000037BE0 | 3B 58 01 00 00 00 00 00  13 00 00 00 00 00 00 00  | ;X..............
0000000000037BF0 | E0 DD 03 00 00 00 00 00  C8 07 00 00 00 00 00 00  | ................
0000000000037C00 | 4F 58 01 00 00 00 00 00  2A 00 00 00 00 00 00 00  | OX......*.......
0000000000037C10 | E0 DD 03 00 00 00 00 00  C8 07 00 00 00 00 00 00  | ................
0000000000037C20 | 7A 58 01 00 00 00 00 00  29 00 00 00 00 00 00 00  | zX......).......
0000000000037C30 | E0 DD 03 00 00 00 00 00  C8 07 00 00 00 00 00 00  | ................
0000000000037C40 | AD 58 01 00 00 00 00 00  1A 00 00 00 00 00 00 00  | .X..............
0000000000037C50 | E0 DD 03 00 00 00 00 00  C8 07 00 00 00 00 00 00  | ................
0000000000037C60 | D9 58 01 00 00 00 00 00  1B 00 00 00 00 00 00 00  | .X..............
0000000000037C70 | E0 DD 03 00 00 00 00 00  C8 07 00 00 00 00 00 00  | ................
0000000000037C80 | 14 59 01 00 00 00 00 00  1A 00 00 00 00 00 00 00  | .Y..............
0000000000037C90 | E0 DD 03 00 00 00 00 00  C8 07 00 00 00 00 00 00  | ................
0000000000037CA0 | 45 59 01 00 00 00 00 00  0C 00 00 00 00 00 00 00  | EY..............
0000000000037CB0 | E0 DD 03 00 00 00 00 00  C8 07 00 00 00 00 00 00  | ................
0000000000037CC0 | 52 59 01 00 00 00 00 00  04 00 00 00 00 00 00 00  | RY..............
0000000000037CD0 | E0 DD 03 00 00 00 00 00  C8 07 00 00 00 00 00 00  | ................
0000000000037CE0 | 57 59 01 00 00 00 00 00  0C 00 00 00 00 00 00 00  | WY..............
0000000000037CF0 | E0 DD 03 00 00 00 00 00  C8 07 00 00 00 00 00 00  | ................
0000000000037D00 | 64 59 01 00 00 00 00 00  02 00 00 00 00 00 00 00  | dY..............
0000000000037D10 | E0 DD 03 00 00 00 00 00  C8 07 00 00 00 00 00 00  | ................
0000000000037D20 | 67 59 01 00 00 00 00 00  19 00 00 00 00 00 00 00  | gY..............
0000000000037D30 | E0 DD 03 00 00 00 00 00  C8 07 00 00 00 00 00 00  | ................
0000000000037D40 | 81 59 01 00 00 00 00 00  16 00 00 00 00 00 00 00  | .Y..............
0000000000037D50 | E0 DD 03 00 00 00 00 00  C8 07 00 00 00 00 00 00  | ................
0000000000037D60 | 98 59 01 00 00 00 00 00  3E 00 00 00 00 00 00 00  | .Y......>.......
0000000000037D70 | E0 DD 03 00 00 00 00 00  C8 07 00 00 00 00 00 00  | ................
0000000000037D80 | D7 59 01 00 00 00 00 00  0D 00 00 00 00 00 00 00  | .Y..............
0000000000037D90 | E0 DD 03 00 00 00 00 00  C8 07 00 00 00 00 00 00  | ................
0000000000037DA0 | F1 59 01 00 00 00 00 00  14 00 00 00 00 00 00 00  | .Y..............
0000000000037DB0 | E0 DD 03 00 00 00 00 00  C8 07 00 00 00 00 00 00  | ................
0000000000037DC0 | 06 5A 01 00 00 00 00 00  20 00 00 00 00 00 00 00  | .Z...... .......
0000000000037DD0 | E0 DD 03 00 00 00 00 00  C8 07 00 00 00 00 00 00  | ................
0000000000037DE0 | 27 5A 01 00 00 00 00 00  22 00 00 00 00 00 00 00  | 'Z......".......
0000000000037DF0 | E0 DD 03 00 00 00 00 00  C8 07 00 00 00 00 00 00  | ................
0000000000037E00 | 5C 5A 01 00 00 00 00 00  0F 00 00 00 00 00 00 00  | \Z..............
0000000000037E10 | E0 DD 03 00 00 00 00 00  C8 07 00 00 00 00 00 00  | ................
0000000000037E20 | 71 5A 01 00 00 00 00 00  16 00 00 00 00 00 00 00  | qZ..............
0000000000037E30 | E0 DD 03 00 00 00 00 00  C8 07 00 00 00 00 00 00  | ................
0000000000037E40 | 88 5A 01 00 00 00 00 00  30 00 00 00 00 00 00 00  | .Z......0.......
0000000000037E50 | E0 DD 03 00 00 00 00 00  C8 07 00 00 00 00 00 00  | ................
0000000000037E60 | B9 5A 01 00 00 00 00 00  4D 00 00 00 00 00 00 00  | .Z......M.......
0000000000037E70 | E0 DD 03 00 00 00 00 00  C8 07 00 00 00 00 00 00  | ................
0000000000037E80 | 07 5B 01 00 00 00 00 00  48 00 00 00 00 00 00 00  | .[......H.......
0000000000037E90 | E0 DD 03 00 00 00 00 00  C8 07 00 00 00 00 00 00  | ................
0000000000037EA0 | 50 5B 01 00 00 00 00 00  15 00 00 00 00 00 00 00  | P[..............
0000000000037EB0 | E0 DD 03 00 00 00 00 00  C8 07 00 00 00 00 00 00  | ................
0000000000037EC0 | 66 5B 01 00 00 00 00 00  16 00 00 00 00 00 00 00  | f[..............
0000000000037ED0 | E0 DD 03 00 00 00 00 00  C8 07 00 00 00 00 00 00  | ................
0000000000037EE0 | 7D 5B 01 00 00 00 00 00  25 00 00 00 00 00 00 00  | }[......%.......
0000000000037EF0 | E0 DD 03 00 00 00 00 00  C8 07 00 00 00 00 00 00  | ................
0000000000037F00 | A3 5B 01 00 00 00 00 00  15 00 00 00 00 00 00 00  | .[..............
0000000000037F10 | E0 DD 03 00 00 00 00 00  C8 07 00 00 00 00 00 00  | ................
0000000000037F20 | B9 5B 01 00 00 00 00 00  26 00 00 00 00 00 00 00  | .[......&.......
0000000000037F30 | E0 DD 03 00 00 00 00 00  C8 07 00 00 00 00 00 00  | ................
0000000000037F40 | E0 5B 01 00 00 00 00 00  32 00 00 00 00 00 00 00  | .[......2.......
0000000000037F50 | E0 DD 03 00 00 00 00 00  C8 07 00 00 00 00 00 00  | ................
0000000000037F60 | 13 5C 01 00 00 00 00 00  24 00 00 00 00 00 00 00  | .\......$.......
0000000000037F70 | E0 DD 03 00 00 00 00 00  C8 07 00 00 00 00 00 00  | ................
0000000000037F80 | 38 5C 01 00 00 00 00 00  16 00 00 00 00 00 00 00  | 8\..............
0000000000037F90 | E0 DD 03 00 00 00 00 00  C8 07 00 00 00 00 00 00  | ................
0000000000037FA0 | 4F 5C 01 00 00 00 00 00  0C 00 00 00 00 00 00 00  | O\..............
0000000000037FB0 | E0 DD 03 00 00 00 00 00  C8 07 00 00 00 00 00 00  | ................
0000000000037FC0 | 5C 5C 01 00 00 00 00 00  09 00 00 00 00 00 00 00  | \\..............
0000000000037FD0 | E0 DD 03 00 00 00 00 00  C8 07 00 00 00 00 00 00  | ................
0000000000037FE0 | 66 5C 01 00 00 00 00 00  0A 00 00 00 00 00 00 00  | f\..............
0000000000037FF0 | E0 DD 03 00 00 00 00 00  C8 07 00 00 00 00 00 00  | ................
0000000000038000 | 71 5C 01 00 00 00 00 00  09 00 00 00 00 00 00 00  | q\..............
0000000000038010 | E0 DD 03 00 00 00 00 00  C8 07 00 00 00 00 00 00  | ................
0000000000038020 | 7B 5C 01 00 00 00 00 00  24 00 00 00 00 00 00 00  | {\......$.......
0000000000038030 | E0 DD 03 00 00 00 00 00  C8 07 00 00 00 00 00 00  | ................
0000000000038040 | E4 5C 01 00 00 00 00 00  3E 00 00 00 00 00 00 00  | .\......>.......
0000000000038050 | E0 DD 03 00 00 00 00 00  C8 07 00 00 00 00 00 00  | ................
0000000000038060 | 5C 5D 01 00 00 00 00 00  4E 00 00 00 00 00 00 00  | \]......N.......
0000000000038070 | E0 DD 03 00 00 00 00 00  C8 07 00 00 00 00 00 00  | ................
0000000000038080 | AB 5D 01 00 00 00 00 00  37 00 00 00 00 00 00 00  | .]......7.......
0000000000038090 | E0 DD 03 00 00 00 00 00  C8 07 00 00 00 00 00 00  | ................
00000000000380A0 | E3 5D 01 00 00 00 00 00  1C 00 00 00 00 00 00 00  | .]..............
00000000000380B0 | E0 DD 03 00 00 00 00 00  C8 07 00 00 00 00 00 00  | ................
00000000000380C0 | 00 5E 01 00 00 00 00 00  2A 00 00 00 00 00 00 00  | .^......*.......
00000000000380D0 | E0 DD 03 00 00 00 00 00  C8 07 00 00 00 00 00 00  | ................
00000000000380E0 | 2B 5E 01 00 00 00 00 00  29 00 00 00 00 00 00 00  | +^......).......
00000000000380F0 | E0 DD 03 00 00 00 00 00  C8 07 00 00 00 00 00 00  | ................
0000000000038100 | 55 5E 01 00 00 00 00 00  15 00 00 00 00 00 00 00  | U^..............
0000000000038110 | E0 DD 03 00 00 00 00 00  C8 07 00 00 00 00 00 00  | ................
0000000000038120 | 6B 5E 01 00 00 00 00 00  16 00 00 00 00 00 00 00  | k^..............
0000000000038130 | E0 DD 03 00 00 00 00 00  C8 07 00 00 00 00 00 00  | ................
0000000000038140 | 82 5E 01 00 00 00 00 00  23 00 00 00 00 00 00 00  | .^......#.......
0000000000038150 | E0 DD 03 00 00 00 00 00  C8 07 00 00 00 00 00 00  | ................
0000000000038160 | A6 5E 01 00 00 00 00 00  16 00 00 00 00 00 00 00  | .^..............
0000000000038170 | E0 DD 03 00 00 00 00 00  C8 07 00 00 00 00 00 00  | ................
0000000000038180 | BD 5E 01 00 00 00 00 00  13 00 00 00 00 00 00 00  | .^..............
0000000000038190 | E0 DD 03 00 00 00 00 00  C8 07 00 00 00 00 00 00  | ................
00000000000381A0 | D1 5E 01 00 00 00 00 00  13 00 00 00 00 00 00 00  | .^..............
00000000000381B0 | E0 DD 03 00 00 00 00 00  C8 07 00 00 00 00 00 00  | ................
00000000000381C0 | E5 5E 01 00 00 00 00 00  14 00 00 00 00 00 00 00  | .^..............
00000000000381D0 | E0 DD 03 00 00 00 00 00  C8 07 00 00 00 00 00 00  | ................
00000000000381E0 | FA 5E 01 00 00 00 00 00  11 00 00 00 00 00 00 00  | .^..............
00000000000381F0 | E0 DD 03 00 00 00 00 00  C8 07 00 00 00 00 00 00  | ................
0000000000038200 | 0C 5F 01 00 00 00 00 00  12 00 00 00 00 00 00 00  | ._..............
0000000000038210 | E0 DD 03 00 00 00 00 00  C8 07 00 00 00 00 00 00  | ................
0000000000038220 | 1F 5F 01 00 00 00 00 00  11 00 00 00 00 00 00 00  | ._..............
0000000000038230 | E0 DD 03 00 00 00 00 00  C8 07 00 00 00 00 00 00  | ................
0000000000038240 | 31 5F 01 00 00 00 00 00  12 00 00 00 00 00 00 00  | 1_..............
0000000000038250 | E0 DD 03 00 00 00 00 00  C8 07 00 00 00 00 00 00  | ................
0000000000038260 | 44 5F 01 00 00 00 00 00  13 00 00 00 00 00 00 00  | D_..............
0000000000038270 | E0 DD 03 00 00 00 00 00  C8 07 00 00 00 00 00 00  | ................
0000000000038280 | AE 5F 01 00 00 00 00 00  1C 00 00 00 00 00 00 00  | ._..............
0000000000038290 | E0 DD 03 00 00 00 00 00  C8 07 00 00 00 00 00 00  | ................
00000000000382A0 | 06 60 01 00 00 00 00 00  1D 00 00 00 00 00 00 00  | .`..............
00000000000382B0 | E0 DD 03 00 00 00 00 00  C8 07 00 00 00 00 00 00  | ................
00000000000382C0 | 24 60 01 00 00 00 00 00  34 00 00 00 00 00 00 00  | $`......4.......
00000000000382D0 | E0 DD 03 00 00 00 00 00  C8 07 00 00 00 00 00 00  | ................
00000000000382E0 | 66 60 01 00 00 00 00 00  16 00 00 00 00 00 00 00  | f`..............
00000000000382F0 | E0 DD 03 00 00 00 00 00  C8 07 00 00 00 00 00 00  | ................
0000000000038300 | 7D 60 01 00 00 00 00 00  29 00 00 00 00 00 00 00  | }`......).......
0000000000038310 | E0 DD 03 00 00 00 00 00  C8 07 00 00 00 00 00 00  | ................
0000000000038320 | A7 60 01 00 00 00 00 00  30 00 00 00 00 00 00 00  | .`......0.......
0000000000038330 | E0 DD 03 00 00 00 00 00  C8 07 00 00 00 00 00 00  | ................
0000000000038340 | D8 60 01 00 00 00 00 00  35 00 00 00 00 00 00 00  | .`......5.......
0000000000038350 | E0 DD 03 00 00 00 00 00  C8 07 00 00 00 00 00 00  | ................
0000000000038360 | 0E 61 01 00 00 00 00 00  38 00 00 00 00 00 00 00  | .a......8.......
0000000000038370 | E0 DD 03 00 00 00 00 00  C8 07 00 00 00 00 00 00  | ................
0000000000038380 | 47 61 01 00 00 00 00 00  3B 00 00 00 00 00 00 00  | Ga......;.......
0000000000038390 | E0 DD 03 00 00 00 00 00  C8 07 00 00 00 00 00 00  | ................
00000000000383A0 | 83 61 01 00 00 00 00 00  29 00 00 00 00 00 00 00  | .a......).......
00000000000383B0 | E0 DD 03 00 00 00 00 00  C8 07 00 00 00 00 00 00  | ................
00000000000383C0 | AD 61 01 00 00 00 00 00  16 00 00 00 00 00 00 00  | .a..............
00000000000383D0 | E0 DD 03 00 00 00 00 00  C8 07 00 00 00 00 00 00  | ................
00000000000383E0 | 95 78 01 00 00 00 00 00  1D 00 00 00 00 00 00 00  | .x..............
00000000000383F0 | E0 DD 03 00 00 00 00 00  C8 07 00 00 00 00 00 00  | ................
0000000000038400 | C4 61 01 00 00 00 00 00  26 00 00 00 00 00 00 00  | .a......&.......
0000000000038410 | E0 DD 03 00 00 00 00 00  C8 07 00 00 00 00 00 00  | ................
0000000000038420 | EB 61 01 00 00 00 00 00  24 00 00 00 00 00 00 00  | .a......$.......
0000000000038430 | E0 DD 03 00 00 00 00 00  C8 07 00 00 00 00 00 00  | ................
0000000000038440 | 10 62 01 00 00 00 00 00  26 00 00 00 00 00 00 00  | .b......&.......
0000000000038450 | E0 DD 03 00 00 00 00 00  C8 07 00 00 00 00 00 00  | ................
0000000000038460 | 37 62 01 00 00 00 00 00  29 00 00 00 00 00 00 00  | 7b......).......
0000000000038470 | E0 DD 03 00 00 00 00 00  C8 07 00 00 00 00 00 00  | ................
0000000000038480 | 61 62 01 00 00 00 00 00  28 00 00 00 00 00 00 00  | ab......(.......
0000000000038490 | E0 DD 03 00 00 00 00 00  C8 07 00 00 00 00 00 00  | ................
00000000000384A0 | 8A 62 01 00 00 00 00 00  30 00 00 00 00 00 00 00  | .b......0.......
00000000000384B0 | E0 DD 03 00 00 00 00 00  C8 07 00 00 00 00 00 00  | ................
00000000000384C0 | BB 62 01 00 00 00 00 00  46 00 00 00 00 00 00 00  | .b......F.......
00000000000384D0 | E0 DD 03 00 00 00 00 00  C8 07 00 00 00 00 00 00  | ................
00000000000384E0 | 02 63 01 00 00 00 00 00  24 00 00 00 00 00 00 00  | .c......$.......
00000000000384F0 | E0 DD 03 00 00 00 00 00  C8 07 00 00 00 00 00 00  | ................
0000000000038500 | 27 63 01 00 00 00 00 00  33 00 00 00 00 00 00 00  | 'c......3.......
0000000000038510 | E0 DD 03 00 00 00 00 00  C8 07 00 00 00 00 00 00  | ................
0000000000038520 | 5B 63 01 00 00 00 00 00  24 00 00 00 00 00 00 00  | [c......$.......
0000000000038530 | E0 DD 03 00 00 00 00 00  C8 07 00 00 00 00 00 00  | ................
0000000000038540 | 80 63 01 00 00 00 00 00  27 00 00 00 00 00 00 00  | .c......'.......
0000000000038550 | E0 DD 03 00 00 00 00 00  C8 07 00 00 00 00 00 00  | ................
0000000000038560 | A8 63 01 00 00 00 00 00  20 00 00 00 00 00 00 00  | .c...... .......
0000000000038570 | E0 DD 03 00 00 00 00 00  C8 07 00 00 00 00 00 00  | ................
0000000000038580 | FC 63 01 00 00 00 00 00  05 00 00 00 00 00 00 00  | .c..............
0000000000038590 | E0 DD 03 00 00 00 00 00  C8 07 00 00 00 00 00 00  | ................
00000000000385A0 | 02 64 01 00 00 00 00 00  05 00 00 00 00 00 00 00  | .d..............
00000000000385B0 | E0 DD 03 00 00 00 00 00  C8 07 00 00 00 00 00 00  | ................
00000000000385C0 | 08 64 01 00 00 00 00 00  03 00 00 00 00 00 00 00  | .d..............
00000000000385D0 | E0 DD 03 00 00 00 00 00  C8 07 00 00 00 00 00 00  | ................
00000000000385E0 | 0C 64 01 00 00 00 00 00  06 00 00 00 00 00 00 00  | .d..............
00000000000385F0 | E0 DD 03 00 00 00 00 00  C8 07 00 00 00 00 00 00  | ................
0000000000038600 | 13 64 01 00 00 00 00 00  04 00 00 00 00 00 00 00  | .d..............
0000000000038610 | E0 DD 03 00 00 00 00 00  C8 07 00 00 00 00 00 00  | ................
0000000000038620 | 18 64 01 00 00 00 00 00  04 00 00 00 00 00 00 00  | .d..............
0000000000038630 | E0 DD 03 00 00 00 00 00  C8 07 00 00 00 00 00 00  | ................
0000000000038640 | 1D 64 01 00 00 00 00 00  06 00 00 00 00 00 00 00  | .d..............
0000000000038650 | E0 DD 03 00 00 00 00 00  C8 07 00 00 00 00 00 00  | ................
0000000000038660 | 24 64 01 00 00 00 00 00  04 00 00 00 00 00 00 00  | $d..............
0000000000038670 | E0 DD 03 00 00 00 00 00  C8 07 00 00 00 00 00 00  | ................
0000000000038680 | 29 64 01 00 00 00 00 00  07 00 00 00 00 00 00 00  | )d..............
0000000000038690 | E0 DD 03 00 00 00 00 00  C8 07 00 00 00 00 00 00  | ................
00000000000386A0 | 31 64 01 00 00 00 00 00  30 00 00 00 00 00 00 00  | 1d......0.......
00000000000386B0 | E0 DD 03 00 00 00 00 00  C8 07 00 00 00 00 00 00  | ................
00000000000386C0 | 62 64 01 00 00 00 00 00  24 00 00 00 00 00 00 00  | bd......$.......
00000000000386D0 | E0 DD 03 00 00 00 00 00  C8 07 00 00 00 00 00 00  | ................
00000000000386E0 | FD 64 01 00 00 00 00 00  35 00 00 00 00 00 00 00  | .d......5.......
00000000000386F0 | E0 DD 03 00 00 00 00 00  C8 07 00 00 00 00 00 00  | ................
0000000000038700 | 33 65 01 00 00 00 00 00  3B 00 00 00 00 00 00 00  | 3e......;.......
0000000000038710 | E0 DD 03 00 00 00 00 00  C8 07 00 00 00 00 00 00  | ................
0000000000038720 | 6F 65 01 00 00 00 00 00  2B 00 00 00 00 00 00 00  | oe......+.......
0000000000038730 | E0 DD 03 00 00 00 00 00  C8 07 00 00 00 00 00 00  | ................
0000000000038740 | 9B 65 01 00 00 00 00 00  28 00 00 00 00 00 00 00  | .e......(.......
0000000000038750 | E0 DD 03 00 00 00 00 00  C8 07 00 00 00 00 00 00  | ................
0000000000038760 | C4 65 01 00 00 00 00 00  2F 00 00 00 00 00 00 00  | .e....../.......
0000000000038770 | E0 DD 03 00 00 00 00 00  C8 07 00 00 00 00 00 00  | ................
0000000000038780 | F4 65 01 00 00 00 00 00  1C 00 00 00 00 00 00 00  | .e..............
0000000000038790 | E0 DD 03 00 00 00 00 00  C8 07 00 00 00 00 00 00  | ................
00000000000387A0 | 11 66 01 00 00 00 00 00  16 00 00 00 00 00 00 00  | .f..............
00000000000387B0 | E0 DD 03 00 00 00 00 00  C8 07 00 00 00 00 00 00  | ................
00000000000387C0 | 5F 7F 01 00 00 00 00 00  16 00 00 00 00 00 00 00  | _...............
00000000000387D0 | E0 DD 03 00 00 00 00 00  C8 07 00 00 00 00 00 00  | ................
00000000000387E0 | 76 7F 01 00 00 00 00 00  0D 00 00 00 00 00 00 00  | v...............
00000000000387F0 | E0 DD 03 00 00 00 00 00  C8 07 00 00 00 00 00 00  | ................
0000000000038800 | 84 7F 01 00 00 00 00 00  1A 00 00 00 00 00 00 00  | ................
0000000000038810 | E0 DD 03 00 00 00 00 00  C8 07 00 00 00 00 00 00  | ................
0000000000038820 | 9F 7F 01 00 00 00 00 00  03 00 00 00 00 00 00 00  | ................
0000000000038830 | E0 DD 03 00 00 00 00 00  C8 07 00 00 00 00 00 00  | ................
0000000000038840 | A3 7F 01 00 00 00 00 00  03 00 00 00 00 00 00 00  | ................
0000000000038850 | E0 DD 03 00 00 00 00 00  C8 07 00 00 00 00 00 00  | ................
0000000000038860 | A7 7F 01 00 00 00 00 00  03 00 00 00 00 00 00 00  | ................
0000000000038870 | E0 DD 03 00 00 00 00 00  C8 07 00 00 00 00 00 00  | ................
0000000000038880 | AB 7F 01 00 00 00 00 00  03 00 00 00 00 00 00 00  | ................
0000000000038890 | E0 DD 03 00 00 00 00 00  C8 07 00 00 00 00 00 00  | ................
00000000000388A0 | AF 7F 01 00 00 00 00 00  04 00 00 00 00 00 00 00  | ................
00000000000388B0 | E0 DD 03 00 00 00 00 00  C8 07 00 00 00 00 00 00  | ................
00000000000388C0 | B4 7F 01 00 00 00 00 00  04 00 00 00 00 00 00 00  | ................
00000000000388D0 | E0 DD 03 00 00 00 00 00  C8 07 00 00 00 00 00 00  | ................
00000000000388E0 | B9 7F 01 00 00 00 00 00  04 00 00 00 00 00 00 00  | ................
00000000000388F0 | E0 DD 03 00 00 00 00 00  C8 07 00 00 00 00 00 00  | ................
0000000000038900 | BE 7F 01 00 00 00 00 00  04 00 00 00 00 00 00 00  | ................
0000000000038910 | E0 DD 03 00 00 00 00 00  C8 07 00 00 00 00 00 00  | ................
0000000000038920 | C3 7F 01 00 00 00 00 00  04 00 00 00 00 00 00 00  | ................
0000000000038930 | E0 DD 03 00 00 00 00 00  C8 07 00 00 00 00 00 00  | ................
0000000000038940 | C8 7F 01 00 00 00 00 00  04 00 00 00 00 00 00 00  | ................
0000000000038950 | E0 DD 03 00 00 00 00 00  C8 07 00 00 00 00 00 00  | ................
0000000000038960 | CD 7F 01 00 00 00 00 00  04 00 00 00 00 00 00 00  | ................
0000000000038970 | E0 DD 03 00 00 00 00 00  C8 07 00 00 00 00 00 00  | ................
0000000000038980 | D2 7F 01 00 00 00 00 00  04 00 00 00 00 00 00 00  | ................
0000000000038990 | E0 DD 03 00 00 00 00 00  C8 07 00 00 00 00 00 00  | ................
00000000000389A0 | D7 7F 01 00 00 00 00 00  04 00 00 00 00 00 00 00  | ................
00000000000389B0 | E0 DD 03 00 00 00 00 00  C8 07 00 00 00 00 00 00  | ................
00000000000389C0 | DC 7F 01 00 00 00 00 00  0C 00 00 00 00 00 00 00  | ................
00000000000389D0 | E0 DD 03 00 00 00 00 00  C8 07 00 00 00 00 00 00  | ................
00000000000389E0 | E9 7F 01 00 00 00 00 00  13 00 00 00 00 00 00 00  | ................
00000000000389F0 | E0 DD 03 00 00 00 00 00  C8 07 00 00 00 00 00 00  | ................
0000000000038A00 | FD 7F 01 00 00 00 00 00  16 00 00 00 00 00 00 00  | ................
0000000000038A10 | E0 DD 03 00 00 00 00 00  C8 07 00 00 00 00 00 00  | ................
0000000000038A20 | 5B 80 01 00 00 00 00 00  16 00 00 00 00 00 00 00  | [...............
0000000000038A30 | E0 DD 03 00 00 00 00 00  C8 07 00 00 00 00 00 00  | ................
0000000000038A40 | A7 80 01 00 00 00 00 00  22 00 00 00 00 00 00 00  | ........".......
0000000000038A50 | E0 DD 03 00 00 00 00 00  C8 07 00 00 00 00 00 00  | ................
0000000000038A60 | CA 80 01 00 00 00 00 00  16 00 00 00 00 00 00 00  | ................
0000000000038A70 | E0 DD 03 00 00 00 00 00  C8 07 00 00 00 00 00 00  | ................
0000000000038A80 | E1 80 01 00 00 00 00 00  38 00 00 00 00 00 00 00  | ........8.......
0000000000038A90 | E0 DD 03 00 00 00 00 00  C8 07 00 00 00 00 00 00  | ................
0000000000038AA0 | 1A 81 01 00 00 00 00 00  4B 00 00 00 00 00 00 00  | ........K.......
0000000000038AB0 | E0 DD 03 00 00 00 00 00  C8 07 00 00 00 00 00 00  | ................
0000000000038AC0 | 66 81 01 00 00 00 00 00  22 00 00 00 00 00 00 00  | f.......".......
0000000000038AD0 | E0 DD 03 00 00 00 00 00  C8 07 00 00 00 00 00 00  | ................
0000000000038AE0 | 89 81 01 00 00 00 00 00  35 00 00 00 00 00 00 00  | ........5.......
0000000000038AF0 | E0 DD 03 00 00 00 00 00  C8 07 00 00 00 00 00 00  | ................
0000000000038B00 | CD 81 01 00 00 00 00 00  2F 00 00 00 00 00 00 00  | ......../.......
0000000000038B10 | E0 DD 03 00 00 00 00 00  C8 07 00 00 00 00 00 00  | ................
0000000000038B20 | 1E 82 01 00 00 00 00 00  16 00 00 00 00 00 00 00  | ................
0000000000038B30 | E0 DD 03 00 00 00 00 00  C8 07 00 00 00 00 00 00  | ................
0000000000038B40 | 3F 82 01 00 00 00 00 00  05 00 00 00 00 00 00 00  | ?...............
0000000000038B50 | E0 DD 03 00 00 00 00 00  C8 07 00 00 00 00 00 00  | ................
0000000000038B60 | 45 82 01 00 00 00 00 00  16 00 00 00 00 00 00 00  | E...............
0000000000038B70 | E0 DD 03 00 00 00 00 00  C8 07 00 00 00 00 00 00  | ................
0000000000038B80 | 5C 82 01 00 00 00 00 00  16 00 00 00 00 00 00 00  | \...............
0000000000038B90 | E0 DD 03 00 00 00 00 00  C8 07 00 00 00 00 00 00  | ................
0000000000038BA0 | 73 82 01 00 00 00 00 00  16 00 00 00 00 00 00 00  | s...............
0000000000038BB0 | E0 DD 03 00 00 00 00 00  C8 07 00 00 00 00 00 00  | ................
0000000000038BC0 | 8A 82 01 00 00 00 00 00  16 00 00 00 00 00 00 00  | ................
0000000000038BD0 | E0 DD 03 00 00 00 00 00  C8 07 00 00 00 00 00 00  | ................
0000000000038BE0 | A1 82 01 00 00 00 00 00  16 00 00 00 00 00 00 00  | ................
0000000000038BF0 | E0 DD 03 00 00 00 00 00  C8 07 00 00 00 00 00 00  | ................
0000000000038C00 | B8 82 01 00 00 00 00 00  16 00 00 00 00 00 00 00  | ................
0000000000038C10 | E0 DD 03 00 00 00 00 00  C8 07 00 00 00 00 00 00  | ................
0000000000038C20 | 0D 83 01 00 00 00 00 00  0B 00 00 00 00 00 00 00  | ................
0000000000038C30 | E0 DD 03 00 00 00 00 00  C8 07 00 00 00 00 00 00  | ................
0000000000038C40 | 19 83 01 00 00 00 00 00  16 00 00 00 00 00 00 00  | ................
0000000000038C50 | E0 DD 03 00 00 00 00 00  C8 07 00 00 00 00 00 00  | ................
0000000000038C60 | 30 83 01 00 00 00 00 00  16 00 00 00 00 00 00 00  | 0...............
0000000000038C70 | E0 DD 03 00 00 00 00 00  C8 07 00 00 00 00 00 00  | ................
0000000000038C80 | 47 83 01 00 00 00 00 00  1D 00 00 00 00 00 00 00  | G...............
0000000000038C90 | E0 DD 03 00 00 00 00 00  C8 07 00 00 00 00 00 00  | ................
0000000000038CA0 | 65 83 01 00 00 00 00 00  16 00 00 00 00 00 00 00  | e...............
0000000000038CB0 | E0 DD 03 00 00 00 00 00  C8 07 00 00 00 00 00 00  | ................
0000000000038CC0 | 7C 83 01 00 00 00 00 00  0C 00 00 00 00 00 00 00  | |...............
0000000000038CD0 | E0 DD 03 00 00 00 00 00  C8 07 00 00 00 00 00 00  | ................
0000000000038CE0 | 89 83 01 00 00 00 00 00  16 00 00 00 00 00 00 00  | ................
0000000000038CF0 | E0 DD 03 00 00 00 00 00  C8 07 00 00 00 00 00 00  | ................
0000000000038D00 | A0 83 01 00 00 00 00 00  16 00 00 00 00 00 00 00  | ................
0000000000038D10 | E0 DD 03 00 00 00 00 00  C8 07 00 00 00 00 00 00  | ................
0000000000038D20 | B7 83 01 00 00 00 00 00  06 00 00 00 00 00 00 00  | ................
0000000000038D30 | E0 DD 03 00 00 00 00 00  C8 07 00 00 00 00 00 00  | ................
0000000000038D40 | BE 83 01 00 00 00 00 00  16 00 00 00 00 00 00 00  | ................
0000000000038D50 | E0 DD 03 00 00 00 00 00  C8 07 00 00 00 00 00 00  | ................
0000000000038D60 | DE 83 01 00 00 00 00 00  0A 00 00 00 00 00 00 00  | ................
0000000000038D70 | E0 DD 03 00 00 00 00 00  C8 07 00 00 00 00 00 00  | ................
0000000000038D80 | E9 83 01 00 00 00 00 00  11 00 00 00 00 00 00 00  | ................
0000000000038D90 | E0 DD 03 00 00 00 00 00  C8 07 00 00 00 00 00 00  | ................
0000000000038DA0 | FB 83 01 00 00 00 00 00  16 00 00 00 00 00 00 00  | ................
0000000000038DB0 | E0 DD 03 00 00 00 00 00  C8 07 00 00 00 00 00 00  | ................
0000000000038DC0 | 1F 84 01 00 00 00 00 00  17 00 00 00 00 00 00 00  | ................
0000000000038DD0 | E0 DD 03 00 00 00 00 00  C8 07 00 00 00 00 00 00  | ................
0000000000038DE0 | 56 84 01 00 00 00 00 00  16 00 00 00 00 00 00 00  | V...............
0000000000038DF0 | E0 DD 03 00 00 00 00 00  C8 07 00 00 00 00 00 00  | ................
0000000000038E00 | 7D 84 01 00 00 00 00 00  15 00 00 00 00 00 00 00  | }...............
0000000000038E10 | E0 DD 03 00 00 00 00 00  C8 07 00 00 00 00 00 00  | ................
0000000000038E20 | 93 84 01 00 00 00 00 00  03 00 00 00 00 00 00 00  | ................
0000000000038E30 | E0 DD 03 00 00 00 00 00  C8 07 00 00 00 00 00 00  | ................
0000000000038E40 | 97 84 01 00 00 00 00 00  0B 00 00 00 00 00 00 00  | ................
0000000000038E50 | E0 DD 03 00 00 00 00 00  C8 07 00 00 00 00 00 00  | ................
0000000000038E60 | A3 84 01 00 00 00 00 00  04 00 00 00 00 00 00 00  | ................
0000000000038E70 | E0 DD 03 00 00 00 00 00  C8 07 00 00 00 00 00 00  | ................
0000000000038E80 | A8 84 01 00 00 00 00 00  16 00 00 00 00 00 00 00  | ................
0000000000038E90 | E0 DD 03 00 00 00 00 00  C8 07 00 00 00 00 00 00  | ................
0000000000038EA0 | BF 84 01 00 00 00 00 00  16 00 00 00 00 00 00 00  | ................
0000000000038EB0 | E0 DD 03 00 00 00 00 00  C8 07 00 00 00 00 00 00  | ................
0000000000038EC0 | D6 84 01 00 00 00 00 00  11 00 00 00 00 00 00 00  | ................
0000000000038ED0 | E0 DD 03 00 00 00 00 00  C8 07 00 00 00 00 00 00  | ................
0000000000038EE0 | F2 84 01 00 00 00 00 00  16 00 00 00 00 00 00 00  | ................
0000000000038EF0 | E0 DD 03 00 00 00 00 00  C8 07 00 00 00 00 00 00  | ................
0000000000038F00 | 24 85 01 00 00 00 00 00  16 00 00 00 00 00 00 00  | $...............
0000000000038F10 | E0 DD 03 00 00 00 00 00  C8 07 00 00 00 00 00 00  | ................
0000000000038F20 | 3B 85 01 00 00 00 00 00  16 00 00 00 00 00 00 00  | ;...............
0000000000038F30 | E0 DD 03 00 00 00 00 00  C8 07 00 00 00 00 00 00  | ................
0000000000038F40 | F5 58 01 00 00 00 00 00  06 00 00 00 00 00 00 00  | .X..............
0000000000038F50 | E0 DD 03 00 00 00 00 00  C8 07 00 00 00 00 00 00  | ................
0000000000038F60 | FC 58 01 00 00 00 00 00  04 00 00 00 00 00 00 00  | .X..............
0000000000038F70 | E0 DD 03 00 00 00 00 00  C8 07 00 00 00 00 00 00  | ................
0000000000038F80 | 01 59 01 00 00 00 00 00  04 00 00 00 00 00 00 00  | .Y..............
0000000000038F90 | E0 DD 03 00 00 00 00 00  C8 07 00 00 00 00 00 00  | ................
0000000000038FA0 | 52 85 01 00 00 00 00 00  16 00 00 00 00 00 00 00  | R...............
0000000000038FB0 | E0 DD 03 00 00 00 00 00  C8 07 00 00 00 00 00 00  | ................
0000000000038FC0 | 69 85 01 00 00 00 00 00  07 00 00 00 00 00 00 00  | i...............
0000000000038FD0 | E0 DD 03 00 00 00 00 00  C8 07 00 00 00 00 00 00  | ................
0000000000038FE0 | 95 85 01 00 00 00 00 00  16 00 00 00 00 00 00 00  | ................
0000000000038FF0 | E0 DD 03 00 00 00 00 00  C8 07 00 00 00 00 00 00  | ................
0000000000039000 | AC 85 01 00 00 00 00 00  16 00 00 00 00 00 00 00  | ................
0000000000039010 | E0 DD 03 00 00 00 00 00  C8 07 00 00 00 00 00 00  | ................
0000000000039020 | 06 86 01 00 00 00 00 00  0B 00 00 00 00 00 00 00  | ................
0000000000039030 | E0 DD 03 00 00 00 00 00  C8 07 00 00 00 00 00 00  | ................
0000000000039040 | 12 86 01 00 00 00 00 00  16 00 00 00 00 00 00 00  | ................
0000000000039050 | E0 DD 03 00 00 00 00 00  C8 07 00 00 00 00 00 00  | ................
0000000000039060 | 97 86 01 00 00 00 00 00  16 00 00 00 00 00 00 00  | ................
0000000000039070 | E0 DD 03 00 00 00 00 00  C8 07 00 00 00 00 00 00  | ................
0000000000039080 | BB 86 01 00 00 00 00 00  16 00 00 00 00 00 00 00  | ................
0000000000039090 | E0 DD 03 00 00 00 00 00  C8 07 00 00 00 00 00 00  | ................
00000000000390A0 | D2 86 01 00 00 00 00 00  16 00 00 00 00 00 00 00  | ................
00000000000390B0 | E0 DD 03 00 00 00 00 00  C8 07 00 00 00 00 00 00  | ................
00000000000390C0 | E9 86 01 00 00 00 00 00  16 00 00 00 00 00 00 00  | ................
00000000000390D0 | E0 DD 03 00 00 00 00 00  C8 07 00 00 00 00 00 00  | ................
00000000000390E0 | 00 87 01 00 00 00 00 00  0D 00 00 00 00 00 00 00  | ................
00000000000390F0 | E0 DD 03 00 00 00 00 00  C8 07 00 00 00 00 00 00  | ................
0000000000039100 | 0E 87 01 00 00 00 00 00  1D 00 00 00 00 00 00 00  | ................
0000000000039110 | E0 DD 03 00 00 00 00 00  C8 07 00 00 00 00 00 00  | ................
0000000000039120 | 2C 87 01 00 00 00 00 00  06 00 00 00 00 00 00 00  | ,...............
0000000000039130 | E0 DD 03 00 00 00 00 00  C8 07 00 00 00 00 00 00  | ................
0000000000039140 | 33 87 01 00 00 00 00 00  0A 00 00 00 00 00 00 00  | 3...............
0000000000039150 | E0 DD 03 00 00 00 00 00  C8 07 00 00 00 00 00 00  | ................
0000000000039160 | 3E 87 01 00 00 00 00 00  16 00 00 00 00 00 00 00  | >...............
0000000000039170 | E0 DD 03 00 00 00 00 00  C8 07 00 00 00 00 00 00  | ................
0000000000039180 | 55 87 01 00 00 00 00 00  16 00 00 00 00 00 00 00  | U...............
0000000000039190 | E0 DD 03 00 00 00 00 00  C8 07 00 00 00 00 00 00  | ................
00000000000391A0 | 6C 87 01 00 00 00 00 00  16 00 00 00 00 00 00 00  | l...............
00000000000391B0 | E0 DD 03 00 00 00 00 00  C8 07 00 00 00 00 00 00  | ................
00000000000391C0 | 83 87 01 00 00 00 00 00  16 00 00 00 00 00 00 00  | ................
00000000000391D0 | E0 DD 03 00 00 00 00 00  C8 07 00 00 00 00 00 00  | ................
00000000000391E0 | A0 87 01 00 00 00 00 00  07 00 00 00 00 00 00 00  | ................
00000000000391F0 | E0 DD 03 00 00 00 00 00  C8 07 00 00 00 00 00 00  | ................
0000000000039200 | A8 87 01 00 00 00 00 00  16 00 00 00 00 00 00 00  | ................
0000000000039210 | E0 DD 03 00 00 00 00 00  C8 07 00 00 00 00 00 00  | ................
0000000000039220 | BF 87 01 00 00 00 00 00  16 00 00 00 00 00 00 00  | ................
0000000000039230 | E0 DD 03 00 00 00 00 00  C8 07 00 00 00 00 00 00  | ................
0000000000039240 | 0E 88 01 00 00 00 00 00  0A 00 00 00 00 00 00 00  | ................
0000000000039250 | E0 DD 03 00 00 00 00 00  C8 07 00 00 00 00 00 00  | ................
0000000000039260 | 19 88 01 00 00 00 00 00  16 00 00 00 00 00 00 00  | ................
0000000000039270 | E0 DD 03 00 00 00 00 00  C8 07 00 00 00 00 00 00  | ................
0000000000039280 | 30 88 01 00 00 00 00 00  16 00 00 00 00 00 00 00  | 0...............
0000000000039290 | E0 DD 03 00 00 00 00 00  C8 07 00 00 00 00 00 00  | ................
00000000000392A0 | 47 88 01 00 00 00 00 00  04 00 00 00 00 00 00 00  | G...............
00000000000392B0 | E0 DD 03 00 00 00 00 00  C8 07 00 00 00 00 00 00  | ................
00000000000392C0 | 4C 88 01 00 00 00 00 00  21 00 00 00 00 00 00 00  | L.......!.......
00000000000392D0 | E0 DD 03 00 00 00 00 00  C8 07 00 00 00 00 00 00  | ................
00000000000392E0 | 85 88 01 00 00 00 00 00  16 00 00 00 00 00 00 00  | ................
00000000000392F0 | E0 DD 03 00 00 00 00 00  C8 07 00 00 00 00 00 00  | ................
0000000000039300 | 9C 88 01 00 00 00 00 00  16 00 00 00 00 00 00 00  | ................
0000000000039310 | E0 DD 03 00 00 00 00 00  C8 07 00 00 00 00 00 00  | ................
0000000000039320 | B3 88 01 00 00 00 00 00  16 00 00 00 00 00 00 00  | ................
0000000000039330 | E0 DD 03 00 00 00 00 00  C8 07 00 00 00 00 00 00  | ................
0000000000039340 | CA 88 01 00 00 00 00 00  0A 00 00 00 00 00 00 00  | ................
0000000000039350 | E0 DD 03 00 00 00 00 00  C8 07 00 00 00 00 00 00  | ................
0000000000039360 | DE 88 01 00 00 00 00 00  04 00 00 00 00 00 00 00  | ................
0000000000039370 | E0 DD 03 00 00 00 00 00  C8 07 00 00 00 00 00 00  | ................
0000000000039380 | FC 88 01 00 00 00 00 00  16 00 00 00 00 00 00 00  | ................
0000000000039390 | E0 DD 03 00 00 00 00 00  C8 07 00 00 00 00 00 00  | ................
00000000000393A0 | 13 89 01 00 00 00 00 00  16 00 00 00 00 00 00 00  | ................
00000000000393B0 | E0 DD 03 00 00 00 00 00  C8 07 00 00 00 00 00 00  | ................
00000000000393C0 | 2A 89 01 00 00 00 00 00  16 00 00 00 00 00 00 00  | *...............
00000000000393D0 | E0 DD 03 00 00 00 00 00  C8 07 00 00 00 00 00 00  | ................
00000000000393E0 | 41 89 01 00 00 00 00 00  17 00 00 00 00 00 00 00  | A...............
00000000000393F0 | E0 DD 03 00 00 00 00 00  C8 07 00 00 00 00 00 00  | ................
0000000000039400 | 59 89 01 00 00 00 00 00  27 00 00 00 00 00 00 00  | Y.......'.......
0000000000039410 | E0 DD 03 00 00 00 00 00  C8 07 00 00 00 00 00 00  | ................
0000000000039420 | 81 89 01 00 00 00 00 00  16 00 00 00 00 00 00 00  | ................
0000000000039430 | E0 DD 03 00 00 00 00 00  C8 07 00 00 00 00 00 00  | ................
0000000000039440 | 98 89 01 00 00 00 00 00  16 00 00 00 00 00 00 00  | ................
0000000000039450 | E0 DD 03 00 00 00 00 00  C8 07 00 00 00 00 00 00  | ................
0000000000039460 | AF 89 01 00 00 00 00 00  1F 00 00 00 00 00 00 00  | ................
0000000000039470 | E0 DD 03 00 00 00 00 00  C8 07 00 00 00 00 00 00  | ................
0000000000039480 | D8 89 01 00 00 00 00 00  18 00 00 00 00 00 00 00  | ................
0000000000039490 | E0 DD 03 00 00 00 00 00  C8 07 00 00 00 00 00 00  | ................
00000000000394A0 | 07 8A 01 00 00 00 00 00  0B 00 00 00 00 00 00 00  | ................
00000000000394B0 | E0 DD 03 00 00 00 00 00  C8 07 00 00 00 00 00 00  | ................
00000000000394C0 | 13 8A 01 00 00 00 00 00  19 00 00 00 00 00 00 00  | ................
00000000000394D0 | E0 DD 03 00 00 00 00 00  C8 07 00 00 00 00 00 00  | ................
00000000000394E0 | 2D 8A 01 00 00 00 00 00  0E 00 00 00 00 00 00 00  | -...............
00000000000394F0 | E0 DD 03 00 00 00 00 00  C8 07 00 00 00 00 00 00  | ................
0000000000039500 | 3C 8A 01 00 00 00 00 00  16 00 00 00 00 00 00 00  | <...............
0000000000039510 | E0 DD 03 00 00 00 00 00  C8 07 00 00 00 00 00 00  | ................
0000000000039520 | 53 8A 01 00 00 00 00 00  16 00 00 00 00 00 00 00  | S...............
0000000000039530 | E0 DD 03 00 00 00 00 00  C8 07 00 00 00 00 00 00  | ................
0000000000039540 | 6A 8A 01 00 00 00 00 00  07 00 00 00 00 00 00 00  | j...............
0000000000039550 | E0 DD 03 00 00 00 00 00  C8 07 00 00 00 00 00 00  | ................
0000000000039560 | 72 8A 01 00 00 00 00 00  0D 00 00 00 00 00 00 00  | r...............
0000000000039570 | E0 DD 03 00 00 00 00 00  C8 07 00 00 00 00 00 00  | ................
0000000000039580 | AD 8A 01 00 00 00 00 00  23 00 00 00 00 00 00 00  | ........#.......
0000000000039590 | E0 DD 03 00 00 00 00 00  C8 07 00 00 00 00 00 00  | ................
00000000000395A0 | D1 8A 01 00 00 00 00 00  10 00 00 00 00 00 00 00  | ................
00000000000395B0 | E0 DD 03 00 00 00 00 00  C8 07 00 00 00 00 00 00  | ................
00000000000395C0 | E2 8A 01 00 00 00 00 00  0C 00 00 00 00 00 00 00  | ................
00000000000395D0 | E0 DD 03 00 00 00 00 00  C8 07 00 00 00 00 00 00  | ................
00000000000395E0 | EF 8A 01 00 00 00 00 00  29 00 00 00 00 00 00 00  | ........).......
00000000000395F0 | E0 DD 03 00 00 00 00 00  C8 07 00 00 00 00 00 00  | ................
0000000000039600 | 19 8B 01 00 00 00 00 00  0B 00 00 00 00 00 00 00  | ................
0000000000039610 | E0 DD 03 00 00 00 00 00  C8 07 00 00 00 00 00 00  | ................
0000000000039620 | 25 8B 01 00 00 00 00 00  1D 00 00 00 00 00 00 00  | %...............
0000000000039630 | E0 DD 03 00 00 00 00 00  C8 07 00 00 00 00 00 00  | ................
0000000000039640 | 43 8B 01 00 00 00 00 00  24 00 00 00 00 00 00 00  | C.......$.......
0000000000039650 | E0 DD 03 00 00 00 00 00  C8 07 00 00 00 00 00 00  | ................
0000000000039660 | 79 8B 01 00 00 00 00 00  10 00 00 00 00 00 00 00  | y...............
0000000000039670 | E0 DD 03 00 00 00 00 00  C8 07 00 00 00 00 00 00  | ................
0000000000039680 | 8A 8B 01 00 00 00 00 00  2C 00 00 00 00 00 00 00  | ........,.......
0000000000039690 | E0 DD 03 00 00 00 00 00  C8 07 00 00 00 00 00 00  | ................
00000000000396A0 | B7 8B 01 00 00 00 00 00  50 00 00 00 00 00 00 00  | ........P.......
00000000000396B0 | E0 DD 03 00 00 00 00 00  C8 07 00 00 00 00 00 00  | ................
00000000000396C0 | 21 8C 01 00 00 00 00 00  16 00 00 00 00 00 00 00  | !...............
00000000000396D0 | E0 DD 03 00 00 00 00 00  C8 07 00 00 00 00 00 00  | ................
00000000000396E0 | 38 8C 01 00 00 00 00 00  16 00 00 00 00 00 00 00  | 8...............
00000000000396F0 | E0 DD 03 00 00 00 00 00  C8 07 00 00 00 00 00 00  | ................
0000000000039700 | 4F 8C 01 00 00 00 00 00  16 00 00 00 00 00 00 00  | O...............
0000000000039710 | E0 DD 03 00 00 00 00 00  C8 07 00 00 00 00 00 00  | ................
0000000000039720 | 66 8C 01 00 00 00 00 00  1B 00 00 00 00 00 00 00  | f...............
0000000000039730 | E0 DD 03 00 00 00 00 00  C8 07 00 00 00 00 00 00  | ................
0000000000039740 | 82 8C 01 00 00 00 00 00  16 00 00 00 00 00 00 00  | ................
0000000000039750 | E0 DD 03 00 00 00 00 00  C8 07 00 00 00 00 00 00  | ................
0000000000039760 | 99 8C 01 00 00 00 00 00  1A 00 00 00 00 00 00 00  | ................
0000000000039770 | E0 DD 03 00 00 00 00 00  C8 07 00 00 00 00 00 00  | ................
0000000000039780 | B4 8C 01 00 00 00 00 00  1F 00 00 00 00 00 00 00  | ................
0000000000039790 | E0 DD 03 00 00 00 00 00  C8 07 00 00 00 00 00 00  | ................
00000000000397A0 | D4 8C 01 00 00 00 00 00  16 00 00 00 00 00 00 00  | ................
00000000000397B0 | E0 DD 03 00 00 00 00 00  C8 07 00 00 00 00 00 00  | ................
00000000000397C0 | EB 8C 01 00 00 00 00 00  12 00 00 00 00 00 00 00  | ................
00000000000397D0 | E0 DD 03 00 00 00 00 00  C8 07 00 00 00 00 00 00  | ................
00000000000397E0 | FE 8C 01 00 00 00 00 00  00 00 00 00 00 00 00 00  | ................
00000000000397F0 | E0 DD 03 00 00 00 00 00  C8 07 00 00 00 00 00 00  | ................
0000000000039800 | FF 8C 01 00 00 00 00 00  16 00 00 00 00 00 00 00  | ................
0000000000039810 | E0 DD 03 00 00 00 00 00  C8 07 00 00 00 00 00 00  | ................
0000000000039820 | 16 8D 01 00 00 00 00 00  1C 00 00 00 00 00 00 00  | ................
0000000000039830 | E0 DD 03 00 00 00 00 00  C8 07 00 00 00 00 00 00  | ................
0000000000039840 | 33 8D 01 00 00 00 00 00  21 00 00 00 00 00 00 00  | 3.......!.......
0000000000039850 | E0 DD 03 00 00 00 00 00  C8 07 00 00 00 00 00 00  | ................
0000000000039860 | 55 8D 01 00 00 00 00 00  03 00 00 00 00 00 00 00  | U...............
0000000000039870 | E0 DD 03 00 00 00 00 00  C8 07 00 00 00 00 00 00  | ................
0000000000039880 | 59 8D 01 00 00 00 00 00  20 00 00 00 00 00 00 00  | Y....... .......
0000000000039890 | E0 DD 03 00 00 00 00 00  C8 07 00 00 00 00 00 00  | ................
00000000000398A0 | 7A 8D 01 00 00 00 00 00  08 00 00 00 00 00 00 00  | z...............
00000000000398B0 | E0 DD 03 00 00 00 00 00  C8 07 00 00 00 00 00 00  | ................
00000000000398C0 | 83 8D 01 00 00 00 00 00  23 00 00 00 00 00 00 00  | ........#.......
00000000000398D0 | E0 DD 03 00 00 00 00 00  C8 07 00 00 00 00 00 00  | ................
00000000000398E0 | A7 8D 01 00 00 00 00 00  1F 00 00 00 00 00 00 00  | ................
00000000000398F0 | E0 DD 03 00 00 00 00 00  C8 07 00 00 00 00 00 00  | ................
0000000000039900 | CD 8D 01 00 00 00 00 00  16 00 00 00 00 00 00 00  | ................
0000000000039910 | E0 DD 03 00 00 00 00 00  C8 07 00 00 00 00 00 00  | ................
0000000000039920 | E4 8D 01 00 00 00 00 00  16 00 00 00 00 00 00 00  | ................
0000000000039930 | E0 DD 03 00 00 00 00 00  C8 07 00 00 00 00 00 00  | ................
0000000000039940 | FB 8D 01 00 00 00 00 00  16 00 00 00 00 00 00 00  | ................
0000000000039950 | E0 DD 03 00 00 00 00 00  C8 07 00 00 00 00 00 00  | ................
0000000000039960 | 12 8E 01 00 00 00 00 00  16 00 00 00 00 00 00 00  | ................
0000000000039970 | E0 DD 03 00 00 00 00 00  C8 07 00 00 00 00 00 00  | ................
0000000000039980 | 29 8E 01 00 00 00 00 00  0A 00 00 00 00 00 00 00  | )...............
0000000000039990 | E0 DD 03 00 00 00 00 00  C8 07 00 00 00 00 00 00  | ................
00000000000399A0 | 34 8E 01 00 00 00 00 00  1A 00 00 00 00 00 00 00  | 4...............
00000000000399B0 | E0 DD 03 00 00 00 00 00  C8 07 00 00 00 00 00 00  | ................
00000000000399C0 | 7B 8E 01 00 00 00 00 00  3B 00 00 00 00 00 00 00  | {.......;.......
00000000000399D0 | E0 DD 03 00 00 00 00 00  C8 07 00 00 00 00 00 00  | ................
00000000000399E0 | B7 8E 01 00 00 00 00 00  0B 00 00 00 00 00 00 00  | ................
00000000000399F0 | E0 DD 03 00 00 00 00 00  C8 07 00 00 00 00 00 00  | ................
0000000000039A00 | C3 8E 01 00 00 00 00 00  0F 00 00 00 00 00 00 00  | ................
0000000000039A10 | E0 DD 03 00 00 00 00 00  C8 07 00 00 00 00 00 00  | ................
0000000000039A20 | D3 8E 01 00 00 00 00 00  2C 00 00 00 00 00 00 00  | ........,.......
0000000000039A30 | E0 DD 03 00 00 00 00 00  C8 07 00 00 00 00 00 00  | ................
0000000000039A40 | 00 8F 01 00 00 00 00 00  05 00 00 00 00 00 00 00  | ................
0000000000039A50 | E0 DD 03 00 00 00 00 00  C8 07 00 00 00 00 00 00  | ................
0000000000039A60 | 06 8F 01 00 00 00 00 00  15 00 00 00 00 00 00 00  | ................
0000000000039A70 | E0 DD 03 00 00 00 00 00  C8 07 00 00 00 00 00 00  | ................
0000000000039A80 | 1C 8F 01 00 00 00 00 00  1F 00 00 00 00 00 00 00  | ................
0000000000039A90 | E0 DD 03 00 00 00 00 00  C8 07 00 00 00 00 00 00  | ................
0000000000039AA0 | 3C 8F 01 00 00 00 00 00  23 00 00 00 00 00 00 00  | <.......#.......
0000000000039AB0 | E0 DD 03 00 00 00 00 00  C8 07 00 00 00 00 00 00  | ................
0000000000039AC0 | 60 8F 01 00 00 00 00 00  29 00 00 00 00 00 00 00  | `.......).......
0000000000039AD0 | E0 DD 03 00 00 00 00 00  C8 07 00 00 00 00 00 00  | ................
0000000000039AE0 | 8A 8F 01 00 00 00 00 00  12 00 00 00 00 00 00 00  | ................
0000000000039AF0 | E0 DD 03 00 00 00 00 00  C8 07 00 00 00 00 00 00  | ................
0000000000039B00 | 9D 8F 01 00 00 00 00 00  36 00 00 00 00 00 00 00  | ........6.......
0000000000039B10 | E0 DD 03 00 00 00 00 00  C8 07 00 00 00 00 00 00  | ................
0000000000039B20 | D4 8F 01 00 00 00 00 00  08 00 00 00 00 00 00 00  | ................
0000000000039B30 | E0 DD 03 00 00 00 00 00  C8 07 00 00 00 00 00 00  | ................
0000000000039B40 | DD 8F 01 00 00 00 00 00  10 00 00 00 00 00 00 00  | ................
0000000000039B50 | E0 DD 03 00 00 00 00 00  C8 07 00 00 00 00 00 00  | ................
0000000000039B60 | EE 8F 01 00 00 00 00 00  35 00 00 00 00 00 00 00  | ........5.......
0000000000039B70 | E0 DD 03 00 00 00 00 00  C8 07 00 00 00 00 00 00  | ................
0000000000039B80 | 24 90 01 00 00 00 00 00  23 00 00 00 00 00 00 00  | $.......#.......
0000000000039B90 | E0 DD 03 00 00 00 00 00  C8 07 00 00 00 00 00 00  | ................
0000000000039BA0 | 48 90 01 00 00 00 00 00  0C 00 00 00 00 00 00 00  | H...............
0000000000039BB0 | E0 DD 03 00 00 00 00 00  C8 07 00 00 00 00 00 00  | ................
0000000000039BC0 | 55 90 01 00 00 00 00 00  31 00 00 00 00 00 00 00  | U.......1.......
0000000000039BD0 | E0 DD 03 00 00 00 00 00  C8 07 00 00 00 00 00 00  | ................
0000000000039BE0 | 87 90 01 00 00 00 00 00  25 00 00 00 00 00 00 00  | ........%.......
0000000000039BF0 | E0 DD 03 00 00 00 00 00  C8 07 00 00 00 00 00 00  | ................
0000000000039C00 | AD 90 01 00 00 00 00 00  16 00 00 00 00 00 00 00  | ................
0000000000039C10 | E0 DD 03 00 00 00 00 00  C8 07 00 00 00 00 00 00  | ................
0000000000039C20 | F7 90 01 00 00 00 00 00  16 00 00 00 00 00 00 00  | ................
0000000000039C30 | E0 DD 03 00 00 00 00 00  C8 07 00 00 00 00 00 00  | ................
0000000000039C40 | 1D 91 01 00 00 00 00 00  16 00 00 00 00 00 00 00  | ................
0000000000039C50 | E0 DD 03 00 00 00 00 00  C8 07 00 00 00 00 00 00  | ................
0000000000039C60 | 34 91 01 00 00 00 00 00  02 00 00 00 00 00 00 00  | 4...............
0000000000039C70 | E0 DD 03 00 00 00 00 00  C8 07 00 00 00 00 00 00  | ................
0000000000039C80 | 73 91 01 00 00 00 00 00  1B 00 00 00 00 00 00 00  | s...............
0000000000039C90 | E0 DD 03 00 00 00 00 00  C8 07 00 00 00 00 00 00  | ................
0000000000039CA0 | 8F 91 01 00 00 00 00 00  1D 00 00 00 00 00 00 00  | ................
0000000000039CB0 | E0 DD 03 00 00 00 00 00  C8 07 00 00 00 00 00 00  | ................
0000000000039CC0 | AD 91 01 00 00 00 00 00  0A 00 00 00 00 00 00 00  | ................
0000000000039CD0 | E0 DD 03 00 00 00 00 00  C8 07 00 00 00 00 00 00  | ................
0000000000039CE0 | B8 91 01 00 00 00 00 00  14 00 00 00 00 00 00 00  | ................
0000000000039CF0 | E0 DD 03 00 00 00 00 00  C8 07 00 00 00 00 00 00  | ................
0000000000039D00 | CD 91 01 00 00 00 00 00  16 00 00 00 00 00 00 00  | ................
0000000000039D10 | E0 DD 03 00 00 00 00 00  C8 07 00 00 00 00 00 00  | ................
0000000000039D20 | E4 91 01 00 00 00 00 00  38 00 00 00 00 00 00 00  | ........8.......
0000000000039D30 | E0 DD 03 00 00 00 00 00  C8 07 00 00 00 00 00 00  | ................
0000000000039D40 | 1D 92 01 00 00 00 00 00  0E 00 00 00 00 00 00 00  | ................
0000000000039D50 | E0 DD 03 00 00 00 00 00  C8 07 00 00 00 00 00 00  | ................
0000000000039D60 | 2C 92 01 00 00 00 00 00  0F 00 00 00 00 00 00 00  | ,...............
0000000000039D70 | E0 DD 03 00 00 00 00 00  C8 07 00 00 00 00 00 00  | ................
0000000000039D80 | 3C 92 01 00 00 00 00 00  0A 00 00 00 00 00 00 00  | <...............
0000000000039D90 | E0 DD 03 00 00 00 00 00  C8 07 00 00 00 00 00 00  | ................
0000000000039DA0 | 47 92 01 00 00 00 00 00  07 00 00 00 00 00 00 00  | G...............
0000000000039DB0 | E0 DD 03 00 00 00 00 00  C8 07 00 00 00 00 00 00  | ................
0000000000039DC0 | 4F 92 01 00 00 00 00 00  10 00 00 00 00 00 00 00  | O...............
0000000000039DD0 | E0 DD 03 00 00 00 00 00  C8 07 00 00 00 00 00 00  | ................
0000000000039DE0 | 60 92 01 00 00 00 00 00  0E 00 00 00 00 00 00 00  | `...............
0000000000039DF0 | E0 DD 03 00 00 00 00 00  C8 07 00 00 00 00 00 00  | ................
0000000000039E00 | 6F 92 01 00 00 00 00 00  0F 00 00 00 00 00 00 00  | o...............
0000000000039E10 | E0 DD 03 00 00 00 00 00  C8 07 00 00 00 00 00 00  | ................
0000000000039E20 | 7F 92 01 00 00 00 00 00  16 00 00 00 00 00 00 00  | ................
0000000000039E30 | E0 DD 03 00 00 00 00 00  C8 07 00 00 00 00 00 00  | ................
0000000000039E40 | 96 92 01 00 00 00 00 00  16 00 00 00 00 00 00 00  | ................
0000000000039E50 | E0 DD 03 00 00 00 00 00  C8 07 00 00 00 00 00 00  | ................
0000000000039E60 | AD 92 01 00 00 00 00 00  16 00 00 00 00 00 00 00  | ................
0000000000039E70 | E0 DD 03 00 00 00 00 00  C8 07 00 00 00 00 00 00  | ................
0000000000039E80 | C4 92 01 00 00 00 00 00  16 00 00 00 00 00 00 00  | ................
0000000000039E90 | E0 DD 03 00 00 00 00 00  C8 07 00 00 00 00 00 00  | ................
0000000000039EA0 | DB 92 01 00 00 00 00 00  16 00 00 00 00 00 00 00  | ................
0000000000039EB0 | E0 DD 03 00 00 00 00 00  C8 07 00 00 00 00 00 00  | ................
0000000000039EC0 | F2 92 01 00 00 00 00 00  16 00 00 00 00 00 00 00  | ................
0000000000039ED0 | E0 DD 03 00 00 00 00 00  C8 07 00 00 00 00 00 00  | ................
0000000000039EE0 | 09 93 01 00 00 00 00 00  16 00 00 00 00 00 00 00  | ................
0000000000039EF0 | E0 DD 03 00 00 00 00 00  C8 07 00 00 00 00 00 00  | ................
0000000000039F00 | 20 93 01 00 00 00 00 00  08 00 00 00 00 00 00 00  |  ...............
0000000000039F10 | E0 DD 03 00 00 00 00 00  C8 07 00 00 00 00 00 00  | ................
0000000000039F20 | 42 93 01 00 00 00 00 00  16 00 00 00 00 00 00 00  | B...............
0000000000039F30 | E0 DD 03 00 00 00 00 00  C8 07 00 00 00 00 00 00  | ................
0000000000039F40 | 6C 93 01 00 00 00 00 00  12 00 00 00 00 00 00 00  | l...............
0000000000039F50 | E0 DD 03 00 00 00 00 00  C8 07 00 00 00 00 00 00  | ................
0000000000039F60 | 7F 93 01 00 00 00 00 00  16 00 00 00 00 00 00 00  | ................
0000000000039F70 | E0 DD 03 00 00 00 00 00  C8 07 00 00 00 00 00 00  | ................
0000000000039F80 | 96 93 01 00 00 00 00 00  16 00 00 00 00 00 00 00  | ................
0000000000039F90 | E0 DD 03 00 00 00 00 00  C8 07 00 00 00 00 00 00  | ................
0000000000039FA0 | AD 93 01 00 00 00 00 00  16 00 00 00 00 00 00 00  | ................
0000000000039FB0 | E0 DD 03 00 00 00 00 00  C8 07 00 00 00 00 00 00  | ................
0000000000039FC0 | C4 93 01 00 00 00 00 00  0E 00 00 00 00 00 00 00  | ................
0000000000039FD0 | E0 DD 03 00 00 00 00 00  C8 07 00 00 00 00 00 00  | ................
0000000000039FE0 | D3 93 01 00 00 00 00 00  1C 00 00 00 00 00 00 00  | ................
0000000000039FF0 | E0 DD 03 00 00 00 00 00  C8 07 00 00 00 00 00 00  | ................
000000000003A000 | F0 93 01 00 00 00 00 00  08 00 00 00 00 00 00 00  | ................
000000000003A010 | E0 DD 03 00 00 00 00 00  C8 07 00 00 00 00 00 00  | ................
000000000003A020 | F9 93 01 00 00 00 00 00  16 00 00 00 00 00 00 00  | ................
000000000003A030 | E0 DD 03 00 00 00 00 00  C8 07 00 00 00 00 00 00  | ................
000000000003A040 | 10 94 01 00 00 00 00 00  10 00 00 00 00 00 00 00  | ................
000000000003A050 | E0 DD 03 00 00 00 00 00  C8 07 00 00 00 00 00 00  | ................
000000000003A060 | 21 94 01 00 00 00 00 00  16 00 00 00 00 00 00 00  | !...............
000000000003A070 | E0 DD 03 00 00 00 00 00  C8 07 00 00 00 00 00 00  | ................
000000000003A080 | 38 94 01 00 00 00 00 00  16 00 00 00 00 00 00 00  | 8...............
000000000003A090 | E0 DD 03 00 00 00 00 00  C8 07 00 00 00 00 00 00  | ................
000000000003A0A0 | 4F 94 01 00 00 00 00 00  16 00 00 00 00 00 00 00  | O...............
000000000003A0B0 | E0 DD 03 00 00 00 00 00  C8 07 00 00 00 00 00 00  | ................
000000000003A0C0 | 66 94 01 00 00 00 00 00  0A 00 00 00 00 00 00 00  | f...............
000000000003A0D0 | E0 DD 03 00 00 00 00 00  C8 07 00 00 00 00 00 00  | ................
000000000003A0E0 | 71 94 01 00 00 00 00 00  1A 00 00 00 00 00 00 00  | q...............
000000000003A0F0 | E0 DD 03 00 00 00 00 00  C8 07 00 00 00 00 00 00  | ................
000000000003A100 | 8C 94 01 00 00 00 00 00  16 00 00 00 00 00 00 00  | ................
000000000003A110 | E0 DD 03 00 00 00 00 00  C8 07 00 00 00 00 00 00  | ................
000000000003A120 | A3 94 01 00 00 00 00 00  16 00 00 00 00 00 00 00  | ................
000000000003A130 | E0 DD 03 00 00 00 00 00  C8 07 00 00 00 00 00 00  | ................
000000000003A140 | BA 94 01 00 00 00 00 00  0D 00 00 00 00 00 00 00  | ................
000000000003A150 | E0 DD 03 00 00 00 00 00  C8 07 00 00 00 00 00 00  | ................
000000000003A160 | C8 94 01 00 00 00 00 00  0E 00 00 00 00 00 00 00  | ................
000000000003A170 | E0 DD 03 00 00 00 00 00  C8 07 00 00 00 00 00 00  | ................
000000000003A180 | 13 95 01 00 00 00 00 00  16 00 00 00 00 00 00 00  | ................
000000000003A190 | E0 DD 03 00 00 00 00 00  C8 07 00 00 00 00 00 00  | ................
000000000003A1A0 | 2A 95 01 00 00 00 00 00  02 00 00 00 00 00 00 00  | *...............
000000000003A1B0 | E0 DD 03 00 00 00 00 00  C8 07 00 00 00 00 00 00  | ................
000000000003A1C0 | 2D 95 01 00 00 00 00 00  16 00 00 00 00 00 00 00  | -...............
000000000003A1D0 | E0 DD 03 00 00 00 00 00  C8 07 00 00 00 00 00 00  | ................
000000000003A1E0 | 44 95 01 00 00 00 00 00  16 00 00 00 00 00 00 00  | D...............
000000000003A1F0 | E0 DD 03 00 00 00 00 00  C8 07 00 00 00 00 00 00  | ................
000000000003A200 | 5B 95 01 00 00 00 00 00  16 00 00 00 00 00 00 00  | [...............
000000000003A210 | E0 DD 03 00 00 00 00 00  C8 07 00 00 00 00 00 00  | ................
000000000003A220 | 72 95 01 00 00 00 00 00  1B 00 00 00 00 00 00 00  | r...............
000000000003A230 | E0 DD 03 00 00 00 00 00  C8 07 00 00 00 00 00 00  | ................
000000000003A240 | 8E 95 01 00 00 00 00 00  04 00 00 00 00 00 00 00  | ................
000000000003A250 | E0 DD 03 00 00 00 00 00  C8 07 00 00 00 00 00 00  | ................
000000000003A260 | 93 95 01 00 00 00 00 00  03 00 00 00 00 00 00 00  | ................
000000000003A270 | E0 DD 03 00 00 00 00 00  C8 07 00 00 00 00 00 00  | ................
000000000003A280 | 97 95 01 00 00 00 00 00  0B 00 00 00 00 00 00 00  | ................
000000000003A290 | E0 DD 03 00 00 00 00 00  C8 07 00 00 00 00 00 00  | ................
000000000003A2A0 | A3 95 01 00 00 00 00 00  0A 00 00 00 00 00 00 00  | ................
000000000003A2B0 | E0 DD 03 00 00 00 00 00  C8 07 00 00 00 00 00 00  | ................
000000000003A2C0 | AE 95 01 00 00 00 00 00  09 00 00 00 00 00 00 00  | ................
000000000003A2D0 | E0 DD 03 00 00 00 00 00  C8 07 00 00 00 00 00 00  | ................
000000000003A2E0 | B8 95 01 00 00 00 00 00  06 00 00 00 00 00 00 00  | ................
000000000003A2F0 | E0 DD 03 00 00 00 00 00  C8 07 00 00 00 00 00 00  | ................
000000000003A300 | BF 95 01 00 00 00 00 00  06 00 00 00 00 00 00 00  | ................
000000000003A310 | E0 DD 03 00 00 00 00 00  C8 07 00 00 00 00 00 00  | ................
000000000003A320 | C6 95 01 00 00 00 00 00  07 00 00 00 00 00 00 00  | ................
000000000003A330 | E0 DD 03 00 00 00 00 00  C8 07 00 00 00 00 00 00  | ................
000000000003A340 | CE 95 01 00 00 00 00 00  03 00 00 00 00 00 00 00  | ................
000000000003A350 | E0 DD 03 00 00 00 00 00  C8 07 00 00 00 00 00 00  | ................
000000000003A360 | D2 95 01 00 00 00 00 00  0A 00 00 00 00 00 00 00  | ................
000000000003A370 | E0 DD 03 00 00 00 00 00  C8 07 00 00 00 00 00 00  | ................
000000000003A380 | DD 95 01 00 00 00 00 00  0B 00 00 00 00 00 00 00  | ................
000000000003A390 | E0 DD 03 00 00 00 00 00  C8 07 00 00 00 00 00 00  | ................
000000000003A3A0 | E9 95 01 00 00 00 00 00  04 00 00 00 00 00 00 00  | ................
000000000003A3B0 | E0 DD 03 00 00 00 00 00  C8 07 00 00 00 00 00 00  | ................
000000000003A3C0 | EE 95 01 00 00 00 00 00  16 00 00 00 00 00 00 00  | ................
000000000003A3D0 | E0 DD 03 00 00 00 00 00  C8 07 00 00 00 00 00 00  | ................
000000000003A3E0 | 05 96 01 00 00 00 00 00  05 00 00 00 00 00 00 00  | ................
000000000003A3F0 | E0 DD 03 00 00 00 00 00  C8 07 00 00 00 00 00 00  | ................
000000000003A400 | 0B 96 01 00 00 00 00 00  0B 00 00 00 00 00 00 00  | ................
000000000003A410 | E0 DD 03 00 00 00 00 00  C8 07 00 00 00 00 00 00  | ................
000000000003A420 | 17 96 01 00 00 00 00 00  0D 00 00 00 00 00 00 00  | ................
000000000003A430 | E0 DD 03 00 00 00 00 00  C8 07 00 00 00 00 00 00  | ................
000000000003A440 | 25 96 01 00 00 00 00 00  16 00 00 00 00 00 00 00  | %...............
000000000003A450 | E0 DD 03 00 00 00 00 00  C8 07 00 00 00 00 00 00  | ................
000000000003A460 | 6B 96 01 00 00 00 00 00  16 00 00 00 00 00 00 00  | k...............
000000000003A470 | E0 DD 03 00 00 00 00 00  C8 07 00 00 00 00 00 00  | ................
000000000003A480 | 82 96 01 00 00 00 00 00  16 00 00 00 00 00 00 00  | ................
000000000003A490 | E0 DD 03 00 00 00 00 00  C8 07 00 00 00 00 00 00  | ................
000000000003A4A0 | 99 96 01 00 00 00 00 00  16 00 00 00 00 00 00 00  | ................
000000000003A4B0 | E0 DD 03 00 00 00 00 00  C8 07 00 00 00 00 00 00  | ................
000000000003A4C0 | B0 96 01 00 00 00 00 00  1A 00 00 00 00 00 00 00  | ................
000000000003A4D0 | E0 DD 03 00 00 00 00 00  C8 07 00 00 00 00 00 00  | ................
000000000003A4E0 | CB 96 01 00 00 00 00 00  05 00 00 00 00 00 00 00  | ................
000000000003A4F0 | E0 DD 03 00 00 00 00 00  C8 07 00 00 00 00 00 00  | ................
000000000003A500 | D1 96 01 00 00 00 00 00  16 00 00 00 00 00 00 00  | ................
000000000003A510 | E0 DD 03 00 00 00 00 00  C8 07 00 00 00 00 00 00  | ................
000000000003A520 | E8 96 01 00 00 00 00 00  16 00 00 00 00 00 00 00  | ................
000000000003A530 | E0 DD 03 00 00 00 00 00  C8 07 00 00 00 00 00 00  | ................
000000000003A540 | FF 96 01 00 00 00 00 00  16 00 00 00 00 00 00 00  | ................
000000000003A550 | E0 DD 03 00 00 00 00 00  C8 07 00 00 00 00 00 00  | ................
000000000003A560 | 16 97 01 00 00 00 00 00  19 00 00 00 00 00 00 00  | ................
000000000003A570 | E0 DD 03 00 00 00 00 00  C8 07 00 00 00 00 00 00  | ................
000000000003A580 | 39 97 01 00 00 00 00 00  13 00 00 00 00 00 00 00  | 9...............
000000000003A590 | E0 DD 03 00 00 00 00 00  C8 07 00 00 00 00 00 00  | ................
000000000003A5A0 | 4D 97 01 00 00 00 00 00  27 00 00 00 00 00 00 00  | M.......'.......
000000000003A5B0 | E0 DD 03 00 00 00 00 00  C8 07 00 00 00 00 00 00  | ................
000000000003A5C0 | 75 97 01 00 00 00 00 00  16 00 00 00 00 00 00 00  | u...............
000000000003A5D0 | E0 DD 03 00 00 00 00 00  C8 07 00 00 00 00 00 00  | ................
000000000003A5E0 | 8C 97 01 00 00 00 00 00  16 00 00 00 00 00 00 00  | ................
000000000003A5F0 | E0 DD 03 00 00 00 00 00  C8 07 00 00 00 00 00 00  | ................
000000000003A600 | A3 97 01 00 00 00 00 00  11 00 00 00 00 00 00 00  | ................
000000000003A610 | E0 DD 03 00 00 00 00 00  C8 07 00 00 00 00 00 00  | ................
000000000003A620 | B5 97 01 00 00 00 00 00  11 00 00 00 00 00 00 00  | ................
000000000003A630 | E0 DD 03 00 00 00 00 00  C8 07 00 00 00 00 00 00  | ................
000000000003A640 | C7 97 01 00 00 00 00 00  16 00 00 00 00 00 00 00  | ................
000000000003A650 | E0 DD 03 00 00 00 00 00  C8 07 00 00 00 00 00 00  | ................
000000000003A660 | DE 97 01 00 00 00 00 00  16 00 00 00 00 00 00 00  | ................
000000000003A670 | E0 DD 03 00 00 00 00 00  C8 07 00 00 00 00 00 00  | ................
000000000003A680 | F5 97 01 00 00 00 00 00  0B 00 00 00 00 00 00 00  | ................
000000000003A690 | E0 DD 03 00 00 00 00 00  C8 07 00 00 00 00 00 00  | ................
000000000003A6A0 | 01 98 01 00 00 00 00 00  08 00 00 00 00 00 00 00  | ................
000000000003A6B0 | E0 DD 03 00 00 00 00 00  C8 07 00 00 00 00 00 00  | ................
000000000003A6C0 | 0A 98 01 00 00 00 00 00  0D 00 00 00 00 00 00 00  | ................
000000000003A6D0 | E0 DD 03 00 00 00 00 00  C8 07 00 00 00 00 00 00  | ................
000000000003A6E0 | 18 98 01 00 00 00 00 00  07 00 00 00 00 00 00 00  | ................
000000000003A6F0 | E0 DD 03 00 00 00 00 00  C8 07 00 00 00 00 00 00  | ................
000000000003A700 | 20 98 01 00 00 00 00 00  16 00 00 00 00 00 00 00  |  ...............
000000000003A710 | E0 DD 03 00 00 00 00 00  C8 07 00 00 00 00 00 00  | ................
000000000003A720 | 37 98 01 00 00 00 00 00  16 00 00 00 00 00 00 00  | 7...............
000000000003A730 | E0 DD 03 00 00 00 00 00  C8 07 00 00 00 00 00 00  | ................
000000000003A740 | 4E 98 01 00 00 00 00 00  0A 00 00 00 00 00 00 00  | N...............
000000000003A750 | E0 DD 03 00 00 00 00 00  C8 07 00 00 00 00 00 00  | ................
000000000003A760 | 59 98 01 00 00 00 00 00  19 00 00 00 00 00 00 00  | Y...............
000000000003A770 | E0 DD 03 00 00 00 00 00  C8 07 00 00 00 00 00 00  | ................
000000000003A780 | 73 98 01 00 00 00 00 00  16 00 00 00 00 00 00 00  | s...............
000000000003A790 | E0 DD 03 00 00 00 00 00  C8 07 00 00 00 00 00 00  | ................
000000000003A7A0 | 8A 98 01 00 00 00 00 00  16 00 00 00 00 00 00 00  | ................
000000000003A7B0 | E0 DD 03 00 00 00 00 00  C8 07 00 00 00 00 00 00  | ................
000000000003A7C0 | A1 98 01 00 00 00 00 00  16 00 00 00 00 00 00 00  | ................
000000000003A7D0 | E0 DD 03 00 00 00 00 00  C8 07 00 00 00 00 00 00  | ................
000000000003A7E0 | B8 98 01 00 00 00 00 00  11 00 00 00 00 00 00 00  | ................
000000000003A7F0 | E0 DD 03 00 00 00 00 00  C8 07 00 00 00 00 00 00  | ................
000000000003A800 | CA 98 01 00 00 00 00 00  12 00 00 00 00 00 00 00  | ................
000000000003A810 | E0 DD 03 00 00 00 00 00  C8 07 00 00 00 00 00 00  | ................
000000000003A820 | DD 98 01 00 00 00 00 00  11 00 00 00 00 00 00 00  | ................
000000000003A830 | E0 DD 03 00 00 00 00 00  C8 07 00 00 00 00 00 00  | ................
000000000003A840 | EF 98 01 00 00 00 00 00  17 00 00 00 00 00 00 00  | ................
000000000003A850 | E0 DD 03 00 00 00 00 00  C8 07 00 00 00 00 00 00  | ................
000000000003A860 | 07 99 01 00 00 00 00 00  11 00 00 00 00 00 00 00  | ................
000000000003A870 | E0 DD 03 00 00 00 00 00  C8 07 00 00 00 00 00 00  | ................
000000000003A880 | 19 99 01 00 00 00 00 00  16 00 00 00 00 00 00 00  | ................
000000000003A890 | E0 DD 03 00 00 00 00 00  C8 07 00 00 00 00 00 00  | ................
000000000003A8A0 | 6C 99 01 00 00 00 00 00  16 00 00 00 00 00 00 00  | l...............
000000000003A8B0 | E0 DD 03 00 00 00 00 00  C8 07 00 00 00 00 00 00  | ................
000000000003A8C0 | 83 99 01 00 00 00 00 00  16 00 00 00 00 00 00 00  | ................
000000000003A8D0 | E0 DD 03 00 00 00 00 00  C8 07 00 00 00 00 00 00  | ................
000000000003A8E0 | AA 99 01 00 00 00 00 00  16 00 00 00 00 00 00 00  | ................
000000000003A8F0 | E0 DD 03 00 00 00 00 00  C8 07 00 00 00 00 00 00  | ................
000000000003A900 | D6 99 01 00 00 00 00 00  16 00 00 00 00 00 00 00  | ................
000000000003A910 | E0 DD 03 00 00 00 00 00  C8 07 00 00 00 00 00 00  | ................
000000000003A920 | ED 99 01 00 00 00 00 00  16 00 00 00 00 00 00 00  | ................
000000000003A930 | E0 DD 03 00 00 00 00 00  C8 07 00 00 00 00 00 00  | ................
000000000003A940 | 04 9A 01 00 00 00 00 00  06 00 00 00 00 00 00 00  | ................
000000000003A950 | E0 DD 03 00 00 00 00 00  C8 07 00 00 00 00 00 00  | ................
000000000003A960 | 0B 9A 01 00 00 00 00 00  16 00 00 00 00 00 00 00  | ................
000000000003A970 | E0 DD 03 00 00 00 00 00  C8 07 00 00 00 00 00 00  | ................
000000000003A980 | 22 9A 01 00 00 00 00 00  16 00 00 00 00 00 00 00  | "...............
000000000003A990 | E0 DD 03 00 00 00 00 00  C8 07 00 00 00 00 00 00  | ................
000000000003A9A0 | 39 9A 01 00 00 00 00 00  16 00 00 00 00 00 00 00  | 9...............
000000000003A9B0 | E0 DD 03 00 00 00 00 00  C8 07 00 00 00 00 00 00  | ................
000000000003A9C0 | 50 9A 01 00 00 00 00 00  13 00 00 00 00 00 00 00  | P...............
000000000003A9D0 | E0 DD 03 00 00 00 00 00  C8 07 00 00 00 00 00 00  | ................
000000000003A9E0 | 64 9A 01 00 00 00 00 00  16 00 00 00 00 00 00 00  | d...............
000000000003A9F0 | E0 DD 03 00 00 00 00 00  C8 07 00 00 00 00 00 00  | ................
000000000003AA00 | 7B 9A 01 00 00 00 00 00  0C 00 00 00 00 00 00 00  | {...............
000000000003AA10 | E0 DD 03 00 00 00 00 00  C8 07 00 00 00 00 00 00  | ................
000000000003AA20 | 88 9A 01 00 00 00 00 00  16 00 00 00 00 00 00 00  | ................
000000000003AA30 | E0 DD 03 00 00 00 00 00  C8 07 00 00 00 00 00 00  | ................
000000000003AA40 | 9F 9A 01 00 00 00 00 00  16 00 00 00 00 00 00 00  | ................
000000000003AA50 | E0 DD 03 00 00 00 00 00  C8 07 00 00 00 00 00 00  | ................
000000000003AA60 | B6 9A 01 00 00 00 00 00  16 00 00 00 00 00 00 00  | ................
000000000003AA70 | E0 DD 03 00 00 00 00 00  C8 07 00 00 00 00 00 00  | ................
000000000003AA80 | CD 9A 01 00 00 00 00 00  16 00 00 00 00 00 00 00  | ................
000000000003AA90 | E0 DD 03 00 00 00 00 00  C8 07 00 00 00 00 00 00  | ................
000000000003AAA0 | E4 9A 01 00 00 00 00 00  16 00 00 00 00 00 00 00  | ................
000000000003AAB0 | E0 DD 03 00 00 00 00 00  C8 07 00 00 00 00 00 00  | ................
000000000003AAC0 | FB 9A 01 00 00 00 00 00  16 00 00 00 00 00 00 00  | ................
000000000003AAD0 | E0 DD 03 00 00 00 00 00  C8 07 00 00 00 00 00 00  | ................
000000000003AAE0 | 06 59 01 00 00 00 00 00  07 00 00 00 00 00 00 00  | .Y..............
000000000003AAF0 | E0 DD 03 00 00 00 00 00  C8 07 00 00 00 00 00 00  | ................
000000000003AB00 | 0E 59 01 00 00 00 00 00  05 00 00 00 00 00 00 00  | .Y..............
000000000003AB10 | E0 DD 03 00 00 00 00 00  C8 07 00 00 00 00 00 00  | ................
000000000003AB20 | 12 9B 01 00 00 00 00 00  16 00 00 00 00 00 00 00  | ................
000000000003AB30 | E0 DD 03 00 00 00 00 00  C8 07 00 00 00 00 00 00  | ................
000000000003AB40 | 29 9B 01 00 00 00 00 00  16 00 00 00 00 00 00 00  | )...............
000000000003AB50 | E0 DD 03 00 00 00 00 00  C8 07 00 00 00 00 00 00  | ................
000000000003AB60 | 40 9B 01 00 00 00 00 00  16 00 00 00 00 00 00 00  | @...............
000000000003AB70 | E0 DD 03 00 00 00 00 00  C8 07 00 00 00 00 00 00  | ................
000000000003AB80 | 57 9B 01 00 00 00 00 00  13 00 00 00 00 00 00 00  | W...............
000000000003AB90 | E0 DD 03 00 00 00 00 00  C8 07 00 00 00 00 00 00  | ................
000000000003ABA0 | 7F 9B 01 00 00 00 00 00  10 00 00 00 00 00 00 00  | ................
000000000003ABB0 | E0 DD 03 00 00 00 00 00  C8 07 00 00 00 00 00 00  | ................
000000000003ABC0 | 90 9B 01 00 00 00 00 00  16 00 00 00 00 00 00 00  | ................
000000000003ABD0 | E0 DD 03 00 00 00 00 00  C8 07 00 00 00 00 00 00  | ................
000000000003ABE0 | A7 9B 01 00 00 00 00 00  16 00 00 00 00 00 00 00  | ................
000000000003ABF0 | E0 DD 03 00 00 00 00 00  C8 07 00 00 00 00 00 00  | ................
000000000003AC00 | BE 9B 01 00 00 00 00 00  2F 00 00 00 00 00 00 00  | ......../.......
000000000003AC10 | E0 DD 03 00 00 00 00 00  C8 07 00 00 00 00 00 00  | ................
000000000003AC20 | EE 9B 01 00 00 00 00 00  11 00 00 00 00 00 00 00  | ................
000000000003AC30 | E0 DD 03 00 00 00 00 00  C8 07 00 00 00 00 00 00  | ................
000000000003AC40 | 00 9C 01 00 00 00 00 00  15 00 00 00 00 00 00 00  | ................
000000000003AC50 | E0 DD 03 00 00 00 00 00  C8 07 00 00 00 00 00 00  | ................
000000000003AC60 | 16 9C 01 00 00 00 00 00  18 00 00 00 00 00 00 00  | ................
000000000003AC70 | E0 DD 03 00 00 00 00 00  C8 07 00 00 00 00 00 00  | ................
000000000003AC80 | 2F 9C 01 00 00 00 00 00  16 00 00 00 00 00 00 00  | /...............
000000000003AC90 | E0 DD 03 00 00 00 00 00  C8 07 00 00 00 00 00 00  | ................
000000000003ACA0 | 46 9C 01 00 00 00 00 00  16 00 00 00 00 00 00 00  | F...............
000000000003ACB0 | E0 DD 03 00 00 00 00 00  C8 07 00 00 00 00 00 00  | ................
000000000003ACC0 | 5D 9C 01 00 00 00 00 00  0A 00 00 00 00 00 00 00  | ]...............
000000000003ACD0 | E0 DD 03 00 00 00 00 00  C8 07 00 00 00 00 00 00  | ................
000000000003ACE0 | 68 9C 01 00 00 00 00 00  08 00 00 00 00 00 00 00  | h...............
000000000003ACF0 | E0 DD 03 00 00 00 00 00  C8 07 00 00 00 00 00 00  | ................
000000000003AD00 | 71 9C 01 00 00 00 00 00  0F 00 00 00 00 00 00 00  | q...............
000000000003AD10 | E0 DD 03 00 00 00 00 00  C8 07 00 00 00 00 00 00  | ................
000000000003AD20 | 81 9C 01 00 00 00 00 00  0B 00 00 00 00 00 00 00  | ................
000000000003AD30 | E0 DD 03 00 00 00 00 00  C8 07 00 00 00 00 00 00  | ................
000000000003AD40 | 8D 9C 01 00 00 00 00 00  16 00 00 00 00 00 00 00  | ................
000000000003AD50 | E0 DD 03 00 00 00 00 00  C8 07 00 00 00 00 00 00  | ................
000000000003AD60 | A4 9C 01 00 00 00 00 00  16 00 00 00 00 00 00 00  | ................
000000000003AD70 | E0 DD 03 00 00 00 00 00  C8 07 00 00 00 00 00 00  | ................
000000000003AD80 | BB 9C 01 00 00 00 00 00  07 00 00 00 00 00 00 00  | ................
000000000003AD90 | E0 DD 03 00 00 00 00 00  C8 07 00 00 00 00 00 00  | ................
000000000003ADA0 | C3 9C 01 00 00 00 00 00  17 00 00 00 00 00 00 00  | ................
000000000003ADB0 | E0 DD 03 00 00 00 00 00  C8 07 00 00 00 00 00 00  | ................
000000000003ADC0 | DB 9C 01 00 00 00 00 00  16 00 00 00 00 00 00 00  | ................
000000000003ADD0 | E0 DD 03 00 00 00 00 00  C8 07 00 00 00 00 00 00  | ................
000000000003ADE0 | F2 9C 01 00 00 00 00 00  15 00 00 00 00 00 00 00  | ................
000000000003ADF0 | E0 DD 03 00 00 00 00 00  C8 07 00 00 00 00 00 00  | ................
000000000003AE00 | 08 9D 01 00 00 00 00 00  12 00 00 00 00 00 00 00  | ................
000000000003AE10 | E0 DD 03 00 00 00 00 00  C8 07 00 00 00 00 00 00  | ................
000000000003AE20 | 51 9D 01 00 00 00 00 00  16 00 00 00 00 00 00 00  | Q...............
000000000003AE30 | E0 DD 03 00 00 00 00 00  C8 07 00 00 00 00 00 00  | ................
000000000003AE40 | 68 9D 01 00 00 00 00 00  16 00 00 00 00 00 00 00  | h...............
000000000003AE50 | E0 DD 03 00 00 00 00 00  C8 07 00 00 00 00 00 00  | ................
000000000003AE60 | 7F 9D 01 00 00 00 00 00  16 00 00 00 00 00 00 00  | ................
000000000003AE70 | E0 DD 03 00 00 00 00 00  C8 07 00 00 00 00 00 00  | ................
000000000003AE80 | 96 9D 01 00 00 00 00 00  16 00 00 00 00 00 00 00  | ................
000000000003AE90 | E0 DD 03 00 00 00 00 00  C8 07 00 00 00 00 00 00  | ................
000000000003AEA0 | AD 9D 01 00 00 00 00 00  16 00 00 00 00 00 00 00  | ................
000000000003AEB0 | E0 DD 03 00 00 00 00 00  C8 07 00 00 00 00 00 00  | ................
000000000003AEC0 | C4 9D 01 00 00 00 00 00  16 00 00 00 00 00 00 00  | ................
000000000003AED0 | E0 DD 03 00 00 00 00 00  C8 07 00 00 00 00 00 00  | ................
000000000003AEE0 | 09 9E 01 00 00 00 00 00  16 00 00 00 00 00 00 00  | ................
000000000003AEF0 | E0 DD 03 00 00 00 00 00  C8 07 00 00 00 00 00 00  | ................
000000000003AF00 | 20 9E 01 00 00 00 00 00  1E 00 00 00 00 00 00 00  |  ...............
000000000003AF10 | E0 DD 03 00 00 00 00 00  C8 07 00 00 00 00 00 00  | ................
000000000003AF20 | 3F 9E 01 00 00 00 00 00  01 00 00 00 00 00 00 00  | ?...............
000000000003AF30 | E0 DD 03 00 00 00 00 00  C8 07 00 00 00 00 00 00  | ................
000000000003AF40 | 41 9E 01 00 00 00 00 00  0C 00 00 00 00 00 00 00  | A...............
000000000003AF50 | E0 DD 03 00 00 00 00 00  C8 07 00 00 00 00 00 00  | ................
000000000003AF60 | 4E 9E 01 00 00 00 00 00  07 00 00 00 00 00 00 00  | N...............
000000000003AF70 | E0 DD 03 00 00 00 00 00  C8 07 00 00 00 00 00 00  | ................
000000000003AF80 | 56 9E 01 00 00 00 00 00  12 00 00 00 00 00 00 00  | V...............
000000000003AF90 | E0 DD 03 00 00 00 00 00  C8 07 00 00 00 00 00 00  | ................
000000000003AFA0 | 69 9E 01 00 00 00 00 00  14 00 00 00 00 00 00 00  | i...............
000000000003AFB0 | E0 DD 03 00 00 00 00 00  C8 07 00 00 00 00 00 00  | ................
000000000003AFC0 | 7E 9E 01 00 00 00 00 00  16 00 00 00 00 00 00 00  | ~...............
000000000003AFD0 | E0 DD 03 00 00 00 00 00  C8 07 00 00 00 00 00 00  | ................
000000000003AFE0 | 95 9E 01 00 00 00 00 00  0B 00 00 00 00 00 00 00  | ................
000000000003AFF0 | E0 DD 03 00 00 00 00 00  C8 07 00 00 00 00 00 00  | ................
000000000003B000 | A1 9E 01 00 00 00 00 00  1B 00 00 00 00 00 00 00  | ................
000000000003B010 | E0 DD 03 00 00 00 00 00  C8 07 00 00 00 00 00 00  | ................
000000000003B020 | C5 9E 01 00 00 00 00 00  13 00 00 00 00 00 00 00  | ................
000000000003B030 | E0 DD 03 00 00 00 00 00  C8 07 00 00 00 00 00 00  | ................
000000000003B040 | D9 9E 01 00 00 00 00 00  16 00 00 00 00 00 00 00  | ................
000000000003B050 | E0 DD 03 00 00 00 00 00  C8 07 00 00 00 00 00 00  | ................
000000000003B060 | F0 9E 01 00 00 00 00 00  08 00 00 00 00 00 00 00  | ................
000000000003B070 | E0 DD 03 00 00 00 00 00  C8 07 00 00 00 00 00 00  | ................
000000000003B080 | F9 9E 01 00 00 00 00 00  0C 00 00 00 00 00 00 00  | ................
000000000003B090 | E0 DD 03 00 00 00 00 00  C8 07 00 00 00 00 00 00  | ................
000000000003B0A0 | 1A 9F 01 00 00 00 00 00  11 00 00 00 00 00 00 00  | ................
000000000003B0B0 | E0 DD 03 00 00 00 00 00  C8 07 00 00 00 00 00 00  | ................
000000000003B0C0 | 2C 9F 01 00 00 00 00 00  07 00 00 00 00 00 00 00  | ,...............
000000000003B0D0 | E0 DD 03 00 00 00 00 00  C8 07 00 00 00 00 00 00  | ................
000000000003B0E0 | 34 9F 01 00 00 00 00 00  0F 00 00 00 00 00 00 00  | 4...............
000000000003B0F0 | E0 DD 03 00 00 00 00 00  C8 07 00 00 00 00 00 00  | ................
000000000003B100 | 44 9F 01 00 00 00 00 00  09 00 00 00 00 00 00 00  | D...............
000000000003B110 | E0 DD 03 00 00 00 00 00  C8 07 00 00 00 00 00 00  | ................
000000000003B120 | 4E 9F 01 00 00 00 00 00  2A 00 00 00 00 00 00 00  | N.......*.......
000000000003B130 | E0 DD 03 00 00 00 00 00  C8 07 00 00 00 00 00 00  | ................
000000000003B140 | 79 9F 01 00 00 00 00 00  2A 00 00 00 00 00 00 00  | y.......*.......
000000000003B150 | E0 DD 03 00 00 00 00 00  C8 07 00 00 00 00 00 00  | ................
000000000003B160 | A4 9F 01 00 00 00 00 00  16 00 00 00 00 00 00 00  | ................
000000000003B170 | E0 DD 03 00 00 00 00 00  C8 07 00 00 00 00 00 00  | ................
000000000003B180 | BB 9F 01 00 00 00 00 00  28 00 00 00 00 00 00 00  | ........(.......
000000000003B190 | E0 DD 03 00 00 00 00 00  C8 07 00 00 00 00 00 00  | ................
000000000003B1A0 | 05 A0 01 00 00 00 00 00  16 00 00 00 00 00 00 00  | ................
000000000003B1B0 | E0 DD 03 00 00 00 00 00  C8 07 00 00 00 00 00 00  | ................
000000000003B1C0 | 1C A0 01 00 00 00 00 00  15 00 00 00 00 00 00 00  | ................
000000000003B1D0 | E0 DD 03 00 00 00 00 00  C8 07 00 00 00 00 00 00  | ................
000000000003B1E0 | 3B A0 01 00 00 00 00 00  16 00 00 00 00 00 00 00  | ;...............
000000000003B1F0 | E0 DD 03 00 00 00 00 00  C8 07 00 00 00 00 00 00  | ................
000000000003B200 | 52 A0 01 00 00 00 00 00  0D 00 00 00 00 00 00 00  | R...............
000000000003B210 | E0 DD 03 00 00 00 00 00  C8 07 00 00 00 00 00 00  | ................
000000000003B220 | 60 A0 01 00 00 00 00 00  16 00 00 00 00 00 00 00  | `...............
000000000003B230 | E0 DD 03 00 00 00 00 00  C8 07 00 00 00 00 00 00  | ................
000000000003B240 | 84 A0 01 00 00 00 00 00  0F 00 00 00 00 00 00 00  | ................
000000000003B250 | E0 DD 03 00 00 00 00 00  C8 07 00 00 00 00 00 00  | ................
000000000003B260 | 94 A0 01 00 00 00 00 00  16 00 00 00 00 00 00 00  | ................
000000000003B270 | E0 DD 03 00 00 00 00 00  C8 07 00 00 00 00 00 00  | ................
000000000003B280 | BE A0 01 00 00 00 00 00  16 00 00 00 00 00 00 00  | ................
000000000003B290 | E0 DD 03 00 00 00 00 00  C8 07 00 00 00 00 00 00  | ................
000000000003B2A0 | D5 A0 01 00 00 00 00 00  16 00 00 00 00 00 00 00  | ................
000000000003B2B0 | E0 DD 03 00 00 00 00 00  C8 07 00 00 00 00 00 00  | ................
000000000003B2C0 | EC A0 01 00 00 00 00 00  16 00 00 00 00 00 00 00  | ................
000000000003B2D0 | E0 DD 03 00 00 00 00 00  C8 07 00 00 00 00 00 00  | ................
000000000003B2E0 | 03 A1 01 00 00 00 00 00  16 00 00 00 00 00 00 00  | ................
000000000003B2F0 | E0 DD 03 00 00 00 00 00  C8 07 00 00 00 00 00 00  | ................
000000000003B300 | 1A A1 01 00 00 00 00 00  16 00 00 00 00 00 00 00  | ................
000000000003B310 | E0 DD 03 00 00 00 00 00  C8 07 00 00 00 00 00 00  | ................
000000000003B320 | 31 A1 01 00 00 00 00 00  16 00 00 00 00 00 00 00  | 1...............
000000000003B330 | E0 DD 03 00 00 00 00 00  C8 07 00 00 00 00 00 00  | ................
000000000003B340 | 48 A1 01 00 00 00 00 00  16 00 00 00 00 00 00 00  | H...............
000000000003B350 | E0 DD 03 00 00 00 00 00  C8 07 00 00 00 00 00 00  | ................
000000000003B360 | 5F A1 01 00 00 00 00 00  10 00 00 00 00 00 00 00  | _...............
000000000003B370 | E0 DD 03 00 00 00 00 00  C8 07 00 00 00 00 00 00  | ................
000000000003B380 | 70 A1 01 00 00 00 00 00  15 00 00 00 00 00 00 00  | p...............
000000000003B390 | E0 DD 03 00 00 00 00 00  C8 07 00 00 00 00 00 00  | ................
000000000003B3A0 | 86 A1 01 00 00 00 00 00  16 00 00 00 00 00 00 00  | ................
000000000003B3B0 | E0 DD 03 00 00 00 00 00  C8 07 00 00 00 00 00 00  | ................
000000000003B3C0 | 9D A1 01 00 00 00 00 00  16 00 00 00 00 00 00 00  | ................
000000000003B3D0 | E0 DD 03 00 00 00 00 00  C8 07 00 00 00 00 00 00  | ................
000000000003B3E0 | B4 A1 01 00 00 00 00 00  16 00 00 00 00 00 00 00  | ................
000000000003B3F0 | E0 DD 03 00 00 00 00 00  C8 07 00 00 00 00 00 00  | ................
000000000003B400 | CB A1 01 00 00 00 00 00  16 00 00 00 00 00 00 00  | ................
000000000003B410 | E0 DD 03 00 00 00 00 00  C8 07 00 00 00 00 00 00  | ................
000000000003B420 | 24 A2 01 00 00 00 00 00  0C 00 00 00 00 00 00 00  | $...............
000000000003B430 | E0 DD 03 00 00 00 00 00  C8 07 00 00 00 00 00 00  | ................
000000000003B440 | 31 A2 01 00 00 00 00 00  16 00 00 00 00 00 00 00  | 1...............
000000000003B450 | E0 DD 03 00 00 00 00 00  C8 07 00 00 00 00 00 00  | ................
000000000003B460 | 48 A2 01 00 00 00 00 00  0C 00 00 00 00 00 00 00  | H...............
000000000003B470 | E0 DD 03 00 00 00 00 00  C8 07 00 00 00 00 00 00  | ................
000000000003B480 | 55 A2 01 00 00 00 00 00  1C 00 00 00 00 00 00 00  | U...............
000000000003B490 | E0 DD 03 00 00 00 00 00  C8 07 00 00 00 00 00 00  | ................
000000000003B4A0 | 8C A2 01 00 00 00 00 00  0A 00 00 00 00 00 00 00  | ................
000000000003B4B0 | E0 DD 03 00 00 00 00 00  D0 07 00 00 00 00 00 00  | ................
000000000003B4C0 | A0 BF 01 00 00 00 00 00  08 00 00 00 00 00 00 00  | ................
000000000003B4D0 | E0 DD 03 00 00 00 00 00  C8 07 00 00 00 00 00 00  | ................
000000000003B4E0 | 97 A2 01 00 00 00 00 00  0B 00 00 00 00 00 00 00  | ................
000000000003B4F0 | E0 DD 03 00 00 00 00 00  C8 07 00 00 00 00 00 00  | ................
000000000003B500 | A3 A2 01 00 00 00 00 00  16 00 00 00 00 00 00 00  | ................
000000000003B510 | E0 DD 03 00 00 00 00 00  C8 07 00 00 00 00 00 00  | ................
000000000003B520 | BA A2 01 00 00 00 00 00  16 00 00 00 00 00 00 00  | ................
000000000003B530 | E0 DD 03 00 00 00 00 00  C8 07 00 00 00 00 00 00  | ................
000000000003B540 | D1 A2 01 00 00 00 00 00  16 00 00 00 00 00 00 00  | ................
000000000003B550 | E0 DD 03 00 00 00 00 00  C8 07 00 00 00 00 00 00  | ................
000000000003B560 | E8 A2 01 00 00 00 00 00  16 00 00 00 00 00 00 00  | ................
000000000003B570 | E0 DD 03 00 00 00 00 00  C8 07 00 00 00 00 00 00  | ................
000000000003B580 | FF A2 01 00 00 00 00 00  17 00 00 00 00 00 00 00  | ................
000000000003B590 | E0 DD 03 00 00 00 00 00  C8 07 00 00 00 00 00 00  | ................
000000000003B5A0 | 17 A3 01 00 00 00 00 00  16 00 00 00 00 00 00 00  | ................
000000000003B5B0 | E0 DD 03 00 00 00 00 00  C8 07 00 00 00 00 00 00  | ................
000000000003B5C0 | 2E A3 01 00 00 00 00 00  25 00 00 00 00 00 00 00  | ........%.......
000000000003B5D0 | E0 DD 03 00 00 00 00 00  C8 07 00 00 00 00 00 00  | ................
000000000003B5E0 | 6C A3 01 00 00 00 00 00  16 00 00 00 00 00 00 00  | l...............
000000000003B5F0 | E0 DD 03 00 00 00 00 00  C8 07 00 00 00 00 00 00  | ................
000000000003B600 | 83 A3 01 00 00 00 00 00  16 00 00 00 00 00 00 00  | ................
000000000003B610 | E0 DD 03 00 00 00 00 00  C8 07 00 00 00 00 00 00  | ................
000000000003B620 | C4 A3 01 00 00 00 00 00  37 00 00 00 00 00 00 00  | ........7.......
000000000003B630 | E0 DD 03 00 00 00 00 00  C8 07 00 00 00 00 00 00  | ................
000000000003B640 | FC A3 01 00 00 00 00 00  1E 00 00 00 00 00 00 00  | ................
000000000003B650 | E0 DD 03 00 00 00 00 00  C8 07 00 00 00 00 00 00  | ................
000000000003B660 | 3B A4 01 00 00 00 00 00  17 00 00 00 00 00 00 00  | ;...............
000000000003B670 | E0 DD 03 00 00 00 00 00  C8 07 00 00 00 00 00 00  | ................
000000000003B680 | 57 A4 01 00 00 00 00 00  17 00 00 00 00 00 00 00  | W...............
000000000003B690 | E0 DD 03 00 00 00 00 00  C8 07 00 00 00 00 00 00  | ................
000000000003B6A0 | 6F A4 01 00 00 00 00 00  16 00 00 00 00 00 00 00  | o...............
000000000003B6B0 | E0 DD 03 00 00 00 00 00  C8 07 00 00 00 00 00 00  | ................
000000000003B6C0 | 86 A4 01 00 00 00 00 00  0F 00 00 00 00 00 00 00  | ................
000000000003B6D0 | E0 DD 03 00 00 00 00 00  C8 07 00 00 00 00 00 00  | ................
000000000003B6E0 | 96 A4 01 00 00 00 00 00  16 00 00 00 00 00 00 00  | ................
000000000003B6F0 | E0 DD 03 00 00 00 00 00  C8 07 00 00 00 00 00 00  | ................
000000000003B700 | AD A4 01 00 00 00 00 00  16 00 00 00 00 00 00 00  | ................
000000000003B710 | E0 DD 03 00 00 00 00 00  C8 07 00 00 00 00 00 00  | ................
000000000003B720 | C4 A4 01 00 00 00 00 00  16 00 00 00 00 00 00 00  | ................
000000000003B730 | E0 DD 03 00 00 00 00 00  C8 07 00 00 00 00 00 00  | ................
000000000003B740 | DB A4 01 00 00 00 00 00  16 00 00 00 00 00 00 00  | ................
000000000003B750 | E0 DD 03 00 00 00 00 00  C8 07 00 00 00 00 00 00  | ................
000000000003B760 | F2 A4 01 00 00 00 00 00  16 00 00 00 00 00 00 00  | ................
000000000003B770 | E0 DD 03 00 00 00 00 00  C8 07 00 00 00 00 00 00  | ................
000000000003B780 | 09 A5 01 00 00 00 00 00  16 00 00 00 00 00 00 00  | ................
000000000003B790 | E0 DD 03 00 00 00 00 00  C8 07 00 00 00 00 00 00  | ................
000000000003B7A0 | 4D A5 01 00 00 00 00 00  16 00 00 00 00 00 00 00  | M...............
000000000003B7B0 | E0 DD 03 00 00 00 00 00  C8 07 00 00 00 00 00 00  | ................
000000000003B7C0 | 64 A5 01 00 00 00 00 00  16 00 00 00 00 00 00 00  | d...............
000000000003B7D0 | E0 DD 03 00 00 00 00 00  C8 07 00 00 00 00 00 00  | ................
000000000003B7E0 | 7B A5 01 00 00 00 00 00  06 00 00 00 00 00 00 00  | {...............
000000000003B7F0 | E0 DD 03 00 00 00 00 00  C8 07 00 00 00 00 00 00  | ................
000000000003B800 | 82 A5 01 00 00 00 00 00  16 00 00 00 00 00 00 00  | ................
000000000003B810 | E0 DD 03 00 00 00 00 00  C8 07 00 00 00 00 00 00  | ................
000000000003B820 | 99 A5 01 00 00 00 00 00  16 00 00 00 00 00 00 00  | ................
000000000003B830 | E0 DD 03 00 00 00 00 00  C8 07 00 00 00 00 00 00  | ................
000000000003B840 | BA A5 01 00 00 00 00 00  25 00 00 00 00 00 00 00  | ........%.......
000000000003B850 | E0 DD 03 00 00 00 00 00  C8 07 00 00 00 00 00 00  | ................
000000000003B860 | E0 A5 01 00 00 00 00 00  25 00 00 00 00 00 00 00  | ........%.......
000000000003B870 | E0 DD 03 00 00 00 00 00  C8 07 00 00 00 00 00 00  | ................
000000000003B880 | EB 6A 01 00 00 00 00 00  16 00 00 00 00 00 00 00  | .j..............
000000000003B890 | E0 DD 03 00 00 00 00 00  C8 07 00 00 00 00 00 00  | ................
000000000003B8A0 | 06 A6 01 00 00 00 00 00  06 00 00 00 00 00 00 00  | ................
000000000003B8B0 | E0 DD 03 00 00 00 00 00  C8 07 00 00 00 00 00 00  | ................
000000000003B8C0 | 0D A6 01 00 00 00 00 00  01 00 00 00 00 00 00 00  | ................
000000000003B8D0 | E0 DD 03 00 00 00 00 00  C8 07 00 00 00 00 00 00  | ................
000000000003B8E0 | 0F A6 01 00 00 00 00 00  03 00 00 00 00 00 00 00  | ................
000000000003B8F0 | E0 DD 03 00 00 00 00 00  C8 07 00 00 00 00 00 00  | ................
000000000003B900 | 13 A6 01 00 00 00 00 00  01 00 00 00 00 00 00 00  | ................
000000000003B910 | E0 DD 03 00 00 00 00 00  C8 07 00 00 00 00 00 00  | ................
000000000003B920 | 15 A6 01 00 00 00 00 00  05 00 00 00 00 00 00 00  | ................
000000000003B930 | E0 DD 03 00 00 00 00 00  C8 07 00 00 00 00 00 00  | ................
000000000003B940 | 55 6E 01 00 00 00 00 00  16 00 00 00 00 00 00 00  | Un..............
000000000003B950 | E0 DD 03 00 00 00 00 00  C8 07 00 00 00 00 00 00  | ................
000000000003B960 | 1B A6 01 00 00 00 00 00  01 00 00 00 00 00 00 00  | ................
000000000003B970 | E0 DD 03 00 00 00 00 00  C8 07 00 00 00 00 00 00  | ................
000000000003B980 | FC 71 01 00 00 00 00 00  16 00 00 00 00 00 00 00  | .q..............
000000000003B990 | E0 DD 03 00 00 00 00 00  C8 07 00 00 00 00 00 00  | ................
000000000003B9A0 | 57 A6 01 00 00 00 00 00  10 00 00 00 00 00 00 00  | W...............
000000000003B9B0 | E0 DD 03 00 00 00 00 00  C8 07 00 00 00 00 00 00  | ................
000000000003B9C0 | A8 A6 01 00 00 00 00 00  2D 00 00 00 00 00 00 00  | ........-.......
000000000003B9D0 | E0 DD 03 00 00 00 00 00  C8 07 00 00 00 00 00 00  | ................
000000000003B9E0 | D6 A6 01 00 00 00 00 00  2D 00 00 00 00 00 00 00  | ........-.......
000000000003B9F0 | E0 DD 03 00 00 00 00 00  C8 07 00 00 00 00 00 00  | ................
000000000003BA00 | 04 A7 01 00 00 00 00 00  2A 00 00 00 00 00 00 00  | ........*.......
000000000003BA10 | E0 DD 03 00 00 00 00 00  C8 07 00 00 00 00 00 00  | ................
000000000003BA20 | 2F A7 01 00 00 00 00 00  0D 00 00 00 00 00 00 00  | /...............
000000000003BA30 | E0 DD 03 00 00 00 00 00  C8 07 00 00 00 00 00 00  | ................
000000000003BA40 | 3D A7 01 00 00 00 00 00  10 00 00 00 00 00 00 00  | =...............
000000000003BA50 | E0 DD 03 00 00 00 00 00  C8 07 00 00 00 00 00 00  | ................
000000000003BA60 | 4E A7 01 00 00 00 00 00  57 00 00 00 00 00 00 00  | N.......W.......
000000000003BA70 | E0 DD 03 00 00 00 00 00  C8 07 00 00 00 00 00 00  | ................
000000000003BA80 | A6 A7 01 00 00 00 00 00  23 00 00 00 00 00 00 00  | ........#.......
000000000003BA90 | E0 DD 03 00 00 00 00 00  C8 07 00 00 00 00 00 00  | ................
000000000003BAA0 | 28 76 01 00 00 00 00 00  16 00 00 00 00 00 00 00  | (v..............
000000000003BAB0 | E0 DD 03 00 00 00 00 00  C8 07 00 00 00 00 00 00  | ................
000000000003BAC0 | CA A7 01 00 00 00 00 00  20 00 00 00 00 00 00 00  | ........ .......
000000000003BAD0 | E0 DD 03 00 00 00 00 00  C8 07 00 00 00 00 00 00  | ................
000000000003BAE0 | 2E A8 01 00 00 00 00 00  2C 00 00 00 00 00 00 00  | ........,.......
000000000003BAF0 | E0 DD 03 00 00 00 00 00  C8 07 00 00 00 00 00 00  | ................
000000000003BB00 | 5B A8 01 00 00 00 00 00  20 00 00 00 00 00 00 00  | [....... .......
000000000003BB10 | E0 DD 03 00 00 00 00 00  C8 07 00 00 00 00 00 00  | ................
000000000003BB20 | 7C A8 01 00 00 00 00 00  3B 00 00 00 00 00 00 00  | |.......;.......
000000000003BB30 | E0 DD 03 00 00 00 00 00  C8 07 00 00 00 00 00 00  | ................
000000000003BB40 | B8 A8 01 00 00 00 00 00  34 00 00 00 00 00 00 00  | ........4.......
000000000003BB50 | E0 DD 03 00 00 00 00 00  C8 07 00 00 00 00 00 00  | ................
000000000003BB60 | 19 A9 01 00 00 00 00 00  24 00 00 00 00 00 00 00  | ........$.......
000000000003BB70 | E0 DD 03 00 00 00 00 00  C8 07 00 00 00 00 00 00  | ................
000000000003BB80 | 3E A9 01 00 00 00 00 00  2A 00 00 00 00 00 00 00  | >.......*.......
000000000003BB90 | E0 DD 03 00 00 00 00 00  C8 07 00 00 00 00 00 00  | ................
000000000003BBA0 | 69 A9 01 00 00 00 00 00  1E 00 00 00 00 00 00 00  | i...............
000000000003BBB0 | E0 DD 03 00 00 00 00 00  C8 07 00 00 00 00 00 00  | ................
000000000003BBC0 | B3 A9 01 00 00 00 00 00  38 00 00 00 00 00 00 00  | ........8.......
000000000003BBD0 | E0 DD 03 00 00 00 00 00  C8 07 00 00 00 00 00 00  | ................
000000000003BBE0 | EC A9 01 00 00 00 00 00  2C 00 00 00 00 00 00 00  | ........,.......
000000000003BBF0 | E0 DD 03 00 00 00 00 00  C8 07 00 00 00 00 00 00  | ................
000000000003BC00 | 19 AA 01 00 00 00 00 00  42 00 00 00 00 00 00 00  | ........B.......
000000000003BC10 | E0 DD 03 00 00 00 00 00  C8 07 00 00 00 00 00 00  | ................
000000000003BC20 | 5C AA 01 00 00 00 00 00  3A 00 00 00 00 00 00 00  | \.......:.......
000000000003BC30 | E0 DD 03 00 00 00 00 00  C8 07 00 00 00 00 00 00  | ................
000000000003BC40 | AA AA 01 00 00 00 00 00  13 00 00 00 00 00 00 00  | ................
000000000003BC50 | E0 DD 03 00 00 00 00 00  C8 07 00 00 00 00 00 00  | ................
000000000003BC60 | FE AA 01 00 00 00 00 00  26 00 00 00 00 00 00 00  | ........&.......
000000000003BC70 | E0 DD 03 00 00 00 00 00  C8 07 00 00 00 00 00 00  | ................
000000000003BC80 | 25 AB 01 00 00 00 00 00  1A 00 00 00 00 00 00 00  | %...............
000000000003BC90 | E0 DD 03 00 00 00 00 00  C8 07 00 00 00 00 00 00  | ................
000000000003BCA0 | 40 AB 01 00 00 00 00 00  35 00 00 00 00 00 00 00  | @.......5.......
000000000003BCB0 | E0 DD 03 00 00 00 00 00  C8 07 00 00 00 00 00 00  | ................
000000000003BCC0 | 76 AB 01 00 00 00 00 00  11 00 00 00 00 00 00 00  | v...............
000000000003BCD0 | E0 DD 03 00 00 00 00 00  C8 07 00 00 00 00 00 00  | ................
000000000003BCE0 | 88 AB 01 00 00 00 00 00  28 00 00 00 00 00 00 00  | ........(.......
000000000003BCF0 | E0 DD 03 00 00 00 00 00  C8 07 00 00 00 00 00 00  | ................
000000000003BD00 | B1 AB 01 00 00 00 00 00  27 00 00 00 00 00 00 00  | ........'.......
000000000003BD10 | E0 DD 03 00 00 00 00 00  C8 07 00 00 00 00 00 00  | ................
000000000003BD20 | D9 AB 01 00 00 00 00 00  33 00 00 00 00 00 00 00  | ........3.......
000000000003BD30 | E0 DD 03 00 00 00 00 00  C8 07 00 00 00 00 00 00  | ................
000000000003BD40 | 1E AC 01 00 00 00 00 00  31 00 00 00 00 00 00 00  | ........1.......
000000000003BD50 | E0 DD 03 00 00 00 00 00  C8 07 00 00 00 00 00 00  | ................
000000000003BD60 | 50 AC 01 00 00 00 00 00  2B 00 00 00 00 00 00 00  | P.......+.......
000000000003BD70 | E0 DD 03 00 00 00 00 00  C8 07 00 00 00 00 00 00  | ................
000000000003BD80 | 7C AC 01 00 00 00 00 00  33 00 00 00 00 00 00 00  | |.......3.......
000000000003BD90 | E0 DD 03 00 00 00 00 00  C8 07 00 00 00 00 00 00  | ................
000000000003BDA0 | B0 AC 01 00 00 00 00 00  1E 00 00 00 00 00 00 00  | ................
000000000003BDB0 | E0 DD 03 00 00 00 00 00  C8 07 00 00 00 00 00 00  | ................
000000000003BDC0 | CF AC 01 00 00 00 00 00  19 00 00 00 00 00 00 00  | ................
000000000003BDD0 | E0 DD 03 00 00 00 00 00  C8 07 00 00 00 00 00 00  | ................
000000000003BDE0 | E9 AC 01 00 00 00 00 00  1F 00 00 00 00 00 00 00  | ................
000000000003BDF0 | E0 DD 03 00 00 00 00 00  C8 07 00 00 00 00 00 00  | ................
000000000003BE00 | 09 AD 01 00 00 00 00 00  25 00 00 00 00 00 00 00  | ........%.......
000000000003BE10 | E0 DD 03 00 00 00 00 00  C8 07 00 00 00 00 00 00  | ................
000000000003BE20 | 2F AD 01 00 00 00 00 00  1F 00 00 00 00 00 00 00  | /...............
000000000003BE30 | E0 DD 03 00 00 00 00 00  C8 07 00 00 00 00 00 00  | ................
000000000003BE40 | 4F AD 01 00 00 00 00 00  25 00 00 00 00 00 00 00  | O.......%.......
000000000003BE50 | E0 DD 03 00 00 00 00 00  C8 07 00 00 00 00 00 00  | ................
000000000003BE60 | 75 AD 01 00 00 00 00 00  01 00 00 00 00 00 00 00  | u...............
000000000003BE70 | E0 DD 03 00 00 00 00 00  C8 07 00 00 00 00 00 00  | ................
000000000003BE80 | 77 AD 01 00 00 00 00 00  01 00 00 00 00 00 00 00  | w...............
000000000003BE90 | E0 DD 03 00 00 00 00 00  C8 07 00 00 00 00 00 00  | ................
000000000003BEA0 | 79 AD 01 00 00 00 00 00  01 00 00 00 00 00 00 00  | y...............
000000000003BEB0 | E0 DD 03 00 00 00 00 00  C8 07 00 00 00 00 00 00  | ................
000000000003BEC0 | 7B AD 01 00 00 00 00 00  0A 00 00 00 00 00 00 00  | {...............
000000000003BED0 | E0 DD 03 00 00 00 00 00  C8 07 00 00 00 00 00 00  | ................
000000000003BEE0 | C2 AD 01 00 00 00 00 00  17 00 00 00 00 00 00 00  | ................
000000000003BEF0 | E0 DD 03 00 00 00 00 00  C8 07 00 00 00 00 00 00  | ................
000000000003BF00 | 87 AE 01 00 00 00 00 00  07 00 00 00 00 00 00 00  | ................
000000000003BF10 | E0 DD 03 00 00 00 00 00  C8 07 00 00 00 00 00 00  | ................
000000000003BF20 | AF AE 01 00 00 00 00 00  06 00 00 00 00 00 00 00  | ................
000000000003BF30 | E0 DD 03 00 00 00 00 00  C8 07 00 00 00 00 00 00  | ................
000000000003BF40 | B6 AE 01 00 00 00 00 00  07 00 00 00 00 00 00 00  | ................
000000000003BF50 | E0 DD 03 00 00 00 00 00  C8 07 00 00 00 00 00 00  | ................
000000000003BF60 | BE AE 01 00 00 00 00 00  10 00 00 00 00 00 00 00  | ................
000000000003BF70 | E0 DD 03 00 00 00 00 00  C8 07 00 00 00 00 00 00  | ................
000000000003BF80 | CF AE 01 00 00 00 00 00  13 00 00 00 00 00 00 00  | ................
000000000003BF90 | E0 DD 03 00 00 00 00 00  C8 07 00 00 00 00 00 00  | ................
000000000003BFA0 | E3 AE 01 00 00 00 00 00  09 00 00 00 00 00 00 00  | ................
000000000003BFB0 | E0 DD 03 00 00 00 00 00  C8 07 00 00 00 00 00 00  | ................
000000000003BFC0 | ED AE 01 00 00 00 00 00  13 00 00 00 00 00 00 00  | ................
000000000003BFD0 | E0 DD 03 00 00 00 00 00  C8 07 00 00 00 00 00 00  | ................
000000000003BFE0 | 01 AF 01 00 00 00 00 00  16 00 00 00 00 00 00 00  | ................
000000000003BFF0 | E0 DD 03 00 00 00 00 00  C8 07 00 00 00 00 00 00  | ................
000000000003C000 | 18 AF 01 00 00 00 00 00  0C 00 00 00 00 00 00 00  | ................
000000000003C010 | E0 DD 03 00 00 00 00 00  C8 07 00 00 00 00 00 00  | ................
000000000003C020 | 25 AF 01 00 00 00 00 00  10 00 00 00 00 00 00 00  | %...............
000000000003C030 | E0 DD 03 00 00 00 00 00  C8 07 00 00 00 00 00 00  | ................
000000000003C040 | 36 AF 01 00 00 00 00 00  0A 00 00 00 00 00 00 00  | 6...............
000000000003C050 | E0 DD 03 00 00 00 00 00  C8 07 00 00 00 00 00 00  | ................
000000000003C060 | 41 AF 01 00 00 00 00 00  06 00 00 00 00 00 00 00  | A...............
000000000003C070 | E0 DD 03 00 00 00 00 00  C8 07 00 00 00 00 00 00  | ................
000000000003C080 | F2 B0 01 00 00 00 00 00  10 00 00 00 00 00 00 00  | ................
000000000003C090 | E0 DD 03 00 00 00 00 00  C8 07 00 00 00 00 00 00  | ................
000000000003C0A0 | 03 B1 01 00 00 00 00 00  05 00 00 00 00 00 00 00  | ................
000000000003C0B0 | E0 DD 03 00 00 00 00 00  C8 07 00 00 00 00 00 00  | ................
000000000003C0C0 | 09 B1 01 00 00 00 00 00  04 00 00 00 00 00 00 00  | ................
000000000003C0D0 | E0 DD 03 00 00 00 00 00  C8 07 00 00 00 00 00 00  | ................
000000000003C0E0 | 9C B1 01 00 00 00 00 00  10 00 00 00 00 00 00 00  | ................
000000000003C0F0 | E0 DD 03 00 00 00 00 00  C8 07 00 00 00 00 00 00  | ................
000000000003C100 | EC B1 01 00 00 00 00 00  35 00 00 00 00 00 00 00  | ........5.......
000000000003C110 | E0 DD 03 00 00 00 00 00  C8 07 00 00 00 00 00 00  | ................
000000000003C120 | 22 B2 01 00 00 00 00 00  31 00 00 00 00 00 00 00  | ".......1.......
000000000003C130 | E0 DD 03 00 00 00 00 00  C8 07 00 00 00 00 00 00  | ................
000000000003C140 | 54 B2 01 00 00 00 00 00  3A 00 00 00 00 00 00 00  | T.......:.......
000000000003C150 | E0 DD 03 00 00 00 00 00  C8 07 00 00 00 00 00 00  | ................
000000000003C160 | 95 B2 01 00 00 00 00 00  11 00 00 00 00 00 00 00  | ................
000000000003C170 | E0 DD 03 00 00 00 00 00  C8 07 00 00 00 00 00 00  | ................
000000000003C180 | A7 B2 01 00 00 00 00 00  37 00 00 00 00 00 00 00  | ........7.......
000000000003C190 | E0 DD 03 00 00 00 00 00  C8 07 00 00 00 00 00 00  | ................
000000000003C1A0 | DF B2 01 00 00 00 00 00  1E 00 00 00 00 00 00 00  | ................
000000000003C1B0 | E0 DD 03 00 00 00 00 00  C8 07 00 00 00 00 00 00  | ................
000000000003C1C0 | 27 B3 01 00 00 00 00 00  16 00 00 00 00 00 00 00  | '...............
000000000003C1D0 | E0 DD 03 00 00 00 00 00  C8 07 00 00 00 00 00 00  | ................
000000000003C1E0 | 3E B3 01 00 00 00 00 00  17 00 00 00 00 00 00 00  | >...............
000000000003C1F0 | E0 DD 03 00 00 00 00 00  C8 07 00 00 00 00 00 00  | ................
000000000003C200 | 5F B3 01 00 00 00 00 00  19 00 00 00 00 00 00 00  | _...............
000000000003C210 | E0 DD 03 00 00 00 00 00  C8 07 00 00 00 00 00 00  | ................
000000000003C220 | A2 B3 01 00 00 00 00 00  02 00 00 00 00 00 00 00  | ................
000000000003C230 | E0 DD 03 00 00 00 00 00  C8 07 00 00 00 00 00 00  | ................
000000000003C240 | DE B3 01 00 00 00 00 00  10 00 00 00 00 00 00 00  | ................
000000000003C250 | E0 DD 03 00 00 00 00 00  C8 07 00 00 00 00 00 00  | ................
000000000003C260 | EF B3 01 00 00 00 00 00  2E 00 00 00 00 00 00 00  | ................
