# Memory dump: 0x0 - 0x7350
# Segment: HEADER
#============================================================================

# Address        | Hex Bytes                                       | ASCII
#----------------------------------------------------------------------------
0000000000000000 | CF FA ED FE 0C 00 00 01  00 00 00 00 06 00 00 00  | ................
0000000000000010 | 1F 00 00 00 20 11 00 00  85 00 11 00 00 00 00 00  | .... ...........
0000000000000020 | 19 00 00 00 B8 03 00 00  5F 5F 54 45 58 54 00 00  | ........__TEXT..
0000000000000030 | 00 00 00 00 00 00 00 00  00 00 00 00 00 00 00 00  | ................
0000000000000040 | 00 C0 23 00 00 00 00 00  00 00 00 00 00 00 00 00  | ..#.............
0000000000000050 | 00 C0 23 00 00 00 00 00  05 00 00 00 05 00 00 00  | ..#.............
0000000000000060 | 0B 00 00 00 00 00 00 00  5F 5F 74 65 78 74 00 00  | ........__text..
0000000000000070 | 00 00 00 00 00 00 00 00  5F 5F 54 45 58 54 00 00  | ........__TEXT..
0000000000000080 | 00 00 00 00 00 00 00 00  50 73 00 00 00 00 00 00  | ........Ps......
0000000000000090 | A0 00 22 00 00 00 00 00  50 73 00 00 02 00 00 00  | ..".....Ps......
00000000000000A0 | 00 00 00 00 00 00 00 00  00 04 00 80 00 00 00 00  | ................
00000000000000B0 | 00 00 00 00 00 00 00 00  5F 5F 73 74 75 62 73 00  | ........__stubs.
00000000000000C0 | 00 00 00 00 00 00 00 00  5F 5F 54 45 58 54 00 00  | ........__TEXT..
00000000000000D0 | 00 00 00 00 00 00 00 00  F0 73 22 00 00 00 00 00  | .........s".....
00000000000000E0 | 08 0D 00 00 00 00 00 00  F0 73 22 00 02 00 00 00  | .........s".....
00000000000000F0 | 00 00 00 00 00 00 00 00  08 04 00 80 00 00 00 00  | ................
0000000000000100 | 0C 00 00 00 00 00 00 00  5F 5F 73 74 75 62 5F 68  | ........__stub_h
0000000000000110 | 65 6C 70 65 72 00 00 00  5F 5F 54 45 58 54 00 00  | elper...__TEXT..
0000000000000120 | 00 00 00 00 00 00 00 00  F8 80 22 00 00 00 00 00  | ..........".....
0000000000000130 | 08 0D 00 00 00 00 00 00  F8 80 22 00 02 00 00 00  | ..........".....
0000000000000140 | 00 00 00 00 00 00 00 00  00 04 00 80 00 00 00 00  | ................
0000000000000150 | 00 00 00 00 00 00 00 00  5F 5F 63 6F 6E 73 74 00  | ........__const.
0000000000000160 | 00 00 00 00 00 00 00 00  5F 5F 54 45 58 54 00 00  | ........__TEXT..
0000000000000170 | 00 00 00 00 00 00 00 00  00 8E 22 00 00 00 00 00  | ..........".....
0000000000000180 | 71 03 00 00 00 00 00 00  00 8E 22 00 04 00 00 00  | q.........".....
0000000000000190 | 00 00 00 00 00 00 00 00  00 00 00 00 00 00 00 00  | ................
00000000000001A0 | 00 00 00 00 00 00 00 00  5F 5F 6F 62 6A 63 5F 6D  | ........__objc_m
00000000000001B0 | 65 74 68 6E 61 6D 65 00  5F 5F 54 45 58 54 00 00  | ethname.__TEXT..
00000000000001C0 | 00 00 00 00 00 00 00 00  71 91 22 00 00 00 00 00  | ........q.".....
00000000000001D0 | 45 6B 00 00 00 00 00 00  71 91 22 00 00 00 00 00  | Ek......q.".....
00000000000001E0 | 00 00 00 00 00 00 00 00  02 00 00 00 00 00 00 00  | ................
00000000000001F0 | 00 00 00 00 00 00 00 00  5F 5F 67 63 63 5F 65 78  | ........__gcc_ex
0000000000000200 | 63 65 70 74 5F 74 61 62  5F 5F 54 45 58 54 00 00  | cept_tab__TEXT..
0000000000000210 | 00 00 00 00 00 00 00 00  B8 FC 22 00 00 00 00 00  | ..........".....
0000000000000220 | DC 6E 00 00 00 00 00 00  B8 FC 22 00 02 00 00 00  | .n........".....
0000000000000230 | 00 00 00 00 00 00 00 00  00 00 00 00 00 00 00 00  | ................
0000000000000240 | 00 00 00 00 00 00 00 00  5F 5F 63 73 74 72 69 6E  | ........__cstrin
0000000000000250 | 67 00 00 00 00 00 00 00  5F 5F 54 45 58 54 00 00  | g.......__TEXT..
0000000000000260 | 00 00 00 00 00 00 00 00  94 6B 23 00 00 00 00 00  | .........k#.....
0000000000000270 | 8E 1F 00 00 00 00 00 00  94 6B 23 00 00 00 00 00  | .........k#.....
0000000000000280 | 00 00 00 00 00 00 00 00  02 00 00 00 00 00 00 00  | ................
0000000000000290 | 00 00 00 00 00 00 00 00  5F 5F 6F 62 6A 63 5F 63  | ........__objc_c
00000000000002A0 | 6C 61 73 73 6E 61 6D 65  5F 5F 54 45 58 54 00 00  | lassname__TEXT..
00000000000002B0 | 00 00 00 00 00 00 00 00  22 8B 23 00 00 00 00 00  | ........".#.....
00000000000002C0 | 7F 01 00 00 00 00 00 00  22 8B 23 00 00 00 00 00  | ........".#.....
00000000000002D0 | 00 00 00 00 00 00 00 00  02 00 00 00 00 00 00 00  | ................
00000000000002E0 | 00 00 00 00 00 00 00 00  5F 5F 6F 62 6A 63 5F 6D  | ........__objc_m
00000000000002F0 | 65 74 68 74 79 70 65 00  5F 5F 54 45 58 54 00 00  | ethtype.__TEXT..
0000000000000300 | 00 00 00 00 00 00 00 00  A1 8C 23 00 00 00 00 00  | ..........#.....
0000000000000310 | 0D 22 00 00 00 00 00 00  A1 8C 23 00 00 00 00 00  | ."........#.....
0000000000000320 | 00 00 00 00 00 00 00 00  02 00 00 00 00 00 00 00  | ................
0000000000000330 | 00 00 00 00 00 00 00 00  5F 5F 75 6E 77 69 6E 64  | ........__unwind
0000000000000340 | 5F 69 6E 66 6F 00 00 00  5F 5F 54 45 58 54 00 00  | _info...__TEXT..
0000000000000350 | 00 00 00 00 00 00 00 00  B0 AE 23 00 00 00 00 00  | ..........#.....
0000000000000360 | 8C 10 00 00 00 00 00 00  B0 AE 23 00 02 00 00 00  | ..........#.....
0000000000000370 | 00 00 00 00 00 00 00 00  00 00 00 00 00 00 00 00  | ................
0000000000000380 | 00 00 00 00 00 00 00 00  5F 5F 65 68 5F 66 72 61  | ........__eh_fra
0000000000000390 | 6D 65 00 00 00 00 00 00  5F 5F 54 45 58 54 00 00  | me......__TEXT..
00000000000003A0 | 00 00 00 00 00 00 00 00  40 BF 23 00 00 00 00 00  | ........@.#.....
00000000000003B0 | B4 00 00 00 00 00 00 00  40 BF 23 00 03 00 00 00  | ........@.#.....
00000000000003C0 | 00 00 00 00 00 00 00 00  00 00 00 00 00 00 00 00  | ................
00000000000003D0 | 00 00 00 00 00 00 00 00  19 00 00 00 38 06 00 00  | ............8...
00000000000003E0 | 5F 5F 44 41 54 41 00 00  00 00 00 00 00 00 00 00  | __DATA..........
00000000000003F0 | 00 C0 23 00 00 00 00 00  00 80 0D 00 00 00 00 00  | ..#.............
0000000000000400 | 00 C0 23 00 00 00 00 00  00 40 09 00 00 00 00 00  | ..#......@......
0000000000000410 | 03 00 00 00 03 00 00 00  13 00 00 00 00 00 00 00  | ................
0000000000000420 | 5F 5F 67 6F 74 00 00 00  00 00 00 00 00 00 00 00  | __got...........
0000000000000430 | 5F 5F 44 41 54 41 00 00  00 00 00 00 00 00 00 00  | __DATA..........
0000000000000440 | 00 C0 23 00 00 00 00 00  F8 02 00 00 00 00 00 00  | ..#.............
0000000000000450 | 00 C0 23 00 03 00 00 00  00 00 00 00 00 00 00 00  | ..#.............
0000000000000460 | 06 00 00 00 16 01 00 00  00 00 00 00 00 00 00 00  | ................
0000000000000470 | 5F 5F 6C 61 5F 73 79 6D  62 6F 6C 5F 70 74 72 00  | __la_symbol_ptr.
0000000000000480 | 5F 5F 44 41 54 41 00 00  00 00 00 00 00 00 00 00  | __DATA..........
0000000000000490 | F8 C2 23 00 00 00 00 00  B0 08 00 00 00 00 00 00  | ..#.............
00000000000004A0 | F8 C2 23 00 03 00 00 00  00 00 00 00 00 00 00 00  | ..#.............
00000000000004B0 | 07 00 00 00 75 01 00 00  00 00 00 00 00 00 00 00  | ....u...........
00000000000004C0 | 5F 5F 6D 6F 64 5F 69 6E  69 74 5F 66 75 6E 63 00  | __mod_init_func.
00000000000004D0 | 5F 5F 44 41 54 41 00 00  00 00 00 00 00 00 00 00  | __DATA..........
00000000000004E0 | A8 CB 23 00 00 00 00 00  20 00 00 00 00 00 00 00  | ..#..... .......
00000000000004F0 | A8 CB 23 00 03 00 00 00  00 00 00 00 00 00 00 00  | ..#.............
0000000000000500 | 09 00 00 00 00 00 00 00  00 00 00 00 00 00 00 00  | ................
0000000000000510 | 5F 5F 63 6F 6E 73 74 00  00 00 00 00 00 00 00 00  | __const.........
0000000000000520 | 5F 5F 44 41 54 41 00 00  00 00 00 00 00 00 00 00  | __DATA..........
0000000000000530 | C8 CB 23 00 00 00 00 00  00 11 00 00 00 00 00 00  | ..#.............
0000000000000540 | C8 CB 23 00 03 00 00 00  00 00 00 00 00 00 00 00  | ..#.............
0000000000000550 | 00 00 00 00 00 00 00 00  00 00 00 00 00 00 00 00  | ................
0000000000000560 | 5F 5F 63 66 73 74 72 69  6E 67 00 00 00 00 00 00  | __cfstring......
0000000000000570 | 5F 5F 44 41 54 41 00 00  00 00 00 00 00 00 00 00  | __DATA..........
0000000000000580 | C8 DC 23 00 00 00 00 00  60 13 00 00 00 00 00 00  | ..#.....`.......
0000000000000590 | C8 DC 23 00 03 00 00 00  00 00 00 00 00 00 00 00  | ..#.............
00000000000005A0 | 00 00 00 00 00 00 00 00  00 00 00 00 00 00 00 00  | ................
00000000000005B0 | 5F 5F 6F 62 6A 63 5F 63  6C 61 73 73 6C 69 73 74  | __objc_classlist
00000000000005C0 | 5F 5F 44 41 54 41 00 00  00 00 00 00 00 00 00 00  | __DATA..........
00000000000005D0 | 28 F0 23 00 00 00 00 00  78 00 00 00 00 00 00 00  | (.#.....x.......
00000000000005E0 | 28 F0 23 00 03 00 00 00  00 00 00 00 00 00 00 00  | (.#.............
00000000000005F0 | 00 00 00 10 00 00 00 00  00 00 00 00 00 00 00 00  | ................
0000000000000600 | 5F 5F 6F 62 6A 63 5F 63  61 74 6C 69 73 74 00 00  | __objc_catlist..
0000000000000610 | 5F 5F 44 41 54 41 00 00  00 00 00 00 00 00 00 00  | __DATA..........
0000000000000620 | A0 F0 23 00 00 00 00 00  18 00 00 00 00 00 00 00  | ..#.............
0000000000000630 | A0 F0 23 00 03 00 00 00  00 00 00 00 00 00 00 00  | ..#.............
0000000000000640 | 00 00 00 10 00 00 00 00  00 00 00 00 00 00 00 00  | ................
0000000000000650 | 5F 5F 6F 62 6A 63 5F 70  72 6F 74 6F 6C 69 73 74  | __objc_protolist
0000000000000660 | 5F 5F 44 41 54 41 00 00  00 00 00 00 00 00 00 00  | __DATA..........
0000000000000670 | B8 F0 23 00 00 00 00 00  30 00 00 00 00 00 00 00  | ..#.....0.......
0000000000000680 | B8 F0 23 00 03 00 00 00  00 00 00 00 00 00 00 00  | ..#.............
0000000000000690 | 00 00 00 00 00 00 00 00  00 00 00 00 00 00 00 00  | ................
00000000000006A0 | 5F 5F 6F 62 6A 63 5F 69  6D 61 67 65 69 6E 66 6F  | __objc_imageinfo
00000000000006B0 | 5F 5F 44 41 54 41 00 00  00 00 00 00 00 00 00 00  | __DATA..........
00000000000006C0 | E8 F0 23 00 00 00 00 00  08 00 00 00 00 00 00 00  | ..#.............
00000000000006D0 | E8 F0 23 00 02 00 00 00  00 00 00 00 00 00 00 00  | ..#.............
00000000000006E0 | 00 00 00 00 00 00 00 00  00 00 00 00 00 00 00 00  | ................
00000000000006F0 | 5F 5F 6F 62 6A 63 5F 63  6F 6E 73 74 00 00 00 00  | __objc_const....
0000000000000700 | 5F 5F 44 41 54 41 00 00  00 00 00 00 00 00 00 00  | __DATA..........
0000000000000710 | F0 F0 23 00 00 00 00 00  78 5E 00 00 00 00 00 00  | ..#.....x^......
0000000000000720 | F0 F0 23 00 03 00 00 00  00 00 00 00 00 00 00 00  | ..#.............
0000000000000730 | 00 00 00 00 00 00 00 00  00 00 00 00 00 00 00 00  | ................
0000000000000740 | 5F 5F 6F 62 6A 63 5F 73  65 6C 72 65 66 73 00 00  | __objc_selrefs..
0000000000000750 | 5F 5F 44 41 54 41 00 00  00 00 00 00 00 00 00 00  | __DATA..........
0000000000000760 | 68 4F 24 00 00 00 00 00  F8 16 00 00 00 00 00 00  | hO$.............
0000000000000770 | 68 4F 24 00 03 00 00 00  00 00 00 00 00 00 00 00  | hO$.............
0000000000000780 | 05 00 00 10 00 00 00 00  00 00 00 00 00 00 00 00  | ................
0000000000000790 | 5F 5F 6F 62 6A 63 5F 70  72 6F 74 6F 72 65 66 73  | __objc_protorefs
00000000000007A0 | 5F 5F 44 41 54 41 00 00  00 00 00 00 00 00 00 00  | __DATA..........
00000000000007B0 | 60 66 24 00 00 00 00 00  10 00 00 00 00 00 00 00  | `f$.............
00000000000007C0 | 60 66 24 00 03 00 00 00  00 00 00 00 00 00 00 00  | `f$.............
00000000000007D0 | 00 00 00 00 00 00 00 00  00 00 00 00 00 00 00 00  | ................
00000000000007E0 | 5F 5F 6F 62 6A 63 5F 63  6C 61 73 73 72 65 66 73  | __objc_classrefs
00000000000007F0 | 5F 5F 44 41 54 41 00 00  00 00 00 00 00 00 00 00  | __DATA..........
0000000000000800 | 70 66 24 00 00 00 00 00  10 02 00 00 00 00 00 00  | pf$.............
0000000000000810 | 70 66 24 00 03 00 00 00  00 00 00 00 00 00 00 00  | pf$.............
0000000000000820 | 00 00 00 10 00 00 00 00  00 00 00 00 00 00 00 00  | ................
0000000000000830 | 5F 5F 6F 62 6A 63 5F 73  75 70 65 72 72 65 66 73  | __objc_superrefs
0000000000000840 | 5F 5F 44 41 54 41 00 00  00 00 00 00 00 00 00 00  | __DATA..........
0000000000000850 | 80 68 24 00 00 00 00 00  58 00 00 00 00 00 00 00  | .h$.....X.......
0000000000000860 | 80 68 24 00 03 00 00 00  00 00 00 00 00 00 00 00  | .h$.............
0000000000000870 | 00 00 00 10 00 00 00 00  00 00 00 00 00 00 00 00  | ................
0000000000000880 | 5F 5F 6F 62 6A 63 5F 69  76 61 72 00 00 00 00 00  | __objc_ivar.....
0000000000000890 | 5F 5F 44 41 54 41 00 00  00 00 00 00 00 00 00 00  | __DATA..........
00000000000008A0 | D8 68 24 00 00 00 00 00  24 02 00 00 00 00 00 00  | .h$.....$.......
00000000000008B0 | D8 68 24 00 02 00 00 00  00 00 00 00 00 00 00 00  | .h$.............
00000000000008C0 | 00 00 00 00 00 00 00 00  00 00 00 00 00 00 00 00  | ................
00000000000008D0 | 5F 5F 6F 62 6A 63 5F 64  61 74 61 00 00 00 00 00  | __objc_data.....
00000000000008E0 | 5F 5F 44 41 54 41 00 00  00 00 00 00 00 00 00 00  | __DATA..........
00000000000008F0 | 00 6B 24 00 00 00 00 00  18 06 00 00 00 00 00 00  | .k$.............
0000000000000900 | 00 6B 24 00 03 00 00 00  00 00 00 00 00 00 00 00  | .k$.............
0000000000000910 | 00 00 00 00 00 00 00 00  00 00 00 00 00 00 00 00  | ................
0000000000000920 | 5F 5F 64 61 74 61 00 00  00 00 00 00 00 00 00 00  | __data..........
0000000000000930 | 5F 5F 44 41 54 41 00 00  00 00 00 00 00 00 00 00  | __DATA..........
0000000000000940 | 20 71 24 00 00 00 00 00  90 56 08 00 00 00 00 00  |  q$......V......
0000000000000950 | 20 71 24 00 04 00 00 00  00 00 00 00 00 00 00 00  |  q$.............
0000000000000960 | 00 00 00 00 00 00 00 00  00 00 00 00 00 00 00 00  | ................
0000000000000970 | 5F 5F 62 73 73 00 00 00  00 00 00 00 00 00 00 00  | __bss...........
0000000000000980 | 5F 5F 44 41 54 41 00 00  00 00 00 00 00 00 00 00  | __DATA..........
0000000000000990 | B0 C7 2C 00 00 00 00 00  38 0D 00 00 00 00 00 00  | ..,.....8.......
00000000000009A0 | 00 00 00 00 03 00 00 00  00 00 00 00 00 00 00 00  | ................
00000000000009B0 | 01 00 00 00 00 00 00 00  00 00 00 00 00 00 00 00  | ................
00000000000009C0 | 5F 5F 63 6F 6D 6D 6F 6E  00 00 00 00 00 00 00 00  | __common........
00000000000009D0 | 5F 5F 44 41 54 41 00 00  00 00 00 00 00 00 00 00  | __DATA..........
00000000000009E0 | E8 D4 2C 00 00 00 00 00  30 4B 04 00 00 00 00 00  | ..,.....0K......
00000000000009F0 | 00 00 00 00 03 00 00 00  00 00 00 00 00 00 00 00  | ................
0000000000000A00 | 01 00 00 00 00 00 00 00  00 00 00 00 00 00 00 00  | ................
0000000000000A10 | 19 00 00 00 48 00 00 00  5F 5F 4C 49 4E 4B 45 44  | ....H...__LINKED
0000000000000A20 | 49 54 00 00 00 00 00 00  00 40 31 00 00 00 00 00  | IT.......@1.....
0000000000000A30 | 00 40 03 00 00 00 00 00  00 00 2D 00 00 00 00 00  | .@........-.....
0000000000000A40 | 00 01 03 00 00 00 00 00  01 00 00 00 01 00 00 00  | ................
0000000000000A50 | 00 00 00 00 00 00 00 00  0D 00 00 00 58 00 00 00  | ............X...
0000000000000A60 | 18 00 00 00 01 00 00 00  00 00 01 00 00 00 01 00  | ................
0000000000000A70 | 2F 4C 69 62 72 61 72 79  2F 4D 6F 62 69 6C 65 53  | /Library/MobileS
0000000000000A80 | 75 62 73 74 72 61 74 65  2F 44 79 6E 61 6D 69 63  | ubstrate/Dynamic
0000000000000A90 | 4C 69 62 72 61 72 69 65  73 2F 58 6F 61 4B 65 79  | Libraries/XoaKey
0000000000000AA0 | 43 68 61 69 6E 2E 64 79  6C 69 62 00 00 00 00 00  | Chain.dylib.....
0000000000000AB0 | 22 00 00 80 30 00 00 00  00 00 2D 00 30 07 00 00  | "...0.....-.0...
0000000000000AC0 | 30 07 2D 00 48 14 00 00  78 1B 2D 00 30 00 00 00  | 0.-.H...x.-.0...
0000000000000AD0 | A8 1B 2D 00 C0 1A 00 00  68 36 2D 00 80 26 00 00  | ..-.....h6-..&..
0000000000000AE0 | 02 00 00 00 18 00 00 00  28 64 2D 00 71 09 00 00  | ........(d-.q...
0000000000000AF0 | 68 05 2E 00 68 5F 01 00  0B 00 00 00 50 00 00 00  | h...h_......P...
0000000000000B00 | 00 00 00 00 B3 06 00 00  B3 06 00 00 1D 01 00 00  | ................
0000000000000B10 | D0 07 00 00 A1 01 00 00  00 00 00 00 00 00 00 00  | ................
0000000000000B20 | 00 00 00 00 00 00 00 00  00 00 00 00 00 00 00 00  | ................
0000000000000B30 | 38 FB 2D 00 8B 02 00 00  00 00 00 00 00 00 00 00  | 8.-.............
0000000000000B40 | 00 00 00 00 00 00 00 00  1B 00 00 00 18 00 00 00  | ................
0000000000000B50 | 63 5D 22 45 AD 70 3E CB  9C F4 05 5A BA 8A C7 18  | c]"E.p>....Z....
0000000000000B60 | 25 00 00 00 10 00 00 00  00 03 09 00 00 04 10 00  | %...............
0000000000000B70 | 2A 00 00 00 10 00 00 00  00 00 00 00 00 00 00 00  | *...............
0000000000000B80 | 2C 00 00 00 18 00 00 00  00 40 00 00 00 80 23 00  | ,........@....#.
0000000000000B90 | 00 00 00 00 00 00 00 00  0C 00 00 00 58 00 00 00  | ............X...
0000000000000BA0 | 18 00 00 00 02 00 00 00  00 00 00 00 00 00 00 00  | ................
0000000000000BB0 | 2F 4C 69 62 72 61 72 79  2F 46 72 61 6D 65 77 6F  | /Library/Framewo
0000000000000BC0 | 72 6B 73 2F 43 79 64 69  61 53 75 62 73 74 72 61  | rks/CydiaSubstra
0000000000000BD0 | 74 65 2E 66 72 61 6D 65  77 6F 72 6B 2F 43 79 64  | te.framework/Cyd
0000000000000BE0 | 69 61 53 75 62 73 74 72  61 74 65 00 00 00 00 00  | iaSubstrate.....
0000000000000BF0 | 0C 00 00 00 30 00 00 00  18 00 00 00 02 00 00 00  | ....0...........
0000000000000C00 | 0B 02 01 00 00 00 01 00  2F 75 73 72 2F 6C 69 62  | ......../usr/lib
0000000000000C10 | 2F 6C 69 62 7A 2E 31 2E  64 79 6C 69 62 00 00 00  | /libz.1.dylib...
0000000000000C20 | 18 00 00 80 70 00 00 00  18 00 00 00 02 00 00 00  | ....p...........
0000000000000C30 | 00 00 01 00 00 00 01 00  2F 53 79 73 74 65 6D 2F  | ......../System/
0000000000000C40 | 4C 69 62 72 61 72 79 2F  46 72 61 6D 65 77 6F 72  | Library/Framewor
0000000000000C50 | 6B 73 2F 41 70 70 54 72  61 63 6B 69 6E 67 54 72  | ks/AppTrackingTr
0000000000000C60 | 61 6E 73 70 61 72 65 6E  63 79 2E 66 72 61 6D 65  | ansparency.frame
0000000000000C70 | 77 6F 72 6B 2F 41 70 70  54 72 61 63 6B 69 6E 67  | work/AppTracking
0000000000000C80 | 54 72 61 6E 73 70 61 72  65 6E 63 79 00 00 00 00  | Transparency....
0000000000000C90 | 0C 00 00 00 58 00 00 00  18 00 00 00 02 00 00 00  | ....X...........
0000000000000CA0 | 00 01 C4 04 00 00 01 00  2F 53 79 73 74 65 6D 2F  | ......../System/
0000000000000CB0 | 4C 69 62 72 61 72 79 2F  46 72 61 6D 65 77 6F 72  | Library/Framewor
0000000000000CC0 | 6B 73 2F 43 46 4E 65 74  77 6F 72 6B 2E 66 72 61  | ks/CFNetwork.fra
0000000000000CD0 | 6D 65 77 6F 72 6B 2F 43  46 4E 65 74 77 6F 72 6B  | mework/CFNetwork
0000000000000CE0 | 00 00 00 00 00 00 00 00  0C 00 00 00 60 00 00 00  | ............`...
0000000000000CF0 | 18 00 00 00 02 00 00 00  00 65 EE 06 00 00 96 00  | .........e......
0000000000000D00 | 2F 53 79 73 74 65 6D 2F  4C 69 62 72 61 72 79 2F  | /System/Library/
0000000000000D10 | 46 72 61 6D 65 77 6F 72  6B 73 2F 43 6F 72 65 46  | Frameworks/CoreF
0000000000000D20 | 6F 75 6E 64 61 74 69 6F  6E 2E 66 72 61 6D 65 77  | oundation.framew
0000000000000D30 | 6F 72 6B 2F 43 6F 72 65  46 6F 75 6E 64 61 74 69  | ork/CoreFoundati
0000000000000D40 | 6F 6E 00 00 00 00 00 00  0C 00 00 00 68 00 00 00  | on..........h...
0000000000000D50 | 18 00 00 00 02 00 00 00  02 3C 55 04 00 00 01 00  | .........<U.....
0000000000000D60 | 2F 53 79 73 74 65 6D 2F  4C 69 62 72 61 72 79 2F  | /System/Library/
0000000000000D70 | 46 72 61 6D 65 77 6F 72  6B 73 2F 53 79 73 74 65  | Frameworks/Syste
0000000000000D80 | 6D 43 6F 6E 66 69 67 75  72 61 74 69 6F 6E 2E 66  | mConfiguration.f
0000000000000D90 | 72 61 6D 65 77 6F 72 6B  2F 53 79 73 74 65 6D 43  | ramework/SystemC
0000000000000DA0 | 6F 6E 66 69 67 75 72 61  74 69 6F 6E 00 00 00 00  | onfiguration....
0000000000000DB0 | 0C 00 00 00 60 00 00 00  18 00 00 00 02 00 00 00  | ....`...........
0000000000000DC0 | 00 00 00 00 00 00 01 00  2F 53 79 73 74 65 6D 2F  | ......../System/
0000000000000DD0 | 4C 69 62 72 61 72 79 2F  46 72 61 6D 65 77 6F 72  | Library/Framewor
0000000000000DE0 | 6B 73 2F 43 6F 72 65 54  65 6C 65 70 68 6F 6E 79  | ks/CoreTelephony
0000000000000DF0 | 2E 66 72 61 6D 65 77 6F  72 6B 2F 43 6F 72 65 54  | .framework/CoreT
0000000000000E00 | 65 6C 65 70 68 6F 6E 79  00 00 00 00 00 00 00 00  | elephony........
0000000000000E10 | 0C 00 00 00 58 00 00 00  18 00 00 00 02 00 00 00  | ....X...........
0000000000000E20 | 00 00 13 01 00 00 01 00  2F 53 79 73 74 65 6D 2F  | ......../System/
0000000000000E30 | 4C 69 62 72 61 72 79 2F  46 72 61 6D 65 77 6F 72  | Library/Framewor
0000000000000E40 | 6B 73 2F 49 4F 4B 69 74  2E 66 72 61 6D 65 77 6F  | ks/IOKit.framewo
0000000000000E50 | 72 6B 2F 56 65 72 73 69  6F 6E 73 2F 41 2F 49 4F  | rk/Versions/A/IO
0000000000000E60 | 4B 69 74 00 00 00 00 00  0C 00 00 00 58 00 00 00  | Kit.........X...
0000000000000E70 | 18 00 00 00 02 00 00 00  10 0C 74 09 00 00 01 00  | ..........t.....
0000000000000E80 | 2F 53 79 73 74 65 6D 2F  4C 69 62 72 61 72 79 2F  | /System/Library/
0000000000000E90 | 46 72 61 6D 65 77 6F 72  6B 73 2F 43 6F 72 65 4C  | Frameworks/CoreL
0000000000000EA0 | 6F 63 61 74 69 6F 6E 2E  66 72 61 6D 65 77 6F 72  | ocation.framewor
0000000000000EB0 | 6B 2F 43 6F 72 65 4C 6F  63 61 74 69 6F 6E 00 00  | k/CoreLocation..
0000000000000EC0 | 0C 00 00 00 50 00 00 00  18 00 00 00 02 00 00 00  | ....P...........
0000000000000ED0 | 03 50 6A E9 00 00 01 00  2F 53 79 73 74 65 6D 2F  | .Pj...../System/
0000000000000EE0 | 4C 69 62 72 61 72 79 2F  46 72 61 6D 65 77 6F 72  | Library/Framewor
0000000000000EF0 | 6B 73 2F 53 65 63 75 72  69 74 79 2E 66 72 61 6D  | ks/Security.fram
0000000000000F00 | 65 77 6F 72 6B 2F 53 65  63 75 72 69 74 79 00 00  | ework/Security..
0000000000000F10 | 0C 00 00 00 50 00 00 00  18 00 00 00 02 00 00 00  | ....P...........
0000000000000F20 | 00 00 A6 0F 00 00 01 00  2F 53 79 73 74 65 6D 2F  | ......../System/
0000000000000F30 | 4C 69 62 72 61 72 79 2F  46 72 61 6D 65 77 6F 72  | Library/Framewor
0000000000000F40 | 6B 73 2F 55 49 4B 69 74  2E 66 72 61 6D 65 77 6F  | ks/UIKit.framewo
0000000000000F50 | 72 6B 2F 55 49 4B 69 74  00 00 00 00 00 00 00 00  | rk/UIKit........
0000000000000F60 | 0C 00 00 00 60 00 00 00  18 00 00 00 02 00 00 00  | ....`...........
0000000000000F70 | 00 00 1D 00 00 00 01 00  2F 53 79 73 74 65 6D 2F  | ......../System/
0000000000000F80 | 4C 69 62 72 61 72 79 2F  50 72 69 76 61 74 65 46  | Library/PrivateF
0000000000000F90 | 72 61 6D 65 77 6F 72 6B  73 2F 41 70 70 53 75 70  | rameworks/AppSup
0000000000000FA0 | 70 6F 72 74 2E 66 72 61  6D 65 77 6F 72 6B 2F 41  | port.framework/A
0000000000000FB0 | 70 70 53 75 70 70 6F 72  74 00 00 00 00 00 00 00  | ppSupport.......
0000000000000FC0 | 0C 00 00 00 58 00 00 00  18 00 00 00 02 00 00 00  | ....X...........
0000000000000FD0 | 00 65 EE 06 00 00 2C 01  2F 53 79 73 74 65 6D 2F  | .e....,./System/
0000000000000FE0 | 4C 69 62 72 61 72 79 2F  46 72 61 6D 65 77 6F 72  | Library/Framewor
0000000000000FF0 | 6B 73 2F 46 6F 75 6E 64  61 74 69 6F 6E 2E 66 72  | ks/Foundation.fr
0000000000001000 | 61 6D 65 77 6F 72 6B 2F  46 6F 75 6E 64 61 74 69  | amework/Foundati
0000000000001010 | 6F 6E 00 00 00 00 00 00  0C 00 00 00 58 00 00 00  | on..........X...
0000000000001020 | 18 00 00 00 02 00 00 00  10 0C 74 09 00 00 01 00  | ..........t.....
0000000000001030 | 2F 53 79 73 74 65 6D 2F  4C 69 62 72 61 72 79 2F  | /System/Library/
0000000000001040 | 46 72 61 6D 65 77 6F 72  6B 73 2F 43 6F 72 65 4D  | Frameworks/CoreM
0000000000001050 | 6F 74 69 6F 6E 2E 66 72  61 6D 65 77 6F 72 6B 2F  | otion.framework/
0000000000001060 | 43 6F 72 65 4D 6F 74 69  6F 6E 00 00 00 00 00 00  | CoreMotion......
0000000000001070 | 0C 00 00 00 38 00 00 00  18 00 00 00 02 00 00 00  | ....8...........
0000000000001080 | 00 00 E4 00 00 00 01 00  2F 75 73 72 2F 6C 69 62  | ......../usr/lib
0000000000001090 | 2F 6C 69 62 6F 62 6A 63  2E 41 2E 64 79 6C 69 62  | /libobjc.A.dylib
00000000000010A0 | 00 00 00 00 00 00 00 00  0C 00 00 00 30 00 00 00  | ............0...
00000000000010B0 | 18 00 00 00 02 00 00 00  00 41 DC 05 00 00 01 00  | .........A......
00000000000010C0 | 2F 75 73 72 2F 6C 69 62  2F 6C 69 62 63 2B 2B 2E  | /usr/lib/libc++.
00000000000010D0 | 31 2E 64 79 6C 69 62 00  0C 00 00 00 38 00 00 00  | 1.dylib.....8...
00000000000010E0 | 18 00 00 00 02 00 00 00  03 64 27 05 00 00 01 00  | .........d'.....
00000000000010F0 | 2F 75 73 72 2F 6C 69 62  2F 6C 69 62 53 79 73 74  | /usr/lib/libSyst
0000000000001100 | 65 6D 2E 42 2E 64 79 6C  69 62 00 00 00 00 00 00  | em.B.dylib......
0000000000001110 | 26 00 00 00 10 00 00 00  E8 5C 2D 00 40 07 00 00  | &........\-.@...
0000000000001120 | 29 00 00 00 10 00 00 00  28 64 2D 00 00 00 00 00  | ).......(d-.....
0000000000001130 | 1D 00 00 00 10 00 00 00  D0 64 2F 00 30 9C 00 00  | .........d/.0...
0000000000001140 | 00 00 00 00 00 00 00 00  00 00 00 00 00 00 00 00  | ................
0000000000001150 | 00 00 00 00 00 00 00 00  00 00 00 00 00 00 00 00  | ................
0000000000001160 | 00 00 00 00 00 00 00 00  00 00 00 00 00 00 00 00  | ................
0000000000001170 | 00 00 00 00 00 00 00 00  00 00 00 00 00 00 00 00  | ................
0000000000001180 | 00 00 00 00 00 00 00 00  00 00 00 00 00 00 00 00  | ................
0000000000001190 | 00 00 00 00 00 00 00 00  00 00 00 00 00 00 00 00  | ................
00000000000011A0 | 00 00 00 00 00 00 00 00  00 00 00 00 00 00 00 00  | ................
00000000000011B0 | 00 00 00 00 00 00 00 00  00 00 00 00 00 00 00 00  | ................
00000000000011C0 | 00 00 00 00 00 00 00 00  00 00 00 00 00 00 00 00  | ................
00000000000011D0 | 00 00 00 00 00 00 00 00  00 00 00 00 00 00 00 00  | ................
00000000000011E0 | 00 00 00 00 00 00 00 00  00 00 00 00 00 00 00 00  | ................
00000000000011F0 | 00 00 00 00 00 00 00 00  00 00 00 00 00 00 00 00  | ................
0000000000001200 | 00 00 00 00 00 00 00 00  00 00 00 00 00 00 00 00  | ................
0000000000001210 | 00 00 00 00 00 00 00 00  00 00 00 00 00 00 00 00  | ................
0000000000001220 | 00 00 00 00 00 00 00 00  00 00 00 00 00 00 00 00  | ................
0000000000001230 | 00 00 00 00 00 00 00 00  00 00 00 00 00 00 00 00  | ................
0000000000001240 | 00 00 00 00 00 00 00 00  00 00 00 00 00 00 00 00  | ................
0000000000001250 | 00 00 00 00 00 00 00 00  00 00 00 00 00 00 00 00  | ................
0000000000001260 | 00 00 00 00 00 00 00 00  00 00 00 00 00 00 00 00  | ................
0000000000001270 | 00 00 00 00 00 00 00 00  00 00 00 00 00 00 00 00  | ................
0000000000001280 | 00 00 00 00 00 00 00 00  00 00 00 00 00 00 00 00  | ................
0000000000001290 | 00 00 00 00 00 00 00 00  00 00 00 00 00 00 00 00  | ................
00000000000012A0 | 00 00 00 00 00 00 00 00  00 00 00 00 00 00 00 00  | ................
00000000000012B0 | 00 00 00 00 00 00 00 00  00 00 00 00 00 00 00 00  | ................
00000000000012C0 | 00 00 00 00 00 00 00 00  00 00 00 00 00 00 00 00  | ................
00000000000012D0 | 00 00 00 00 00 00 00 00  00 00 00 00 00 00 00 00  | ................
00000000000012E0 | 00 00 00 00 00 00 00 00  00 00 00 00 00 00 00 00  | ................
00000000000012F0 | 00 00 00 00 00 00 00 00  00 00 00 00 00 00 00 00  | ................
0000000000001300 | 00 00 00 00 00 00 00 00  00 00 00 00 00 00 00 00  | ................
0000000000001310 | 00 00 00 00 00 00 00 00  00 00 00 00 00 00 00 00  | ................
0000000000001320 | 00 00 00 00 00 00 00 00  00 00 00 00 00 00 00 00  | ................
0000000000001330 | 00 00 00 00 00 00 00 00  00 00 00 00 00 00 00 00  | ................
0000000000001340 | 00 00 00 00 00 00 00 00  00 00 00 00 00 00 00 00  | ................
0000000000001350 | 00 00 00 00 00 00 00 00  00 00 00 00 00 00 00 00  | ................
0000000000001360 | 00 00 00 00 00 00 00 00  00 00 00 00 00 00 00 00  | ................
0000000000001370 | 00 00 00 00 00 00 00 00  00 00 00 00 00 00 00 00  | ................
0000000000001380 | 00 00 00 00 00 00 00 00  00 00 00 00 00 00 00 00  | ................
0000000000001390 | 00 00 00 00 00 00 00 00  00 00 00 00 00 00 00 00  | ................
00000000000013A0 | 00 00 00 00 00 00 00 00  00 00 00 00 00 00 00 00  | ................
00000000000013B0 | 00 00 00 00 00 00 00 00  00 00 00 00 00 00 00 00  | ................
00000000000013C0 | 00 00 00 00 00 00 00 00  00 00 00 00 00 00 00 00  | ................
00000000000013D0 | 00 00 00 00 00 00 00 00  00 00 00 00 00 00 00 00  | ................
00000000000013E0 | 00 00 00 00 00 00 00 00  00 00 00 00 00 00 00 00  | ................
00000000000013F0 | 00 00 00 00 00 00 00 00  00 00 00 00 00 00 00 00  | ................
0000000000001400 | 00 00 00 00 00 00 00 00  00 00 00 00 00 00 00 00  | ................
0000000000001410 | 00 00 00 00 00 00 00 00  00 00 00 00 00 00 00 00  | ................
0000000000001420 | 00 00 00 00 00 00 00 00  00 00 00 00 00 00 00 00  | ................
0000000000001430 | 00 00 00 00 00 00 00 00  00 00 00 00 00 00 00 00  | ................
0000000000001440 | 00 00 00 00 00 00 00 00  00 00 00 00 00 00 00 00  | ................
0000000000001450 | 00 00 00 00 00 00 00 00  00 00 00 00 00 00 00 00  | ................
0000000000001460 | 00 00 00 00 00 00 00 00  00 00 00 00 00 00 00 00  | ................
0000000000001470 | 00 00 00 00 00 00 00 00  00 00 00 00 00 00 00 00  | ................
0000000000001480 | 00 00 00 00 00 00 00 00  00 00 00 00 00 00 00 00  | ................
0000000000001490 | 00 00 00 00 00 00 00 00  00 00 00 00 00 00 00 00  | ................
00000000000014A0 | 00 00 00 00 00 00 00 00  00 00 00 00 00 00 00 00  | ................
00000000000014B0 | 00 00 00 00 00 00 00 00  00 00 00 00 00 00 00 00  | ................
00000000000014C0 | 00 00 00 00 00 00 00 00  00 00 00 00 00 00 00 00  | ................
00000000000014D0 | 00 00 00 00 00 00 00 00  00 00 00 00 00 00 00 00  | ................
00000000000014E0 | 00 00 00 00 00 00 00 00  00 00 00 00 00 00 00 00  | ................
00000000000014F0 | 00 00 00 00 00 00 00 00  00 00 00 00 00 00 00 00  | ................
0000000000001500 | 00 00 00 00 00 00 00 00  00 00 00 00 00 00 00 00  | ................
0000000000001510 | 00 00 00 00 00 00 00 00  00 00 00 00 00 00 00 00  | ................
0000000000001520 | 00 00 00 00 00 00 00 00  00 00 00 00 00 00 00 00  | ................
0000000000001530 | 00 00 00 00 00 00 00 00  00 00 00 00 00 00 00 00  | ................
0000000000001540 | 00 00 00 00 00 00 00 00  00 00 00 00 00 00 00 00  | ................
0000000000001550 | 00 00 00 00 00 00 00 00  00 00 00 00 00 00 00 00  | ................
0000000000001560 | 00 00 00 00 00 00 00 00  00 00 00 00 00 00 00 00  | ................
0000000000001570 | 00 00 00 00 00 00 00 00  00 00 00 00 00 00 00 00  | ................
0000000000001580 | 00 00 00 00 00 00 00 00  00 00 00 00 00 00 00 00  | ................
0000000000001590 | 00 00 00 00 00 00 00 00  00 00 00 00 00 00 00 00  | ................
00000000000015A0 | 00 00 00 00 00 00 00 00  00 00 00 00 00 00 00 00  | ................
00000000000015B0 | 00 00 00 00 00 00 00 00  00 00 00 00 00 00 00 00  | ................
00000000000015C0 | 00 00 00 00 00 00 00 00  00 00 00 00 00 00 00 00  | ................
00000000000015D0 | 00 00 00 00 00 00 00 00  00 00 00 00 00 00 00 00  | ................
00000000000015E0 | 00 00 00 00 00 00 00 00  00 00 00 00 00 00 00 00  | ................
00000000000015F0 | 00 00 00 00 00 00 00 00  00 00 00 00 00 00 00 00  | ................
0000000000001600 | 00 00 00 00 00 00 00 00  00 00 00 00 00 00 00 00  | ................
0000000000001610 | 00 00 00 00 00 00 00 00  00 00 00 00 00 00 00 00  | ................
0000000000001620 | 00 00 00 00 00 00 00 00  00 00 00 00 00 00 00 00  | ................
0000000000001630 | 00 00 00 00 00 00 00 00  00 00 00 00 00 00 00 00  | ................
0000000000001640 | 00 00 00 00 00 00 00 00  00 00 00 00 00 00 00 00  | ................
0000000000001650 | 00 00 00 00 00 00 00 00  00 00 00 00 00 00 00 00  | ................
0000000000001660 | 00 00 00 00 00 00 00 00  00 00 00 00 00 00 00 00  | ................
0000000000001670 | 00 00 00 00 00 00 00 00  00 00 00 00 00 00 00 00  | ................
0000000000001680 | 00 00 00 00 00 00 00 00  00 00 00 00 00 00 00 00  | ................
0000000000001690 | 00 00 00 00 00 00 00 00  00 00 00 00 00 00 00 00  | ................
00000000000016A0 | 00 00 00 00 00 00 00 00  00 00 00 00 00 00 00 00  | ................
00000000000016B0 | 00 00 00 00 00 00 00 00  00 00 00 00 00 00 00 00  | ................
00000000000016C0 | 00 00 00 00 00 00 00 00  00 00 00 00 00 00 00 00  | ................
00000000000016D0 | 00 00 00 00 00 00 00 00  00 00 00 00 00 00 00 00  | ................
00000000000016E0 | 00 00 00 00 00 00 00 00  00 00 00 00 00 00 00 00  | ................
00000000000016F0 | 00 00 00 00 00 00 00 00  00 00 00 00 00 00 00 00  | ................
0000000000001700 | 00 00 00 00 00 00 00 00  00 00 00 00 00 00 00 00  | ................
0000000000001710 | 00 00 00 00 00 00 00 00  00 00 00 00 00 00 00 00  | ................
0000000000001720 | 00 00 00 00 00 00 00 00  00 00 00 00 00 00 00 00  | ................
0000000000001730 | 00 00 00 00 00 00 00 00  00 00 00 00 00 00 00 00  | ................
0000000000001740 | 00 00 00 00 00 00 00 00  00 00 00 00 00 00 00 00  | ................
0000000000001750 | 00 00 00 00 00 00 00 00  00 00 00 00 00 00 00 00  | ................
0000000000001760 | 00 00 00 00 00 00 00 00  00 00 00 00 00 00 00 00  | ................
0000000000001770 | 00 00 00 00 00 00 00 00  00 00 00 00 00 00 00 00  | ................
0000000000001780 | 00 00 00 00 00 00 00 00  00 00 00 00 00 00 00 00  | ................
0000000000001790 | 00 00 00 00 00 00 00 00  00 00 00 00 00 00 00 00  | ................
00000000000017A0 | 00 00 00 00 00 00 00 00  00 00 00 00 00 00 00 00  | ................
00000000000017B0 | 00 00 00 00 00 00 00 00  00 00 00 00 00 00 00 00  | ................
00000000000017C0 | 00 00 00 00 00 00 00 00  00 00 00 00 00 00 00 00  | ................
00000000000017D0 | 00 00 00 00 00 00 00 00  00 00 00 00 00 00 00 00  | ................
00000000000017E0 | 00 00 00 00 00 00 00 00  00 00 00 00 00 00 00 00  | ................
00000000000017F0 | 00 00 00 00 00 00 00 00  00 00 00 00 00 00 00 00  | ................
0000000000001800 | 00 00 00 00 00 00 00 00  00 00 00 00 00 00 00 00  | ................
0000000000001810 | 00 00 00 00 00 00 00 00  00 00 00 00 00 00 00 00  | ................
0000000000001820 | 00 00 00 00 00 00 00 00  00 00 00 00 00 00 00 00  | ................
0000000000001830 | 00 00 00 00 00 00 00 00  00 00 00 00 00 00 00 00  | ................
0000000000001840 | 00 00 00 00 00 00 00 00  00 00 00 00 00 00 00 00  | ................
0000000000001850 | 00 00 00 00 00 00 00 00  00 00 00 00 00 00 00 00  | ................
0000000000001860 | 00 00 00 00 00 00 00 00  00 00 00 00 00 00 00 00  | ................
0000000000001870 | 00 00 00 00 00 00 00 00  00 00 00 00 00 00 00 00  | ................
0000000000001880 | 00 00 00 00 00 00 00 00  00 00 00 00 00 00 00 00  | ................
0000000000001890 | 00 00 00 00 00 00 00 00  00 00 00 00 00 00 00 00  | ................
00000000000018A0 | 00 00 00 00 00 00 00 00  00 00 00 00 00 00 00 00  | ................
00000000000018B0 | 00 00 00 00 00 00 00 00  00 00 00 00 00 00 00 00  | ................
00000000000018C0 | 00 00 00 00 00 00 00 00  00 00 00 00 00 00 00 00  | ................
00000000000018D0 | 00 00 00 00 00 00 00 00  00 00 00 00 00 00 00 00  | ................
00000000000018E0 | 00 00 00 00 00 00 00 00  00 00 00 00 00 00 00 00  | ................
00000000000018F0 | 00 00 00 00 00 00 00 00  00 00 00 00 00 00 00 00  | ................
0000000000001900 | 00 00 00 00 00 00 00 00  00 00 00 00 00 00 00 00  | ................
0000000000001910 | 00 00 00 00 00 00 00 00  00 00 00 00 00 00 00 00  | ................
0000000000001920 | 00 00 00 00 00 00 00 00  00 00 00 00 00 00 00 00  | ................
0000000000001930 | 00 00 00 00 00 00 00 00  00 00 00 00 00 00 00 00  | ................
0000000000001940 | 00 00 00 00 00 00 00 00  00 00 00 00 00 00 00 00  | ................
0000000000001950 | 00 00 00 00 00 00 00 00  00 00 00 00 00 00 00 00  | ................
0000000000001960 | 00 00 00 00 00 00 00 00  00 00 00 00 00 00 00 00  | ................
0000000000001970 | 00 00 00 00 00 00 00 00  00 00 00 00 00 00 00 00  | ................
0000000000001980 | 00 00 00 00 00 00 00 00  00 00 00 00 00 00 00 00  | ................
0000000000001990 | 00 00 00 00 00 00 00 00  00 00 00 00 00 00 00 00  | ................
00000000000019A0 | 00 00 00 00 00 00 00 00  00 00 00 00 00 00 00 00  | ................
00000000000019B0 | 00 00 00 00 00 00 00 00  00 00 00 00 00 00 00 00  | ................
00000000000019C0 | 00 00 00 00 00 00 00 00  00 00 00 00 00 00 00 00  | ................
00000000000019D0 | 00 00 00 00 00 00 00 00  00 00 00 00 00 00 00 00  | ................
00000000000019E0 | 00 00 00 00 00 00 00 00  00 00 00 00 00 00 00 00  | ................
00000000000019F0 | 00 00 00 00 00 00 00 00  00 00 00 00 00 00 00 00  | ................
0000000000001A00 | 00 00 00 00 00 00 00 00  00 00 00 00 00 00 00 00  | ................
0000000000001A10 | 00 00 00 00 00 00 00 00  00 00 00 00 00 00 00 00  | ................
0000000000001A20 | 00 00 00 00 00 00 00 00  00 00 00 00 00 00 00 00  | ................
0000000000001A30 | 00 00 00 00 00 00 00 00  00 00 00 00 00 00 00 00  | ................
0000000000001A40 | 00 00 00 00 00 00 00 00  00 00 00 00 00 00 00 00  | ................
0000000000001A50 | 00 00 00 00 00 00 00 00  00 00 00 00 00 00 00 00  | ................
0000000000001A60 | 00 00 00 00 00 00 00 00  00 00 00 00 00 00 00 00  | ................
0000000000001A70 | 00 00 00 00 00 00 00 00  00 00 00 00 00 00 00 00  | ................
0000000000001A80 | 00 00 00 00 00 00 00 00  00 00 00 00 00 00 00 00  | ................
0000000000001A90 | 00 00 00 00 00 00 00 00  00 00 00 00 00 00 00 00  | ................
0000000000001AA0 | 00 00 00 00 00 00 00 00  00 00 00 00 00 00 00 00  | ................
0000000000001AB0 | 00 00 00 00 00 00 00 00  00 00 00 00 00 00 00 00  | ................
0000000000001AC0 | 00 00 00 00 00 00 00 00  00 00 00 00 00 00 00 00  | ................
0000000000001AD0 | 00 00 00 00 00 00 00 00  00 00 00 00 00 00 00 00  | ................
0000000000001AE0 | 00 00 00 00 00 00 00 00  00 00 00 00 00 00 00 00  | ................
0000000000001AF0 | 00 00 00 00 00 00 00 00  00 00 00 00 00 00 00 00  | ................
0000000000001B00 | 00 00 00 00 00 00 00 00  00 00 00 00 00 00 00 00  | ................
0000000000001B10 | 00 00 00 00 00 00 00 00  00 00 00 00 00 00 00 00  | ................
0000000000001B20 | 00 00 00 00 00 00 00 00  00 00 00 00 00 00 00 00  | ................
0000000000001B30 | 00 00 00 00 00 00 00 00  00 00 00 00 00 00 00 00  | ................
0000000000001B40 | 00 00 00 00 00 00 00 00  00 00 00 00 00 00 00 00  | ................
0000000000001B50 | 00 00 00 00 00 00 00 00  00 00 00 00 00 00 00 00  | ................
0000000000001B60 | 00 00 00 00 00 00 00 00  00 00 00 00 00 00 00 00  | ................
0000000000001B70 | 00 00 00 00 00 00 00 00  00 00 00 00 00 00 00 00  | ................
0000000000001B80 | 00 00 00 00 00 00 00 00  00 00 00 00 00 00 00 00  | ................
0000000000001B90 | 00 00 00 00 00 00 00 00  00 00 00 00 00 00 00 00  | ................
0000000000001BA0 | 00 00 00 00 00 00 00 00  00 00 00 00 00 00 00 00  | ................
0000000000001BB0 | 00 00 00 00 00 00 00 00  00 00 00 00 00 00 00 00  | ................
0000000000001BC0 | 00 00 00 00 00 00 00 00  00 00 00 00 00 00 00 00  | ................
0000000000001BD0 | 00 00 00 00 00 00 00 00  00 00 00 00 00 00 00 00  | ................
0000000000001BE0 | 00 00 00 00 00 00 00 00  00 00 00 00 00 00 00 00  | ................
0000000000001BF0 | 00 00 00 00 00 00 00 00  00 00 00 00 00 00 00 00  | ................
0000000000001C00 | 00 00 00 00 00 00 00 00  00 00 00 00 00 00 00 00  | ................
0000000000001C10 | 00 00 00 00 00 00 00 00  00 00 00 00 00 00 00 00  | ................
0000000000001C20 | 00 00 00 00 00 00 00 00  00 00 00 00 00 00 00 00  | ................
0000000000001C30 | 00 00 00 00 00 00 00 00  00 00 00 00 00 00 00 00  | ................
0000000000001C40 | 00 00 00 00 00 00 00 00  00 00 00 00 00 00 00 00  | ................
0000000000001C50 | 00 00 00 00 00 00 00 00  00 00 00 00 00 00 00 00  | ................
0000000000001C60 | 00 00 00 00 00 00 00 00  00 00 00 00 00 00 00 00  | ................
0000000000001C70 | 00 00 00 00 00 00 00 00  00 00 00 00 00 00 00 00  | ................
0000000000001C80 | 00 00 00 00 00 00 00 00  00 00 00 00 00 00 00 00  | ................
0000000000001C90 | 00 00 00 00 00 00 00 00  00 00 00 00 00 00 00 00  | ................
0000000000001CA0 | 00 00 00 00 00 00 00 00  00 00 00 00 00 00 00 00  | ................
0000000000001CB0 | 00 00 00 00 00 00 00 00  00 00 00 00 00 00 00 00  | ................
0000000000001CC0 | 00 00 00 00 00 00 00 00  00 00 00 00 00 00 00 00  | ................
0000000000001CD0 | 00 00 00 00 00 00 00 00  00 00 00 00 00 00 00 00  | ................
0000000000001CE0 | 00 00 00 00 00 00 00 00  00 00 00 00 00 00 00 00  | ................
0000000000001CF0 | 00 00 00 00 00 00 00 00  00 00 00 00 00 00 00 00  | ................
0000000000001D00 | 00 00 00 00 00 00 00 00  00 00 00 00 00 00 00 00  | ................
0000000000001D10 | 00 00 00 00 00 00 00 00  00 00 00 00 00 00 00 00  | ................
0000000000001D20 | 00 00 00 00 00 00 00 00  00 00 00 00 00 00 00 00  | ................
0000000000001D30 | 00 00 00 00 00 00 00 00  00 00 00 00 00 00 00 00  | ................
0000000000001D40 | 00 00 00 00 00 00 00 00  00 00 00 00 00 00 00 00  | ................
0000000000001D50 | 00 00 00 00 00 00 00 00  00 00 00 00 00 00 00 00  | ................
0000000000001D60 | 00 00 00 00 00 00 00 00  00 00 00 00 00 00 00 00  | ................
0000000000001D70 | 00 00 00 00 00 00 00 00  00 00 00 00 00 00 00 00  | ................
0000000000001D80 | 00 00 00 00 00 00 00 00  00 00 00 00 00 00 00 00  | ................
0000000000001D90 | 00 00 00 00 00 00 00 00  00 00 00 00 00 00 00 00  | ................
0000000000001DA0 | 00 00 00 00 00 00 00 00  00 00 00 00 00 00 00 00  | ................
0000000000001DB0 | 00 00 00 00 00 00 00 00  00 00 00 00 00 00 00 00  | ................
0000000000001DC0 | 00 00 00 00 00 00 00 00  00 00 00 00 00 00 00 00  | ................
0000000000001DD0 | 00 00 00 00 00 00 00 00  00 00 00 00 00 00 00 00  | ................
0000000000001DE0 | 00 00 00 00 00 00 00 00  00 00 00 00 00 00 00 00  | ................
0000000000001DF0 | 00 00 00 00 00 00 00 00  00 00 00 00 00 00 00 00  | ................
0000000000001E00 | 00 00 00 00 00 00 00 00  00 00 00 00 00 00 00 00  | ................
0000000000001E10 | 00 00 00 00 00 00 00 00  00 00 00 00 00 00 00 00  | ................
0000000000001E20 | 00 00 00 00 00 00 00 00  00 00 00 00 00 00 00 00  | ................
0000000000001E30 | 00 00 00 00 00 00 00 00  00 00 00 00 00 00 00 00  | ................
0000000000001E40 | 00 00 00 00 00 00 00 00  00 00 00 00 00 00 00 00  | ................
0000000000001E50 | 00 00 00 00 00 00 00 00  00 00 00 00 00 00 00 00  | ................
0000000000001E60 | 00 00 00 00 00 00 00 00  00 00 00 00 00 00 00 00  | ................
0000000000001E70 | 00 00 00 00 00 00 00 00  00 00 00 00 00 00 00 00  | ................
0000000000001E80 | 00 00 00 00 00 00 00 00  00 00 00 00 00 00 00 00  | ................
0000000000001E90 | 00 00 00 00 00 00 00 00  00 00 00 00 00 00 00 00  | ................
0000000000001EA0 | 00 00 00 00 00 00 00 00  00 00 00 00 00 00 00 00  | ................
0000000000001EB0 | 00 00 00 00 00 00 00 00  00 00 00 00 00 00 00 00  | ................
0000000000001EC0 | 00 00 00 00 00 00 00 00  00 00 00 00 00 00 00 00  | ................
0000000000001ED0 | 00 00 00 00 00 00 00 00  00 00 00 00 00 00 00 00  | ................
0000000000001EE0 | 00 00 00 00 00 00 00 00  00 00 00 00 00 00 00 00  | ................
0000000000001EF0 | 00 00 00 00 00 00 00 00  00 00 00 00 00 00 00 00  | ................
0000000000001F00 | 00 00 00 00 00 00 00 00  00 00 00 00 00 00 00 00  | ................
0000000000001F10 | 00 00 00 00 00 00 00 00  00 00 00 00 00 00 00 00  | ................
0000000000001F20 | 00 00 00 00 00 00 00 00  00 00 00 00 00 00 00 00  | ................
0000000000001F30 | 00 00 00 00 00 00 00 00  00 00 00 00 00 00 00 00  | ................
0000000000001F40 | 00 00 00 00 00 00 00 00  00 00 00 00 00 00 00 00  | ................
0000000000001F50 | 00 00 00 00 00 00 00 00  00 00 00 00 00 00 00 00  | ................
0000000000001F60 | 00 00 00 00 00 00 00 00  00 00 00 00 00 00 00 00  | ................
0000000000001F70 | 00 00 00 00 00 00 00 00  00 00 00 00 00 00 00 00  | ................
0000000000001F80 | 00 00 00 00 00 00 00 00  00 00 00 00 00 00 00 00  | ................
0000000000001F90 | 00 00 00 00 00 00 00 00  00 00 00 00 00 00 00 00  | ................
0000000000001FA0 | 00 00 00 00 00 00 00 00  00 00 00 00 00 00 00 00  | ................
0000000000001FB0 | 00 00 00 00 00 00 00 00  00 00 00 00 00 00 00 00  | ................
0000000000001FC0 | 00 00 00 00 00 00 00 00  00 00 00 00 00 00 00 00  | ................
0000000000001FD0 | 00 00 00 00 00 00 00 00  00 00 00 00 00 00 00 00  | ................
0000000000001FE0 | 00 00 00 00 00 00 00 00  00 00 00 00 00 00 00 00  | ................
0000000000001FF0 | 00 00 00 00 00 00 00 00  00 00 00 00 00 00 00 00  | ................
0000000000002000 | 00 00 00 00 00 00 00 00  00 00 00 00 00 00 00 00  | ................
0000000000002010 | 00 00 00 00 00 00 00 00  00 00 00 00 00 00 00 00  | ................
0000000000002020 | 00 00 00 00 00 00 00 00  00 00 00 00 00 00 00 00  | ................
0000000000002030 | 00 00 00 00 00 00 00 00  00 00 00 00 00 00 00 00  | ................
0000000000002040 | 00 00 00 00 00 00 00 00  00 00 00 00 00 00 00 00  | ................
0000000000002050 | 00 00 00 00 00 00 00 00  00 00 00 00 00 00 00 00  | ................
0000000000002060 | 00 00 00 00 00 00 00 00  00 00 00 00 00 00 00 00  | ................
0000000000002070 | 00 00 00 00 00 00 00 00  00 00 00 00 00 00 00 00  | ................
0000000000002080 | 00 00 00 00 00 00 00 00  00 00 00 00 00 00 00 00  | ................
0000000000002090 | 00 00 00 00 00 00 00 00  00 00 00 00 00 00 00 00  | ................
00000000000020A0 | 00 00 00 00 00 00 00 00  00 00 00 00 00 00 00 00  | ................
00000000000020B0 | 00 00 00 00 00 00 00 00  00 00 00 00 00 00 00 00  | ................
00000000000020C0 | 00 00 00 00 00 00 00 00  00 00 00 00 00 00 00 00  | ................
00000000000020D0 | 00 00 00 00 00 00 00 00  00 00 00 00 00 00 00 00  | ................
00000000000020E0 | 00 00 00 00 00 00 00 00  00 00 00 00 00 00 00 00  | ................
00000000000020F0 | 00 00 00 00 00 00 00 00  00 00 00 00 00 00 00 00  | ................
0000000000002100 | 00 00 00 00 00 00 00 00  00 00 00 00 00 00 00 00  | ................
0000000000002110 | 00 00 00 00 00 00 00 00  00 00 00 00 00 00 00 00  | ................
0000000000002120 | 00 00 00 00 00 00 00 00  00 00 00 00 00 00 00 00  | ................
0000000000002130 | 00 00 00 00 00 00 00 00  00 00 00 00 00 00 00 00  | ................
0000000000002140 | 00 00 00 00 00 00 00 00  00 00 00 00 00 00 00 00  | ................
0000000000002150 | 00 00 00 00 00 00 00 00  00 00 00 00 00 00 00 00  | ................
0000000000002160 | 00 00 00 00 00 00 00 00  00 00 00 00 00 00 00 00  | ................
0000000000002170 | 00 00 00 00 00 00 00 00  00 00 00 00 00 00 00 00  | ................
0000000000002180 | 00 00 00 00 00 00 00 00  00 00 00 00 00 00 00 00  | ................
0000000000002190 | 00 00 00 00 00 00 00 00  00 00 00 00 00 00 00 00  | ................
00000000000021A0 | 00 00 00 00 00 00 00 00  00 00 00 00 00 00 00 00  | ................
00000000000021B0 | 00 00 00 00 00 00 00 00  00 00 00 00 00 00 00 00  | ................
00000000000021C0 | 00 00 00 00 00 00 00 00  00 00 00 00 00 00 00 00  | ................
00000000000021D0 | 00 00 00 00 00 00 00 00  00 00 00 00 00 00 00 00  | ................
00000000000021E0 | 00 00 00 00 00 00 00 00  00 00 00 00 00 00 00 00  | ................
00000000000021F0 | 00 00 00 00 00 00 00 00  00 00 00 00 00 00 00 00  | ................
0000000000002200 | 00 00 00 00 00 00 00 00  00 00 00 00 00 00 00 00  | ................
0000000000002210 | 00 00 00 00 00 00 00 00  00 00 00 00 00 00 00 00  | ................
0000000000002220 | 00 00 00 00 00 00 00 00  00 00 00 00 00 00 00 00  | ................
0000000000002230 | 00 00 00 00 00 00 00 00  00 00 00 00 00 00 00 00  | ................
0000000000002240 | 00 00 00 00 00 00 00 00  00 00 00 00 00 00 00 00  | ................
0000000000002250 | 00 00 00 00 00 00 00 00  00 00 00 00 00 00 00 00  | ................
0000000000002260 | 00 00 00 00 00 00 00 00  00 00 00 00 00 00 00 00  | ................
0000000000002270 | 00 00 00 00 00 00 00 00  00 00 00 00 00 00 00 00  | ................
0000000000002280 | 00 00 00 00 00 00 00 00  00 00 00 00 00 00 00 00  | ................
0000000000002290 | 00 00 00 00 00 00 00 00  00 00 00 00 00 00 00 00  | ................
00000000000022A0 | 00 00 00 00 00 00 00 00  00 00 00 00 00 00 00 00  | ................
00000000000022B0 | 00 00 00 00 00 00 00 00  00 00 00 00 00 00 00 00  | ................
00000000000022C0 | 00 00 00 00 00 00 00 00  00 00 00 00 00 00 00 00  | ................
00000000000022D0 | 00 00 00 00 00 00 00 00  00 00 00 00 00 00 00 00  | ................
00000000000022E0 | 00 00 00 00 00 00 00 00  00 00 00 00 00 00 00 00  | ................
00000000000022F0 | 00 00 00 00 00 00 00 00  00 00 00 00 00 00 00 00  | ................
0000000000002300 | 00 00 00 00 00 00 00 00  00 00 00 00 00 00 00 00  | ................
0000000000002310 | 00 00 00 00 00 00 00 00  00 00 00 00 00 00 00 00  | ................
0000000000002320 | 00 00 00 00 00 00 00 00  00 00 00 00 00 00 00 00  | ................
0000000000002330 | 00 00 00 00 00 00 00 00  00 00 00 00 00 00 00 00  | ................
0000000000002340 | 00 00 00 00 00 00 00 00  00 00 00 00 00 00 00 00  | ................
0000000000002350 | 00 00 00 00 00 00 00 00  00 00 00 00 00 00 00 00  | ................
0000000000002360 | 00 00 00 00 00 00 00 00  00 00 00 00 00 00 00 00  | ................
0000000000002370 | 00 00 00 00 00 00 00 00  00 00 00 00 00 00 00 00  | ................
0000000000002380 | 00 00 00 00 00 00 00 00  00 00 00 00 00 00 00 00  | ................
0000000000002390 | 00 00 00 00 00 00 00 00  00 00 00 00 00 00 00 00  | ................
00000000000023A0 | 00 00 00 00 00 00 00 00  00 00 00 00 00 00 00 00  | ................
00000000000023B0 | 00 00 00 00 00 00 00 00  00 00 00 00 00 00 00 00  | ................
00000000000023C0 | 00 00 00 00 00 00 00 00  00 00 00 00 00 00 00 00  | ................
00000000000023D0 | 00 00 00 00 00 00 00 00  00 00 00 00 00 00 00 00  | ................
00000000000023E0 | 00 00 00 00 00 00 00 00  00 00 00 00 00 00 00 00  | ................
00000000000023F0 | 00 00 00 00 00 00 00 00  00 00 00 00 00 00 00 00  | ................
0000000000002400 | 00 00 00 00 00 00 00 00  00 00 00 00 00 00 00 00  | ................
0000000000002410 | 00 00 00 00 00 00 00 00  00 00 00 00 00 00 00 00  | ................
0000000000002420 | 00 00 00 00 00 00 00 00  00 00 00 00 00 00 00 00  | ................
0000000000002430 | 00 00 00 00 00 00 00 00  00 00 00 00 00 00 00 00  | ................
0000000000002440 | 00 00 00 00 00 00 00 00  00 00 00 00 00 00 00 00  | ................
0000000000002450 | 00 00 00 00 00 00 00 00  00 00 00 00 00 00 00 00  | ................
0000000000002460 | 00 00 00 00 00 00 00 00  00 00 00 00 00 00 00 00  | ................
0000000000002470 | 00 00 00 00 00 00 00 00  00 00 00 00 00 00 00 00  | ................
0000000000002480 | 00 00 00 00 00 00 00 00  00 00 00 00 00 00 00 00  | ................
0000000000002490 | 00 00 00 00 00 00 00 00  00 00 00 00 00 00 00 00  | ................
00000000000024A0 | 00 00 00 00 00 00 00 00  00 00 00 00 00 00 00 00  | ................
00000000000024B0 | 00 00 00 00 00 00 00 00  00 00 00 00 00 00 00 00  | ................
00000000000024C0 | 00 00 00 00 00 00 00 00  00 00 00 00 00 00 00 00  | ................
00000000000024D0 | 00 00 00 00 00 00 00 00  00 00 00 00 00 00 00 00  | ................
00000000000024E0 | 00 00 00 00 00 00 00 00  00 00 00 00 00 00 00 00  | ................
00000000000024F0 | 00 00 00 00 00 00 00 00  00 00 00 00 00 00 00 00  | ................
0000000000002500 | 00 00 00 00 00 00 00 00  00 00 00 00 00 00 00 00  | ................
0000000000002510 | 00 00 00 00 00 00 00 00  00 00 00 00 00 00 00 00  | ................
0000000000002520 | 00 00 00 00 00 00 00 00  00 00 00 00 00 00 00 00  | ................
0000000000002530 | 00 00 00 00 00 00 00 00  00 00 00 00 00 00 00 00  | ................
0000000000002540 | 00 00 00 00 00 00 00 00  00 00 00 00 00 00 00 00  | ................
0000000000002550 | 00 00 00 00 00 00 00 00  00 00 00 00 00 00 00 00  | ................
0000000000002560 | 00 00 00 00 00 00 00 00  00 00 00 00 00 00 00 00  | ................
0000000000002570 | 00 00 00 00 00 00 00 00  00 00 00 00 00 00 00 00  | ................
0000000000002580 | 00 00 00 00 00 00 00 00  00 00 00 00 00 00 00 00  | ................
0000000000002590 | 00 00 00 00 00 00 00 00  00 00 00 00 00 00 00 00  | ................
00000000000025A0 | 00 00 00 00 00 00 00 00  00 00 00 00 00 00 00 00  | ................
00000000000025B0 | 00 00 00 00 00 00 00 00  00 00 00 00 00 00 00 00  | ................
00000000000025C0 | 00 00 00 00 00 00 00 00  00 00 00 00 00 00 00 00  | ................
00000000000025D0 | 00 00 00 00 00 00 00 00  00 00 00 00 00 00 00 00  | ................
00000000000025E0 | 00 00 00 00 00 00 00 00  00 00 00 00 00 00 00 00  | ................
00000000000025F0 | 00 00 00 00 00 00 00 00  00 00 00 00 00 00 00 00  | ................
0000000000002600 | 00 00 00 00 00 00 00 00  00 00 00 00 00 00 00 00  | ................
0000000000002610 | 00 00 00 00 00 00 00 00  00 00 00 00 00 00 00 00  | ................
0000000000002620 | 00 00 00 00 00 00 00 00  00 00 00 00 00 00 00 00  | ................
0000000000002630 | 00 00 00 00 00 00 00 00  00 00 00 00 00 00 00 00  | ................
0000000000002640 | 00 00 00 00 00 00 00 00  00 00 00 00 00 00 00 00  | ................
0000000000002650 | 00 00 00 00 00 00 00 00  00 00 00 00 00 00 00 00  | ................
0000000000002660 | 00 00 00 00 00 00 00 00  00 00 00 00 00 00 00 00  | ................
0000000000002670 | 00 00 00 00 00 00 00 00  00 00 00 00 00 00 00 00  | ................
0000000000002680 | 00 00 00 00 00 00 00 00  00 00 00 00 00 00 00 00  | ................
0000000000002690 | 00 00 00 00 00 00 00 00  00 00 00 00 00 00 00 00  | ................
00000000000026A0 | 00 00 00 00 00 00 00 00  00 00 00 00 00 00 00 00  | ................
00000000000026B0 | 00 00 00 00 00 00 00 00  00 00 00 00 00 00 00 00  | ................
00000000000026C0 | 00 00 00 00 00 00 00 00  00 00 00 00 00 00 00 00  | ................
00000000000026D0 | 00 00 00 00 00 00 00 00  00 00 00 00 00 00 00 00  | ................
00000000000026E0 | 00 00 00 00 00 00 00 00  00 00 00 00 00 00 00 00  | ................
00000000000026F0 | 00 00 00 00 00 00 00 00  00 00 00 00 00 00 00 00  | ................
0000000000002700 | 00 00 00 00 00 00 00 00  00 00 00 00 00 00 00 00  | ................
0000000000002710 | 00 00 00 00 00 00 00 00  00 00 00 00 00 00 00 00  | ................
0000000000002720 | 00 00 00 00 00 00 00 00  00 00 00 00 00 00 00 00  | ................
0000000000002730 | 00 00 00 00 00 00 00 00  00 00 00 00 00 00 00 00  | ................
0000000000002740 | 00 00 00 00 00 00 00 00  00 00 00 00 00 00 00 00  | ................
0000000000002750 | 00 00 00 00 00 00 00 00  00 00 00 00 00 00 00 00  | ................
0000000000002760 | 00 00 00 00 00 00 00 00  00 00 00 00 00 00 00 00  | ................
0000000000002770 | 00 00 00 00 00 00 00 00  00 00 00 00 00 00 00 00  | ................
0000000000002780 | 00 00 00 00 00 00 00 00  00 00 00 00 00 00 00 00  | ................
0000000000002790 | 00 00 00 00 00 00 00 00  00 00 00 00 00 00 00 00  | ................
00000000000027A0 | 00 00 00 00 00 00 00 00  00 00 00 00 00 00 00 00  | ................
00000000000027B0 | 00 00 00 00 00 00 00 00  00 00 00 00 00 00 00 00  | ................
00000000000027C0 | 00 00 00 00 00 00 00 00  00 00 00 00 00 00 00 00  | ................
00000000000027D0 | 00 00 00 00 00 00 00 00  00 00 00 00 00 00 00 00  | ................
00000000000027E0 | 00 00 00 00 00 00 00 00  00 00 00 00 00 00 00 00  | ................
00000000000027F0 | 00 00 00 00 00 00 00 00  00 00 00 00 00 00 00 00  | ................
0000000000002800 | 00 00 00 00 00 00 00 00  00 00 00 00 00 00 00 00  | ................
0000000000002810 | 00 00 00 00 00 00 00 00  00 00 00 00 00 00 00 00  | ................
0000000000002820 | 00 00 00 00 00 00 00 00  00 00 00 00 00 00 00 00  | ................
0000000000002830 | 00 00 00 00 00 00 00 00  00 00 00 00 00 00 00 00  | ................
0000000000002840 | 00 00 00 00 00 00 00 00  00 00 00 00 00 00 00 00  | ................
0000000000002850 | 00 00 00 00 00 00 00 00  00 00 00 00 00 00 00 00  | ................
0000000000002860 | 00 00 00 00 00 00 00 00  00 00 00 00 00 00 00 00  | ................
0000000000002870 | 00 00 00 00 00 00 00 00  00 00 00 00 00 00 00 00  | ................
0000000000002880 | 00 00 00 00 00 00 00 00  00 00 00 00 00 00 00 00  | ................
0000000000002890 | 00 00 00 00 00 00 00 00  00 00 00 00 00 00 00 00  | ................
00000000000028A0 | 00 00 00 00 00 00 00 00  00 00 00 00 00 00 00 00  | ................
00000000000028B0 | 00 00 00 00 00 00 00 00  00 00 00 00 00 00 00 00  | ................
00000000000028C0 | 00 00 00 00 00 00 00 00  00 00 00 00 00 00 00 00  | ................
00000000000028D0 | 00 00 00 00 00 00 00 00  00 00 00 00 00 00 00 00  | ................
00000000000028E0 | 00 00 00 00 00 00 00 00  00 00 00 00 00 00 00 00  | ................
00000000000028F0 | 00 00 00 00 00 00 00 00  00 00 00 00 00 00 00 00  | ................
0000000000002900 | 00 00 00 00 00 00 00 00  00 00 00 00 00 00 00 00  | ................
0000000000002910 | 00 00 00 00 00 00 00 00  00 00 00 00 00 00 00 00  | ................
0000000000002920 | 00 00 00 00 00 00 00 00  00 00 00 00 00 00 00 00  | ................
0000000000002930 | 00 00 00 00 00 00 00 00  00 00 00 00 00 00 00 00  | ................
0000000000002940 | 00 00 00 00 00 00 00 00  00 00 00 00 00 00 00 00  | ................
0000000000002950 | 00 00 00 00 00 00 00 00  00 00 00 00 00 00 00 00  | ................
0000000000002960 | 00 00 00 00 00 00 00 00  00 00 00 00 00 00 00 00  | ................
0000000000002970 | 00 00 00 00 00 00 00 00  00 00 00 00 00 00 00 00  | ................
0000000000002980 | 00 00 00 00 00 00 00 00  00 00 00 00 00 00 00 00  | ................
0000000000002990 | 00 00 00 00 00 00 00 00  00 00 00 00 00 00 00 00  | ................
00000000000029A0 | 00 00 00 00 00 00 00 00  00 00 00 00 00 00 00 00  | ................
00000000000029B0 | 00 00 00 00 00 00 00 00  00 00 00 00 00 00 00 00  | ................
00000000000029C0 | 00 00 00 00 00 00 00 00  00 00 00 00 00 00 00 00  | ................
00000000000029D0 | 00 00 00 00 00 00 00 00  00 00 00 00 00 00 00 00  | ................
00000000000029E0 | 00 00 00 00 00 00 00 00  00 00 00 00 00 00 00 00  | ................
00000000000029F0 | 00 00 00 00 00 00 00 00  00 00 00 00 00 00 00 00  | ................
0000000000002A00 | 00 00 00 00 00 00 00 00  00 00 00 00 00 00 00 00  | ................
0000000000002A10 | 00 00 00 00 00 00 00 00  00 00 00 00 00 00 00 00  | ................
0000000000002A20 | 00 00 00 00 00 00 00 00  00 00 00 00 00 00 00 00  | ................
0000000000002A30 | 00 00 00 00 00 00 00 00  00 00 00 00 00 00 00 00  | ................
0000000000002A40 | 00 00 00 00 00 00 00 00  00 00 00 00 00 00 00 00  | ................
0000000000002A50 | 00 00 00 00 00 00 00 00  00 00 00 00 00 00 00 00  | ................
0000000000002A60 | 00 00 00 00 00 00 00 00  00 00 00 00 00 00 00 00  | ................
0000000000002A70 | 00 00 00 00 00 00 00 00  00 00 00 00 00 00 00 00  | ................
0000000000002A80 | 00 00 00 00 00 00 00 00  00 00 00 00 00 00 00 00  | ................
0000000000002A90 | 00 00 00 00 00 00 00 00  00 00 00 00 00 00 00 00  | ................
0000000000002AA0 | 00 00 00 00 00 00 00 00  00 00 00 00 00 00 00 00  | ................
0000000000002AB0 | 00 00 00 00 00 00 00 00  00 00 00 00 00 00 00 00  | ................
0000000000002AC0 | 00 00 00 00 00 00 00 00  00 00 00 00 00 00 00 00  | ................
0000000000002AD0 | 00 00 00 00 00 00 00 00  00 00 00 00 00 00 00 00  | ................
0000000000002AE0 | 00 00 00 00 00 00 00 00  00 00 00 00 00 00 00 00  | ................
0000000000002AF0 | 00 00 00 00 00 00 00 00  00 00 00 00 00 00 00 00  | ................
0000000000002B00 | 00 00 00 00 00 00 00 00  00 00 00 00 00 00 00 00  | ................
0000000000002B10 | 00 00 00 00 00 00 00 00  00 00 00 00 00 00 00 00  | ................
0000000000002B20 | 00 00 00 00 00 00 00 00  00 00 00 00 00 00 00 00  | ................
0000000000002B30 | 00 00 00 00 00 00 00 00  00 00 00 00 00 00 00 00  | ................
0000000000002B40 | 00 00 00 00 00 00 00 00  00 00 00 00 00 00 00 00  | ................
0000000000002B50 | 00 00 00 00 00 00 00 00  00 00 00 00 00 00 00 00  | ................
0000000000002B60 | 00 00 00 00 00 00 00 00  00 00 00 00 00 00 00 00  | ................
0000000000002B70 | 00 00 00 00 00 00 00 00  00 00 00 00 00 00 00 00  | ................
0000000000002B80 | 00 00 00 00 00 00 00 00  00 00 00 00 00 00 00 00  | ................
0000000000002B90 | 00 00 00 00 00 00 00 00  00 00 00 00 00 00 00 00  | ................
0000000000002BA0 | 00 00 00 00 00 00 00 00  00 00 00 00 00 00 00 00  | ................
0000000000002BB0 | 00 00 00 00 00 00 00 00  00 00 00 00 00 00 00 00  | ................
0000000000002BC0 | 00 00 00 00 00 00 00 00  00 00 00 00 00 00 00 00  | ................
0000000000002BD0 | 00 00 00 00 00 00 00 00  00 00 00 00 00 00 00 00  | ................
0000000000002BE0 | 00 00 00 00 00 00 00 00  00 00 00 00 00 00 00 00  | ................
0000000000002BF0 | 00 00 00 00 00 00 00 00  00 00 00 00 00 00 00 00  | ................
0000000000002C00 | 00 00 00 00 00 00 00 00  00 00 00 00 00 00 00 00  | ................
0000000000002C10 | 00 00 00 00 00 00 00 00  00 00 00 00 00 00 00 00  | ................
0000000000002C20 | 00 00 00 00 00 00 00 00  00 00 00 00 00 00 00 00  | ................
0000000000002C30 | 00 00 00 00 00 00 00 00  00 00 00 00 00 00 00 00  | ................
0000000000002C40 | 00 00 00 00 00 00 00 00  00 00 00 00 00 00 00 00  | ................
0000000000002C50 | 00 00 00 00 00 00 00 00  00 00 00 00 00 00 00 00  | ................
0000000000002C60 | 00 00 00 00 00 00 00 00  00 00 00 00 00 00 00 00  | ................
0000000000002C70 | 00 00 00 00 00 00 00 00  00 00 00 00 00 00 00 00  | ................
0000000000002C80 | 00 00 00 00 00 00 00 00  00 00 00 00 00 00 00 00  | ................
0000000000002C90 | 00 00 00 00 00 00 00 00  00 00 00 00 00 00 00 00  | ................
0000000000002CA0 | 00 00 00 00 00 00 00 00  00 00 00 00 00 00 00 00  | ................
0000000000002CB0 | 00 00 00 00 00 00 00 00  00 00 00 00 00 00 00 00  | ................
0000000000002CC0 | 00 00 00 00 00 00 00 00  00 00 00 00 00 00 00 00  | ................
0000000000002CD0 | 00 00 00 00 00 00 00 00  00 00 00 00 00 00 00 00  | ................
0000000000002CE0 | 00 00 00 00 00 00 00 00  00 00 00 00 00 00 00 00  | ................
0000000000002CF0 | 00 00 00 00 00 00 00 00  00 00 00 00 00 00 00 00  | ................
0000000000002D00 | 00 00 00 00 00 00 00 00  00 00 00 00 00 00 00 00  | ................
0000000000002D10 | 00 00 00 00 00 00 00 00  00 00 00 00 00 00 00 00  | ................
0000000000002D20 | 00 00 00 00 00 00 00 00  00 00 00 00 00 00 00 00  | ................
0000000000002D30 | 00 00 00 00 00 00 00 00  00 00 00 00 00 00 00 00  | ................
0000000000002D40 | 00 00 00 00 00 00 00 00  00 00 00 00 00 00 00 00  | ................
0000000000002D50 | 00 00 00 00 00 00 00 00  00 00 00 00 00 00 00 00  | ................
0000000000002D60 | 00 00 00 00 00 00 00 00  00 00 00 00 00 00 00 00  | ................
0000000000002D70 | 00 00 00 00 00 00 00 00  00 00 00 00 00 00 00 00  | ................
0000000000002D80 | 00 00 00 00 00 00 00 00  00 00 00 00 00 00 00 00  | ................
0000000000002D90 | 00 00 00 00 00 00 00 00  00 00 00 00 00 00 00 00  | ................
0000000000002DA0 | 00 00 00 00 00 00 00 00  00 00 00 00 00 00 00 00  | ................
0000000000002DB0 | 00 00 00 00 00 00 00 00  00 00 00 00 00 00 00 00  | ................
0000000000002DC0 | 00 00 00 00 00 00 00 00  00 00 00 00 00 00 00 00  | ................
0000000000002DD0 | 00 00 00 00 00 00 00 00  00 00 00 00 00 00 00 00  | ................
0000000000002DE0 | 00 00 00 00 00 00 00 00  00 00 00 00 00 00 00 00  | ................
0000000000002DF0 | 00 00 00 00 00 00 00 00  00 00 00 00 00 00 00 00  | ................
0000000000002E00 | 00 00 00 00 00 00 00 00  00 00 00 00 00 00 00 00  | ................
0000000000002E10 | 00 00 00 00 00 00 00 00  00 00 00 00 00 00 00 00  | ................
0000000000002E20 | 00 00 00 00 00 00 00 00  00 00 00 00 00 00 00 00  | ................
0000000000002E30 | 00 00 00 00 00 00 00 00  00 00 00 00 00 00 00 00  | ................
0000000000002E40 | 00 00 00 00 00 00 00 00  00 00 00 00 00 00 00 00  | ................
0000000000002E50 | 00 00 00 00 00 00 00 00  00 00 00 00 00 00 00 00  | ................
0000000000002E60 | 00 00 00 00 00 00 00 00  00 00 00 00 00 00 00 00  | ................
0000000000002E70 | 00 00 00 00 00 00 00 00  00 00 00 00 00 00 00 00  | ................
0000000000002E80 | 00 00 00 00 00 00 00 00  00 00 00 00 00 00 00 00  | ................
0000000000002E90 | 00 00 00 00 00 00 00 00  00 00 00 00 00 00 00 00  | ................
0000000000002EA0 | 00 00 00 00 00 00 00 00  00 00 00 00 00 00 00 00  | ................
0000000000002EB0 | 00 00 00 00 00 00 00 00  00 00 00 00 00 00 00 00  | ................
0000000000002EC0 | 00 00 00 00 00 00 00 00  00 00 00 00 00 00 00 00  | ................
0000000000002ED0 | 00 00 00 00 00 00 00 00  00 00 00 00 00 00 00 00  | ................
0000000000002EE0 | 00 00 00 00 00 00 00 00  00 00 00 00 00 00 00 00  | ................
0000000000002EF0 | 00 00 00 00 00 00 00 00  00 00 00 00 00 00 00 00  | ................
0000000000002F00 | 00 00 00 00 00 00 00 00  00 00 00 00 00 00 00 00  | ................
0000000000002F10 | 00 00 00 00 00 00 00 00  00 00 00 00 00 00 00 00  | ................
0000000000002F20 | 00 00 00 00 00 00 00 00  00 00 00 00 00 00 00 00  | ................
0000000000002F30 | 00 00 00 00 00 00 00 00  00 00 00 00 00 00 00 00  | ................
0000000000002F40 | 00 00 00 00 00 00 00 00  00 00 00 00 00 00 00 00  | ................
0000000000002F50 | 00 00 00 00 00 00 00 00  00 00 00 00 00 00 00 00  | ................
0000000000002F60 | 00 00 00 00 00 00 00 00  00 00 00 00 00 00 00 00  | ................
0000000000002F70 | 00 00 00 00 00 00 00 00  00 00 00 00 00 00 00 00  | ................
0000000000002F80 | 00 00 00 00 00 00 00 00  00 00 00 00 00 00 00 00  | ................
0000000000002F90 | 00 00 00 00 00 00 00 00  00 00 00 00 00 00 00 00  | ................
0000000000002FA0 | 00 00 00 00 00 00 00 00  00 00 00 00 00 00 00 00  | ................
0000000000002FB0 | 00 00 00 00 00 00 00 00  00 00 00 00 00 00 00 00  | ................
0000000000002FC0 | 00 00 00 00 00 00 00 00  00 00 00 00 00 00 00 00  | ................
0000000000002FD0 | 00 00 00 00 00 00 00 00  00 00 00 00 00 00 00 00  | ................
0000000000002FE0 | 00 00 00 00 00 00 00 00  00 00 00 00 00 00 00 00  | ................
0000000000002FF0 | 00 00 00 00 00 00 00 00  00 00 00 00 00 00 00 00  | ................
0000000000003000 | 00 00 00 00 00 00 00 00  00 00 00 00 00 00 00 00  | ................
0000000000003010 | 00 00 00 00 00 00 00 00  00 00 00 00 00 00 00 00  | ................
0000000000003020 | 00 00 00 00 00 00 00 00  00 00 00 00 00 00 00 00  | ................
0000000000003030 | 00 00 00 00 00 00 00 00  00 00 00 00 00 00 00 00  | ................
0000000000003040 | 00 00 00 00 00 00 00 00  00 00 00 00 00 00 00 00  | ................
0000000000003050 | 00 00 00 00 00 00 00 00  00 00 00 00 00 00 00 00  | ................
0000000000003060 | 00 00 00 00 00 00 00 00  00 00 00 00 00 00 00 00  | ................
0000000000003070 | 00 00 00 00 00 00 00 00  00 00 00 00 00 00 00 00  | ................
0000000000003080 | 00 00 00 00 00 00 00 00  00 00 00 00 00 00 00 00  | ................
0000000000003090 | 00 00 00 00 00 00 00 00  00 00 00 00 00 00 00 00  | ................
00000000000030A0 | 00 00 00 00 00 00 00 00  00 00 00 00 00 00 00 00  | ................
00000000000030B0 | 00 00 00 00 00 00 00 00  00 00 00 00 00 00 00 00  | ................
00000000000030C0 | 00 00 00 00 00 00 00 00  00 00 00 00 00 00 00 00  | ................
00000000000030D0 | 00 00 00 00 00 00 00 00  00 00 00 00 00 00 00 00  | ................
00000000000030E0 | 00 00 00 00 00 00 00 00  00 00 00 00 00 00 00 00  | ................
00000000000030F0 | 00 00 00 00 00 00 00 00  00 00 00 00 00 00 00 00  | ................
0000000000003100 | 00 00 00 00 00 00 00 00  00 00 00 00 00 00 00 00  | ................
0000000000003110 | 00 00 00 00 00 00 00 00  00 00 00 00 00 00 00 00  | ................
0000000000003120 | 00 00 00 00 00 00 00 00  00 00 00 00 00 00 00 00  | ................
0000000000003130 | 00 00 00 00 00 00 00 00  00 00 00 00 00 00 00 00  | ................
0000000000003140 | 00 00 00 00 00 00 00 00  00 00 00 00 00 00 00 00  | ................
0000000000003150 | 00 00 00 00 00 00 00 00  00 00 00 00 00 00 00 00  | ................
0000000000003160 | 00 00 00 00 00 00 00 00  00 00 00 00 00 00 00 00  | ................
0000000000003170 | 00 00 00 00 00 00 00 00  00 00 00 00 00 00 00 00  | ................
0000000000003180 | 00 00 00 00 00 00 00 00  00 00 00 00 00 00 00 00  | ................
0000000000003190 | 00 00 00 00 00 00 00 00  00 00 00 00 00 00 00 00  | ................
00000000000031A0 | 00 00 00 00 00 00 00 00  00 00 00 00 00 00 00 00  | ................
00000000000031B0 | 00 00 00 00 00 00 00 00  00 00 00 00 00 00 00 00  | ................
00000000000031C0 | 00 00 00 00 00 00 00 00  00 00 00 00 00 00 00 00  | ................
00000000000031D0 | 00 00 00 00 00 00 00 00  00 00 00 00 00 00 00 00  | ................
00000000000031E0 | 00 00 00 00 00 00 00 00  00 00 00 00 00 00 00 00  | ................
00000000000031F0 | 00 00 00 00 00 00 00 00  00 00 00 00 00 00 00 00  | ................
0000000000003200 | 00 00 00 00 00 00 00 00  00 00 00 00 00 00 00 00  | ................
0000000000003210 | 00 00 00 00 00 00 00 00  00 00 00 00 00 00 00 00  | ................
0000000000003220 | 00 00 00 00 00 00 00 00  00 00 00 00 00 00 00 00  | ................
0000000000003230 | 00 00 00 00 00 00 00 00  00 00 00 00 00 00 00 00  | ................
0000000000003240 | 00 00 00 00 00 00 00 00  00 00 00 00 00 00 00 00  | ................
0000000000003250 | 00 00 00 00 00 00 00 00  00 00 00 00 00 00 00 00  | ................
0000000000003260 | 00 00 00 00 00 00 00 00  00 00 00 00 00 00 00 00  | ................
0000000000003270 | 00 00 00 00 00 00 00 00  00 00 00 00 00 00 00 00  | ................
0000000000003280 | 00 00 00 00 00 00 00 00  00 00 00 00 00 00 00 00  | ................
0000000000003290 | 00 00 00 00 00 00 00 00  00 00 00 00 00 00 00 00  | ................
00000000000032A0 | 00 00 00 00 00 00 00 00  00 00 00 00 00 00 00 00  | ................
00000000000032B0 | 00 00 00 00 00 00 00 00  00 00 00 00 00 00 00 00  | ................
00000000000032C0 | 00 00 00 00 00 00 00 00  00 00 00 00 00 00 00 00  | ................
00000000000032D0 | 00 00 00 00 00 00 00 00  00 00 00 00 00 00 00 00  | ................
00000000000032E0 | 00 00 00 00 00 00 00 00  00 00 00 00 00 00 00 00  | ................
00000000000032F0 | 00 00 00 00 00 00 00 00  00 00 00 00 00 00 00 00  | ................
0000000000003300 | 00 00 00 00 00 00 00 00  00 00 00 00 00 00 00 00  | ................
0000000000003310 | 00 00 00 00 00 00 00 00  00 00 00 00 00 00 00 00  | ................
0000000000003320 | 00 00 00 00 00 00 00 00  00 00 00 00 00 00 00 00  | ................
0000000000003330 | 00 00 00 00 00 00 00 00  00 00 00 00 00 00 00 00  | ................
0000000000003340 | 00 00 00 00 00 00 00 00  00 00 00 00 00 00 00 00  | ................
0000000000003350 | 00 00 00 00 00 00 00 00  00 00 00 00 00 00 00 00  | ................
0000000000003360 | 00 00 00 00 00 00 00 00  00 00 00 00 00 00 00 00  | ................
0000000000003370 | 00 00 00 00 00 00 00 00  00 00 00 00 00 00 00 00  | ................
0000000000003380 | 00 00 00 00 00 00 00 00  00 00 00 00 00 00 00 00  | ................
0000000000003390 | 00 00 00 00 00 00 00 00  00 00 00 00 00 00 00 00  | ................
00000000000033A0 | 00 00 00 00 00 00 00 00  00 00 00 00 00 00 00 00  | ................
00000000000033B0 | 00 00 00 00 00 00 00 00  00 00 00 00 00 00 00 00  | ................
00000000000033C0 | 00 00 00 00 00 00 00 00  00 00 00 00 00 00 00 00  | ................
00000000000033D0 | 00 00 00 00 00 00 00 00  00 00 00 00 00 00 00 00  | ................
00000000000033E0 | 00 00 00 00 00 00 00 00  00 00 00 00 00 00 00 00  | ................
00000000000033F0 | 00 00 00 00 00 00 00 00  00 00 00 00 00 00 00 00  | ................
0000000000003400 | 00 00 00 00 00 00 00 00  00 00 00 00 00 00 00 00  | ................
0000000000003410 | 00 00 00 00 00 00 00 00  00 00 00 00 00 00 00 00  | ................
0000000000003420 | 00 00 00 00 00 00 00 00  00 00 00 00 00 00 00 00  | ................
0000000000003430 | 00 00 00 00 00 00 00 00  00 00 00 00 00 00 00 00  | ................
0000000000003440 | 00 00 00 00 00 00 00 00  00 00 00 00 00 00 00 00  | ................
0000000000003450 | 00 00 00 00 00 00 00 00  00 00 00 00 00 00 00 00  | ................
0000000000003460 | 00 00 00 00 00 00 00 00  00 00 00 00 00 00 00 00  | ................
0000000000003470 | 00 00 00 00 00 00 00 00  00 00 00 00 00 00 00 00  | ................
0000000000003480 | 00 00 00 00 00 00 00 00  00 00 00 00 00 00 00 00  | ................
0000000000003490 | 00 00 00 00 00 00 00 00  00 00 00 00 00 00 00 00  | ................
00000000000034A0 | 00 00 00 00 00 00 00 00  00 00 00 00 00 00 00 00  | ................
00000000000034B0 | 00 00 00 00 00 00 00 00  00 00 00 00 00 00 00 00  | ................
00000000000034C0 | 00 00 00 00 00 00 00 00  00 00 00 00 00 00 00 00  | ................
00000000000034D0 | 00 00 00 00 00 00 00 00  00 00 00 00 00 00 00 00  | ................
00000000000034E0 | 00 00 00 00 00 00 00 00  00 00 00 00 00 00 00 00  | ................
00000000000034F0 | 00 00 00 00 00 00 00 00  00 00 00 00 00 00 00 00  | ................
0000000000003500 | 00 00 00 00 00 00 00 00  00 00 00 00 00 00 00 00  | ................
0000000000003510 | 00 00 00 00 00 00 00 00  00 00 00 00 00 00 00 00  | ................
0000000000003520 | 00 00 00 00 00 00 00 00  00 00 00 00 00 00 00 00  | ................
0000000000003530 | 00 00 00 00 00 00 00 00  00 00 00 00 00 00 00 00  | ................
0000000000003540 | 00 00 00 00 00 00 00 00  00 00 00 00 00 00 00 00  | ................
0000000000003550 | 00 00 00 00 00 00 00 00  00 00 00 00 00 00 00 00  | ................
0000000000003560 | 00 00 00 00 00 00 00 00  00 00 00 00 00 00 00 00  | ................
0000000000003570 | 00 00 00 00 00 00 00 00  00 00 00 00 00 00 00 00  | ................
0000000000003580 | 00 00 00 00 00 00 00 00  00 00 00 00 00 00 00 00  | ................
0000000000003590 | 00 00 00 00 00 00 00 00  00 00 00 00 00 00 00 00  | ................
00000000000035A0 | 00 00 00 00 00 00 00 00  00 00 00 00 00 00 00 00  | ................
00000000000035B0 | 00 00 00 00 00 00 00 00  00 00 00 00 00 00 00 00  | ................
00000000000035C0 | 00 00 00 00 00 00 00 00  00 00 00 00 00 00 00 00  | ................
00000000000035D0 | 00 00 00 00 00 00 00 00  00 00 00 00 00 00 00 00  | ................
00000000000035E0 | 00 00 00 00 00 00 00 00  00 00 00 00 00 00 00 00  | ................
00000000000035F0 | 00 00 00 00 00 00 00 00  00 00 00 00 00 00 00 00  | ................
0000000000003600 | 00 00 00 00 00 00 00 00  00 00 00 00 00 00 00 00  | ................
0000000000003610 | 00 00 00 00 00 00 00 00  00 00 00 00 00 00 00 00  | ................
0000000000003620 | 00 00 00 00 00 00 00 00  00 00 00 00 00 00 00 00  | ................
0000000000003630 | 00 00 00 00 00 00 00 00  00 00 00 00 00 00 00 00  | ................
0000000000003640 | 00 00 00 00 00 00 00 00  00 00 00 00 00 00 00 00  | ................
0000000000003650 | 00 00 00 00 00 00 00 00  00 00 00 00 00 00 00 00  | ................
0000000000003660 | 00 00 00 00 00 00 00 00  00 00 00 00 00 00 00 00  | ................
0000000000003670 | 00 00 00 00 00 00 00 00  00 00 00 00 00 00 00 00  | ................
0000000000003680 | 00 00 00 00 00 00 00 00  00 00 00 00 00 00 00 00  | ................
0000000000003690 | 00 00 00 00 00 00 00 00  00 00 00 00 00 00 00 00  | ................
00000000000036A0 | 00 00 00 00 00 00 00 00  00 00 00 00 00 00 00 00  | ................
00000000000036B0 | 00 00 00 00 00 00 00 00  00 00 00 00 00 00 00 00  | ................
00000000000036C0 | 00 00 00 00 00 00 00 00  00 00 00 00 00 00 00 00  | ................
00000000000036D0 | 00 00 00 00 00 00 00 00  00 00 00 00 00 00 00 00  | ................
00000000000036E0 | 00 00 00 00 00 00 00 00  00 00 00 00 00 00 00 00  | ................
00000000000036F0 | 00 00 00 00 00 00 00 00  00 00 00 00 00 00 00 00  | ................
0000000000003700 | 00 00 00 00 00 00 00 00  00 00 00 00 00 00 00 00  | ................
0000000000003710 | 00 00 00 00 00 00 00 00  00 00 00 00 00 00 00 00  | ................
0000000000003720 | 00 00 00 00 00 00 00 00  00 00 00 00 00 00 00 00  | ................
0000000000003730 | 00 00 00 00 00 00 00 00  00 00 00 00 00 00 00 00  | ................
0000000000003740 | 00 00 00 00 00 00 00 00  00 00 00 00 00 00 00 00  | ................
0000000000003750 | 00 00 00 00 00 00 00 00  00 00 00 00 00 00 00 00  | ................
0000000000003760 | 00 00 00 00 00 00 00 00  00 00 00 00 00 00 00 00  | ................
0000000000003770 | 00 00 00 00 00 00 00 00  00 00 00 00 00 00 00 00  | ................
0000000000003780 | 00 00 00 00 00 00 00 00  00 00 00 00 00 00 00 00  | ................
0000000000003790 | 00 00 00 00 00 00 00 00  00 00 00 00 00 00 00 00  | ................
00000000000037A0 | 00 00 00 00 00 00 00 00  00 00 00 00 00 00 00 00  | ................
00000000000037B0 | 00 00 00 00 00 00 00 00  00 00 00 00 00 00 00 00  | ................
00000000000037C0 | 00 00 00 00 00 00 00 00  00 00 00 00 00 00 00 00  | ................
00000000000037D0 | 00 00 00 00 00 00 00 00  00 00 00 00 00 00 00 00  | ................
00000000000037E0 | 00 00 00 00 00 00 00 00  00 00 00 00 00 00 00 00  | ................
00000000000037F0 | 00 00 00 00 00 00 00 00  00 00 00 00 00 00 00 00  | ................
0000000000003800 | 00 00 00 00 00 00 00 00  00 00 00 00 00 00 00 00  | ................
0000000000003810 | 00 00 00 00 00 00 00 00  00 00 00 00 00 00 00 00  | ................
0000000000003820 | 00 00 00 00 00 00 00 00  00 00 00 00 00 00 00 00  | ................
0000000000003830 | 00 00 00 00 00 00 00 00  00 00 00 00 00 00 00 00  | ................
0000000000003840 | 00 00 00 00 00 00 00 00  00 00 00 00 00 00 00 00  | ................
0000000000003850 | 00 00 00 00 00 00 00 00  00 00 00 00 00 00 00 00  | ................
0000000000003860 | 00 00 00 00 00 00 00 00  00 00 00 00 00 00 00 00  | ................
0000000000003870 | 00 00 00 00 00 00 00 00  00 00 00 00 00 00 00 00  | ................
0000000000003880 | 00 00 00 00 00 00 00 00  00 00 00 00 00 00 00 00  | ................
0000000000003890 | 00 00 00 00 00 00 00 00  00 00 00 00 00 00 00 00  | ................
00000000000038A0 | 00 00 00 00 00 00 00 00  00 00 00 00 00 00 00 00  | ................
00000000000038B0 | 00 00 00 00 00 00 00 00  00 00 00 00 00 00 00 00  | ................
00000000000038C0 | 00 00 00 00 00 00 00 00  00 00 00 00 00 00 00 00  | ................
00000000000038D0 | 00 00 00 00 00 00 00 00  00 00 00 00 00 00 00 00  | ................
00000000000038E0 | 00 00 00 00 00 00 00 00  00 00 00 00 00 00 00 00  | ................
00000000000038F0 | 00 00 00 00 00 00 00 00  00 00 00 00 00 00 00 00  | ................
0000000000003900 | 00 00 00 00 00 00 00 00  00 00 00 00 00 00 00 00  | ................
0000000000003910 | 00 00 00 00 00 00 00 00  00 00 00 00 00 00 00 00  | ................
0000000000003920 | 00 00 00 00 00 00 00 00  00 00 00 00 00 00 00 00  | ................
0000000000003930 | 00 00 00 00 00 00 00 00  00 00 00 00 00 00 00 00  | ................
0000000000003940 | 00 00 00 00 00 00 00 00  00 00 00 00 00 00 00 00  | ................
0000000000003950 | 00 00 00 00 00 00 00 00  00 00 00 00 00 00 00 00  | ................
0000000000003960 | 00 00 00 00 00 00 00 00  00 00 00 00 00 00 00 00  | ................
0000000000003970 | 00 00 00 00 00 00 00 00  00 00 00 00 00 00 00 00  | ................
0000000000003980 | 00 00 00 00 00 00 00 00  00 00 00 00 00 00 00 00  | ................
0000000000003990 | 00 00 00 00 00 00 00 00  00 00 00 00 00 00 00 00  | ................
00000000000039A0 | 00 00 00 00 00 00 00 00  00 00 00 00 00 00 00 00  | ................
00000000000039B0 | 00 00 00 00 00 00 00 00  00 00 00 00 00 00 00 00  | ................
00000000000039C0 | 00 00 00 00 00 00 00 00  00 00 00 00 00 00 00 00  | ................
00000000000039D0 | 00 00 00 00 00 00 00 00  00 00 00 00 00 00 00 00  | ................
00000000000039E0 | 00 00 00 00 00 00 00 00  00 00 00 00 00 00 00 00  | ................
00000000000039F0 | 00 00 00 00 00 00 00 00  00 00 00 00 00 00 00 00  | ................
0000000000003A00 | 00 00 00 00 00 00 00 00  00 00 00 00 00 00 00 00  | ................
0000000000003A10 | 00 00 00 00 00 00 00 00  00 00 00 00 00 00 00 00  | ................
0000000000003A20 | 00 00 00 00 00 00 00 00  00 00 00 00 00 00 00 00  | ................
0000000000003A30 | 00 00 00 00 00 00 00 00  00 00 00 00 00 00 00 00  | ................
0000000000003A40 | 00 00 00 00 00 00 00 00  00 00 00 00 00 00 00 00  | ................
0000000000003A50 | 00 00 00 00 00 00 00 00  00 00 00 00 00 00 00 00  | ................
0000000000003A60 | 00 00 00 00 00 00 00 00  00 00 00 00 00 00 00 00  | ................
0000000000003A70 | 00 00 00 00 00 00 00 00  00 00 00 00 00 00 00 00  | ................
0000000000003A80 | 00 00 00 00 00 00 00 00  00 00 00 00 00 00 00 00  | ................
0000000000003A90 | 00 00 00 00 00 00 00 00  00 00 00 00 00 00 00 00  | ................
0000000000003AA0 | 00 00 00 00 00 00 00 00  00 00 00 00 00 00 00 00  | ................
0000000000003AB0 | 00 00 00 00 00 00 00 00  00 00 00 00 00 00 00 00  | ................
0000000000003AC0 | 00 00 00 00 00 00 00 00  00 00 00 00 00 00 00 00  | ................
0000000000003AD0 | 00 00 00 00 00 00 00 00  00 00 00 00 00 00 00 00  | ................
0000000000003AE0 | 00 00 00 00 00 00 00 00  00 00 00 00 00 00 00 00  | ................
0000000000003AF0 | 00 00 00 00 00 00 00 00  00 00 00 00 00 00 00 00  | ................
0000000000003B00 | 00 00 00 00 00 00 00 00  00 00 00 00 00 00 00 00  | ................
0000000000003B10 | 00 00 00 00 00 00 00 00  00 00 00 00 00 00 00 00  | ................
0000000000003B20 | 00 00 00 00 00 00 00 00  00 00 00 00 00 00 00 00  | ................
0000000000003B30 | 00 00 00 00 00 00 00 00  00 00 00 00 00 00 00 00  | ................
0000000000003B40 | 00 00 00 00 00 00 00 00  00 00 00 00 00 00 00 00  | ................
0000000000003B50 | 00 00 00 00 00 00 00 00  00 00 00 00 00 00 00 00  | ................
0000000000003B60 | 00 00 00 00 00 00 00 00  00 00 00 00 00 00 00 00  | ................
0000000000003B70 | 00 00 00 00 00 00 00 00  00 00 00 00 00 00 00 00  | ................
0000000000003B80 | 00 00 00 00 00 00 00 00  00 00 00 00 00 00 00 00  | ................
0000000000003B90 | 00 00 00 00 00 00 00 00  00 00 00 00 00 00 00 00  | ................
0000000000003BA0 | 00 00 00 00 00 00 00 00  00 00 00 00 00 00 00 00  | ................
0000000000003BB0 | 00 00 00 00 00 00 00 00  00 00 00 00 00 00 00 00  | ................
0000000000003BC0 | 00 00 00 00 00 00 00 00  00 00 00 00 00 00 00 00  | ................
0000000000003BD0 | 00 00 00 00 00 00 00 00  00 00 00 00 00 00 00 00  | ................
0000000000003BE0 | 00 00 00 00 00 00 00 00  00 00 00 00 00 00 00 00  | ................
0000000000003BF0 | 00 00 00 00 00 00 00 00  00 00 00 00 00 00 00 00  | ................
0000000000003C00 | 00 00 00 00 00 00 00 00  00 00 00 00 00 00 00 00  | ................
0000000000003C10 | 00 00 00 00 00 00 00 00  00 00 00 00 00 00 00 00  | ................
0000000000003C20 | 00 00 00 00 00 00 00 00  00 00 00 00 00 00 00 00  | ................
0000000000003C30 | 00 00 00 00 00 00 00 00  00 00 00 00 00 00 00 00  | ................
0000000000003C40 | 00 00 00 00 00 00 00 00  00 00 00 00 00 00 00 00  | ................
0000000000003C50 | 00 00 00 00 00 00 00 00  00 00 00 00 00 00 00 00  | ................
0000000000003C60 | 00 00 00 00 00 00 00 00  00 00 00 00 00 00 00 00  | ................
0000000000003C70 | 00 00 00 00 00 00 00 00  00 00 00 00 00 00 00 00  | ................
0000000000003C80 | 00 00 00 00 00 00 00 00  00 00 00 00 00 00 00 00  | ................
0000000000003C90 | 00 00 00 00 00 00 00 00  00 00 00 00 00 00 00 00  | ................
0000000000003CA0 | 00 00 00 00 00 00 00 00  00 00 00 00 00 00 00 00  | ................
0000000000003CB0 | 00 00 00 00 00 00 00 00  00 00 00 00 00 00 00 00  | ................
0000000000003CC0 | 00 00 00 00 00 00 00 00  00 00 00 00 00 00 00 00  | ................
0000000000003CD0 | 00 00 00 00 00 00 00 00  00 00 00 00 00 00 00 00  | ................
0000000000003CE0 | 00 00 00 00 00 00 00 00  00 00 00 00 00 00 00 00  | ................
0000000000003CF0 | 00 00 00 00 00 00 00 00  00 00 00 00 00 00 00 00  | ................
0000000000003D00 | 00 00 00 00 00 00 00 00  00 00 00 00 00 00 00 00  | ................
0000000000003D10 | 00 00 00 00 00 00 00 00  00 00 00 00 00 00 00 00  | ................
0000000000003D20 | 00 00 00 00 00 00 00 00  00 00 00 00 00 00 00 00  | ................
0000000000003D30 | 00 00 00 00 00 00 00 00  00 00 00 00 00 00 00 00  | ................
0000000000003D40 | 00 00 00 00 00 00 00 00  00 00 00 00 00 00 00 00  | ................
0000000000003D50 | 00 00 00 00 00 00 00 00  00 00 00 00 00 00 00 00  | ................
0000000000003D60 | 00 00 00 00 00 00 00 00  00 00 00 00 00 00 00 00  | ................
0000000000003D70 | 00 00 00 00 00 00 00 00  00 00 00 00 00 00 00 00  | ................
0000000000003D80 | 00 00 00 00 00 00 00 00  00 00 00 00 00 00 00 00  | ................
0000000000003D90 | 00 00 00 00 00 00 00 00  00 00 00 00 00 00 00 00  | ................
0000000000003DA0 | 00 00 00 00 00 00 00 00  00 00 00 00 00 00 00 00  | ................
0000000000003DB0 | 00 00 00 00 00 00 00 00  00 00 00 00 00 00 00 00  | ................
0000000000003DC0 | 00 00 00 00 00 00 00 00  00 00 00 00 00 00 00 00  | ................
0000000000003DD0 | 00 00 00 00 00 00 00 00  00 00 00 00 00 00 00 00  | ................
0000000000003DE0 | 00 00 00 00 00 00 00 00  00 00 00 00 00 00 00 00  | ................
0000000000003DF0 | 00 00 00 00 00 00 00 00  00 00 00 00 00 00 00 00  | ................
0000000000003E00 | 00 00 00 00 00 00 00 00  00 00 00 00 00 00 00 00  | ................
0000000000003E10 | 00 00 00 00 00 00 00 00  00 00 00 00 00 00 00 00  | ................
0000000000003E20 | 00 00 00 00 00 00 00 00  00 00 00 00 00 00 00 00  | ................
0000000000003E30 | 00 00 00 00 00 00 00 00  00 00 00 00 00 00 00 00  | ................
0000000000003E40 | 00 00 00 00 00 00 00 00  00 00 00 00 00 00 00 00  | ................
0000000000003E50 | 00 00 00 00 00 00 00 00  00 00 00 00 00 00 00 00  | ................
0000000000003E60 | 00 00 00 00 00 00 00 00  00 00 00 00 00 00 00 00  | ................
0000000000003E70 | 00 00 00 00 00 00 00 00  00 00 00 00 00 00 00 00  | ................
0000000000003E80 | 00 00 00 00 00 00 00 00  00 00 00 00 00 00 00 00  | ................
0000000000003E90 | 00 00 00 00 00 00 00 00  00 00 00 00 00 00 00 00  | ................
0000000000003EA0 | 00 00 00 00 00 00 00 00  00 00 00 00 00 00 00 00  | ................
0000000000003EB0 | 00 00 00 00 00 00 00 00  00 00 00 00 00 00 00 00  | ................
0000000000003EC0 | 00 00 00 00 00 00 00 00  00 00 00 00 00 00 00 00  | ................
0000000000003ED0 | 00 00 00 00 00 00 00 00  00 00 00 00 00 00 00 00  | ................
0000000000003EE0 | 00 00 00 00 00 00 00 00  00 00 00 00 00 00 00 00  | ................
0000000000003EF0 | 00 00 00 00 00 00 00 00  00 00 00 00 00 00 00 00  | ................
0000000000003F00 | 00 00 00 00 00 00 00 00  00 00 00 00 00 00 00 00  | ................
0000000000003F10 | 00 00 00 00 00 00 00 00  00 00 00 00 00 00 00 00  | ................
0000000000003F20 | 00 00 00 00 00 00 00 00  00 00 00 00 00 00 00 00  | ................
0000000000003F30 | 00 00 00 00 00 00 00 00  00 00 00 00 00 00 00 00  | ................
0000000000003F40 | 00 00 00 00 00 00 00 00  00 00 00 00 00 00 00 00  | ................
0000000000003F50 | 00 00 00 00 00 00 00 00  00 00 00 00 00 00 00 00  | ................
0000000000003F60 | 00 00 00 00 00 00 00 00  00 00 00 00 00 00 00 00  | ................
0000000000003F70 | 00 00 00 00 00 00 00 00  00 00 00 00 00 00 00 00  | ................
0000000000003F80 | 00 00 00 00 00 00 00 00  00 00 00 00 00 00 00 00  | ................
0000000000003F90 | 00 00 00 00 00 00 00 00  00 00 00 00 00 00 00 00  | ................
0000000000003FA0 | 00 00 00 00 00 00 00 00  00 00 00 00 00 00 00 00  | ................
0000000000003FB0 | 00 00 00 00 00 00 00 00  00 00 00 00 00 00 00 00  | ................
0000000000003FC0 | 00 00 00 00 00 00 00 00  00 00 00 00 00 00 00 00  | ................
0000000000003FD0 | 00 00 00 00 00 00 00 00  00 00 00 00 00 00 00 00  | ................
0000000000003FE0 | 00 00 00 00 00 00 00 00  00 00 00 00 00 00 00 00  | ................
0000000000003FF0 | 00 00 00 00 00 00 00 00  00 00 00 00 00 00 00 00  | ................
0000000000004000 | 00 00 00 00 00 00 00 00  00 00 00 00 00 00 00 00  | ................
0000000000004010 | 00 00 00 00 00 00 00 00  00 00 00 00 00 00 00 00  | ................
0000000000004020 | 00 00 00 00 00 00 00 00  00 00 00 00 00 00 00 00  | ................
0000000000004030 | 00 00 00 00 00 00 00 00  00 00 00 00 00 00 00 00  | ................
0000000000004040 | 00 00 00 00 00 00 00 00  00 00 00 00 00 00 00 00  | ................
0000000000004050 | 00 00 00 00 00 00 00 00  00 00 00 00 00 00 00 00  | ................
0000000000004060 | 00 00 00 00 00 00 00 00  00 00 00 00 00 00 00 00  | ................
0000000000004070 | 00 00 00 00 00 00 00 00  00 00 00 00 00 00 00 00  | ................
0000000000004080 | 00 00 00 00 00 00 00 00  00 00 00 00 00 00 00 00  | ................
0000000000004090 | 00 00 00 00 00 00 00 00  00 00 00 00 00 00 00 00  | ................
00000000000040A0 | 00 00 00 00 00 00 00 00  00 00 00 00 00 00 00 00  | ................
00000000000040B0 | 00 00 00 00 00 00 00 00  00 00 00 00 00 00 00 00  | ................
00000000000040C0 | 00 00 00 00 00 00 00 00  00 00 00 00 00 00 00 00  | ................
00000000000040D0 | 00 00 00 00 00 00 00 00  00 00 00 00 00 00 00 00  | ................
00000000000040E0 | 00 00 00 00 00 00 00 00  00 00 00 00 00 00 00 00  | ................
00000000000040F0 | 00 00 00 00 00 00 00 00  00 00 00 00 00 00 00 00  | ................
0000000000004100 | 00 00 00 00 00 00 00 00  00 00 00 00 00 00 00 00  | ................
0000000000004110 | 00 00 00 00 00 00 00 00  00 00 00 00 00 00 00 00  | ................
0000000000004120 | 00 00 00 00 00 00 00 00  00 00 00 00 00 00 00 00  | ................
0000000000004130 | 00 00 00 00 00 00 00 00  00 00 00 00 00 00 00 00  | ................
0000000000004140 | 00 00 00 00 00 00 00 00  00 00 00 00 00 00 00 00  | ................
0000000000004150 | 00 00 00 00 00 00 00 00  00 00 00 00 00 00 00 00  | ................
0000000000004160 | 00 00 00 00 00 00 00 00  00 00 00 00 00 00 00 00  | ................
0000000000004170 | 00 00 00 00 00 00 00 00  00 00 00 00 00 00 00 00  | ................
0000000000004180 | 00 00 00 00 00 00 00 00  00 00 00 00 00 00 00 00  | ................
0000000000004190 | 00 00 00 00 00 00 00 00  00 00 00 00 00 00 00 00  | ................
00000000000041A0 | 00 00 00 00 00 00 00 00  00 00 00 00 00 00 00 00  | ................
00000000000041B0 | 00 00 00 00 00 00 00 00  00 00 00 00 00 00 00 00  | ................
00000000000041C0 | 00 00 00 00 00 00 00 00  00 00 00 00 00 00 00 00  | ................
00000000000041D0 | 00 00 00 00 00 00 00 00  00 00 00 00 00 00 00 00  | ................
00000000000041E0 | 00 00 00 00 00 00 00 00  00 00 00 00 00 00 00 00  | ................
00000000000041F0 | 00 00 00 00 00 00 00 00  00 00 00 00 00 00 00 00  | ................
0000000000004200 | 00 00 00 00 00 00 00 00  00 00 00 00 00 00 00 00  | ................
0000000000004210 | 00 00 00 00 00 00 00 00  00 00 00 00 00 00 00 00  | ................
0000000000004220 | 00 00 00 00 00 00 00 00  00 00 00 00 00 00 00 00  | ................
0000000000004230 | 00 00 00 00 00 00 00 00  00 00 00 00 00 00 00 00  | ................
0000000000004240 | 00 00 00 00 00 00 00 00  00 00 00 00 00 00 00 00  | ................
0000000000004250 | 00 00 00 00 00 00 00 00  00 00 00 00 00 00 00 00  | ................
0000000000004260 | 00 00 00 00 00 00 00 00  00 00 00 00 00 00 00 00  | ................
0000000000004270 | 00 00 00 00 00 00 00 00  00 00 00 00 00 00 00 00  | ................
0000000000004280 | 00 00 00 00 00 00 00 00  00 00 00 00 00 00 00 00  | ................
0000000000004290 | 00 00 00 00 00 00 00 00  00 00 00 00 00 00 00 00  | ................
00000000000042A0 | 00 00 00 00 00 00 00 00  00 00 00 00 00 00 00 00  | ................
00000000000042B0 | 00 00 00 00 00 00 00 00  00 00 00 00 00 00 00 00  | ................
00000000000042C0 | 00 00 00 00 00 00 00 00  00 00 00 00 00 00 00 00  | ................
00000000000042D0 | 00 00 00 00 00 00 00 00  00 00 00 00 00 00 00 00  | ................
00000000000042E0 | 00 00 00 00 00 00 00 00  00 00 00 00 00 00 00 00  | ................
00000000000042F0 | 00 00 00 00 00 00 00 00  00 00 00 00 00 00 00 00  | ................
0000000000004300 | 00 00 00 00 00 00 00 00  00 00 00 00 00 00 00 00  | ................
0000000000004310 | 00 00 00 00 00 00 00 00  00 00 00 00 00 00 00 00  | ................
0000000000004320 | 00 00 00 00 00 00 00 00  00 00 00 00 00 00 00 00  | ................
0000000000004330 | 00 00 00 00 00 00 00 00  00 00 00 00 00 00 00 00  | ................
0000000000004340 | 00 00 00 00 00 00 00 00  00 00 00 00 00 00 00 00  | ................
0000000000004350 | 00 00 00 00 00 00 00 00  00 00 00 00 00 00 00 00  | ................
0000000000004360 | 00 00 00 00 00 00 00 00  00 00 00 00 00 00 00 00  | ................
0000000000004370 | 00 00 00 00 00 00 00 00  00 00 00 00 00 00 00 00  | ................
0000000000004380 | 00 00 00 00 00 00 00 00  00 00 00 00 00 00 00 00  | ................
0000000000004390 | 00 00 00 00 00 00 00 00  00 00 00 00 00 00 00 00  | ................
00000000000043A0 | 00 00 00 00 00 00 00 00  00 00 00 00 00 00 00 00  | ................
00000000000043B0 | 00 00 00 00 00 00 00 00  00 00 00 00 00 00 00 00  | ................
00000000000043C0 | 00 00 00 00 00 00 00 00  00 00 00 00 00 00 00 00  | ................
00000000000043D0 | 00 00 00 00 00 00 00 00  00 00 00 00 00 00 00 00  | ................
00000000000043E0 | 00 00 00 00 00 00 00 00  00 00 00 00 00 00 00 00  | ................
00000000000043F0 | 00 00 00 00 00 00 00 00  00 00 00 00 00 00 00 00  | ................
0000000000004400 | 00 00 00 00 00 00 00 00  00 00 00 00 00 00 00 00  | ................
0000000000004410 | 00 00 00 00 00 00 00 00  00 00 00 00 00 00 00 00  | ................
0000000000004420 | 00 00 00 00 00 00 00 00  00 00 00 00 00 00 00 00  | ................
0000000000004430 | 00 00 00 00 00 00 00 00  00 00 00 00 00 00 00 00  | ................
0000000000004440 | 00 00 00 00 00 00 00 00  00 00 00 00 00 00 00 00  | ................
0000000000004450 | 00 00 00 00 00 00 00 00  00 00 00 00 00 00 00 00  | ................
0000000000004460 | 00 00 00 00 00 00 00 00  00 00 00 00 00 00 00 00  | ................
0000000000004470 | 00 00 00 00 00 00 00 00  00 00 00 00 00 00 00 00  | ................
0000000000004480 | 00 00 00 00 00 00 00 00  00 00 00 00 00 00 00 00  | ................
0000000000004490 | 00 00 00 00 00 00 00 00  00 00 00 00 00 00 00 00  | ................
00000000000044A0 | 00 00 00 00 00 00 00 00  00 00 00 00 00 00 00 00  | ................
00000000000044B0 | 00 00 00 00 00 00 00 00  00 00 00 00 00 00 00 00  | ................
00000000000044C0 | 00 00 00 00 00 00 00 00  00 00 00 00 00 00 00 00  | ................
00000000000044D0 | 00 00 00 00 00 00 00 00  00 00 00 00 00 00 00 00  | ................
00000000000044E0 | 00 00 00 00 00 00 00 00  00 00 00 00 00 00 00 00  | ................
00000000000044F0 | 00 00 00 00 00 00 00 00  00 00 00 00 00 00 00 00  | ................
0000000000004500 | 00 00 00 00 00 00 00 00  00 00 00 00 00 00 00 00  | ................
0000000000004510 | 00 00 00 00 00 00 00 00  00 00 00 00 00 00 00 00  | ................
0000000000004520 | 00 00 00 00 00 00 00 00  00 00 00 00 00 00 00 00  | ................
0000000000004530 | 00 00 00 00 00 00 00 00  00 00 00 00 00 00 00 00  | ................
0000000000004540 | 00 00 00 00 00 00 00 00  00 00 00 00 00 00 00 00  | ................
0000000000004550 | 00 00 00 00 00 00 00 00  00 00 00 00 00 00 00 00  | ................
0000000000004560 | 00 00 00 00 00 00 00 00  00 00 00 00 00 00 00 00  | ................
0000000000004570 | 00 00 00 00 00 00 00 00  00 00 00 00 00 00 00 00  | ................
0000000000004580 | 00 00 00 00 00 00 00 00  00 00 00 00 00 00 00 00  | ................
0000000000004590 | 00 00 00 00 00 00 00 00  00 00 00 00 00 00 00 00  | ................
00000000000045A0 | 00 00 00 00 00 00 00 00  00 00 00 00 00 00 00 00  | ................
00000000000045B0 | 00 00 00 00 00 00 00 00  00 00 00 00 00 00 00 00  | ................
00000000000045C0 | 00 00 00 00 00 00 00 00  00 00 00 00 00 00 00 00  | ................
00000000000045D0 | 00 00 00 00 00 00 00 00  00 00 00 00 00 00 00 00  | ................
00000000000045E0 | 00 00 00 00 00 00 00 00  00 00 00 00 00 00 00 00  | ................
00000000000045F0 | 00 00 00 00 00 00 00 00  00 00 00 00 00 00 00 00  | ................
0000000000004600 | 00 00 00 00 00 00 00 00  00 00 00 00 00 00 00 00  | ................
0000000000004610 | 00 00 00 00 00 00 00 00  00 00 00 00 00 00 00 00  | ................
0000000000004620 | 00 00 00 00 00 00 00 00  00 00 00 00 00 00 00 00  | ................
0000000000004630 | 00 00 00 00 00 00 00 00  00 00 00 00 00 00 00 00  | ................
0000000000004640 | 00 00 00 00 00 00 00 00  00 00 00 00 00 00 00 00  | ................
0000000000004650 | 00 00 00 00 00 00 00 00  00 00 00 00 00 00 00 00  | ................
0000000000004660 | 00 00 00 00 00 00 00 00  00 00 00 00 00 00 00 00  | ................
0000000000004670 | 00 00 00 00 00 00 00 00  00 00 00 00 00 00 00 00  | ................
0000000000004680 | 00 00 00 00 00 00 00 00  00 00 00 00 00 00 00 00  | ................
0000000000004690 | 00 00 00 00 00 00 00 00  00 00 00 00 00 00 00 00  | ................
00000000000046A0 | 00 00 00 00 00 00 00 00  00 00 00 00 00 00 00 00  | ................
00000000000046B0 | 00 00 00 00 00 00 00 00  00 00 00 00 00 00 00 00  | ................
00000000000046C0 | 00 00 00 00 00 00 00 00  00 00 00 00 00 00 00 00  | ................
00000000000046D0 | 00 00 00 00 00 00 00 00  00 00 00 00 00 00 00 00  | ................
00000000000046E0 | 00 00 00 00 00 00 00 00  00 00 00 00 00 00 00 00  | ................
00000000000046F0 | 00 00 00 00 00 00 00 00  00 00 00 00 00 00 00 00  | ................
0000000000004700 | 00 00 00 00 00 00 00 00  00 00 00 00 00 00 00 00  | ................
0000000000004710 | 00 00 00 00 00 00 00 00  00 00 00 00 00 00 00 00  | ................
0000000000004720 | 00 00 00 00 00 00 00 00  00 00 00 00 00 00 00 00  | ................
0000000000004730 | 00 00 00 00 00 00 00 00  00 00 00 00 00 00 00 00  | ................
0000000000004740 | 00 00 00 00 00 00 00 00  00 00 00 00 00 00 00 00  | ................
0000000000004750 | 00 00 00 00 00 00 00 00  00 00 00 00 00 00 00 00  | ................
0000000000004760 | 00 00 00 00 00 00 00 00  00 00 00 00 00 00 00 00  | ................
0000000000004770 | 00 00 00 00 00 00 00 00  00 00 00 00 00 00 00 00  | ................
0000000000004780 | 00 00 00 00 00 00 00 00  00 00 00 00 00 00 00 00  | ................
0000000000004790 | 00 00 00 00 00 00 00 00  00 00 00 00 00 00 00 00  | ................
00000000000047A0 | 00 00 00 00 00 00 00 00  00 00 00 00 00 00 00 00  | ................
00000000000047B0 | 00 00 00 00 00 00 00 00  00 00 00 00 00 00 00 00  | ................
00000000000047C0 | 00 00 00 00 00 00 00 00  00 00 00 00 00 00 00 00  | ................
00000000000047D0 | 00 00 00 00 00 00 00 00  00 00 00 00 00 00 00 00  | ................
00000000000047E0 | 00 00 00 00 00 00 00 00  00 00 00 00 00 00 00 00  | ................
00000000000047F0 | 00 00 00 00 00 00 00 00  00 00 00 00 00 00 00 00  | ................
0000000000004800 | 00 00 00 00 00 00 00 00  00 00 00 00 00 00 00 00  | ................
0000000000004810 | 00 00 00 00 00 00 00 00  00 00 00 00 00 00 00 00  | ................
0000000000004820 | 00 00 00 00 00 00 00 00  00 00 00 00 00 00 00 00  | ................
0000000000004830 | 00 00 00 00 00 00 00 00  00 00 00 00 00 00 00 00  | ................
0000000000004840 | 00 00 00 00 00 00 00 00  00 00 00 00 00 00 00 00  | ................
0000000000004850 | 00 00 00 00 00 00 00 00  00 00 00 00 00 00 00 00  | ................
0000000000004860 | 00 00 00 00 00 00 00 00  00 00 00 00 00 00 00 00  | ................
0000000000004870 | 00 00 00 00 00 00 00 00  00 00 00 00 00 00 00 00  | ................
0000000000004880 | 00 00 00 00 00 00 00 00  00 00 00 00 00 00 00 00  | ................
0000000000004890 | 00 00 00 00 00 00 00 00  00 00 00 00 00 00 00 00  | ................
00000000000048A0 | 00 00 00 00 00 00 00 00  00 00 00 00 00 00 00 00  | ................
00000000000048B0 | 00 00 00 00 00 00 00 00  00 00 00 00 00 00 00 00  | ................
00000000000048C0 | 00 00 00 00 00 00 00 00  00 00 00 00 00 00 00 00  | ................
00000000000048D0 | 00 00 00 00 00 00 00 00  00 00 00 00 00 00 00 00  | ................
00000000000048E0 | 00 00 00 00 00 00 00 00  00 00 00 00 00 00 00 00  | ................
00000000000048F0 | 00 00 00 00 00 00 00 00  00 00 00 00 00 00 00 00  | ................
0000000000004900 | 00 00 00 00 00 00 00 00  00 00 00 00 00 00 00 00  | ................
0000000000004910 | 00 00 00 00 00 00 00 00  00 00 00 00 00 00 00 00  | ................
0000000000004920 | 00 00 00 00 00 00 00 00  00 00 00 00 00 00 00 00  | ................
0000000000004930 | 00 00 00 00 00 00 00 00  00 00 00 00 00 00 00 00  | ................
0000000000004940 | 00 00 00 00 00 00 00 00  00 00 00 00 00 00 00 00  | ................
0000000000004950 | 00 00 00 00 00 00 00 00  00 00 00 00 00 00 00 00  | ................
0000000000004960 | 00 00 00 00 00 00 00 00  00 00 00 00 00 00 00 00  | ................
0000000000004970 | 00 00 00 00 00 00 00 00  00 00 00 00 00 00 00 00  | ................
0000000000004980 | 00 00 00 00 00 00 00 00  00 00 00 00 00 00 00 00  | ................
0000000000004990 | 00 00 00 00 00 00 00 00  00 00 00 00 00 00 00 00  | ................
00000000000049A0 | 00 00 00 00 00 00 00 00  00 00 00 00 00 00 00 00  | ................
00000000000049B0 | 00 00 00 00 00 00 00 00  00 00 00 00 00 00 00 00  | ................
00000000000049C0 | 00 00 00 00 00 00 00 00  00 00 00 00 00 00 00 00  | ................
00000000000049D0 | 00 00 00 00 00 00 00 00  00 00 00 00 00 00 00 00  | ................
00000000000049E0 | 00 00 00 00 00 00 00 00  00 00 00 00 00 00 00 00  | ................
00000000000049F0 | 00 00 00 00 00 00 00 00  00 00 00 00 00 00 00 00  | ................
0000000000004A00 | 00 00 00 00 00 00 00 00  00 00 00 00 00 00 00 00  | ................
0000000000004A10 | 00 00 00 00 00 00 00 00  00 00 00 00 00 00 00 00  | ................
0000000000004A20 | 00 00 00 00 00 00 00 00  00 00 00 00 00 00 00 00  | ................
0000000000004A30 | 00 00 00 00 00 00 00 00  00 00 00 00 00 00 00 00  | ................
0000000000004A40 | 00 00 00 00 00 00 00 00  00 00 00 00 00 00 00 00  | ................
0000000000004A50 | 00 00 00 00 00 00 00 00  00 00 00 00 00 00 00 00  | ................
0000000000004A60 | 00 00 00 00 00 00 00 00  00 00 00 00 00 00 00 00  | ................
0000000000004A70 | 00 00 00 00 00 00 00 00  00 00 00 00 00 00 00 00  | ................
0000000000004A80 | 00 00 00 00 00 00 00 00  00 00 00 00 00 00 00 00  | ................
0000000000004A90 | 00 00 00 00 00 00 00 00  00 00 00 00 00 00 00 00  | ................
0000000000004AA0 | 00 00 00 00 00 00 00 00  00 00 00 00 00 00 00 00  | ................
0000000000004AB0 | 00 00 00 00 00 00 00 00  00 00 00 00 00 00 00 00  | ................
0000000000004AC0 | 00 00 00 00 00 00 00 00  00 00 00 00 00 00 00 00  | ................
0000000000004AD0 | 00 00 00 00 00 00 00 00  00 00 00 00 00 00 00 00  | ................
0000000000004AE0 | 00 00 00 00 00 00 00 00  00 00 00 00 00 00 00 00  | ................
0000000000004AF0 | 00 00 00 00 00 00 00 00  00 00 00 00 00 00 00 00  | ................
0000000000004B00 | 00 00 00 00 00 00 00 00  00 00 00 00 00 00 00 00  | ................
0000000000004B10 | 00 00 00 00 00 00 00 00  00 00 00 00 00 00 00 00  | ................
0000000000004B20 | 00 00 00 00 00 00 00 00  00 00 00 00 00 00 00 00  | ................
0000000000004B30 | 00 00 00 00 00 00 00 00  00 00 00 00 00 00 00 00  | ................
0000000000004B40 | 00 00 00 00 00 00 00 00  00 00 00 00 00 00 00 00  | ................
0000000000004B50 | 00 00 00 00 00 00 00 00  00 00 00 00 00 00 00 00  | ................
0000000000004B60 | 00 00 00 00 00 00 00 00  00 00 00 00 00 00 00 00  | ................
0000000000004B70 | 00 00 00 00 00 00 00 00  00 00 00 00 00 00 00 00  | ................
0000000000004B80 | 00 00 00 00 00 00 00 00  00 00 00 00 00 00 00 00  | ................
0000000000004B90 | 00 00 00 00 00 00 00 00  00 00 00 00 00 00 00 00  | ................
0000000000004BA0 | 00 00 00 00 00 00 00 00  00 00 00 00 00 00 00 00  | ................
0000000000004BB0 | 00 00 00 00 00 00 00 00  00 00 00 00 00 00 00 00  | ................
0000000000004BC0 | 00 00 00 00 00 00 00 00  00 00 00 00 00 00 00 00  | ................
0000000000004BD0 | 00 00 00 00 00 00 00 00  00 00 00 00 00 00 00 00  | ................
0000000000004BE0 | 00 00 00 00 00 00 00 00  00 00 00 00 00 00 00 00  | ................
0000000000004BF0 | 00 00 00 00 00 00 00 00  00 00 00 00 00 00 00 00  | ................
0000000000004C00 | 00 00 00 00 00 00 00 00  00 00 00 00 00 00 00 00  | ................
0000000000004C10 | 00 00 00 00 00 00 00 00  00 00 00 00 00 00 00 00  | ................
0000000000004C20 | 00 00 00 00 00 00 00 00  00 00 00 00 00 00 00 00  | ................
0000000000004C30 | 00 00 00 00 00 00 00 00  00 00 00 00 00 00 00 00  | ................
0000000000004C40 | 00 00 00 00 00 00 00 00  00 00 00 00 00 00 00 00  | ................
0000000000004C50 | 00 00 00 00 00 00 00 00  00 00 00 00 00 00 00 00  | ................
0000000000004C60 | 00 00 00 00 00 00 00 00  00 00 00 00 00 00 00 00  | ................
0000000000004C70 | 00 00 00 00 00 00 00 00  00 00 00 00 00 00 00 00  | ................
0000000000004C80 | 00 00 00 00 00 00 00 00  00 00 00 00 00 00 00 00  | ................
0000000000004C90 | 00 00 00 00 00 00 00 00  00 00 00 00 00 00 00 00  | ................
0000000000004CA0 | 00 00 00 00 00 00 00 00  00 00 00 00 00 00 00 00  | ................
0000000000004CB0 | 00 00 00 00 00 00 00 00  00 00 00 00 00 00 00 00  | ................
0000000000004CC0 | 00 00 00 00 00 00 00 00  00 00 00 00 00 00 00 00  | ................
0000000000004CD0 | 00 00 00 00 00 00 00 00  00 00 00 00 00 00 00 00  | ................
0000000000004CE0 | 00 00 00 00 00 00 00 00  00 00 00 00 00 00 00 00  | ................
0000000000004CF0 | 00 00 00 00 00 00 00 00  00 00 00 00 00 00 00 00  | ................
0000000000004D00 | 00 00 00 00 00 00 00 00  00 00 00 00 00 00 00 00  | ................
0000000000004D10 | 00 00 00 00 00 00 00 00  00 00 00 00 00 00 00 00  | ................
0000000000004D20 | 00 00 00 00 00 00 00 00  00 00 00 00 00 00 00 00  | ................
0000000000004D30 | 00 00 00 00 00 00 00 00  00 00 00 00 00 00 00 00  | ................
0000000000004D40 | 00 00 00 00 00 00 00 00  00 00 00 00 00 00 00 00  | ................
0000000000004D50 | 00 00 00 00 00 00 00 00  00 00 00 00 00 00 00 00  | ................
0000000000004D60 | 00 00 00 00 00 00 00 00  00 00 00 00 00 00 00 00  | ................
0000000000004D70 | 00 00 00 00 00 00 00 00  00 00 00 00 00 00 00 00  | ................
0000000000004D80 | 00 00 00 00 00 00 00 00  00 00 00 00 00 00 00 00  | ................
0000000000004D90 | 00 00 00 00 00 00 00 00  00 00 00 00 00 00 00 00  | ................
0000000000004DA0 | 00 00 00 00 00 00 00 00  00 00 00 00 00 00 00 00  | ................
0000000000004DB0 | 00 00 00 00 00 00 00 00  00 00 00 00 00 00 00 00  | ................
0000000000004DC0 | 00 00 00 00 00 00 00 00  00 00 00 00 00 00 00 00  | ................
0000000000004DD0 | 00 00 00 00 00 00 00 00  00 00 00 00 00 00 00 00  | ................
0000000000004DE0 | 00 00 00 00 00 00 00 00  00 00 00 00 00 00 00 00  | ................
0000000000004DF0 | 00 00 00 00 00 00 00 00  00 00 00 00 00 00 00 00  | ................
0000000000004E00 | 00 00 00 00 00 00 00 00  00 00 00 00 00 00 00 00  | ................
0000000000004E10 | 00 00 00 00 00 00 00 00  00 00 00 00 00 00 00 00  | ................
0000000000004E20 | 00 00 00 00 00 00 00 00  00 00 00 00 00 00 00 00  | ................
0000000000004E30 | 00 00 00 00 00 00 00 00  00 00 00 00 00 00 00 00  | ................
0000000000004E40 | 00 00 00 00 00 00 00 00  00 00 00 00 00 00 00 00  | ................
0000000000004E50 | 00 00 00 00 00 00 00 00  00 00 00 00 00 00 00 00  | ................
0000000000004E60 | 00 00 00 00 00 00 00 00  00 00 00 00 00 00 00 00  | ................
0000000000004E70 | 00 00 00 00 00 00 00 00  00 00 00 00 00 00 00 00  | ................
0000000000004E80 | 00 00 00 00 00 00 00 00  00 00 00 00 00 00 00 00  | ................
0000000000004E90 | 00 00 00 00 00 00 00 00  00 00 00 00 00 00 00 00  | ................
0000000000004EA0 | 00 00 00 00 00 00 00 00  00 00 00 00 00 00 00 00  | ................
0000000000004EB0 | 00 00 00 00 00 00 00 00  00 00 00 00 00 00 00 00  | ................
0000000000004EC0 | 00 00 00 00 00 00 00 00  00 00 00 00 00 00 00 00  | ................
0000000000004ED0 | 00 00 00 00 00 00 00 00  00 00 00 00 00 00 00 00  | ................
0000000000004EE0 | 00 00 00 00 00 00 00 00  00 00 00 00 00 00 00 00  | ................
0000000000004EF0 | 00 00 00 00 00 00 00 00  00 00 00 00 00 00 00 00  | ................
0000000000004F00 | 00 00 00 00 00 00 00 00  00 00 00 00 00 00 00 00  | ................
0000000000004F10 | 00 00 00 00 00 00 00 00  00 00 00 00 00 00 00 00  | ................
0000000000004F20 | 00 00 00 00 00 00 00 00  00 00 00 00 00 00 00 00  | ................
0000000000004F30 | 00 00 00 00 00 00 00 00  00 00 00 00 00 00 00 00  | ................
0000000000004F40 | 00 00 00 00 00 00 00 00  00 00 00 00 00 00 00 00  | ................
0000000000004F50 | 00 00 00 00 00 00 00 00  00 00 00 00 00 00 00 00  | ................
0000000000004F60 | 00 00 00 00 00 00 00 00  00 00 00 00 00 00 00 00  | ................
0000000000004F70 | 00 00 00 00 00 00 00 00  00 00 00 00 00 00 00 00  | ................
0000000000004F80 | 00 00 00 00 00 00 00 00  00 00 00 00 00 00 00 00  | ................
0000000000004F90 | 00 00 00 00 00 00 00 00  00 00 00 00 00 00 00 00  | ................
0000000000004FA0 | 00 00 00 00 00 00 00 00  00 00 00 00 00 00 00 00  | ................
0000000000004FB0 | 00 00 00 00 00 00 00 00  00 00 00 00 00 00 00 00  | ................
0000000000004FC0 | 00 00 00 00 00 00 00 00  00 00 00 00 00 00 00 00  | ................
0000000000004FD0 | 00 00 00 00 00 00 00 00  00 00 00 00 00 00 00 00  | ................
0000000000004FE0 | 00 00 00 00 00 00 00 00  00 00 00 00 00 00 00 00  | ................
0000000000004FF0 | 00 00 00 00 00 00 00 00  00 00 00 00 00 00 00 00  | ................
0000000000005000 | 00 00 00 00 00 00 00 00  00 00 00 00 00 00 00 00  | ................
0000000000005010 | 00 00 00 00 00 00 00 00  00 00 00 00 00 00 00 00  | ................
0000000000005020 | 00 00 00 00 00 00 00 00  00 00 00 00 00 00 00 00  | ................
0000000000005030 | 00 00 00 00 00 00 00 00  00 00 00 00 00 00 00 00  | ................
0000000000005040 | 00 00 00 00 00 00 00 00  00 00 00 00 00 00 00 00  | ................
0000000000005050 | 00 00 00 00 00 00 00 00  00 00 00 00 00 00 00 00  | ................
0000000000005060 | 00 00 00 00 00 00 00 00  00 00 00 00 00 00 00 00  | ................
0000000000005070 | 00 00 00 00 00 00 00 00  00 00 00 00 00 00 00 00  | ................
0000000000005080 | 00 00 00 00 00 00 00 00  00 00 00 00 00 00 00 00  | ................
0000000000005090 | 00 00 00 00 00 00 00 00  00 00 00 00 00 00 00 00  | ................
00000000000050A0 | 00 00 00 00 00 00 00 00  00 00 00 00 00 00 00 00  | ................
00000000000050B0 | 00 00 00 00 00 00 00 00  00 00 00 00 00 00 00 00  | ................
00000000000050C0 | 00 00 00 00 00 00 00 00  00 00 00 00 00 00 00 00  | ................
00000000000050D0 | 00 00 00 00 00 00 00 00  00 00 00 00 00 00 00 00  | ................
00000000000050E0 | 00 00 00 00 00 00 00 00  00 00 00 00 00 00 00 00  | ................
00000000000050F0 | 00 00 00 00 00 00 00 00  00 00 00 00 00 00 00 00  | ................
0000000000005100 | 00 00 00 00 00 00 00 00  00 00 00 00 00 00 00 00  | ................
0000000000005110 | 00 00 00 00 00 00 00 00  00 00 00 00 00 00 00 00  | ................
0000000000005120 | 00 00 00 00 00 00 00 00  00 00 00 00 00 00 00 00  | ................
0000000000005130 | 00 00 00 00 00 00 00 00  00 00 00 00 00 00 00 00  | ................
0000000000005140 | 00 00 00 00 00 00 00 00  00 00 00 00 00 00 00 00  | ................
0000000000005150 | 00 00 00 00 00 00 00 00  00 00 00 00 00 00 00 00  | ................
0000000000005160 | 00 00 00 00 00 00 00 00  00 00 00 00 00 00 00 00  | ................
0000000000005170 | 00 00 00 00 00 00 00 00  00 00 00 00 00 00 00 00  | ................
0000000000005180 | 00 00 00 00 00 00 00 00  00 00 00 00 00 00 00 00  | ................
0000000000005190 | 00 00 00 00 00 00 00 00  00 00 00 00 00 00 00 00  | ................
00000000000051A0 | 00 00 00 00 00 00 00 00  00 00 00 00 00 00 00 00  | ................
00000000000051B0 | 00 00 00 00 00 00 00 00  00 00 00 00 00 00 00 00  | ................
00000000000051C0 | 00 00 00 00 00 00 00 00  00 00 00 00 00 00 00 00  | ................
00000000000051D0 | 00 00 00 00 00 00 00 00  00 00 00 00 00 00 00 00  | ................
00000000000051E0 | 00 00 00 00 00 00 00 00  00 00 00 00 00 00 00 00  | ................
00000000000051F0 | 00 00 00 00 00 00 00 00  00 00 00 00 00 00 00 00  | ................
0000000000005200 | 00 00 00 00 00 00 00 00  00 00 00 00 00 00 00 00  | ................
0000000000005210 | 00 00 00 00 00 00 00 00  00 00 00 00 00 00 00 00  | ................
0000000000005220 | 00 00 00 00 00 00 00 00  00 00 00 00 00 00 00 00  | ................
0000000000005230 | 00 00 00 00 00 00 00 00  00 00 00 00 00 00 00 00  | ................
0000000000005240 | 00 00 00 00 00 00 00 00  00 00 00 00 00 00 00 00  | ................
0000000000005250 | 00 00 00 00 00 00 00 00  00 00 00 00 00 00 00 00  | ................
0000000000005260 | 00 00 00 00 00 00 00 00  00 00 00 00 00 00 00 00  | ................
0000000000005270 | 00 00 00 00 00 00 00 00  00 00 00 00 00 00 00 00  | ................
0000000000005280 | 00 00 00 00 00 00 00 00  00 00 00 00 00 00 00 00  | ................
0000000000005290 | 00 00 00 00 00 00 00 00  00 00 00 00 00 00 00 00  | ................
00000000000052A0 | 00 00 00 00 00 00 00 00  00 00 00 00 00 00 00 00  | ................
00000000000052B0 | 00 00 00 00 00 00 00 00  00 00 00 00 00 00 00 00  | ................
00000000000052C0 | 00 00 00 00 00 00 00 00  00 00 00 00 00 00 00 00  | ................
00000000000052D0 | 00 00 00 00 00 00 00 00  00 00 00 00 00 00 00 00  | ................
00000000000052E0 | 00 00 00 00 00 00 00 00  00 00 00 00 00 00 00 00  | ................
00000000000052F0 | 00 00 00 00 00 00 00 00  00 00 00 00 00 00 00 00  | ................
0000000000005300 | 00 00 00 00 00 00 00 00  00 00 00 00 00 00 00 00  | ................
0000000000005310 | 00 00 00 00 00 00 00 00  00 00 00 00 00 00 00 00  | ................
0000000000005320 | 00 00 00 00 00 00 00 00  00 00 00 00 00 00 00 00  | ................
0000000000005330 | 00 00 00 00 00 00 00 00  00 00 00 00 00 00 00 00  | ................
0000000000005340 | 00 00 00 00 00 00 00 00  00 00 00 00 00 00 00 00  | ................
0000000000005350 | 00 00 00 00 00 00 00 00  00 00 00 00 00 00 00 00  | ................
0000000000005360 | 00 00 00 00 00 00 00 00  00 00 00 00 00 00 00 00  | ................
0000000000005370 | 00 00 00 00 00 00 00 00  00 00 00 00 00 00 00 00  | ................
0000000000005380 | 00 00 00 00 00 00 00 00  00 00 00 00 00 00 00 00  | ................
0000000000005390 | 00 00 00 00 00 00 00 00  00 00 00 00 00 00 00 00  | ................
00000000000053A0 | 00 00 00 00 00 00 00 00  00 00 00 00 00 00 00 00  | ................
00000000000053B0 | 00 00 00 00 00 00 00 00  00 00 00 00 00 00 00 00  | ................
00000000000053C0 | 00 00 00 00 00 00 00 00  00 00 00 00 00 00 00 00  | ................
00000000000053D0 | 00 00 00 00 00 00 00 00  00 00 00 00 00 00 00 00  | ................
00000000000053E0 | 00 00 00 00 00 00 00 00  00 00 00 00 00 00 00 00  | ................
00000000000053F0 | 00 00 00 00 00 00 00 00  00 00 00 00 00 00 00 00  | ................
0000000000005400 | 00 00 00 00 00 00 00 00  00 00 00 00 00 00 00 00  | ................
0000000000005410 | 00 00 00 00 00 00 00 00  00 00 00 00 00 00 00 00  | ................
0000000000005420 | 00 00 00 00 00 00 00 00  00 00 00 00 00 00 00 00  | ................
0000000000005430 | 00 00 00 00 00 00 00 00  00 00 00 00 00 00 00 00  | ................
0000000000005440 | 00 00 00 00 00 00 00 00  00 00 00 00 00 00 00 00  | ................
0000000000005450 | 00 00 00 00 00 00 00 00  00 00 00 00 00 00 00 00  | ................
0000000000005460 | 00 00 00 00 00 00 00 00  00 00 00 00 00 00 00 00  | ................
0000000000005470 | 00 00 00 00 00 00 00 00  00 00 00 00 00 00 00 00  | ................
0000000000005480 | 00 00 00 00 00 00 00 00  00 00 00 00 00 00 00 00  | ................
0000000000005490 | 00 00 00 00 00 00 00 00  00 00 00 00 00 00 00 00  | ................
00000000000054A0 | 00 00 00 00 00 00 00 00  00 00 00 00 00 00 00 00  | ................
00000000000054B0 | 00 00 00 00 00 00 00 00  00 00 00 00 00 00 00 00  | ................
00000000000054C0 | 00 00 00 00 00 00 00 00  00 00 00 00 00 00 00 00  | ................
00000000000054D0 | 00 00 00 00 00 00 00 00  00 00 00 00 00 00 00 00  | ................
00000000000054E0 | 00 00 00 00 00 00 00 00  00 00 00 00 00 00 00 00  | ................
00000000000054F0 | 00 00 00 00 00 00 00 00  00 00 00 00 00 00 00 00  | ................
0000000000005500 | 00 00 00 00 00 00 00 00  00 00 00 00 00 00 00 00  | ................
0000000000005510 | 00 00 00 00 00 00 00 00  00 00 00 00 00 00 00 00  | ................
0000000000005520 | 00 00 00 00 00 00 00 00  00 00 00 00 00 00 00 00  | ................
0000000000005530 | 00 00 00 00 00 00 00 00  00 00 00 00 00 00 00 00  | ................
0000000000005540 | 00 00 00 00 00 00 00 00  00 00 00 00 00 00 00 00  | ................
0000000000005550 | 00 00 00 00 00 00 00 00  00 00 00 00 00 00 00 00  | ................
0000000000005560 | 00 00 00 00 00 00 00 00  00 00 00 00 00 00 00 00  | ................
0000000000005570 | 00 00 00 00 00 00 00 00  00 00 00 00 00 00 00 00  | ................
0000000000005580 | 00 00 00 00 00 00 00 00  00 00 00 00 00 00 00 00  | ................
0000000000005590 | 00 00 00 00 00 00 00 00  00 00 00 00 00 00 00 00  | ................
00000000000055A0 | 00 00 00 00 00 00 00 00  00 00 00 00 00 00 00 00  | ................
00000000000055B0 | 00 00 00 00 00 00 00 00  00 00 00 00 00 00 00 00  | ................
00000000000055C0 | 00 00 00 00 00 00 00 00  00 00 00 00 00 00 00 00  | ................
00000000000055D0 | 00 00 00 00 00 00 00 00  00 00 00 00 00 00 00 00  | ................
00000000000055E0 | 00 00 00 00 00 00 00 00  00 00 00 00 00 00 00 00  | ................
00000000000055F0 | 00 00 00 00 00 00 00 00  00 00 00 00 00 00 00 00  | ................
0000000000005600 | 00 00 00 00 00 00 00 00  00 00 00 00 00 00 00 00  | ................
0000000000005610 | 00 00 00 00 00 00 00 00  00 00 00 00 00 00 00 00  | ................
0000000000005620 | 00 00 00 00 00 00 00 00  00 00 00 00 00 00 00 00  | ................
0000000000005630 | 00 00 00 00 00 00 00 00  00 00 00 00 00 00 00 00  | ................
0000000000005640 | 00 00 00 00 00 00 00 00  00 00 00 00 00 00 00 00  | ................
0000000000005650 | 00 00 00 00 00 00 00 00  00 00 00 00 00 00 00 00  | ................
0000000000005660 | 00 00 00 00 00 00 00 00  00 00 00 00 00 00 00 00  | ................
0000000000005670 | 00 00 00 00 00 00 00 00  00 00 00 00 00 00 00 00  | ................
0000000000005680 | 00 00 00 00 00 00 00 00  00 00 00 00 00 00 00 00  | ................
0000000000005690 | 00 00 00 00 00 00 00 00  00 00 00 00 00 00 00 00  | ................
00000000000056A0 | 00 00 00 00 00 00 00 00  00 00 00 00 00 00 00 00  | ................
00000000000056B0 | 00 00 00 00 00 00 00 00  00 00 00 00 00 00 00 00  | ................
00000000000056C0 | 00 00 00 00 00 00 00 00  00 00 00 00 00 00 00 00  | ................
00000000000056D0 | 00 00 00 00 00 00 00 00  00 00 00 00 00 00 00 00  | ................
00000000000056E0 | 00 00 00 00 00 00 00 00  00 00 00 00 00 00 00 00  | ................
00000000000056F0 | 00 00 00 00 00 00 00 00  00 00 00 00 00 00 00 00  | ................
0000000000005700 | 00 00 00 00 00 00 00 00  00 00 00 00 00 00 00 00  | ................
0000000000005710 | 00 00 00 00 00 00 00 00  00 00 00 00 00 00 00 00  | ................
0000000000005720 | 00 00 00 00 00 00 00 00  00 00 00 00 00 00 00 00  | ................
0000000000005730 | 00 00 00 00 00 00 00 00  00 00 00 00 00 00 00 00  | ................
0000000000005740 | 00 00 00 00 00 00 00 00  00 00 00 00 00 00 00 00  | ................
0000000000005750 | 00 00 00 00 00 00 00 00  00 00 00 00 00 00 00 00  | ................
0000000000005760 | 00 00 00 00 00 00 00 00  00 00 00 00 00 00 00 00  | ................
0000000000005770 | 00 00 00 00 00 00 00 00  00 00 00 00 00 00 00 00  | ................
0000000000005780 | 00 00 00 00 00 00 00 00  00 00 00 00 00 00 00 00  | ................
0000000000005790 | 00 00 00 00 00 00 00 00  00 00 00 00 00 00 00 00  | ................
00000000000057A0 | 00 00 00 00 00 00 00 00  00 00 00 00 00 00 00 00  | ................
00000000000057B0 | 00 00 00 00 00 00 00 00  00 00 00 00 00 00 00 00  | ................
00000000000057C0 | 00 00 00 00 00 00 00 00  00 00 00 00 00 00 00 00  | ................
00000000000057D0 | 00 00 00 00 00 00 00 00  00 00 00 00 00 00 00 00  | ................
00000000000057E0 | 00 00 00 00 00 00 00 00  00 00 00 00 00 00 00 00  | ................
00000000000057F0 | 00 00 00 00 00 00 00 00  00 00 00 00 00 00 00 00  | ................
0000000000005800 | 00 00 00 00 00 00 00 00  00 00 00 00 00 00 00 00  | ................
0000000000005810 | 00 00 00 00 00 00 00 00  00 00 00 00 00 00 00 00  | ................
0000000000005820 | 00 00 00 00 00 00 00 00  00 00 00 00 00 00 00 00  | ................
0000000000005830 | 00 00 00 00 00 00 00 00  00 00 00 00 00 00 00 00  | ................
0000000000005840 | 00 00 00 00 00 00 00 00  00 00 00 00 00 00 00 00  | ................
0000000000005850 | 00 00 00 00 00 00 00 00  00 00 00 00 00 00 00 00  | ................
0000000000005860 | 00 00 00 00 00 00 00 00  00 00 00 00 00 00 00 00  | ................
0000000000005870 | 00 00 00 00 00 00 00 00  00 00 00 00 00 00 00 00  | ................
0000000000005880 | 00 00 00 00 00 00 00 00  00 00 00 00 00 00 00 00  | ................
0000000000005890 | 00 00 00 00 00 00 00 00  00 00 00 00 00 00 00 00  | ................
00000000000058A0 | 00 00 00 00 00 00 00 00  00 00 00 00 00 00 00 00  | ................
00000000000058B0 | 00 00 00 00 00 00 00 00  00 00 00 00 00 00 00 00  | ................
00000000000058C0 | 00 00 00 00 00 00 00 00  00 00 00 00 00 00 00 00  | ................
00000000000058D0 | 00 00 00 00 00 00 00 00  00 00 00 00 00 00 00 00  | ................
00000000000058E0 | 00 00 00 00 00 00 00 00  00 00 00 00 00 00 00 00  | ................
00000000000058F0 | 00 00 00 00 00 00 00 00  00 00 00 00 00 00 00 00  | ................
0000000000005900 | 00 00 00 00 00 00 00 00  00 00 00 00 00 00 00 00  | ................
0000000000005910 | 00 00 00 00 00 00 00 00  00 00 00 00 00 00 00 00  | ................
0000000000005920 | 00 00 00 00 00 00 00 00  00 00 00 00 00 00 00 00  | ................
0000000000005930 | 00 00 00 00 00 00 00 00  00 00 00 00 00 00 00 00  | ................
0000000000005940 | 00 00 00 00 00 00 00 00  00 00 00 00 00 00 00 00  | ................
0000000000005950 | 00 00 00 00 00 00 00 00  00 00 00 00 00 00 00 00  | ................
0000000000005960 | 00 00 00 00 00 00 00 00  00 00 00 00 00 00 00 00  | ................
0000000000005970 | 00 00 00 00 00 00 00 00  00 00 00 00 00 00 00 00  | ................
0000000000005980 | 00 00 00 00 00 00 00 00  00 00 00 00 00 00 00 00  | ................
0000000000005990 | 00 00 00 00 00 00 00 00  00 00 00 00 00 00 00 00  | ................
00000000000059A0 | 00 00 00 00 00 00 00 00  00 00 00 00 00 00 00 00  | ................
00000000000059B0 | 00 00 00 00 00 00 00 00  00 00 00 00 00 00 00 00  | ................
00000000000059C0 | 00 00 00 00 00 00 00 00  00 00 00 00 00 00 00 00  | ................
00000000000059D0 | 00 00 00 00 00 00 00 00  00 00 00 00 00 00 00 00  | ................
00000000000059E0 | 00 00 00 00 00 00 00 00  00 00 00 00 00 00 00 00  | ................
00000000000059F0 | 00 00 00 00 00 00 00 00  00 00 00 00 00 00 00 00  | ................
0000000000005A00 | 00 00 00 00 00 00 00 00  00 00 00 00 00 00 00 00  | ................
0000000000005A10 | 00 00 00 00 00 00 00 00  00 00 00 00 00 00 00 00  | ................
0000000000005A20 | 00 00 00 00 00 00 00 00  00 00 00 00 00 00 00 00  | ................
0000000000005A30 | 00 00 00 00 00 00 00 00  00 00 00 00 00 00 00 00  | ................
0000000000005A40 | 00 00 00 00 00 00 00 00  00 00 00 00 00 00 00 00  | ................
0000000000005A50 | 00 00 00 00 00 00 00 00  00 00 00 00 00 00 00 00  | ................
0000000000005A60 | 00 00 00 00 00 00 00 00  00 00 00 00 00 00 00 00  | ................
0000000000005A70 | 00 00 00 00 00 00 00 00  00 00 00 00 00 00 00 00  | ................
0000000000005A80 | 00 00 00 00 00 00 00 00  00 00 00 00 00 00 00 00  | ................
0000000000005A90 | 00 00 00 00 00 00 00 00  00 00 00 00 00 00 00 00  | ................
0000000000005AA0 | 00 00 00 00 00 00 00 00  00 00 00 00 00 00 00 00  | ................
0000000000005AB0 | 00 00 00 00 00 00 00 00  00 00 00 00 00 00 00 00  | ................
0000000000005AC0 | 00 00 00 00 00 00 00 00  00 00 00 00 00 00 00 00  | ................
0000000000005AD0 | 00 00 00 00 00 00 00 00  00 00 00 00 00 00 00 00  | ................
0000000000005AE0 | 00 00 00 00 00 00 00 00  00 00 00 00 00 00 00 00  | ................
0000000000005AF0 | 00 00 00 00 00 00 00 00  00 00 00 00 00 00 00 00  | ................
0000000000005B00 | 00 00 00 00 00 00 00 00  00 00 00 00 00 00 00 00  | ................
0000000000005B10 | 00 00 00 00 00 00 00 00  00 00 00 00 00 00 00 00  | ................
0000000000005B20 | 00 00 00 00 00 00 00 00  00 00 00 00 00 00 00 00  | ................
0000000000005B30 | 00 00 00 00 00 00 00 00  00 00 00 00 00 00 00 00  | ................
0000000000005B40 | 00 00 00 00 00 00 00 00  00 00 00 00 00 00 00 00  | ................
0000000000005B50 | 00 00 00 00 00 00 00 00  00 00 00 00 00 00 00 00  | ................
0000000000005B60 | 00 00 00 00 00 00 00 00  00 00 00 00 00 00 00 00  | ................
0000000000005B70 | 00 00 00 00 00 00 00 00  00 00 00 00 00 00 00 00  | ................
0000000000005B80 | 00 00 00 00 00 00 00 00  00 00 00 00 00 00 00 00  | ................
0000000000005B90 | 00 00 00 00 00 00 00 00  00 00 00 00 00 00 00 00  | ................
0000000000005BA0 | 00 00 00 00 00 00 00 00  00 00 00 00 00 00 00 00  | ................
0000000000005BB0 | 00 00 00 00 00 00 00 00  00 00 00 00 00 00 00 00  | ................
0000000000005BC0 | 00 00 00 00 00 00 00 00  00 00 00 00 00 00 00 00  | ................
0000000000005BD0 | 00 00 00 00 00 00 00 00  00 00 00 00 00 00 00 00  | ................
0000000000005BE0 | 00 00 00 00 00 00 00 00  00 00 00 00 00 00 00 00  | ................
0000000000005BF0 | 00 00 00 00 00 00 00 00  00 00 00 00 00 00 00 00  | ................
0000000000005C00 | 00 00 00 00 00 00 00 00  00 00 00 00 00 00 00 00  | ................
0000000000005C10 | 00 00 00 00 00 00 00 00  00 00 00 00 00 00 00 00  | ................
0000000000005C20 | 00 00 00 00 00 00 00 00  00 00 00 00 00 00 00 00  | ................
0000000000005C30 | 00 00 00 00 00 00 00 00  00 00 00 00 00 00 00 00  | ................
0000000000005C40 | 00 00 00 00 00 00 00 00  00 00 00 00 00 00 00 00  | ................
0000000000005C50 | 00 00 00 00 00 00 00 00  00 00 00 00 00 00 00 00  | ................
0000000000005C60 | 00 00 00 00 00 00 00 00  00 00 00 00 00 00 00 00  | ................
0000000000005C70 | 00 00 00 00 00 00 00 00  00 00 00 00 00 00 00 00  | ................
0000000000005C80 | 00 00 00 00 00 00 00 00  00 00 00 00 00 00 00 00  | ................
0000000000005C90 | 00 00 00 00 00 00 00 00  00 00 00 00 00 00 00 00  | ................
0000000000005CA0 | 00 00 00 00 00 00 00 00  00 00 00 00 00 00 00 00  | ................
0000000000005CB0 | 00 00 00 00 00 00 00 00  00 00 00 00 00 00 00 00  | ................
0000000000005CC0 | 00 00 00 00 00 00 00 00  00 00 00 00 00 00 00 00  | ................
0000000000005CD0 | 00 00 00 00 00 00 00 00  00 00 00 00 00 00 00 00  | ................
0000000000005CE0 | 00 00 00 00 00 00 00 00  00 00 00 00 00 00 00 00  | ................
0000000000005CF0 | 00 00 00 00 00 00 00 00  00 00 00 00 00 00 00 00  | ................
0000000000005D00 | 00 00 00 00 00 00 00 00  00 00 00 00 00 00 00 00  | ................
0000000000005D10 | 00 00 00 00 00 00 00 00  00 00 00 00 00 00 00 00  | ................
0000000000005D20 | 00 00 00 00 00 00 00 00  00 00 00 00 00 00 00 00  | ................
0000000000005D30 | 00 00 00 00 00 00 00 00  00 00 00 00 00 00 00 00  | ................
0000000000005D40 | 00 00 00 00 00 00 00 00  00 00 00 00 00 00 00 00  | ................
0000000000005D50 | 00 00 00 00 00 00 00 00  00 00 00 00 00 00 00 00  | ................
0000000000005D60 | 00 00 00 00 00 00 00 00  00 00 00 00 00 00 00 00  | ................
0000000000005D70 | 00 00 00 00 00 00 00 00  00 00 00 00 00 00 00 00  | ................
0000000000005D80 | 00 00 00 00 00 00 00 00  00 00 00 00 00 00 00 00  | ................
0000000000005D90 | 00 00 00 00 00 00 00 00  00 00 00 00 00 00 00 00  | ................
0000000000005DA0 | 00 00 00 00 00 00 00 00  00 00 00 00 00 00 00 00  | ................
0000000000005DB0 | 00 00 00 00 00 00 00 00  00 00 00 00 00 00 00 00  | ................
0000000000005DC0 | 00 00 00 00 00 00 00 00  00 00 00 00 00 00 00 00  | ................
0000000000005DD0 | 00 00 00 00 00 00 00 00  00 00 00 00 00 00 00 00  | ................
0000000000005DE0 | 00 00 00 00 00 00 00 00  00 00 00 00 00 00 00 00  | ................
0000000000005DF0 | 00 00 00 00 00 00 00 00  00 00 00 00 00 00 00 00  | ................
0000000000005E00 | 00 00 00 00 00 00 00 00  00 00 00 00 00 00 00 00  | ................
0000000000005E10 | 00 00 00 00 00 00 00 00  00 00 00 00 00 00 00 00  | ................
0000000000005E20 | 00 00 00 00 00 00 00 00  00 00 00 00 00 00 00 00  | ................
0000000000005E30 | 00 00 00 00 00 00 00 00  00 00 00 00 00 00 00 00  | ................
0000000000005E40 | 00 00 00 00 00 00 00 00  00 00 00 00 00 00 00 00  | ................
0000000000005E50 | 00 00 00 00 00 00 00 00  00 00 00 00 00 00 00 00  | ................
0000000000005E60 | 00 00 00 00 00 00 00 00  00 00 00 00 00 00 00 00  | ................
0000000000005E70 | 00 00 00 00 00 00 00 00  00 00 00 00 00 00 00 00  | ................
0000000000005E80 | 00 00 00 00 00 00 00 00  00 00 00 00 00 00 00 00  | ................
0000000000005E90 | 00 00 00 00 00 00 00 00  00 00 00 00 00 00 00 00  | ................
0000000000005EA0 | 00 00 00 00 00 00 00 00  00 00 00 00 00 00 00 00  | ................
0000000000005EB0 | 00 00 00 00 00 00 00 00  00 00 00 00 00 00 00 00  | ................
0000000000005EC0 | 00 00 00 00 00 00 00 00  00 00 00 00 00 00 00 00  | ................
0000000000005ED0 | 00 00 00 00 00 00 00 00  00 00 00 00 00 00 00 00  | ................
0000000000005EE0 | 00 00 00 00 00 00 00 00  00 00 00 00 00 00 00 00  | ................
0000000000005EF0 | 00 00 00 00 00 00 00 00  00 00 00 00 00 00 00 00  | ................
0000000000005F00 | 00 00 00 00 00 00 00 00  00 00 00 00 00 00 00 00  | ................
0000000000005F10 | 00 00 00 00 00 00 00 00  00 00 00 00 00 00 00 00  | ................
0000000000005F20 | 00 00 00 00 00 00 00 00  00 00 00 00 00 00 00 00  | ................
0000000000005F30 | 00 00 00 00 00 00 00 00  00 00 00 00 00 00 00 00  | ................
0000000000005F40 | 00 00 00 00 00 00 00 00  00 00 00 00 00 00 00 00  | ................
0000000000005F50 | 00 00 00 00 00 00 00 00  00 00 00 00 00 00 00 00  | ................
0000000000005F60 | 00 00 00 00 00 00 00 00  00 00 00 00 00 00 00 00  | ................
0000000000005F70 | 00 00 00 00 00 00 00 00  00 00 00 00 00 00 00 00  | ................
0000000000005F80 | 00 00 00 00 00 00 00 00  00 00 00 00 00 00 00 00  | ................
0000000000005F90 | 00 00 00 00 00 00 00 00  00 00 00 00 00 00 00 00  | ................
0000000000005FA0 | 00 00 00 00 00 00 00 00  00 00 00 00 00 00 00 00  | ................
0000000000005FB0 | 00 00 00 00 00 00 00 00  00 00 00 00 00 00 00 00  | ................
0000000000005FC0 | 00 00 00 00 00 00 00 00  00 00 00 00 00 00 00 00  | ................
0000000000005FD0 | 00 00 00 00 00 00 00 00  00 00 00 00 00 00 00 00  | ................
0000000000005FE0 | 00 00 00 00 00 00 00 00  00 00 00 00 00 00 00 00  | ................
0000000000005FF0 | 00 00 00 00 00 00 00 00  00 00 00 00 00 00 00 00  | ................
0000000000006000 | 00 00 00 00 00 00 00 00  00 00 00 00 00 00 00 00  | ................
0000000000006010 | 00 00 00 00 00 00 00 00  00 00 00 00 00 00 00 00  | ................
0000000000006020 | 00 00 00 00 00 00 00 00  00 00 00 00 00 00 00 00  | ................
0000000000006030 | 00 00 00 00 00 00 00 00  00 00 00 00 00 00 00 00  | ................
0000000000006040 | 00 00 00 00 00 00 00 00  00 00 00 00 00 00 00 00  | ................
0000000000006050 | 00 00 00 00 00 00 00 00  00 00 00 00 00 00 00 00  | ................
0000000000006060 | 00 00 00 00 00 00 00 00  00 00 00 00 00 00 00 00  | ................
0000000000006070 | 00 00 00 00 00 00 00 00  00 00 00 00 00 00 00 00  | ................
0000000000006080 | 00 00 00 00 00 00 00 00  00 00 00 00 00 00 00 00  | ................
0000000000006090 | 00 00 00 00 00 00 00 00  00 00 00 00 00 00 00 00  | ................
00000000000060A0 | 00 00 00 00 00 00 00 00  00 00 00 00 00 00 00 00  | ................
00000000000060B0 | 00 00 00 00 00 00 00 00  00 00 00 00 00 00 00 00  | ................
00000000000060C0 | 00 00 00 00 00 00 00 00  00 00 00 00 00 00 00 00  | ................
00000000000060D0 | 00 00 00 00 00 00 00 00  00 00 00 00 00 00 00 00  | ................
00000000000060E0 | 00 00 00 00 00 00 00 00  00 00 00 00 00 00 00 00  | ................
00000000000060F0 | 00 00 00 00 00 00 00 00  00 00 00 00 00 00 00 00  | ................
0000000000006100 | 00 00 00 00 00 00 00 00  00 00 00 00 00 00 00 00  | ................
0000000000006110 | 00 00 00 00 00 00 00 00  00 00 00 00 00 00 00 00  | ................
0000000000006120 | 00 00 00 00 00 00 00 00  00 00 00 00 00 00 00 00  | ................
0000000000006130 | 00 00 00 00 00 00 00 00  00 00 00 00 00 00 00 00  | ................
0000000000006140 | 00 00 00 00 00 00 00 00  00 00 00 00 00 00 00 00  | ................
0000000000006150 | 00 00 00 00 00 00 00 00  00 00 00 00 00 00 00 00  | ................
0000000000006160 | 00 00 00 00 00 00 00 00  00 00 00 00 00 00 00 00  | ................
0000000000006170 | 00 00 00 00 00 00 00 00  00 00 00 00 00 00 00 00  | ................
0000000000006180 | 00 00 00 00 00 00 00 00  00 00 00 00 00 00 00 00  | ................
0000000000006190 | 00 00 00 00 00 00 00 00  00 00 00 00 00 00 00 00  | ................
00000000000061A0 | 00 00 00 00 00 00 00 00  00 00 00 00 00 00 00 00  | ................
00000000000061B0 | 00 00 00 00 00 00 00 00  00 00 00 00 00 00 00 00  | ................
00000000000061C0 | 00 00 00 00 00 00 00 00  00 00 00 00 00 00 00 00  | ................
00000000000061D0 | 00 00 00 00 00 00 00 00  00 00 00 00 00 00 00 00  | ................
00000000000061E0 | 00 00 00 00 00 00 00 00  00 00 00 00 00 00 00 00  | ................
00000000000061F0 | 00 00 00 00 00 00 00 00  00 00 00 00 00 00 00 00  | ................
0000000000006200 | 00 00 00 00 00 00 00 00  00 00 00 00 00 00 00 00  | ................
0000000000006210 | 00 00 00 00 00 00 00 00  00 00 00 00 00 00 00 00  | ................
0000000000006220 | 00 00 00 00 00 00 00 00  00 00 00 00 00 00 00 00  | ................
0000000000006230 | 00 00 00 00 00 00 00 00  00 00 00 00 00 00 00 00  | ................
0000000000006240 | 00 00 00 00 00 00 00 00  00 00 00 00 00 00 00 00  | ................
0000000000006250 | 00 00 00 00 00 00 00 00  00 00 00 00 00 00 00 00  | ................
0000000000006260 | 00 00 00 00 00 00 00 00  00 00 00 00 00 00 00 00  | ................
0000000000006270 | 00 00 00 00 00 00 00 00  00 00 00 00 00 00 00 00  | ................
0000000000006280 | 00 00 00 00 00 00 00 00  00 00 00 00 00 00 00 00  | ................
0000000000006290 | 00 00 00 00 00 00 00 00  00 00 00 00 00 00 00 00  | ................
00000000000062A0 | 00 00 00 00 00 00 00 00  00 00 00 00 00 00 00 00  | ................
00000000000062B0 | 00 00 00 00 00 00 00 00  00 00 00 00 00 00 00 00  | ................
00000000000062C0 | 00 00 00 00 00 00 00 00  00 00 00 00 00 00 00 00  | ................
00000000000062D0 | 00 00 00 00 00 00 00 00  00 00 00 00 00 00 00 00  | ................
00000000000062E0 | 00 00 00 00 00 00 00 00  00 00 00 00 00 00 00 00  | ................
00000000000062F0 | 00 00 00 00 00 00 00 00  00 00 00 00 00 00 00 00  | ................
0000000000006300 | 00 00 00 00 00 00 00 00  00 00 00 00 00 00 00 00  | ................
0000000000006310 | 00 00 00 00 00 00 00 00  00 00 00 00 00 00 00 00  | ................
0000000000006320 | 00 00 00 00 00 00 00 00  00 00 00 00 00 00 00 00  | ................
0000000000006330 | 00 00 00 00 00 00 00 00  00 00 00 00 00 00 00 00  | ................
0000000000006340 | 00 00 00 00 00 00 00 00  00 00 00 00 00 00 00 00  | ................
0000000000006350 | 00 00 00 00 00 00 00 00  00 00 00 00 00 00 00 00  | ................
0000000000006360 | 00 00 00 00 00 00 00 00  00 00 00 00 00 00 00 00  | ................
0000000000006370 | 00 00 00 00 00 00 00 00  00 00 00 00 00 00 00 00  | ................
0000000000006380 | 00 00 00 00 00 00 00 00  00 00 00 00 00 00 00 00  | ................
0000000000006390 | 00 00 00 00 00 00 00 00  00 00 00 00 00 00 00 00  | ................
00000000000063A0 | 00 00 00 00 00 00 00 00  00 00 00 00 00 00 00 00  | ................
00000000000063B0 | 00 00 00 00 00 00 00 00  00 00 00 00 00 00 00 00  | ................
00000000000063C0 | 00 00 00 00 00 00 00 00  00 00 00 00 00 00 00 00  | ................
00000000000063D0 | 00 00 00 00 00 00 00 00  00 00 00 00 00 00 00 00  | ................
00000000000063E0 | 00 00 00 00 00 00 00 00  00 00 00 00 00 00 00 00  | ................
00000000000063F0 | 00 00 00 00 00 00 00 00  00 00 00 00 00 00 00 00  | ................
0000000000006400 | 00 00 00 00 00 00 00 00  00 00 00 00 00 00 00 00  | ................
0000000000006410 | 00 00 00 00 00 00 00 00  00 00 00 00 00 00 00 00  | ................
0000000000006420 | 00 00 00 00 00 00 00 00  00 00 00 00 00 00 00 00  | ................
0000000000006430 | 00 00 00 00 00 00 00 00  00 00 00 00 00 00 00 00  | ................
0000000000006440 | 00 00 00 00 00 00 00 00  00 00 00 00 00 00 00 00  | ................
0000000000006450 | 00 00 00 00 00 00 00 00  00 00 00 00 00 00 00 00  | ................
0000000000006460 | 00 00 00 00 00 00 00 00  00 00 00 00 00 00 00 00  | ................
0000000000006470 | 00 00 00 00 00 00 00 00  00 00 00 00 00 00 00 00  | ................
0000000000006480 | 00 00 00 00 00 00 00 00  00 00 00 00 00 00 00 00  | ................
0000000000006490 | 00 00 00 00 00 00 00 00  00 00 00 00 00 00 00 00  | ................
00000000000064A0 | 00 00 00 00 00 00 00 00  00 00 00 00 00 00 00 00  | ................
00000000000064B0 | 00 00 00 00 00 00 00 00  00 00 00 00 00 00 00 00  | ................
00000000000064C0 | 00 00 00 00 00 00 00 00  00 00 00 00 00 00 00 00  | ................
00000000000064D0 | 00 00 00 00 00 00 00 00  00 00 00 00 00 00 00 00  | ................
00000000000064E0 | 00 00 00 00 00 00 00 00  00 00 00 00 00 00 00 00  | ................
00000000000064F0 | 00 00 00 00 00 00 00 00  00 00 00 00 00 00 00 00  | ................
0000000000006500 | 00 00 00 00 00 00 00 00  00 00 00 00 00 00 00 00  | ................
0000000000006510 | 00 00 00 00 00 00 00 00  00 00 00 00 00 00 00 00  | ................
0000000000006520 | 00 00 00 00 00 00 00 00  00 00 00 00 00 00 00 00  | ................
0000000000006530 | 00 00 00 00 00 00 00 00  00 00 00 00 00 00 00 00  | ................
0000000000006540 | 00 00 00 00 00 00 00 00  00 00 00 00 00 00 00 00  | ................
0000000000006550 | 00 00 00 00 00 00 00 00  00 00 00 00 00 00 00 00  | ................
0000000000006560 | 00 00 00 00 00 00 00 00  00 00 00 00 00 00 00 00  | ................
0000000000006570 | 00 00 00 00 00 00 00 00  00 00 00 00 00 00 00 00  | ................
0000000000006580 | 00 00 00 00 00 00 00 00  00 00 00 00 00 00 00 00  | ................
0000000000006590 | 00 00 00 00 00 00 00 00  00 00 00 00 00 00 00 00  | ................
00000000000065A0 | 00 00 00 00 00 00 00 00  00 00 00 00 00 00 00 00  | ................
00000000000065B0 | 00 00 00 00 00 00 00 00  00 00 00 00 00 00 00 00  | ................
00000000000065C0 | 00 00 00 00 00 00 00 00  00 00 00 00 00 00 00 00  | ................
00000000000065D0 | 00 00 00 00 00 00 00 00  00 00 00 00 00 00 00 00  | ................
00000000000065E0 | 00 00 00 00 00 00 00 00  00 00 00 00 00 00 00 00  | ................
00000000000065F0 | 00 00 00 00 00 00 00 00  00 00 00 00 00 00 00 00  | ................
0000000000006600 | 00 00 00 00 00 00 00 00  00 00 00 00 00 00 00 00  | ................
0000000000006610 | 00 00 00 00 00 00 00 00  00 00 00 00 00 00 00 00  | ................
0000000000006620 | 00 00 00 00 00 00 00 00  00 00 00 00 00 00 00 00  | ................
0000000000006630 | 00 00 00 00 00 00 00 00  00 00 00 00 00 00 00 00  | ................
0000000000006640 | 00 00 00 00 00 00 00 00  00 00 00 00 00 00 00 00  | ................
0000000000006650 | 00 00 00 00 00 00 00 00  00 00 00 00 00 00 00 00  | ................
0000000000006660 | 00 00 00 00 00 00 00 00  00 00 00 00 00 00 00 00  | ................
0000000000006670 | 00 00 00 00 00 00 00 00  00 00 00 00 00 00 00 00  | ................
0000000000006680 | 00 00 00 00 00 00 00 00  00 00 00 00 00 00 00 00  | ................
0000000000006690 | 00 00 00 00 00 00 00 00  00 00 00 00 00 00 00 00  | ................
00000000000066A0 | 00 00 00 00 00 00 00 00  00 00 00 00 00 00 00 00  | ................
00000000000066B0 | 00 00 00 00 00 00 00 00  00 00 00 00 00 00 00 00  | ................
00000000000066C0 | 00 00 00 00 00 00 00 00  00 00 00 00 00 00 00 00  | ................
00000000000066D0 | 00 00 00 00 00 00 00 00  00 00 00 00 00 00 00 00  | ................
00000000000066E0 | 00 00 00 00 00 00 00 00  00 00 00 00 00 00 00 00  | ................
00000000000066F0 | 00 00 00 00 00 00 00 00  00 00 00 00 00 00 00 00  | ................
0000000000006700 | 00 00 00 00 00 00 00 00  00 00 00 00 00 00 00 00  | ................
0000000000006710 | 00 00 00 00 00 00 00 00  00 00 00 00 00 00 00 00  | ................
0000000000006720 | 00 00 00 00 00 00 00 00  00 00 00 00 00 00 00 00  | ................
0000000000006730 | 00 00 00 00 00 00 00 00  00 00 00 00 00 00 00 00  | ................
0000000000006740 | 00 00 00 00 00 00 00 00  00 00 00 00 00 00 00 00  | ................
0000000000006750 | 00 00 00 00 00 00 00 00  00 00 00 00 00 00 00 00  | ................
0000000000006760 | 00 00 00 00 00 00 00 00  00 00 00 00 00 00 00 00  | ................
0000000000006770 | 00 00 00 00 00 00 00 00  00 00 00 00 00 00 00 00  | ................
0000000000006780 | 00 00 00 00 00 00 00 00  00 00 00 00 00 00 00 00  | ................
0000000000006790 | 00 00 00 00 00 00 00 00  00 00 00 00 00 00 00 00  | ................
00000000000067A0 | 00 00 00 00 00 00 00 00  00 00 00 00 00 00 00 00  | ................
00000000000067B0 | 00 00 00 00 00 00 00 00  00 00 00 00 00 00 00 00  | ................
00000000000067C0 | 00 00 00 00 00 00 00 00  00 00 00 00 00 00 00 00  | ................
00000000000067D0 | 00 00 00 00 00 00 00 00  00 00 00 00 00 00 00 00  | ................
00000000000067E0 | 00 00 00 00 00 00 00 00  00 00 00 00 00 00 00 00  | ................
00000000000067F0 | 00 00 00 00 00 00 00 00  00 00 00 00 00 00 00 00  | ................
0000000000006800 | 00 00 00 00 00 00 00 00  00 00 00 00 00 00 00 00  | ................
0000000000006810 | 00 00 00 00 00 00 00 00  00 00 00 00 00 00 00 00  | ................
0000000000006820 | 00 00 00 00 00 00 00 00  00 00 00 00 00 00 00 00  | ................
0000000000006830 | 00 00 00 00 00 00 00 00  00 00 00 00 00 00 00 00  | ................
0000000000006840 | 00 00 00 00 00 00 00 00  00 00 00 00 00 00 00 00  | ................
0000000000006850 | 00 00 00 00 00 00 00 00  00 00 00 00 00 00 00 00  | ................
0000000000006860 | 00 00 00 00 00 00 00 00  00 00 00 00 00 00 00 00  | ................
0000000000006870 | 00 00 00 00 00 00 00 00  00 00 00 00 00 00 00 00  | ................
0000000000006880 | 00 00 00 00 00 00 00 00  00 00 00 00 00 00 00 00  | ................
0000000000006890 | 00 00 00 00 00 00 00 00  00 00 00 00 00 00 00 00  | ................
00000000000068A0 | 00 00 00 00 00 00 00 00  00 00 00 00 00 00 00 00  | ................
00000000000068B0 | 00 00 00 00 00 00 00 00  00 00 00 00 00 00 00 00  | ................
00000000000068C0 | 00 00 00 00 00 00 00 00  00 00 00 00 00 00 00 00  | ................
00000000000068D0 | 00 00 00 00 00 00 00 00  00 00 00 00 00 00 00 00  | ................
00000000000068E0 | 00 00 00 00 00 00 00 00  00 00 00 00 00 00 00 00  | ................
00000000000068F0 | 00 00 00 00 00 00 00 00  00 00 00 00 00 00 00 00  | ................
0000000000006900 | 00 00 00 00 00 00 00 00  00 00 00 00 00 00 00 00  | ................
0000000000006910 | 00 00 00 00 00 00 00 00  00 00 00 00 00 00 00 00  | ................
0000000000006920 | 00 00 00 00 00 00 00 00  00 00 00 00 00 00 00 00  | ................
0000000000006930 | 00 00 00 00 00 00 00 00  00 00 00 00 00 00 00 00  | ................
0000000000006940 | 00 00 00 00 00 00 00 00  00 00 00 00 00 00 00 00  | ................
0000000000006950 | 00 00 00 00 00 00 00 00  00 00 00 00 00 00 00 00  | ................
0000000000006960 | 00 00 00 00 00 00 00 00  00 00 00 00 00 00 00 00  | ................
0000000000006970 | 00 00 00 00 00 00 00 00  00 00 00 00 00 00 00 00  | ................
0000000000006980 | 00 00 00 00 00 00 00 00  00 00 00 00 00 00 00 00  | ................
0000000000006990 | 00 00 00 00 00 00 00 00  00 00 00 00 00 00 00 00  | ................
00000000000069A0 | 00 00 00 00 00 00 00 00  00 00 00 00 00 00 00 00  | ................
00000000000069B0 | 00 00 00 00 00 00 00 00  00 00 00 00 00 00 00 00  | ................
00000000000069C0 | 00 00 00 00 00 00 00 00  00 00 00 00 00 00 00 00  | ................
00000000000069D0 | 00 00 00 00 00 00 00 00  00 00 00 00 00 00 00 00  | ................
00000000000069E0 | 00 00 00 00 00 00 00 00  00 00 00 00 00 00 00 00  | ................
00000000000069F0 | 00 00 00 00 00 00 00 00  00 00 00 00 00 00 00 00  | ................
0000000000006A00 | 00 00 00 00 00 00 00 00  00 00 00 00 00 00 00 00  | ................
0000000000006A10 | 00 00 00 00 00 00 00 00  00 00 00 00 00 00 00 00  | ................
0000000000006A20 | 00 00 00 00 00 00 00 00  00 00 00 00 00 00 00 00  | ................
0000000000006A30 | 00 00 00 00 00 00 00 00  00 00 00 00 00 00 00 00  | ................
0000000000006A40 | 00 00 00 00 00 00 00 00  00 00 00 00 00 00 00 00  | ................
0000000000006A50 | 00 00 00 00 00 00 00 00  00 00 00 00 00 00 00 00  | ................
0000000000006A60 | 00 00 00 00 00 00 00 00  00 00 00 00 00 00 00 00  | ................
0000000000006A70 | 00 00 00 00 00 00 00 00  00 00 00 00 00 00 00 00  | ................
0000000000006A80 | 00 00 00 00 00 00 00 00  00 00 00 00 00 00 00 00  | ................
0000000000006A90 | 00 00 00 00 00 00 00 00  00 00 00 00 00 00 00 00  | ................
0000000000006AA0 | 00 00 00 00 00 00 00 00  00 00 00 00 00 00 00 00  | ................
0000000000006AB0 | 00 00 00 00 00 00 00 00  00 00 00 00 00 00 00 00  | ................
0000000000006AC0 | 00 00 00 00 00 00 00 00  00 00 00 00 00 00 00 00  | ................
0000000000006AD0 | 00 00 00 00 00 00 00 00  00 00 00 00 00 00 00 00  | ................
0000000000006AE0 | 00 00 00 00 00 00 00 00  00 00 00 00 00 00 00 00  | ................
0000000000006AF0 | 00 00 00 00 00 00 00 00  00 00 00 00 00 00 00 00  | ................
0000000000006B00 | 00 00 00 00 00 00 00 00  00 00 00 00 00 00 00 00  | ................
0000000000006B10 | 00 00 00 00 00 00 00 00  00 00 00 00 00 00 00 00  | ................
0000000000006B20 | 00 00 00 00 00 00 00 00  00 00 00 00 00 00 00 00  | ................
0000000000006B30 | 00 00 00 00 00 00 00 00  00 00 00 00 00 00 00 00  | ................
0000000000006B40 | 00 00 00 00 00 00 00 00  00 00 00 00 00 00 00 00  | ................
0000000000006B50 | 00 00 00 00 00 00 00 00  00 00 00 00 00 00 00 00  | ................
0000000000006B60 | 00 00 00 00 00 00 00 00  00 00 00 00 00 00 00 00  | ................
0000000000006B70 | 00 00 00 00 00 00 00 00  00 00 00 00 00 00 00 00  | ................
0000000000006B80 | 00 00 00 00 00 00 00 00  00 00 00 00 00 00 00 00  | ................
0000000000006B90 | 00 00 00 00 00 00 00 00  00 00 00 00 00 00 00 00  | ................
0000000000006BA0 | 00 00 00 00 00 00 00 00  00 00 00 00 00 00 00 00  | ................
0000000000006BB0 | 00 00 00 00 00 00 00 00  00 00 00 00 00 00 00 00  | ................
0000000000006BC0 | 00 00 00 00 00 00 00 00  00 00 00 00 00 00 00 00  | ................
0000000000006BD0 | 00 00 00 00 00 00 00 00  00 00 00 00 00 00 00 00  | ................
0000000000006BE0 | 00 00 00 00 00 00 00 00  00 00 00 00 00 00 00 00  | ................
0000000000006BF0 | 00 00 00 00 00 00 00 00  00 00 00 00 00 00 00 00  | ................
0000000000006C00 | 00 00 00 00 00 00 00 00  00 00 00 00 00 00 00 00  | ................
0000000000006C10 | 00 00 00 00 00 00 00 00  00 00 00 00 00 00 00 00  | ................
0000000000006C20 | 00 00 00 00 00 00 00 00  00 00 00 00 00 00 00 00  | ................
0000000000006C30 | 00 00 00 00 00 00 00 00  00 00 00 00 00 00 00 00  | ................
0000000000006C40 | 00 00 00 00 00 00 00 00  00 00 00 00 00 00 00 00  | ................
0000000000006C50 | 00 00 00 00 00 00 00 00  00 00 00 00 00 00 00 00  | ................
0000000000006C60 | 00 00 00 00 00 00 00 00  00 00 00 00 00 00 00 00  | ................
0000000000006C70 | 00 00 00 00 00 00 00 00  00 00 00 00 00 00 00 00  | ................
0000000000006C80 | 00 00 00 00 00 00 00 00  00 00 00 00 00 00 00 00  | ................
0000000000006C90 | 00 00 00 00 00 00 00 00  00 00 00 00 00 00 00 00  | ................
0000000000006CA0 | 00 00 00 00 00 00 00 00  00 00 00 00 00 00 00 00  | ................
0000000000006CB0 | 00 00 00 00 00 00 00 00  00 00 00 00 00 00 00 00  | ................
0000000000006CC0 | 00 00 00 00 00 00 00 00  00 00 00 00 00 00 00 00  | ................
0000000000006CD0 | 00 00 00 00 00 00 00 00  00 00 00 00 00 00 00 00  | ................
0000000000006CE0 | 00 00 00 00 00 00 00 00  00 00 00 00 00 00 00 00  | ................
0000000000006CF0 | 00 00 00 00 00 00 00 00  00 00 00 00 00 00 00 00  | ................
0000000000006D00 | 00 00 00 00 00 00 00 00  00 00 00 00 00 00 00 00  | ................
0000000000006D10 | 00 00 00 00 00 00 00 00  00 00 00 00 00 00 00 00  | ................
0000000000006D20 | 00 00 00 00 00 00 00 00  00 00 00 00 00 00 00 00  | ................
0000000000006D30 | 00 00 00 00 00 00 00 00  00 00 00 00 00 00 00 00  | ................
0000000000006D40 | 00 00 00 00 00 00 00 00  00 00 00 00 00 00 00 00  | ................
0000000000006D50 | 00 00 00 00 00 00 00 00  00 00 00 00 00 00 00 00  | ................
0000000000006D60 | 00 00 00 00 00 00 00 00  00 00 00 00 00 00 00 00  | ................
0000000000006D70 | 00 00 00 00 00 00 00 00  00 00 00 00 00 00 00 00  | ................
0000000000006D80 | 00 00 00 00 00 00 00 00  00 00 00 00 00 00 00 00  | ................
0000000000006D90 | 00 00 00 00 00 00 00 00  00 00 00 00 00 00 00 00  | ................
0000000000006DA0 | 00 00 00 00 00 00 00 00  00 00 00 00 00 00 00 00  | ................
0000000000006DB0 | 00 00 00 00 00 00 00 00  00 00 00 00 00 00 00 00  | ................
0000000000006DC0 | 00 00 00 00 00 00 00 00  00 00 00 00 00 00 00 00  | ................
0000000000006DD0 | 00 00 00 00 00 00 00 00  00 00 00 00 00 00 00 00  | ................
0000000000006DE0 | 00 00 00 00 00 00 00 00  00 00 00 00 00 00 00 00  | ................
0000000000006DF0 | 00 00 00 00 00 00 00 00  00 00 00 00 00 00 00 00  | ................
0000000000006E00 | 00 00 00 00 00 00 00 00  00 00 00 00 00 00 00 00  | ................
0000000000006E10 | 00 00 00 00 00 00 00 00  00 00 00 00 00 00 00 00  | ................
0000000000006E20 | 00 00 00 00 00 00 00 00  00 00 00 00 00 00 00 00  | ................
0000000000006E30 | 00 00 00 00 00 00 00 00  00 00 00 00 00 00 00 00  | ................
0000000000006E40 | 00 00 00 00 00 00 00 00  00 00 00 00 00 00 00 00  | ................
0000000000006E50 | 00 00 00 00 00 00 00 00  00 00 00 00 00 00 00 00  | ................
0000000000006E60 | 00 00 00 00 00 00 00 00  00 00 00 00 00 00 00 00  | ................
0000000000006E70 | 00 00 00 00 00 00 00 00  00 00 00 00 00 00 00 00  | ................
0000000000006E80 | 00 00 00 00 00 00 00 00  00 00 00 00 00 00 00 00  | ................
0000000000006E90 | 00 00 00 00 00 00 00 00  00 00 00 00 00 00 00 00  | ................
0000000000006EA0 | 00 00 00 00 00 00 00 00  00 00 00 00 00 00 00 00  | ................
0000000000006EB0 | 00 00 00 00 00 00 00 00  00 00 00 00 00 00 00 00  | ................
0000000000006EC0 | 00 00 00 00 00 00 00 00  00 00 00 00 00 00 00 00  | ................
0000000000006ED0 | 00 00 00 00 00 00 00 00  00 00 00 00 00 00 00 00  | ................
0000000000006EE0 | 00 00 00 00 00 00 00 00  00 00 00 00 00 00 00 00  | ................
0000000000006EF0 | 00 00 00 00 00 00 00 00  00 00 00 00 00 00 00 00  | ................
0000000000006F00 | 00 00 00 00 00 00 00 00  00 00 00 00 00 00 00 00  | ................
0000000000006F10 | 00 00 00 00 00 00 00 00  00 00 00 00 00 00 00 00  | ................
0000000000006F20 | 00 00 00 00 00 00 00 00  00 00 00 00 00 00 00 00  | ................
0000000000006F30 | 00 00 00 00 00 00 00 00  00 00 00 00 00 00 00 00  | ................
0000000000006F40 | 00 00 00 00 00 00 00 00  00 00 00 00 00 00 00 00  | ................
0000000000006F50 | 00 00 00 00 00 00 00 00  00 00 00 00 00 00 00 00  | ................
0000000000006F60 | 00 00 00 00 00 00 00 00  00 00 00 00 00 00 00 00  | ................
0000000000006F70 | 00 00 00 00 00 00 00 00  00 00 00 00 00 00 00 00  | ................
0000000000006F80 | 00 00 00 00 00 00 00 00  00 00 00 00 00 00 00 00  | ................
0000000000006F90 | 00 00 00 00 00 00 00 00  00 00 00 00 00 00 00 00  | ................
0000000000006FA0 | 00 00 00 00 00 00 00 00  00 00 00 00 00 00 00 00  | ................
0000000000006FB0 | 00 00 00 00 00 00 00 00  00 00 00 00 00 00 00 00  | ................
0000000000006FC0 | 00 00 00 00 00 00 00 00  00 00 00 00 00 00 00 00  | ................
0000000000006FD0 | 00 00 00 00 00 00 00 00  00 00 00 00 00 00 00 00  | ................
0000000000006FE0 | 00 00 00 00 00 00 00 00  00 00 00 00 00 00 00 00  | ................
0000000000006FF0 | 00 00 00 00 00 00 00 00  00 00 00 00 00 00 00 00  | ................
0000000000007000 | 00 00 00 00 00 00 00 00  00 00 00 00 00 00 00 00  | ................
0000000000007010 | 00 00 00 00 00 00 00 00  00 00 00 00 00 00 00 00  | ................
0000000000007020 | 00 00 00 00 00 00 00 00  00 00 00 00 00 00 00 00  | ................
0000000000007030 | 00 00 00 00 00 00 00 00  00 00 00 00 00 00 00 00  | ................
0000000000007040 | 00 00 00 00 00 00 00 00  00 00 00 00 00 00 00 00  | ................
0000000000007050 | 00 00 00 00 00 00 00 00  00 00 00 00 00 00 00 00  | ................
0000000000007060 | 00 00 00 00 00 00 00 00  00 00 00 00 00 00 00 00  | ................
0000000000007070 | 00 00 00 00 00 00 00 00  00 00 00 00 00 00 00 00  | ................
0000000000007080 | 00 00 00 00 00 00 00 00  00 00 00 00 00 00 00 00  | ................
0000000000007090 | 00 00 00 00 00 00 00 00  00 00 00 00 00 00 00 00  | ................
00000000000070A0 | 00 00 00 00 00 00 00 00  00 00 00 00 00 00 00 00  | ................
00000000000070B0 | 00 00 00 00 00 00 00 00  00 00 00 00 00 00 00 00  | ................
00000000000070C0 | 00 00 00 00 00 00 00 00  00 00 00 00 00 00 00 00  | ................
00000000000070D0 | 00 00 00 00 00 00 00 00  00 00 00 00 00 00 00 00  | ................
00000000000070E0 | 00 00 00 00 00 00 00 00  00 00 00 00 00 00 00 00  | ................
00000000000070F0 | 00 00 00 00 00 00 00 00  00 00 00 00 00 00 00 00  | ................
0000000000007100 | 00 00 00 00 00 00 00 00  00 00 00 00 00 00 00 00  | ................
0000000000007110 | 00 00 00 00 00 00 00 00  00 00 00 00 00 00 00 00  | ................
0000000000007120 | 00 00 00 00 00 00 00 00  00 00 00 00 00 00 00 00  | ................
0000000000007130 | 00 00 00 00 00 00 00 00  00 00 00 00 00 00 00 00  | ................
0000000000007140 | 00 00 00 00 00 00 00 00  00 00 00 00 00 00 00 00  | ................
0000000000007150 | 00 00 00 00 00 00 00 00  00 00 00 00 00 00 00 00  | ................
0000000000007160 | 00 00 00 00 00 00 00 00  00 00 00 00 00 00 00 00  | ................
0000000000007170 | 00 00 00 00 00 00 00 00  00 00 00 00 00 00 00 00  | ................
0000000000007180 | 00 00 00 00 00 00 00 00  00 00 00 00 00 00 00 00  | ................
0000000000007190 | 00 00 00 00 00 00 00 00  00 00 00 00 00 00 00 00  | ................
00000000000071A0 | 00 00 00 00 00 00 00 00  00 00 00 00 00 00 00 00  | ................
00000000000071B0 | 00 00 00 00 00 00 00 00  00 00 00 00 00 00 00 00  | ................
00000000000071C0 | 00 00 00 00 00 00 00 00  00 00 00 00 00 00 00 00  | ................
00000000000071D0 | 00 00 00 00 00 00 00 00  00 00 00 00 00 00 00 00  | ................
00000000000071E0 | 00 00 00 00 00 00 00 00  00 00 00 00 00 00 00 00  | ................
00000000000071F0 | 00 00 00 00 00 00 00 00  00 00 00 00 00 00 00 00  | ................
0000000000007200 | 00 00 00 00 00 00 00 00  00 00 00 00 00 00 00 00  | ................
0000000000007210 | 00 00 00 00 00 00 00 00  00 00 00 00 00 00 00 00  | ................
0000000000007220 | 00 00 00 00 00 00 00 00  00 00 00 00 00 00 00 00  | ................
0000000000007230 | 00 00 00 00 00 00 00 00  00 00 00 00 00 00 00 00  | ................
0000000000007240 | 00 00 00 00 00 00 00 00  00 00 00 00 00 00 00 00  | ................
0000000000007250 | 00 00 00 00 00 00 00 00  00 00 00 00 00 00 00 00  | ................
0000000000007260 | 00 00 00 00 00 00 00 00  00 00 00 00 00 00 00 00  | ................
0000000000007270 | 00 00 00 00 00 00 00 00  00 00 00 00 00 00 00 00  | ................
0000000000007280 | 00 00 00 00 00 00 00 00  00 00 00 00 00 00 00 00  | ................
0000000000007290 | 00 00 00 00 00 00 00 00  00 00 00 00 00 00 00 00  | ................
00000000000072A0 | 00 00 00 00 00 00 00 00  00 00 00 00 00 00 00 00  | ................
00000000000072B0 | 00 00 00 00 00 00 00 00  00 00 00 00 00 00 00 00  | ................
00000000000072C0 | 00 00 00 00 00 00 00 00  00 00 00 00 00 00 00 00  | ................
00000000000072D0 | 00 00 00 00 00 00 00 00  00 00 00 00 00 00 00 00  | ................
00000000000072E0 | 00 00 00 00 00 00 00 00  00 00 00 00 00 00 00 00  | ................
00000000000072F0 | 00 00 00 00 00 00 00 00  00 00 00 00 00 00 00 00  | ................
0000000000007300 | 00 00 00 00 00 00 00 00  00 00 00 00 00 00 00 00  | ................
0000000000007310 | 00 00 00 00 00 00 00 00  00 00 00 00 00 00 00 00  | ................
0000000000007320 | 00 00 00 00 00 00 00 00  00 00 00 00 00 00 00 00  | ................
0000000000007330 | 00 00 00 00 00 00 00 00  00 00 00 00 00 00 00 00  | ................
0000000000007340 | 00 00 00 00 00 00 00 00  00 00 00 00 00 00 00 00  | ................
