# Memory dump: 0x23f0f0 - 0x244f68
# Segment: __objc_const
#============================================================================

# Address        | Hex Bytes                                       | ASCII
#----------------------------------------------------------------------------
000000000023F0F0 | 18 00 00 00 01 00 00 00  86 E3 22 00 00 00 00 00  | ..........".....
000000000023F100 | A1 8C 23 00 00 00 00 00  F0 A2 00 00 00 00 00 00  | ..#.............
000000000023F110 | 22 8B 23 00 00 00 00 00  98 21 31 00 00 00 00 00  | ".#......!1.....
000000000023F120 | F0 F0 23 00 00 00 00 00  00 00 00 00 00 00 00 00  | ..#.............
000000000023F130 | 00 00 00 00 00 00 00 00  00 00 00 00 00 00 00 00  | ................
000000000023F140 | 00 00 00 00 00 00 00 00  40 00 00 00 00 00 00 00  | ........@.......
000000000023F150 | 18 00 00 00 03 00 00 00  76 FC 22 00 00 00 00 00  | ........v.".....
000000000023F160 | AC 8C 23 00 00 00 00 00  84 A6 00 00 00 00 00 00  | ..#.............
000000000023F170 | B2 D2 22 00 00 00 00 00  BE 8C 23 00 00 00 00 00  | ..".......#.....
000000000023F180 | E8 BC 00 00 00 00 00 00  9F D3 22 00 00 00 00 00  | ..........".....
000000000023F190 | A1 8C 23 00 00 00 00 00  98 01 01 00 00 00 00 00  | ..#.............
000000000023F1A0 | 85 01 00 00 28 00 00 00  28 00 00 00 00 00 00 00  | ....(...(.......
000000000023F1B0 | 00 00 00 00 00 00 00 00  22 8B 23 00 00 00 00 00  | ........".#.....
000000000023F1C0 | 50 F1 23 00 00 00 00 00  00 00 00 00 00 00 00 00  | P.#.............
000000000023F1D0 | 00 00 00 00 00 00 00 00  00 00 00 00 00 00 00 00  | ................
000000000023F1E0 | 00 00 00 00 00 00 00 00  18 00 00 00 19 00 00 00  | ................
000000000023F1F0 | DE C4 22 00 00 00 00 00  F6 8C 23 00 00 00 00 00  | ..".......#.....
000000000023F200 | 9C 08 01 00 00 00 00 00  38 CE 22 00 00 00 00 00  | ........8.".....
000000000023F210 | FE 8C 23 00 00 00 00 00  BC 0A 01 00 00 00 00 00  | ..#.............
000000000023F220 | 62 93 22 00 00 00 00 00  0A 8D 23 00 00 00 00 00  | b.".......#.....
000000000023F230 | C4 28 01 00 00 00 00 00  43 EC 22 00 00 00 00 00  | .(......C.".....
000000000023F240 | 12 8D 23 00 00 00 00 00  00 30 01 00 00 00 00 00  | ..#......0......
000000000023F250 | 9B AF 22 00 00 00 00 00  12 8D 23 00 00 00 00 00  | ..".......#.....
000000000023F260 | 0C 30 01 00 00 00 00 00  6F C8 22 00 00 00 00 00  | .0......o.".....
000000000023F270 | 0A 8D 23 00 00 00 00 00  E8 31 01 00 00 00 00 00  | ..#......1......
000000000023F280 | 2F F8 22 00 00 00 00 00  12 8D 23 00 00 00 00 00  | /.".......#.....
000000000023F290 | 14 34 01 00 00 00 00 00  F7 F7 22 00 00 00 00 00  | .4........".....
000000000023F2A0 | 1D 8D 23 00 00 00 00 00  60 3D 01 00 00 00 00 00  | ..#.....`=......
000000000023F2B0 | 05 E3 22 00 00 00 00 00  F6 8C 23 00 00 00 00 00  | ..".......#.....
000000000023F2C0 | AC 3F 01 00 00 00 00 00  AD C6 22 00 00 00 00 00  | .?........".....
000000000023F2D0 | F6 8C 23 00 00 00 00 00  AC 41 01 00 00 00 00 00  | ..#......A......
000000000023F2E0 | 6F E8 22 00 00 00 00 00  12 8D 23 00 00 00 00 00  | o.".......#.....
000000000023F2F0 | E8 43 01 00 00 00 00 00  2E 9C 22 00 00 00 00 00  | .C........".....
000000000023F300 | F6 8C 23 00 00 00 00 00  F4 43 01 00 00 00 00 00  | ..#......C......
000000000023F310 | A2 DF 22 00 00 00 00 00  F6 8C 23 00 00 00 00 00  | ..".......#.....
000000000023F320 | F8 45 01 00 00 00 00 00  CC EB 22 00 00 00 00 00  | .E........".....
000000000023F330 | 12 8D 23 00 00 00 00 00  2C 48 01 00 00 00 00 00  | ..#.....,H......
000000000023F340 | A8 DF 22 00 00 00 00 00  25 8D 23 00 00 00 00 00  | ..".....%.#.....
000000000023F350 | 38 48 01 00 00 00 00 00  D6 EB 22 00 00 00 00 00  | 8H........".....
000000000023F360 | 2D 8D 23 00 00 00 00 00  4C 4A 01 00 00 00 00 00  | -.#.....LJ......
000000000023F370 | E9 C6 22 00 00 00 00 00  F6 8C 23 00 00 00 00 00  | ..".......#.....
000000000023F380 | 80 4C 01 00 00 00 00 00  7A E8 22 00 00 00 00 00  | .L......z.".....
000000000023F390 | 12 8D 23 00 00 00 00 00  94 4E 01 00 00 00 00 00  | ..#......N......
000000000023F3A0 | 41 D1 22 00 00 00 00 00  1D 8D 23 00 00 00 00 00  | A.".......#.....
000000000023F3B0 | C0 50 01 00 00 00 00 00  D7 E8 22 00 00 00 00 00  | .P........".....
000000000023F3C0 | 38 8D 23 00 00 00 00 00  EC 52 01 00 00 00 00 00  | 8.#......R......
000000000023F3D0 | EB 9B 22 00 00 00 00 00  43 8D 23 00 00 00 00 00  | ..".....C.#.....
000000000023F3E0 | F4 52 01 00 00 00 00 00  6C EB 22 00 00 00 00 00  | .R......l.".....
000000000023F3F0 | 4B 8D 23 00 00 00 00 00  FC 52 01 00 00 00 00 00  | K.#......R......
000000000023F400 | 73 9A 22 00 00 00 00 00  56 8D 23 00 00 00 00 00  | s.".....V.#.....
000000000023F410 | FC 54 01 00 00 00 00 00  85 E9 22 00 00 00 00 00  | .T........".....
000000000023F420 | 5F 8D 23 00 00 00 00 00  10 57 01 00 00 00 00 00  | _.#......W......
000000000023F430 | 26 98 22 00 00 00 00 00  0A 8D 23 00 00 00 00 00  | &.".......#.....
000000000023F440 | 34 59 01 00 00 00 00 00  20 00 00 00 09 00 00 00  | 4Y...... .......
000000000023F450 | D8 68 24 00 00 00 00 00  65 AA 22 00 00 00 00 00  | .h$.....e.".....
000000000023F460 | 6B 8D 23 00 00 00 00 00  00 00 00 00 01 00 00 00  | k.#.............
000000000023F470 | DC 68 24 00 00 00 00 00  20 AB 22 00 00 00 00 00  | .h$..... .".....
000000000023F480 | 6D 8D 23 00 00 00 00 00  00 00 00 00 01 00 00 00  | m.#.............
000000000023F490 | E0 68 24 00 00 00 00 00  E0 AC 22 00 00 00 00 00  | .h$.......".....
000000000023F4A0 | 6F 8D 23 00 00 00 00 00  03 00 00 00 08 00 00 00  | o.#.............
000000000023F4B0 | E4 68 24 00 00 00 00 00  7B 98 22 00 00 00 00 00  | .h$.....{.".....
000000000023F4C0 | 8E 8D 23 00 00 00 00 00  03 00 00 00 08 00 00 00  | ..#.............
000000000023F4D0 | E8 68 24 00 00 00 00 00  5D A9 22 00 00 00 00 00  | .h$.....].".....
000000000023F4E0 | 9A 8D 23 00 00 00 00 00  03 00 00 00 08 00 00 00  | ..#.............
000000000023F4F0 | EC 68 24 00 00 00 00 00  6D AB 22 00 00 00 00 00  | .h$.....m.".....
000000000023F500 | 6F 8D 23 00 00 00 00 00  03 00 00 00 08 00 00 00  | o.#.............
000000000023F510 | F0 68 24 00 00 00 00 00  34 A9 22 00 00 00 00 00  | .h$.....4.".....
000000000023F520 | AB 8D 23 00 00 00 00 00  03 00 00 00 08 00 00 00  | ..#.............
000000000023F530 | F4 68 24 00 00 00 00 00  36 AA 22 00 00 00 00 00  | .h$.....6.".....
000000000023F540 | AD 8D 23 00 00 00 00 00  03 00 00 00 08 00 00 00  | ..#.............
000000000023F550 | F8 68 24 00 00 00 00 00  91 AA 22 00 00 00 00 00  | .h$.......".....
000000000023F560 | B8 8D 23 00 00 00 00 00  03 00 00 00 08 00 00 00  | ..#.............
000000000023F570 | 10 00 00 00 09 00 00 00  AD C6 22 00 00 00 00 00  | ..........".....
000000000023F580 | 93 A3 22 00 00 00 00 00  A2 DF 22 00 00 00 00 00  | ..".......".....
000000000023F590 | 36 9C 22 00 00 00 00 00  2E 9C 22 00 00 00 00 00  | 6.".......".....
000000000023F5A0 | 6F 95 22 00 00 00 00 00  73 9A 22 00 00 00 00 00  | o.".....s.".....
000000000023F5B0 | D4 A3 22 00 00 00 00 00  A8 DF 22 00 00 00 00 00  | ..".......".....
000000000023F5C0 | 7E A4 22 00 00 00 00 00  E9 C6 22 00 00 00 00 00  | ~.".......".....
000000000023F5D0 | 47 95 22 00 00 00 00 00  87 C8 22 00 00 00 00 00  | G.".......".....
000000000023F5E0 | 16 A4 22 00 00 00 00 00  EB 9B 22 00 00 00 00 00  | ..".......".....
000000000023F5F0 | 6F A4 22 00 00 00 00 00  05 E3 22 00 00 00 00 00  | o.".......".....
000000000023F600 | D2 95 22 00 00 00 00 00  84 01 00 00 08 00 00 00  | ..".............
000000000023F610 | 48 00 00 00 00 00 00 00  2B 8B 23 00 00 00 00 00  | H.......+.#.....
000000000023F620 | 22 8B 23 00 00 00 00 00  E8 F1 23 00 00 00 00 00  | ".#.......#.....
000000000023F630 | 00 00 00 00 00 00 00 00  48 F4 23 00 00 00 00 00  | ........H.#.....
000000000023F640 | 00 00 00 00 00 00 00 00  70 F5 23 00 00 00 00 00  | ........p.#.....
000000000023F650 | 18 00 00 00 02 00 00 00  A1 C9 22 00 00 00 00 00  | ..........".....
000000000023F660 | F6 8C 23 00 00 00 00 00  3C 5F 01 00 00 00 00 00  | ..#.....<_......
000000000023F670 | 97 C9 22 00 00 00 00 00  BB 8D 23 00 00 00 00 00  | ..".......#.....
000000000023F680 | 08 61 01 00 00 00 00 00  81 00 00 00 28 00 00 00  | .a..........(...
000000000023F690 | 28 00 00 00 00 00 00 00  00 00 00 00 00 00 00 00  | (...............
000000000023F6A0 | 2E 8B 23 00 00 00 00 00  50 F6 23 00 00 00 00 00  | ..#.....P.#.....
000000000023F6B0 | 00 00 00 00 00 00 00 00  00 00 00 00 00 00 00 00  | ................
000000000023F6C0 | 00 00 00 00 00 00 00 00  00 00 00 00 00 00 00 00  | ................
000000000023F6D0 | 18 00 00 00 08 00 00 00  C0 E5 22 00 00 00 00 00  | ..........".....
000000000023F6E0 | F9 8D 23 00 00 00 00 00  80 62 01 00 00 00 00 00  | ..#......b......
000000000023F6F0 | 6F C9 22 00 00 00 00 00  F6 8C 23 00 00 00 00 00  | o.".......#.....
000000000023F700 | 98 62 01 00 00 00 00 00  BD D8 22 00 00 00 00 00  | .b........".....
000000000023F710 | F6 8C 23 00 00 00 00 00  A8 62 01 00 00 00 00 00  | ..#......b......
000000000023F720 | 87 FA 22 00 00 00 00 00  F6 8C 23 00 00 00 00 00  | ..".......#.....
000000000023F730 | B8 62 01 00 00 00 00 00  AF BC 22 00 00 00 00 00  | .b........".....
000000000023F740 | F6 8C 23 00 00 00 00 00  C8 62 01 00 00 00 00 00  | ..#......b......
000000000023F750 | E1 CB 22 00 00 00 00 00  BB 8D 23 00 00 00 00 00  | ..".......#.....
000000000023F760 | 0C 64 01 00 00 00 00 00  CD CB 22 00 00 00 00 00  | .d........".....
000000000023F770 | F6 8C 23 00 00 00 00 00  90 64 01 00 00 00 00 00  | ..#......d......
000000000023F780 | 7D D8 22 00 00 00 00 00  19 8E 23 00 00 00 00 00  | }.".......#.....
000000000023F790 | B8 64 01 00 00 00 00 00  20 00 00 00 03 00 00 00  | .d...... .......
000000000023F7A0 | FC 68 24 00 00 00 00 00  B3 D3 22 00 00 00 00 00  | .h$.......".....
000000000023F7B0 | 24 8E 23 00 00 00 00 00  00 00 00 00 80 00 00 00  | $.#.............
000000000023F7C0 | 00 69 24 00 00 00 00 00  E5 D2 22 00 00 00 00 00  | .i$.......".....
000000000023F7D0 | 56 8E 23 00 00 00 00 00  02 00 00 00 5C 00 00 00  | V.#.........\...
000000000023F7E0 | 04 69 24 00 00 00 00 00  2E CB 22 00 00 00 00 00  | .i$.......".....
000000000023F7F0 | 9B 8F 23 00 00 00 00 00  02 00 00 00 04 00 00 00  | ..#.............
000000000023F800 | 80 00 00 00 08 00 00 00  E8 00 00 00 00 00 00 00  | ................
000000000023F810 | 00 00 00 00 00 00 00 00  2E 8B 23 00 00 00 00 00  | ..........#.....
000000000023F820 | D0 F6 23 00 00 00 00 00  00 00 00 00 00 00 00 00  | ..#.............
000000000023F830 | 98 F7 23 00 00 00 00 00  00 00 00 00 00 00 00 00  | ..#.............
000000000023F840 | 00 00 00 00 00 00 00 00  37 8B 23 00 00 00 00 00  | ........7.#.....
000000000023F850 | C0 25 31 00 00 00 00 00  A0 6B 24 00 00 00 00 00  | .%1......k$.....
000000000023F860 | 00 00 00 00 00 00 00 00  00 00 00 00 00 00 00 00  | ................
000000000023F870 | 00 00 00 00 00 00 00 00  00 00 00 00 00 00 00 00  | ................
000000000023F880 | 40 00 00 00 00 00 00 00  18 00 00 00 04 00 00 00  | @...............
000000000023F890 | 0A C4 22 00 00 00 00 00  F6 8C 23 00 00 00 00 00  | ..".......#.....
000000000023F8A0 | 24 04 02 00 00 00 00 00  E0 F6 22 00 00 00 00 00  | $.........".....
000000000023F8B0 | B6 8F 23 00 00 00 00 00  84 07 02 00 00 00 00 00  | ..#.............
000000000023F8C0 | F6 F6 22 00 00 00 00 00  C5 8F 23 00 00 00 00 00  | ..".......#.....
000000000023F8D0 | A8 08 02 00 00 00 00 00  A8 CB 22 00 00 00 00 00  | ..........".....
000000000023F8E0 | 19 8E 23 00 00 00 00 00  68 0F 02 00 00 00 00 00  | ..#.....h.......
000000000023F8F0 | 81 00 00 00 28 00 00 00  28 00 00 00 00 00 00 00  | ....(...(.......
000000000023F900 | 00 00 00 00 00 00 00 00  40 8B 23 00 00 00 00 00  | ........@.#.....
000000000023F910 | 88 F8 23 00 00 00 00 00  00 00 00 00 00 00 00 00  | ..#.............
000000000023F920 | 00 00 00 00 00 00 00 00  00 00 00 00 00 00 00 00  | ................
000000000023F930 | 00 00 00 00 00 00 00 00  18 00 00 00 05 00 00 00  | ................
000000000023F940 | 62 93 22 00 00 00 00 00  0A 8D 23 00 00 00 00 00  | b.".......#.....
000000000023F950 | 68 04 02 00 00 00 00 00  83 EF 22 00 00 00 00 00  | h.........".....
000000000023F960 | F6 8C 23 00 00 00 00 00  C8 04 02 00 00 00 00 00  | ..#.............
000000000023F970 | FF BD 22 00 00 00 00 00  F6 8C 23 00 00 00 00 00  | ..".......#.....
000000000023F980 | 58 05 02 00 00 00 00 00  C2 F6 22 00 00 00 00 00  | X.........".....
000000000023F990 | D7 8F 23 00 00 00 00 00  C0 05 02 00 00 00 00 00  | ..#.............
000000000023F9A0 | B2 F1 22 00 00 00 00 00  1D 8D 23 00 00 00 00 00  | ..".......#.....
000000000023F9B0 | 3C 10 02 00 00 00 00 00  20 00 00 00 02 00 00 00  | <....... .......
000000000023F9C0 | 08 69 24 00 00 00 00 00  B2 F1 22 00 00 00 00 00  | .i$.......".....
000000000023F9D0 | 6B 8D 23 00 00 00 00 00  00 00 00 00 01 00 00 00  | k.#.............
000000000023F9E0 | 0C 69 24 00 00 00 00 00  8E 9E 22 00 00 00 00 00  | .i$.......".....
000000000023F9F0 | E9 8F 23 00 00 00 00 00  03 00 00 00 70 00 00 00  | ..#.........p...
000000000023FA00 | 10 00 00 00 01 00 00 00  B2 F1 22 00 00 00 00 00  | ..........".....
000000000023FA10 | 37 A4 22 00 00 00 00 00  80 00 00 00 08 00 00 00  | 7.".............
000000000023FA20 | 80 00 00 00 00 00 00 00  00 00 00 00 00 00 00 00  | ................
000000000023FA30 | 40 8B 23 00 00 00 00 00  38 F9 23 00 00 00 00 00  | @.#.....8.#.....
000000000023FA40 | 00 00 00 00 00 00 00 00  B8 F9 23 00 00 00 00 00  | ..........#.....
000000000023FA50 | 00 00 00 00 00 00 00 00  00 FA 23 00 00 00 00 00  | ..........#.....
000000000023FA60 | 81 00 00 00 28 00 00 00  28 00 00 00 00 00 00 00  | ....(...(.......
000000000023FA70 | 00 00 00 00 00 00 00 00  54 8B 23 00 00 00 00 00  | ........T.#.....
000000000023FA80 | 00 00 00 00 00 00 00 00  00 00 00 00 00 00 00 00  | ................
000000000023FA90 | 00 00 00 00 00 00 00 00  00 00 00 00 00 00 00 00  | ................
000000000023FAA0 | 00 00 00 00 00 00 00 00  18 00 00 00 0C 00 00 00  | ................
000000000023FAB0 | 76 CC 22 00 00 00 00 00  A1 8C 23 00 00 00 00 00  | v.".......#.....
000000000023FAC0 | 84 13 02 00 00 00 00 00  62 93 22 00 00 00 00 00  | ........b.".....
000000000023FAD0 | 0A 8D 23 00 00 00 00 00  E4 13 02 00 00 00 00 00  | ..#.............
000000000023FAE0 | 94 FC 22 00 00 00 00 00  2D 8D 23 00 00 00 00 00  | ..".....-.#.....
000000000023FAF0 | 30 14 02 00 00 00 00 00  66 BB 22 00 00 00 00 00  | 0.......f.".....
000000000023FB00 | 25 8D 23 00 00 00 00 00  98 14 02 00 00 00 00 00  | %.#.............
000000000023FB10 | 84 C7 22 00 00 00 00 00  94 90 23 00 00 00 00 00  | ..".......#.....
000000000023FB20 | A4 14 02 00 00 00 00 00  53 F5 22 00 00 00 00 00  | ........S.".....
000000000023FB30 | 9C 90 23 00 00 00 00 00  AC 14 02 00 00 00 00 00  | ..#.............
000000000023FB40 | 9F D2 22 00 00 00 00 00  2D 8D 23 00 00 00 00 00  | ..".....-.#.....
000000000023FB50 | E8 14 02 00 00 00 00 00  75 BB 22 00 00 00 00 00  | ........u.".....
000000000023FB60 | 25 8D 23 00 00 00 00 00  0C 15 02 00 00 00 00 00  | %.#.............
000000000023FB70 | 9B F4 22 00 00 00 00 00  94 90 23 00 00 00 00 00  | ..".......#.....
000000000023FB80 | 20 15 02 00 00 00 00 00  5D FC 22 00 00 00 00 00  |  .......].".....
000000000023FB90 | 9C 90 23 00 00 00 00 00  28 15 02 00 00 00 00 00  | ..#.....(.......
000000000023FBA0 | 7D FA 22 00 00 00 00 00  2D 8D 23 00 00 00 00 00  | }.".....-.#.....
000000000023FBB0 | 64 15 02 00 00 00 00 00  BB E2 22 00 00 00 00 00  | d.........".....
000000000023FBC0 | 0A 8D 23 00 00 00 00 00  74 15 02 00 00 00 00 00  | ..#.....t.......
000000000023FBD0 | 20 00 00 00 04 00 00 00  10 69 24 00 00 00 00 00  |  ........i$.....
000000000023FBE0 | 70 D9 22 00 00 00 00 00  AC 90 23 00 00 00 00 00  | p.".......#.....
000000000023FBF0 | 03 00 00 00 08 00 00 00  14 69 24 00 00 00 00 00  | .........i$.....
000000000023FC00 | 22 D3 22 00 00 00 00 00  AB 8D 23 00 00 00 00 00  | ".".......#.....
000000000023FC10 | 03 00 00 00 08 00 00 00  18 69 24 00 00 00 00 00  | .........i$.....
000000000023FC20 | 52 CA 22 00 00 00 00 00  AC 90 23 00 00 00 00 00  | R.".......#.....
000000000023FC30 | 03 00 00 00 08 00 00 00  1C 69 24 00 00 00 00 00  | .........i$.....
000000000023FC40 | E4 D3 22 00 00 00 00 00  AC 90 23 00 00 00 00 00  | ..".......#.....
000000000023FC50 | 03 00 00 00 08 00 00 00  80 00 00 00 08 00 00 00  | ................
000000000023FC60 | 28 00 00 00 00 00 00 00  00 00 00 00 00 00 00 00  | (...............
000000000023FC70 | 54 8B 23 00 00 00 00 00  A8 FA 23 00 00 00 00 00  | T.#.......#.....
000000000023FC80 | 00 00 00 00 00 00 00 00  D0 FB 23 00 00 00 00 00  | ..........#.....
000000000023FC90 | 00 00 00 00 00 00 00 00  00 00 00 00 00 00 00 00  | ................
000000000023FCA0 | 85 01 00 00 28 00 00 00  28 00 00 00 00 00 00 00  | ....(...(.......
000000000023FCB0 | 00 00 00 00 00 00 00 00  5D 8B 23 00 00 00 00 00  | ........].#.....
000000000023FCC0 | 00 00 00 00 00 00 00 00  00 00 00 00 00 00 00 00  | ................
000000000023FCD0 | 00 00 00 00 00 00 00 00  00 00 00 00 00 00 00 00  | ................
000000000023FCE0 | 00 00 00 00 00 00 00 00  18 00 00 00 08 00 00 00  | ................
000000000023FCF0 | 53 CD 22 00 00 00 00 00  AE 90 23 00 00 00 00 00  | S.".......#.....
000000000023FD00 | 80 15 02 00 00 00 00 00  91 F4 22 00 00 00 00 00  | ..........".....
000000000023FD10 | 2D 8D 23 00 00 00 00 00  E4 16 02 00 00 00 00 00  | -.#.............
000000000023FD20 | 35 C6 22 00 00 00 00 00  CB 90 23 00 00 00 00 00  | 5.".......#.....
000000000023FD30 | 44 17 02 00 00 00 00 00  5D D9 22 00 00 00 00 00  | D.......].".....
000000000023FD40 | DA 90 23 00 00 00 00 00  DC 17 02 00 00 00 00 00  | ..#.............
000000000023FD50 | 5C FB 22 00 00 00 00 00  CB 90 23 00 00 00 00 00  | \.".......#.....
000000000023FD60 | E4 18 02 00 00 00 00 00  B4 93 22 00 00 00 00 00  | ..........".....
000000000023FD70 | E5 90 23 00 00 00 00 00  18 1A 02 00 00 00 00 00  | ..#.............
000000000023FD80 | C0 E3 22 00 00 00 00 00  F4 90 23 00 00 00 00 00  | ..".......#.....
000000000023FD90 | 34 1D 02 00 00 00 00 00  26 98 22 00 00 00 00 00  | 4.......&.".....
000000000023FDA0 | 0A 8D 23 00 00 00 00 00  5C 1E 02 00 00 00 00 00  | ..#.....\.......
000000000023FDB0 | 20 00 00 00 0A 00 00 00  20 69 24 00 00 00 00 00  |  ....... i$.....
000000000023FDC0 | 61 BC 22 00 00 00 00 00  9A 8D 23 00 00 00 00 00  | a.".......#.....
000000000023FDD0 | 03 00 00 00 08 00 00 00  24 69 24 00 00 00 00 00  | ........$i$.....
000000000023FDE0 | 72 F1 22 00 00 00 00 00  AB 8D 23 00 00 00 00 00  | r.".......#.....
000000000023FDF0 | 03 00 00 00 08 00 00 00  28 69 24 00 00 00 00 00  | ........(i$.....
000000000023FE00 | B8 BC 22 00 00 00 00 00  AB 8D 23 00 00 00 00 00  | ..".......#.....
000000000023FE10 | 03 00 00 00 08 00 00 00  2C 69 24 00 00 00 00 00  | ........,i$.....
000000000023FE20 | F8 D8 22 00 00 00 00 00  AB 8D 23 00 00 00 00 00  | ..".......#.....
000000000023FE30 | 03 00 00 00 08 00 00 00  30 69 24 00 00 00 00 00  | ........0i$.....
000000000023FE40 | 62 97 22 00 00 00 00 00  FF 90 23 00 00 00 00 00  | b.".......#.....
000000000023FE50 | 03 00 00 00 08 00 00 00  34 69 24 00 00 00 00 00  | ........4i$.....
000000000023FE60 | E4 E0 22 00 00 00 00 00  AB 8D 23 00 00 00 00 00  | ..".......#.....
000000000023FE70 | 03 00 00 00 08 00 00 00  38 69 24 00 00 00 00 00  | ........8i$.....
000000000023FE80 | AD F4 22 00 00 00 00 00  01 91 23 00 00 00 00 00  | ..".......#.....
000000000023FE90 | 03 00 00 00 08 00 00 00  3C 69 24 00 00 00 00 00  | ........<i$.....
000000000023FEA0 | AB C9 22 00 00 00 00 00  6B 8D 23 00 00 00 00 00  | ..".....k.#.....
000000000023FEB0 | 00 00 00 00 01 00 00 00  40 69 24 00 00 00 00 00  | ........@i$.....
000000000023FEC0 | 19 D3 22 00 00 00 00 00  AB 8D 23 00 00 00 00 00  | ..".......#.....
000000000023FED0 | 03 00 00 00 08 00 00 00  44 69 24 00 00 00 00 00  | ........Di$.....
000000000023FEE0 | CE 9D 22 00 00 00 00 00  0B 91 23 00 00 00 00 00  | ..".......#.....
000000000023FEF0 | 03 00 00 00 08 00 00 00  84 01 00 00 08 00 00 00  | ................
000000000023FF00 | 58 00 00 00 00 00 00 00  66 8B 23 00 00 00 00 00  | X.......f.#.....
000000000023FF10 | 5D 8B 23 00 00 00 00 00  E8 FC 23 00 00 00 00 00  | ].#.......#.....
000000000023FF20 | 00 00 00 00 00 00 00 00  B0 FD 23 00 00 00 00 00  | ..........#.....
000000000023FF30 | 00 00 00 00 00 00 00 00  00 00 00 00 00 00 00 00  | ................
000000000023FF40 | 85 01 00 00 28 00 00 00  28 00 00 00 00 00 00 00  | ....(...(.......
000000000023FF50 | 00 00 00 00 00 00 00 00  69 8B 23 00 00 00 00 00  | ........i.#.....
000000000023FF60 | 00 00 00 00 00 00 00 00  00 00 00 00 00 00 00 00  | ................
000000000023FF70 | 00 00 00 00 00 00 00 00  00 00 00 00 00 00 00 00  | ................
000000000023FF80 | 00 00 00 00 00 00 00 00  18 00 00 00 02 00 00 00  | ................
000000000023FF90 | 99 CD 22 00 00 00 00 00  0D 91 23 00 00 00 00 00  | ..".......#.....
000000000023FFA0 | 8C 1E 02 00 00 00 00 00  26 98 22 00 00 00 00 00  | ........&.".....
000000000023FFB0 | 0A 8D 23 00 00 00 00 00  1C 1F 02 00 00 00 00 00  | ..#.............
000000000023FFC0 | 20 00 00 00 04 00 00 00  48 69 24 00 00 00 00 00  |  .......Hi$.....
000000000023FFD0 | 61 BC 22 00 00 00 00 00  01 91 23 00 00 00 00 00  | a.".......#.....
000000000023FFE0 | 03 00 00 00 08 00 00 00  4C 69 24 00 00 00 00 00  | ........Li$.....
000000000023FFF0 | B8 BC 22 00 00 00 00 00  AB 8D 23 00 00 00 00 00  | ..".......#.....
0000000000240000 | 03 00 00 00 08 00 00 00  50 69 24 00 00 00 00 00  | ........Pi$.....
0000000000240010 | CE 9D 22 00 00 00 00 00  0B 91 23 00 00 00 00 00  | ..".......#.....
0000000000240020 | 03 00 00 00 08 00 00 00  54 69 24 00 00 00 00 00  | ........Ti$.....
0000000000240030 | 62 97 22 00 00 00 00 00  FF 90 23 00 00 00 00 00  | b.".......#.....
0000000000240040 | 03 00 00 00 08 00 00 00  84 01 00 00 08 00 00 00  | ................
0000000000240050 | 28 00 00 00 00 00 00 00  72 8B 23 00 00 00 00 00  | (.......r.#.....
0000000000240060 | 69 8B 23 00 00 00 00 00  88 FF 23 00 00 00 00 00  | i.#.......#.....
0000000000240070 | 00 00 00 00 00 00 00 00  C0 FF 23 00 00 00 00 00  | ..........#.....
0000000000240080 | 00 00 00 00 00 00 00 00  00 00 00 00 00 00 00 00  | ................
0000000000240090 | 85 01 00 00 28 00 00 00  28 00 00 00 00 00 00 00  | ....(...(.......
00000000002400A0 | 00 00 00 00 00 00 00 00  74 8B 23 00 00 00 00 00  | ........t.#.....
00000000002400B0 | 00 00 00 00 00 00 00 00  00 00 00 00 00 00 00 00  | ................
00000000002400C0 | 00 00 00 00 00 00 00 00  00 00 00 00 00 00 00 00  | ................
00000000002400D0 | 00 00 00 00 00 00 00 00  18 00 00 00 02 00 00 00  | ................
00000000002400E0 | F0 CB 22 00 00 00 00 00  AB 8F 23 00 00 00 00 00  | ..".......#.....
00000000002400F0 | 28 1F 02 00 00 00 00 00  26 98 22 00 00 00 00 00  | (.......&.".....
0000000000240100 | 0A 8D 23 00 00 00 00 00  A8 1F 02 00 00 00 00 00  | ..#.............
0000000000240110 | 20 00 00 00 01 00 00 00  58 69 24 00 00 00 00 00  |  .......Xi$.....
0000000000240120 | 2F FC 22 00 00 00 00 00  1E 91 23 00 00 00 00 00  | /.".......#.....
0000000000240130 | 03 00 00 00 08 00 00 00  84 01 00 00 08 00 00 00  | ................
0000000000240140 | 10 00 00 00 00 00 00 00  72 8B 23 00 00 00 00 00  | ........r.#.....
0000000000240150 | 74 8B 23 00 00 00 00 00  D8 00 24 00 00 00 00 00  | t.#.......$.....
0000000000240160 | 00 00 00 00 00 00 00 00  10 01 24 00 00 00 00 00  | ..........$.....
0000000000240170 | 00 00 00 00 00 00 00 00  00 00 00 00 00 00 00 00  | ................
0000000000240180 | 18 00 00 00 17 00 00 00  9A D8 22 00 00 00 00 00  | ..........".....
0000000000240190 | 19 8E 23 00 00 00 00 00  F4 81 02 00 00 00 00 00  | ..#.............
00000000002401A0 | F5 93 22 00 00 00 00 00  12 8D 23 00 00 00 00 00  | ..".......#.....
00000000002401B0 | 54 FF 02 00 00 00 00 00  A9 C7 22 00 00 00 00 00  | T.........".....
00000000002401C0 | 0A 8D 23 00 00 00 00 00  58 FF 02 00 00 00 00 00  | ..#.....X.......
00000000002401D0 | 78 FB 22 00 00 00 00 00  0A 8D 23 00 00 00 00 00  | x.".......#.....
00000000002401E0 | A4 00 03 00 00 00 00 00  A0 C7 22 00 00 00 00 00  | ..........".....
00000000002401F0 | 0A 8D 23 00 00 00 00 00  F4 01 03 00 00 00 00 00  | ..#.............
0000000000240200 | 75 F4 22 00 00 00 00 00  12 8D 23 00 00 00 00 00  | u.".......#.....
0000000000240210 | A8 03 03 00 00 00 00 00  11 C9 22 00 00 00 00 00  | ..........".....
0000000000240220 | 12 8D 23 00 00 00 00 00  A8 04 03 00 00 00 00 00  | ..#.............
0000000000240230 | B3 BB 22 00 00 00 00 00  2E 91 23 00 00 00 00 00  | ..".......#.....
0000000000240240 | 48 13 03 00 00 00 00 00  41 FC 22 00 00 00 00 00  | H.......A.".....
0000000000240250 | 40 91 23 00 00 00 00 00  E4 16 03 00 00 00 00 00  | @.#.............
0000000000240260 | 82 D3 22 00 00 00 00 00  6C 91 23 00 00 00 00 00  | ..".....l.#.....
0000000000240270 | 68 17 03 00 00 00 00 00  B5 F9 22 00 00 00 00 00  | h.........".....
0000000000240280 | A8 91 23 00 00 00 00 00  EC 17 03 00 00 00 00 00  | ..#.............
0000000000240290 | 8A C2 22 00 00 00 00 00  D4 91 23 00 00 00 00 00  | ..".......#.....
00000000002402A0 | FC 17 03 00 00 00 00 00  04 E0 22 00 00 00 00 00  | ..........".....
00000000002402B0 | 10 92 23 00 00 00 00 00  0C 18 03 00 00 00 00 00  | ..#.............
00000000002402C0 | 1B CB 22 00 00 00 00 00  AB 8F 23 00 00 00 00 00  | ..".......#.....
00000000002402D0 | 78 18 03 00 00 00 00 00  D3 FA 22 00 00 00 00 00  | x.........".....
00000000002402E0 | 32 92 23 00 00 00 00 00  EC 18 03 00 00 00 00 00  | 2.#.............
00000000002402F0 | 6A FA 22 00 00 00 00 00  3D 92 23 00 00 00 00 00  | j.".....=.#.....
0000000000240300 | 2C 19 03 00 00 00 00 00  0E E0 22 00 00 00 00 00  | ,.........".....
0000000000240310 | 3D 92 23 00 00 00 00 00  9C 19 03 00 00 00 00 00  | =.#.............
0000000000240320 | 72 D2 22 00 00 00 00 00  48 92 23 00 00 00 00 00  | r.".....H.#.....
0000000000240330 | 0C 1A 03 00 00 00 00 00  50 D2 22 00 00 00 00 00  | ........P.".....
0000000000240340 | 5B 92 23 00 00 00 00 00  20 1A 03 00 00 00 00 00  | [.#..... .......
0000000000240350 | E0 C9 22 00 00 00 00 00  F6 8C 23 00 00 00 00 00  | ..".......#.....
0000000000240360 | E0 1B 03 00 00 00 00 00  BD FB 22 00 00 00 00 00  | ..........".....
0000000000240370 | F6 8C 23 00 00 00 00 00  00 1C 03 00 00 00 00 00  | ..#.............
0000000000240380 | 99 FA 22 00 00 00 00 00  F6 8C 23 00 00 00 00 00  | ..".......#.....
0000000000240390 | 20 1C 03 00 00 00 00 00  4B FC 22 00 00 00 00 00  |  .......K.".....
00000000002403A0 | F6 8C 23 00 00 00 00 00  40 1C 03 00 00 00 00 00  | ..#.....@.......
00000000002403B0 | 85 01 00 00 28 00 00 00  28 00 00 00 00 00 00 00  | ....(...(.......
00000000002403C0 | 00 00 00 00 00 00 00 00  7E 8B 23 00 00 00 00 00  | ........~.#.....
00000000002403D0 | 80 01 24 00 00 00 00 00  00 00 00 00 00 00 00 00  | ..$.............
00000000002403E0 | 00 00 00 00 00 00 00 00  00 00 00 00 00 00 00 00  | ................
00000000002403F0 | 00 00 00 00 00 00 00 00  18 00 00 00 A7 00 00 00  | ................
0000000000240400 | CD CB 22 00 00 00 00 00  F6 8C 23 00 00 00 00 00  | ..".......#.....
0000000000240410 | B4 1F 02 00 00 00 00 00  D2 CB 22 00 00 00 00 00  | ..........".....
0000000000240420 | AB 8F 23 00 00 00 00 00  CC 1F 02 00 00 00 00 00  | ..#.............
0000000000240430 | 1E 94 22 00 00 00 00 00  9D 8F 23 00 00 00 00 00  | ..".......#.....
0000000000240440 | E4 1F 02 00 00 00 00 00  B3 CD 22 00 00 00 00 00  | ..........".....
0000000000240450 | 71 92 23 00 00 00 00 00  F4 1F 02 00 00 00 00 00  | q.#.............
0000000000240460 | 62 93 22 00 00 00 00 00  0A 8D 23 00 00 00 00 00  | b.".......#.....
0000000000240470 | 2C 23 02 00 00 00 00 00  B9 C4 22 00 00 00 00 00  | ,#........".....
0000000000240480 | F6 8C 23 00 00 00 00 00  10 24 02 00 00 00 00 00  | ..#......$......
0000000000240490 | 0B E8 22 00 00 00 00 00  82 92 23 00 00 00 00 00  | ..".......#.....
00000000002404A0 | 94 25 02 00 00 00 00 00  BA E7 22 00 00 00 00 00  | .%........".....
00000000002404B0 | 12 8D 23 00 00 00 00 00  BC 26 02 00 00 00 00 00  | ..#......&......
00000000002404C0 | BE C9 22 00 00 00 00 00  12 8D 23 00 00 00 00 00  | ..".......#.....
00000000002404D0 | CC 26 02 00 00 00 00 00  C2 C4 22 00 00 00 00 00  | .&........".....
00000000002404E0 | F6 8C 23 00 00 00 00 00  DC 26 02 00 00 00 00 00  | ..#......&......
00000000002404F0 | E2 9C 22 00 00 00 00 00  82 92 23 00 00 00 00 00  | ..".......#.....
0000000000240500 | C0 27 02 00 00 00 00 00  26 E8 22 00 00 00 00 00  | .'......&.".....
0000000000240510 | 12 8D 23 00 00 00 00 00  98 28 02 00 00 00 00 00  | ..#......(......
0000000000240520 | 4C C7 22 00 00 00 00 00  12 8D 23 00 00 00 00 00  | L.".......#.....
0000000000240530 | A8 28 02 00 00 00 00 00  54 C9 22 00 00 00 00 00  | .(......T.".....
0000000000240540 | 90 92 23 00 00 00 00 00  B8 28 02 00 00 00 00 00  | ..#......(......
0000000000240550 | E2 E7 22 00 00 00 00 00  A0 92 23 00 00 00 00 00  | ..".......#.....
0000000000240560 | C0 2A 02 00 00 00 00 00  C7 E7 22 00 00 00 00 00  | .*........".....
0000000000240570 | B1 92 23 00 00 00 00 00  60 2C 02 00 00 00 00 00  | ..#.....`,......
0000000000240580 | C8 C9 22 00 00 00 00 00  B1 92 23 00 00 00 00 00  | ..".......#.....
0000000000240590 | 70 2C 02 00 00 00 00 00  53 D1 22 00 00 00 00 00  | p,......S.".....
00000000002405A0 | 1D 8D 23 00 00 00 00 00  80 2C 02 00 00 00 00 00  | ..#......,......
00000000002405B0 | 12 E9 22 00 00 00 00 00  38 8D 23 00 00 00 00 00  | ..".....8.#.....
00000000002405C0 | 4C 2D 02 00 00 00 00 00  A5 D1 22 00 00 00 00 00  | L-........".....
00000000002405D0 | 1D 8D 23 00 00 00 00 00  00 2E 02 00 00 00 00 00  | ..#.............
00000000002405E0 | F6 EA 22 00 00 00 00 00  38 8D 23 00 00 00 00 00  | ..".....8.#.....
00000000002405F0 | CC 2E 02 00 00 00 00 00  EC D1 22 00 00 00 00 00  | ..........".....
0000000000240600 | 1D 8D 23 00 00 00 00 00  84 2F 02 00 00 00 00 00  | ..#....../......
0000000000240610 | 14 EE 22 00 00 00 00 00  38 8D 23 00 00 00 00 00  | ..".....8.#.....
0000000000240620 | 50 30 02 00 00 00 00 00  CD D9 22 00 00 00 00 00  | P0........".....
0000000000240630 | BF 92 23 00 00 00 00 00  08 31 02 00 00 00 00 00  | ..#......1......
0000000000240640 | BB EA 22 00 00 00 00 00  C7 92 23 00 00 00 00 00  | ..".......#.....
0000000000240650 | F8 31 02 00 00 00 00 00  DC F7 22 00 00 00 00 00  | .1........".....
0000000000240660 | F6 8C 23 00 00 00 00 00  9C 32 02 00 00 00 00 00  | ..#......2......
0000000000240670 | EC ED 22 00 00 00 00 00  12 8D 23 00 00 00 00 00  | ..".......#.....
0000000000240680 | AC 33 02 00 00 00 00 00  06 9E 22 00 00 00 00 00  | .3........".....
0000000000240690 | D2 92 23 00 00 00 00 00  84 34 02 00 00 00 00 00  | ..#......4......
00000000002406A0 | BE FA 22 00 00 00 00 00  E1 92 23 00 00 00 00 00  | ..".......#.....
00000000002406B0 | 9C 34 02 00 00 00 00 00  4A 9E 22 00 00 00 00 00  | .4......J.".....
00000000002406C0 | F3 92 23 00 00 00 00 00  F8 3F 02 00 00 00 00 00  | ..#......?......
00000000002406D0 | B6 E3 22 00 00 00 00 00  02 93 23 00 00 00 00 00  | ..".......#.....
00000000002406E0 | F4 47 02 00 00 00 00 00  0D 95 22 00 00 00 00 00  | .G........".....
00000000002406F0 | F3 92 23 00 00 00 00 00  10 4C 02 00 00 00 00 00  | ..#......L......
0000000000240700 | E2 97 22 00 00 00 00 00  F3 92 23 00 00 00 00 00  | ..".......#.....
0000000000240710 | 90 4E 02 00 00 00 00 00  C0 BE 22 00 00 00 00 00  | .N........".....
0000000000240720 | E1 92 23 00 00 00 00 00  68 50 02 00 00 00 00 00  | ..#.....hP......
0000000000240730 | DC BE 22 00 00 00 00 00  0D 93 23 00 00 00 00 00  | ..".......#.....
0000000000240740 | 78 50 02 00 00 00 00 00  04 BF 22 00 00 00 00 00  | xP........".....
0000000000240750 | 22 93 23 00 00 00 00 00  8C 50 02 00 00 00 00 00  | ".#......P......
0000000000240760 | 85 9B 22 00 00 00 00 00  F3 92 23 00 00 00 00 00  | ..".......#.....
0000000000240770 | F0 58 02 00 00 00 00 00  83 D9 22 00 00 00 00 00  | .X........".....
0000000000240780 | 3A 93 23 00 00 00 00 00  08 59 02 00 00 00 00 00  | :.#......Y......
0000000000240790 | 9F D9 22 00 00 00 00 00  4C 93 23 00 00 00 00 00  | ..".....L.#.....
00000000002407A0 | 1C 59 02 00 00 00 00 00  18 D2 22 00 00 00 00 00  | .Y........".....
00000000002407B0 | 3A 93 23 00 00 00 00 00  48 5D 02 00 00 00 00 00  | :.#.....H]......
00000000002407C0 | 52 D8 22 00 00 00 00 00  61 93 23 00 00 00 00 00  | R.".....a.#.....
00000000002407D0 | CC 60 02 00 00 00 00 00  41 D8 22 00 00 00 00 00  | .`......A.".....
00000000002407E0 | 72 93 23 00 00 00 00 00  9C 62 02 00 00 00 00 00  | r.#......b......
00000000002407F0 | 41 CB 22 00 00 00 00 00  80 93 23 00 00 00 00 00  | A.".......#.....
0000000000240800 | 70 63 02 00 00 00 00 00  D4 DF 22 00 00 00 00 00  | pc........".....
0000000000240810 | 92 93 23 00 00 00 00 00  8C 64 02 00 00 00 00 00  | ..#......d......
0000000000240820 | 61 E3 22 00 00 00 00 00  A4 93 23 00 00 00 00 00  | a.".......#.....
0000000000240830 | 80 65 02 00 00 00 00 00  78 C6 22 00 00 00 00 00  | .e......x.".....
0000000000240840 | B5 93 23 00 00 00 00 00  9C 68 02 00 00 00 00 00  | ..#......h......
0000000000240850 | 81 FB 22 00 00 00 00 00  B5 93 23 00 00 00 00 00  | ..".......#.....
0000000000240860 | 18 69 02 00 00 00 00 00  54 DF 22 00 00 00 00 00  | .i......T.".....
0000000000240870 | C5 8F 23 00 00 00 00 00  44 69 02 00 00 00 00 00  | ..#.....Di......
0000000000240880 | 37 95 22 00 00 00 00 00  F3 92 23 00 00 00 00 00  | 7.".......#.....
0000000000240890 | B0 6B 02 00 00 00 00 00  73 C5 22 00 00 00 00 00  | .k......s.".....
00000000002408A0 | B5 93 23 00 00 00 00 00  88 6E 02 00 00 00 00 00  | ..#......n......
00000000002408B0 | B4 9B 22 00 00 00 00 00  72 93 23 00 00 00 00 00  | ..".....r.#.....
00000000002408C0 | 00 76 02 00 00 00 00 00  A0 BB 22 00 00 00 00 00  | .v........".....
00000000002408D0 | C7 92 23 00 00 00 00 00  C4 76 02 00 00 00 00 00  | ..#......v......
00000000002408E0 | 91 D8 22 00 00 00 00 00  0A 8D 23 00 00 00 00 00  | ..".......#.....
00000000002408F0 | 30 78 02 00 00 00 00 00  41 DF 22 00 00 00 00 00  | 0x......A.".....
0000000000240900 | 0A 8D 23 00 00 00 00 00  98 78 02 00 00 00 00 00  | ..#......x......
0000000000240910 | FE 98 22 00 00 00 00 00  12 8D 23 00 00 00 00 00  | ..".......#.....
0000000000240920 | F4 78 02 00 00 00 00 00  A3 C5 22 00 00 00 00 00  | .x........".....
0000000000240930 | 0A 8D 23 00 00 00 00 00  20 7D 02 00 00 00 00 00  | ..#..... }......
0000000000240940 | 23 DC 22 00 00 00 00 00  0A 8D 23 00 00 00 00 00  | #.".......#.....
0000000000240950 | F4 7D 02 00 00 00 00 00  69 C7 22 00 00 00 00 00  | .}......i.".....
0000000000240960 | 0A 8D 23 00 00 00 00 00  9C 7E 02 00 00 00 00 00  | ..#......~......
0000000000240970 | 12 CB 22 00 00 00 00 00  0A 8D 23 00 00 00 00 00  | ..".......#.....
0000000000240980 | 44 7F 02 00 00 00 00 00  08 C9 22 00 00 00 00 00  | D.........".....
0000000000240990 | 0A 8D 23 00 00 00 00 00  EC 7F 02 00 00 00 00 00  | ..#.............
00000000002409A0 | AB F9 22 00 00 00 00 00  AB 8F 23 00 00 00 00 00  | ..".......#.....
00000000002409B0 | F4 80 02 00 00 00 00 00  D9 FB 22 00 00 00 00 00  | ..........".....
00000000002409C0 | AB 8F 23 00 00 00 00 00  74 81 02 00 00 00 00 00  | ..#.....t.......
00000000002409D0 | 13 F8 22 00 00 00 00 00  AB 8F 23 00 00 00 00 00  | ..".......#.....
00000000002409E0 | C0 82 02 00 00 00 00 00  D3 D2 22 00 00 00 00 00  | ..........".....
00000000002409F0 | F6 8C 23 00 00 00 00 00  C8 83 02 00 00 00 00 00  | ..#.............
0000000000240A00 | 3F F1 22 00 00 00 00 00  19 8E 23 00 00 00 00 00  | ?.".......#.....
0000000000240A10 | A0 84 02 00 00 00 00 00  94 C2 22 00 00 00 00 00  | ..........".....
0000000000240A20 | F6 8C 23 00 00 00 00 00  2C 85 02 00 00 00 00 00  | ..#.....,.......
0000000000240A30 | 24 C9 22 00 00 00 00 00  F6 8C 23 00 00 00 00 00  | $.".......#.....
0000000000240A40 | 18 86 02 00 00 00 00 00  99 F9 22 00 00 00 00 00  | ..........".....
0000000000240A50 | F6 8C 23 00 00 00 00 00  04 87 02 00 00 00 00 00  | ..#.............
0000000000240A60 | 25 CB 22 00 00 00 00 00  F6 8C 23 00 00 00 00 00  | %.".......#.....
0000000000240A70 | F0 87 02 00 00 00 00 00  90 E3 22 00 00 00 00 00  | ..........".....
0000000000240A80 | F6 8C 23 00 00 00 00 00  DC 88 02 00 00 00 00 00  | ..#.............
0000000000240A90 | D6 D9 22 00 00 00 00 00  AB 8F 23 00 00 00 00 00  | ..".......#.....
0000000000240AA0 | C8 89 02 00 00 00 00 00  18 D1 22 00 00 00 00 00  | ..........".....
0000000000240AB0 | 1D 8D 23 00 00 00 00 00  48 8A 02 00 00 00 00 00  | ..#.....H.......
0000000000240AC0 | F9 D0 22 00 00 00 00 00  1D 8D 23 00 00 00 00 00  | ..".......#.....
0000000000240AD0 | 3C 8B 02 00 00 00 00 00  84 BB 22 00 00 00 00 00  | <.........".....
0000000000240AE0 | F6 8C 23 00 00 00 00 00  2C 8C 02 00 00 00 00 00  | ..#.....,.......
0000000000240AF0 | 1B C9 22 00 00 00 00 00  C0 93 23 00 00 00 00 00  | ..".......#.....
0000000000240B00 | B4 8D 02 00 00 00 00 00  4F F4 22 00 00 00 00 00  | ........O.".....
0000000000240B10 | F6 8C 23 00 00 00 00 00  F8 8E 02 00 00 00 00 00  | ..#.............
0000000000240B20 | 9D C2 22 00 00 00 00 00  F6 8C 23 00 00 00 00 00  | ..".......#.....
0000000000240B30 | 50 90 02 00 00 00 00 00  94 D4 22 00 00 00 00 00  | P.........".....
0000000000240B40 | C0 93 23 00 00 00 00 00  D8 91 02 00 00 00 00 00  | ..#.............
0000000000240B50 | 1D F8 22 00 00 00 00 00  F6 8C 23 00 00 00 00 00  | ..".......#.....
0000000000240B60 | 1C 93 02 00 00 00 00 00  88 F5 22 00 00 00 00 00  | ..........".....
0000000000240B70 | F6 8C 23 00 00 00 00 00  54 93 02 00 00 00 00 00  | ..#.....T.......
0000000000240B80 | 36 DC 22 00 00 00 00 00  C0 93 23 00 00 00 00 00  | 6.".......#.....
0000000000240B90 | 8C 93 02 00 00 00 00 00  67 D3 22 00 00 00 00 00  | ........g.".....
0000000000240BA0 | C0 93 23 00 00 00 00 00  AC 93 02 00 00 00 00 00  | ..#.............
0000000000240BB0 | 6F FB 22 00 00 00 00 00  F6 8C 23 00 00 00 00 00  | o.".......#.....
0000000000240BC0 | CC 93 02 00 00 00 00 00  54 FC 22 00 00 00 00 00  | ........T.".....
0000000000240BD0 | F6 8C 23 00 00 00 00 00  04 94 02 00 00 00 00 00  | ..#.............
0000000000240BE0 | 4A F5 22 00 00 00 00 00  C0 93 23 00 00 00 00 00  | J.".......#.....
0000000000240BF0 | 3C 94 02 00 00 00 00 00  DD FA 22 00 00 00 00 00  | <.........".....
0000000000240C00 | C0 93 23 00 00 00 00 00  5C 94 02 00 00 00 00 00  | ..#.....\.......
0000000000240C10 | 48 CA 22 00 00 00 00 00  19 8E 23 00 00 00 00 00  | H.".......#.....
0000000000240C20 | 7C 94 02 00 00 00 00 00  C4 C7 22 00 00 00 00 00  | |.........".....
0000000000240C30 | 19 8E 23 00 00 00 00 00  1C 95 02 00 00 00 00 00  | ..#.............
0000000000240C40 | CA E3 22 00 00 00 00 00  C8 93 23 00 00 00 00 00  | ..".......#.....
0000000000240C50 | 90 95 02 00 00 00 00 00  E3 FB 22 00 00 00 00 00  | ..........".....
0000000000240C60 | C8 93 23 00 00 00 00 00  28 96 02 00 00 00 00 00  | ..#.....(.......
0000000000240C70 | 48 C6 22 00 00 00 00 00  19 8E 23 00 00 00 00 00  | H.".......#.....
0000000000240C80 | 94 96 02 00 00 00 00 00  36 C9 22 00 00 00 00 00  | ........6.".....
0000000000240C90 | 19 8E 23 00 00 00 00 00  34 97 02 00 00 00 00 00  | ..#.....4.......
0000000000240CA0 | E6 FA 22 00 00 00 00 00  19 8E 23 00 00 00 00 00  | ..".......#.....
0000000000240CB0 | D4 97 02 00 00 00 00 00  95 C6 22 00 00 00 00 00  | ..........".....
0000000000240CC0 | C8 93 23 00 00 00 00 00  48 98 02 00 00 00 00 00  | ..#.....H.......
0000000000240CD0 | 2C DC 22 00 00 00 00 00  C8 93 23 00 00 00 00 00  | ,.".......#.....
0000000000240CE0 | E0 98 02 00 00 00 00 00  8C D3 22 00 00 00 00 00  | ..........".....
0000000000240CF0 | F6 8C 23 00 00 00 00 00  4C 99 02 00 00 00 00 00  | ..#.....L.......
0000000000240D00 | 87 D4 22 00 00 00 00 00  F6 8C 23 00 00 00 00 00  | ..".......#.....
0000000000240D10 | 58 9B 02 00 00 00 00 00  D6 D1 22 00 00 00 00 00  | X.........".....
0000000000240D20 | 1D 8D 23 00 00 00 00 00  64 9D 02 00 00 00 00 00  | ..#.....d.......
0000000000240D30 | 67 D1 22 00 00 00 00 00  1D 8D 23 00 00 00 00 00  | g.".......#.....
0000000000240D40 | 34 9E 02 00 00 00 00 00  CD D1 22 00 00 00 00 00  | 4.........".....
0000000000240D50 | 1D 8D 23 00 00 00 00 00  04 9F 02 00 00 00 00 00  | ..#.............
0000000000240D60 | 8B FB 22 00 00 00 00 00  D3 93 23 00 00 00 00 00  | ..".......#.....
0000000000240D70 | C8 9F 02 00 00 00 00 00  9C BC 22 00 00 00 00 00  | ..........".....
0000000000240D80 | AB 8F 23 00 00 00 00 00  40 A4 02 00 00 00 00 00  | ..#.....@.......
0000000000240D90 | 4D FA 22 00 00 00 00 00  B5 93 23 00 00 00 00 00  | M.".......#.....
0000000000240DA0 | 3C A5 02 00 00 00 00 00  D4 E3 22 00 00 00 00 00  | <.........".....
0000000000240DB0 | 1D 8D 23 00 00 00 00 00  5C A8 02 00 00 00 00 00  | ..#.....\.......
0000000000240DC0 | 10 DB 22 00 00 00 00 00  1D 8D 23 00 00 00 00 00  | ..".......#.....
0000000000240DD0 | 74 A8 02 00 00 00 00 00  B0 C2 22 00 00 00 00 00  | t.........".....
0000000000240DE0 | 0A 8D 23 00 00 00 00 00  8C A8 02 00 00 00 00 00  | ..#.............
0000000000240DF0 | DD E3 22 00 00 00 00 00  0A 8D 23 00 00 00 00 00  | ..".......#.....
0000000000240E00 | C4 A8 02 00 00 00 00 00  C6 FB 22 00 00 00 00 00  | ..........".....
0000000000240E10 | 0A 8D 23 00 00 00 00 00  FC A8 02 00 00 00 00 00  | ..#.............
0000000000240E20 | 70 D3 22 00 00 00 00 00  0A 8D 23 00 00 00 00 00  | p.".......#.....
0000000000240E30 | 34 A9 02 00 00 00 00 00  81 F9 22 00 00 00 00 00  | 4.........".....
0000000000240E40 | E9 93 23 00 00 00 00 00  6C A9 02 00 00 00 00 00  | ..#.....l.......
0000000000240E50 | 5F F9 22 00 00 00 00 00  F7 93 23 00 00 00 00 00  | _.".......#.....
0000000000240E60 | 88 A9 02 00 00 00 00 00  33 F9 22 00 00 00 00 00  | ........3.".....
0000000000240E70 | 0B 94 23 00 00 00 00 00  9C A9 02 00 00 00 00 00  | ..#.............
0000000000240E80 | 17 DA 22 00 00 00 00 00  22 94 23 00 00 00 00 00  | ..".....".#.....
0000000000240E90 | 00 AB 02 00 00 00 00 00  E9 D9 22 00 00 00 00 00  | ..........".....
0000000000240EA0 | 33 94 23 00 00 00 00 00  18 AB 02 00 00 00 00 00  | 3.#.............
0000000000240EB0 | D2 DC 22 00 00 00 00 00  4A 94 23 00 00 00 00 00  | ..".....J.#.....
0000000000240EC0 | 84 AC 02 00 00 00 00 00  80 DC 22 00 00 00 00 00  | ..........".....
0000000000240ED0 | 5B 94 23 00 00 00 00 00  A0 AC 02 00 00 00 00 00  | [.#.............
0000000000240EE0 | AE DC 22 00 00 00 00 00  72 94 23 00 00 00 00 00  | ..".....r.#.....
0000000000240EF0 | B4 AC 02 00 00 00 00 00  48 DC 22 00 00 00 00 00  | ........H.".....
0000000000240F00 | 86 94 23 00 00 00 00 00  D0 AC 02 00 00 00 00 00  | ..#.............
0000000000240F10 | A4 D8 22 00 00 00 00 00  A0 94 23 00 00 00 00 00  | ..".......#.....
0000000000240F20 | 84 AE 02 00 00 00 00 00  93 BC 22 00 00 00 00 00  | ..........".....
0000000000240F30 | 0A 8D 23 00 00 00 00 00  4C B0 02 00 00 00 00 00  | ..#.....L.......
0000000000240F40 | A4 F4 22 00 00 00 00 00  0A 8D 23 00 00 00 00 00  | ..".......#.....
0000000000240F50 | 48 B2 02 00 00 00 00 00  3D D2 22 00 00 00 00 00  | H.......=.".....
0000000000240F60 | 0A 8D 23 00 00 00 00 00  10 B5 02 00 00 00 00 00  | ..#.............
0000000000240F70 | 7B C7 22 00 00 00 00 00  0A 8D 23 00 00 00 00 00  | {.".......#.....
0000000000240F80 | 34 C1 02 00 00 00 00 00  8B FC 22 00 00 00 00 00  | 4.........".....
0000000000240F90 | 0A 8D 23 00 00 00 00 00  C0 C3 02 00 00 00 00 00  | ..#.............
0000000000240FA0 | 26 F8 22 00 00 00 00 00  0A 8D 23 00 00 00 00 00  | &.".......#.....
0000000000240FB0 | 58 C6 02 00 00 00 00 00  FA DF 22 00 00 00 00 00  | X.........".....
0000000000240FC0 | C7 92 23 00 00 00 00 00  94 C6 02 00 00 00 00 00  | ..#.............
0000000000240FD0 | 7F F4 22 00 00 00 00 00  0A 8D 23 00 00 00 00 00  | ..".......#.....
0000000000240FE0 | EC C7 02 00 00 00 00 00  7C E3 22 00 00 00 00 00  | ........|.".....
0000000000240FF0 | C7 92 23 00 00 00 00 00  C4 C9 02 00 00 00 00 00  | ..#.............
0000000000241000 | E0 F9 22 00 00 00 00 00  4A 94 23 00 00 00 00 00  | ..".....J.#.....
0000000000241010 | 8C CA 02 00 00 00 00 00  B1 DF 22 00 00 00 00 00  | ..........".....
0000000000241020 | A0 94 23 00 00 00 00 00  CC CB 02 00 00 00 00 00  | ..#.............
0000000000241030 | A9 D2 22 00 00 00 00 00  0A 8D 23 00 00 00 00 00  | ..".......#.....
0000000000241040 | 98 CD 02 00 00 00 00 00  19 DB 22 00 00 00 00 00  | ..........".....
0000000000241050 | 0A 8D 23 00 00 00 00 00  4C CF 02 00 00 00 00 00  | ..#.....L.......
0000000000241060 | C4 D9 22 00 00 00 00 00  0A 8D 23 00 00 00 00 00  | ..".......#.....
0000000000241070 | 6C D5 02 00 00 00 00 00  88 F4 22 00 00 00 00 00  | l.........".....
0000000000241080 | 0A 8D 23 00 00 00 00 00  D8 D6 02 00 00 00 00 00  | ..#.............
0000000000241090 | 95 D3 22 00 00 00 00 00  C7 92 23 00 00 00 00 00  | ..".......#.....
00000000002410A0 | 14 D7 02 00 00 00 00 00  0F D2 22 00 00 00 00 00  | ..........".....
00000000002410B0 | 0A 8D 23 00 00 00 00 00  6C D8 02 00 00 00 00 00  | ..#.....l.......
00000000002410C0 | 8F F9 22 00 00 00 00 00  C7 92 23 00 00 00 00 00  | ..".......#.....
00000000002410D0 | 40 DA 02 00 00 00 00 00  3E CA 22 00 00 00 00 00  | @.......>.".....
00000000002410E0 | 12 8D 23 00 00 00 00 00  08 DB 02 00 00 00 00 00  | ..#.............
00000000002410F0 | 56 C7 22 00 00 00 00 00  0A 8D 23 00 00 00 00 00  | V.".......#.....
0000000000241100 | 8C DC 02 00 00 00 00 00  6C D8 22 00 00 00 00 00  | ........l.".....
0000000000241110 | B4 94 23 00 00 00 00 00  A4 DD 02 00 00 00 00 00  | ..#.............
0000000000241120 | AC FB 22 00 00 00 00 00  C4 94 23 00 00 00 00 00  | ..".......#.....
0000000000241130 | BC DF 02 00 00 00 00 00  8D D2 22 00 00 00 00 00  | ..........".....
0000000000241140 | 0A 8D 23 00 00 00 00 00  88 E0 02 00 00 00 00 00  | ..#.............
0000000000241150 | C1 BC 22 00 00 00 00 00  0A 8D 23 00 00 00 00 00  | ..".......#.....
0000000000241160 | F8 F2 02 00 00 00 00 00  57 FA 22 00 00 00 00 00  | ........W.".....
0000000000241170 | D5 94 23 00 00 00 00 00  D8 F9 02 00 00 00 00 00  | ..#.............
0000000000241180 | D3 BC 22 00 00 00 00 00  0A 8D 23 00 00 00 00 00  | ..".......#.....
0000000000241190 | FC FA 02 00 00 00 00 00  F0 DF 22 00 00 00 00 00  | ..........".....
00000000002411A0 | 12 8D 23 00 00 00 00 00  44 FC 02 00 00 00 00 00  | ..#.....D.......
00000000002411B0 | 72 C7 22 00 00 00 00 00  0A 8D 23 00 00 00 00 00  | r.".......#.....
00000000002411C0 | 6C FC 02 00 00 00 00 00  91 F5 22 00 00 00 00 00  | l.........".....
00000000002411D0 | 1D 8D 23 00 00 00 00 00  A8 05 03 00 00 00 00 00  | ..#.............
00000000002411E0 | 79 D9 22 00 00 00 00 00  E3 94 23 00 00 00 00 00  | y.".......#.....
00000000002411F0 | 18 07 03 00 00 00 00 00  A2 F9 22 00 00 00 00 00  | ..........".....
0000000000241200 | 1D 8D 23 00 00 00 00 00  EC 0A 03 00 00 00 00 00  | ..#.............
0000000000241210 | 43 C7 22 00 00 00 00 00  0A 8D 23 00 00 00 00 00  | C.".......#.....
0000000000241220 | 40 0C 03 00 00 00 00 00  B2 C7 22 00 00 00 00 00  | @.........".....
0000000000241230 | 1D 8D 23 00 00 00 00 00  90 0D 03 00 00 00 00 00  | ..#.............
0000000000241240 | 78 C2 22 00 00 00 00 00  1D 8D 23 00 00 00 00 00  | x.".......#.....
0000000000241250 | C0 0E 03 00 00 00 00 00  4B E7 22 00 00 00 00 00  | ........K.".....
0000000000241260 | 38 8D 23 00 00 00 00 00  8C 0F 03 00 00 00 00 00  | 8.#.............
0000000000241270 | DA D3 22 00 00 00 00 00  12 8D 23 00 00 00 00 00  | ..".......#.....
0000000000241280 | 44 10 03 00 00 00 00 00  E9 C9 22 00 00 00 00 00  | D.........".....
0000000000241290 | 12 8D 23 00 00 00 00 00  5C 10 03 00 00 00 00 00  | ..#.....\.......
00000000002412A0 | 1C DD 22 00 00 00 00 00  5F 8D 23 00 00 00 00 00  | .."....._.#.....
00000000002412B0 | 70 10 03 00 00 00 00 00  30 F1 22 00 00 00 00 00  | p.......0.".....
00000000002412C0 | EE 94 23 00 00 00 00 00  B8 10 03 00 00 00 00 00  | ..#.............
00000000002412D0 | 38 FC 22 00 00 00 00 00  EE 94 23 00 00 00 00 00  | 8.".......#.....
00000000002412E0 | F8 10 03 00 00 00 00 00  6D DF 22 00 00 00 00 00  | ........m.".....
00000000002412F0 | EE 94 23 00 00 00 00 00  2C 11 03 00 00 00 00 00  | ..#.....,.......
0000000000241300 | FA E0 22 00 00 00 00 00  F6 94 23 00 00 00 00 00  | ..".......#.....
0000000000241310 | 60 11 03 00 00 00 00 00  1A FA 22 00 00 00 00 00  | `.........".....
0000000000241320 | 0F 95 23 00 00 00 00 00  A4 11 03 00 00 00 00 00  | ..#.............
0000000000241330 | 08 CB 22 00 00 00 00 00  E3 94 23 00 00 00 00 00  | ..".......#.....
0000000000241340 | E8 11 03 00 00 00 00 00  65 AE 22 00 00 00 00 00  | ........e.".....
0000000000241350 | 1D 8D 23 00 00 00 00 00  94 12 03 00 00 00 00 00  | ..#.............
0000000000241360 | FF CA 22 00 00 00 00 00  1D 8D 23 00 00 00 00 00  | ..".......#.....
0000000000241370 | D8 12 03 00 00 00 00 00  10 D3 22 00 00 00 00 00  | ..........".....
0000000000241380 | 29 95 23 00 00 00 00 00  1C 13 03 00 00 00 00 00  | ).#.............
0000000000241390 | 26 98 22 00 00 00 00 00  0A 8D 23 00 00 00 00 00  | &.".......#.....
00000000002413A0 | 60 1C 03 00 00 00 00 00  20 00 00 00 26 00 00 00  | `....... ...&...
00000000002413B0 | 5C 69 24 00 00 00 00 00  BE C8 22 00 00 00 00 00  | \i$.......".....
00000000002413C0 | 3E 95 23 00 00 00 00 00  02 00 00 00 04 00 00 00  | >.#.............
00000000002413D0 | 60 69 24 00 00 00 00 00  A5 BE 22 00 00 00 00 00  | `i$.......".....
00000000002413E0 | 40 95 23 00 00 00 00 00  01 00 00 00 02 00 00 00  | @.#.............
00000000002413F0 | 64 69 24 00 00 00 00 00  B9 C4 22 00 00 00 00 00  | di$.......".....
0000000000241400 | 42 95 23 00 00 00 00 00  03 00 00 00 08 00 00 00  | B.#.............
0000000000241410 | 68 69 24 00 00 00 00 00  C2 C4 22 00 00 00 00 00  | hi$.......".....
0000000000241420 | 6F 8D 23 00 00 00 00 00  03 00 00 00 08 00 00 00  | o.#.............
0000000000241430 | 6C 69 24 00 00 00 00 00  38 FC 22 00 00 00 00 00  | li$.....8.".....
0000000000241440 | 9B 8F 23 00 00 00 00 00  02 00 00 00 04 00 00 00  | ..#.............
0000000000241450 | 70 69 24 00 00 00 00 00  6D DF 22 00 00 00 00 00  | pi$.....m.".....
0000000000241460 | 9B 8F 23 00 00 00 00 00  02 00 00 00 04 00 00 00  | ..#.............
0000000000241470 | 74 69 24 00 00 00 00 00  39 F8 22 00 00 00 00 00  | ti$.....9.".....
0000000000241480 | 9B 8F 23 00 00 00 00 00  02 00 00 00 04 00 00 00  | ..#.............
0000000000241490 | 78 69 24 00 00 00 00 00  8D C7 22 00 00 00 00 00  | xi$.......".....
00000000002414A0 | 50 95 23 00 00 00 00 00  03 00 00 00 08 00 00 00  | P.#.............
00000000002414B0 | 7C 69 24 00 00 00 00 00  CA BC 22 00 00 00 00 00  | |i$.......".....
00000000002414C0 | 9B 8F 23 00 00 00 00 00  02 00 00 00 04 00 00 00  | ..#.............
00000000002414D0 | 80 69 24 00 00 00 00 00  E0 D9 22 00 00 00 00 00  | .i$.......".....
00000000002414E0 | 01 91 23 00 00 00 00 00  03 00 00 00 08 00 00 00  | ..#.............
00000000002414F0 | 84 69 24 00 00 00 00 00  79 D3 22 00 00 00 00 00  | .i$.....y.".....
0000000000241500 | 01 91 23 00 00 00 00 00  03 00 00 00 08 00 00 00  | ..#.............
0000000000241510 | 88 69 24 00 00 00 00 00  3F DC 22 00 00 00 00 00  | .i$.....?.".....
0000000000241520 | 01 91 23 00 00 00 00 00  03 00 00 00 08 00 00 00  | ..#.............
0000000000241530 | 8C 69 24 00 00 00 00 00  FF C8 22 00 00 00 00 00  | .i$.......".....
0000000000241540 | 6F 8D 23 00 00 00 00 00  03 00 00 00 08 00 00 00  | o.#.............
0000000000241550 | 90 69 24 00 00 00 00 00  6F C6 22 00 00 00 00 00  | .i$.....o.".....
0000000000241560 | 59 95 23 00 00 00 00 00  03 00 00 00 08 00 00 00  | Y.#.............
0000000000241570 | 94 69 24 00 00 00 00 00  BB C7 22 00 00 00 00 00  | .i$.......".....
0000000000241580 | 59 95 23 00 00 00 00 00  03 00 00 00 08 00 00 00  | Y.#.............
0000000000241590 | 98 69 24 00 00 00 00 00  40 AE 22 00 00 00 00 00  | .i$.....@.".....
00000000002415A0 | 59 95 23 00 00 00 00 00  03 00 00 00 08 00 00 00  | Y.#.............
00000000002415B0 | 9C 69 24 00 00 00 00 00  31 DA 22 00 00 00 00 00  | .i$.....1.".....
00000000002415C0 | 59 95 23 00 00 00 00 00  03 00 00 00 08 00 00 00  | Y.#.............
00000000002415D0 | A0 69 24 00 00 00 00 00  EF E0 22 00 00 00 00 00  | .i$.......".....
00000000002415E0 | 59 95 23 00 00 00 00 00  03 00 00 00 08 00 00 00  | Y.#.............
00000000002415F0 | A4 69 24 00 00 00 00 00  A6 BC 22 00 00 00 00 00  | .i$.......".....
0000000000241600 | 59 95 23 00 00 00 00 00  03 00 00 00 08 00 00 00  | Y.#.............
0000000000241610 | A8 69 24 00 00 00 00 00  F6 C8 22 00 00 00 00 00  | .i$.......".....
0000000000241620 | 59 95 23 00 00 00 00 00  03 00 00 00 08 00 00 00  | Y.#.............
0000000000241630 | AC 69 24 00 00 00 00 00  AA BB 22 00 00 00 00 00  | .i$.......".....
0000000000241640 | 59 95 23 00 00 00 00 00  03 00 00 00 08 00 00 00  | Y.#.............
0000000000241650 | B0 69 24 00 00 00 00 00  81 C2 22 00 00 00 00 00  | .i$.......".....
0000000000241660 | 79 95 23 00 00 00 00 00  03 00 00 00 08 00 00 00  | y.#.............
0000000000241670 | B4 69 24 00 00 00 00 00  0F FA 22 00 00 00 00 00  | .i$.......".....
0000000000241680 | 79 95 23 00 00 00 00 00  03 00 00 00 08 00 00 00  | y.#.............
0000000000241690 | B8 69 24 00 00 00 00 00  53 FB 22 00 00 00 00 00  | .i$.....S.".....
00000000002416A0 | 8B 95 23 00 00 00 00 00  03 00 00 00 08 00 00 00  | ..#.............
00000000002416B0 | BC 69 24 00 00 00 00 00  C8 BB 22 00 00 00 00 00  | .i$.......".....
00000000002416C0 | 97 95 23 00 00 00 00 00  03 00 00 00 08 00 00 00  | ..#.............
00000000002416D0 | C0 69 24 00 00 00 00 00  DC D2 22 00 00 00 00 00  | .i$.......".....
00000000002416E0 | AB 8D 23 00 00 00 00 00  03 00 00 00 08 00 00 00  | ..#.............
00000000002416F0 | C4 69 24 00 00 00 00 00  70 D9 22 00 00 00 00 00  | .i$.....p.".....
0000000000241700 | A3 95 23 00 00 00 00 00  03 00 00 00 08 00 00 00  | ..#.............
0000000000241710 | C8 69 24 00 00 00 00 00  67 D9 22 00 00 00 00 00  | .i$.....g.".....
0000000000241720 | AF 95 23 00 00 00 00 00  03 00 00 00 28 00 00 00  | ..#.........(...
0000000000241730 | CC 69 24 00 00 00 00 00  FA E0 22 00 00 00 00 00  | .i$.......".....
0000000000241740 | EE 95 23 00 00 00 00 00  03 00 00 00 08 00 00 00  | ..#.............
0000000000241750 | D0 69 24 00 00 00 00 00  1A FA 22 00 00 00 00 00  | .i$.......".....
0000000000241760 | 01 96 23 00 00 00 00 00  03 00 00 00 08 00 00 00  | ..#.............
0000000000241770 | D4 69 24 00 00 00 00 00  10 D3 22 00 00 00 00 00  | .i$.......".....
0000000000241780 | 15 96 23 00 00 00 00 00  03 00 00 00 08 00 00 00  | ..#.............
0000000000241790 | D8 69 24 00 00 00 00 00  A2 FA 22 00 00 00 00 00  | .i$.......".....
00000000002417A0 | A3 95 23 00 00 00 00 00  03 00 00 00 08 00 00 00  | ..#.............
00000000002417B0 | DC 69 24 00 00 00 00 00  90 FA 22 00 00 00 00 00  | .i$.......".....
00000000002417C0 | AB 8D 23 00 00 00 00 00  03 00 00 00 08 00 00 00  | ..#.............
00000000002417D0 | E0 69 24 00 00 00 00 00  34 DB 22 00 00 00 00 00  | .i$.....4.".....
00000000002417E0 | 9B 8F 23 00 00 00 00 00  02 00 00 00 04 00 00 00  | ..#.............
00000000002417F0 | E4 69 24 00 00 00 00 00  49 AE 22 00 00 00 00 00  | .i$.....I.".....
0000000000241800 | 9B 8F 23 00 00 00 00 00  02 00 00 00 04 00 00 00  | ..#.............
0000000000241810 | E8 69 24 00 00 00 00 00  6C F5 22 00 00 00 00 00  | .i$.....l.".....
0000000000241820 | 24 96 23 00 00 00 00 00  03 00 00 00 08 00 00 00  | $.#.............
0000000000241830 | EC 69 24 00 00 00 00 00  DC F7 22 00 00 00 00 00  | .i$.......".....
0000000000241840 | 27 96 23 00 00 00 00 00  03 00 00 00 08 00 00 00  | '.#.............
0000000000241850 | F0 69 24 00 00 00 00 00  CD D9 22 00 00 00 00 00  | .i$.......".....
0000000000241860 | FF 90 23 00 00 00 00 00  03 00 00 00 08 00 00 00  | ..#.............
0000000000241870 | 10 00 00 00 14 00 00 00  B9 C4 22 00 00 00 00 00  | ..........".....
0000000000241880 | B0 94 22 00 00 00 00 00  C2 C4 22 00 00 00 00 00  | ..".......".....
0000000000241890 | A0 95 22 00 00 00 00 00  40 C9 22 00 00 00 00 00  | ..".....@.".....
00000000002418A0 | E9 A3 22 00 00 00 00 00  22 DB 22 00 00 00 00 00  | ..".....".".....
00000000002418B0 | F8 A3 22 00 00 00 00 00  EE F7 22 00 00 00 00 00  | ..".......".....
00000000002418C0 | 07 A4 22 00 00 00 00 00  CD D9 22 00 00 00 00 00  | ..".......".....
00000000002418D0 | BA A4 22 00 00 00 00 00  DC F7 22 00 00 00 00 00  | ..".......".....
00000000002418E0 | AD A3 22 00 00 00 00 00  18 D1 22 00 00 00 00 00  | ..".......".....
00000000002418F0 | 32 A4 22 00 00 00 00 00  F9 D0 22 00 00 00 00 00  | 2.".......".....
0000000000241900 | 32 A4 22 00 00 00 00 00  84 BB 22 00 00 00 00 00  | 2.".......".....
0000000000241910 | 31 A3 22 00 00 00 00 00  1B C9 22 00 00 00 00 00  | 1.".......".....
0000000000241920 | 96 A4 22 00 00 00 00 00  4F F4 22 00 00 00 00 00  | ..".....O.".....
0000000000241930 | 51 A3 22 00 00 00 00 00  9D C2 22 00 00 00 00 00  | Q.".......".....
0000000000241940 | 31 A3 22 00 00 00 00 00  94 D4 22 00 00 00 00 00  | 1.".......".....
0000000000241950 | 96 A4 22 00 00 00 00 00  8C D3 22 00 00 00 00 00  | ..".......".....
0000000000241960 | C4 9B 22 00 00 00 00 00  87 D4 22 00 00 00 00 00  | ..".......".....
0000000000241970 | C4 9B 22 00 00 00 00 00  D6 D1 22 00 00 00 00 00  | ..".......".....
0000000000241980 | 32 A4 22 00 00 00 00 00  67 D1 22 00 00 00 00 00  | 2.".....g.".....
0000000000241990 | 32 A4 22 00 00 00 00 00  CD D1 22 00 00 00 00 00  | 2.".......".....
00000000002419A0 | 32 A4 22 00 00 00 00 00  78 C2 22 00 00 00 00 00  | 2.".....x.".....
00000000002419B0 | E6 A3 22 00 00 00 00 00  84 01 00 00 08 00 00 00  | ..".............
00000000002419C0 | 40 01 00 00 00 00 00 00  87 8B 23 00 00 00 00 00  | @.........#.....
00000000002419D0 | 7E 8B 23 00 00 00 00 00  F8 03 24 00 00 00 00 00  | ~.#.......$.....
00000000002419E0 | 00 00 00 00 00 00 00 00  A8 13 24 00 00 00 00 00  | ..........$.....
00000000002419F0 | 8F 8B 23 00 00 00 00 00  70 18 24 00 00 00 00 00  | ..#.....p.$.....
0000000000241A00 | 85 01 00 00 28 00 00 00  28 00 00 00 00 00 00 00  | ....(...(.......
0000000000241A10 | 00 00 00 00 00 00 00 00  91 8B 23 00 00 00 00 00  | ..........#.....
0000000000241A20 | 00 00 00 00 00 00 00 00  00 00 00 00 00 00 00 00  | ................
0000000000241A30 | 00 00 00 00 00 00 00 00  00 00 00 00 00 00 00 00  | ................
0000000000241A40 | 00 00 00 00 00 00 00 00  18 00 00 00 07 00 00 00  | ................
0000000000241A50 | 49 CE 22 00 00 00 00 00  29 96 23 00 00 00 00 00  | I.".....).#.....
0000000000241A60 | 4C 1F 03 00 00 00 00 00  62 93 22 00 00 00 00 00  | L.......b.".....
0000000000241A70 | 0A 8D 23 00 00 00 00 00  1C 30 03 00 00 00 00 00  | ..#......0......
0000000000241A80 | A4 AF 22 00 00 00 00 00  B6 8F 23 00 00 00 00 00  | ..".......#.....
0000000000241A90 | 10 35 03 00 00 00 00 00  76 C8 22 00 00 00 00 00  | .5......v.".....
0000000000241AA0 | AF 96 23 00 00 00 00 00  A8 40 03 00 00 00 00 00  | ..#......@......
0000000000241AB0 | 07 DB 22 00 00 00 00 00  BB 96 23 00 00 00 00 00  | ..".......#.....
0000000000241AC0 | 04 4A 03 00 00 00 00 00  61 BC 22 00 00 00 00 00  | .J......a.".....
0000000000241AD0 | F6 8C 23 00 00 00 00 00  3C 4C 03 00 00 00 00 00  | ..#.....<L......
0000000000241AE0 | 26 98 22 00 00 00 00 00  0A 8D 23 00 00 00 00 00  | &.".......#.....
0000000000241AF0 | 44 4C 03 00 00 00 00 00  20 00 00 00 02 00 00 00  | DL...... .......
0000000000241B00 | F4 69 24 00 00 00 00 00  4A A9 22 00 00 00 00 00  | .i$.....J.".....
0000000000241B10 | D0 96 23 00 00 00 00 00  03 00 00 00 08 00 00 00  | ..#.............
0000000000241B20 | F8 69 24 00 00 00 00 00  41 A9 22 00 00 00 00 00  | .i$.....A.".....
0000000000241B30 | 9A 8D 23 00 00 00 00 00  03 00 00 00 08 00 00 00  | ..#.............
0000000000241B40 | 10 00 00 00 02 00 00 00  07 DB 22 00 00 00 00 00  | ..........".....
0000000000241B50 | 9B A4 22 00 00 00 00 00  61 BC 22 00 00 00 00 00  | ..".....a.".....
0000000000241B60 | 71 91 22 00 00 00 00 00  84 01 00 00 08 00 00 00  | q.".............
0000000000241B70 | 18 00 00 00 00 00 00 00  8F 8B 23 00 00 00 00 00  | ..........#.....
0000000000241B80 | 91 8B 23 00 00 00 00 00  48 1A 24 00 00 00 00 00  | ..#.....H.$.....
0000000000241B90 | 00 00 00 00 00 00 00 00  F8 1A 24 00 00 00 00 00  | ..........$.....
0000000000241BA0 | 00 00 00 00 00 00 00 00  40 1B 24 00 00 00 00 00  | ........@.$.....
0000000000241BB0 | 9A 8B 23 00 00 00 00 00  68 21 31 00 00 00 00 00  | ..#.....h!1.....
0000000000241BC0 | C8 6E 24 00 00 00 00 00  A8 70 24 00 00 00 00 00  | .n$......p$.....
0000000000241BD0 | 00 00 00 00 00 00 00 00  00 00 00 00 00 00 00 00  | ................
0000000000241BE0 | 00 00 00 00 00 00 00 00  40 00 00 00 00 00 00 00  | ........@.......
0000000000241BF0 | 18 00 00 00 04 00 00 00  43 D4 22 00 00 00 00 00  | ........C.".....
0000000000241C00 | DF 96 23 00 00 00 00 00  7C 53 03 00 00 00 00 00  | ..#.....|S......
0000000000241C10 | 24 C4 22 00 00 00 00 00  61 97 23 00 00 00 00 00  | $.".....a.#.....
0000000000241C20 | D0 59 03 00 00 00 00 00  6E D4 22 00 00 00 00 00  | .Y......n.".....
0000000000241C30 | AC 8C 23 00 00 00 00 00  F0 5C 03 00 00 00 00 00  | ..#......\......
0000000000241C40 | 5B C4 22 00 00 00 00 00  E7 97 23 00 00 00 00 00  | [.".......#.....
0000000000241C50 | 44 60 03 00 00 00 00 00  85 01 00 00 28 00 00 00  | D`..........(...
0000000000241C60 | 28 00 00 00 00 00 00 00  00 00 00 00 00 00 00 00  | (...............
0000000000241C70 | B4 8B 23 00 00 00 00 00  F0 1B 24 00 00 00 00 00  | ..#.......$.....
0000000000241C80 | 00 00 00 00 00 00 00 00  00 00 00 00 00 00 00 00  | ................
0000000000241C90 | 00 00 00 00 00 00 00 00  00 00 00 00 00 00 00 00  | ................
0000000000241CA0 | 18 00 00 00 13 00 00 00  9D 9A 22 00 00 00 00 00  | ..........".....
0000000000241CB0 | FC 97 23 00 00 00 00 00  30 63 03 00 00 00 00 00  | ..#.....0c......
0000000000241CC0 | 8F D0 22 00 00 00 00 00  0E 98 23 00 00 00 00 00  | ..".......#.....
0000000000241CD0 | 84 69 03 00 00 00 00 00  8F CB 22 00 00 00 00 00  | .i........".....
0000000000241CE0 | F6 8C 23 00 00 00 00 00  70 7C 03 00 00 00 00 00  | ..#.....p|......
0000000000241CF0 | 17 C4 22 00 00 00 00 00  12 8D 23 00 00 00 00 00  | ..".......#.....
0000000000241D00 | EC 82 03 00 00 00 00 00  9B AF 22 00 00 00 00 00  | ..........".....
0000000000241D10 | 12 8D 23 00 00 00 00 00  4C 8E 03 00 00 00 00 00  | ..#.....L.......
0000000000241D20 | 37 CB 22 00 00 00 00 00  3D 92 23 00 00 00 00 00  | 7.".....=.#.....
0000000000241D30 | 88 9B 03 00 00 00 00 00  6B F4 22 00 00 00 00 00  | ........k.".....
0000000000241D40 | 12 8D 23 00 00 00 00 00  B0 A5 03 00 00 00 00 00  | ..#.............
0000000000241D50 | 6F C8 22 00 00 00 00 00  0A 8D 23 00 00 00 00 00  | o.".......#.....
0000000000241D60 | 80 DF 03 00 00 00 00 00  9F C6 22 00 00 00 00 00  | ..........".....
0000000000241D70 | F6 8C 23 00 00 00 00 00  74 F9 03 00 00 00 00 00  | ..#.....t.......
0000000000241D80 | 5D E8 22 00 00 00 00 00  12 8D 23 00 00 00 00 00  | ].".......#.....
0000000000241D90 | 84 F9 03 00 00 00 00 00  2B DB 22 00 00 00 00 00  | ........+.".....
0000000000241DA0 | F6 8C 23 00 00 00 00 00  D4 FB 03 00 00 00 00 00  | ..#.............
0000000000241DB0 | 03 EB 22 00 00 00 00 00  12 8D 23 00 00 00 00 00  | ..".......#.....
0000000000241DC0 | 0C FE 03 00 00 00 00 00  0E DD 22 00 00 00 00 00  | ..........".....
0000000000241DD0 | F6 8C 23 00 00 00 00 00  60 00 04 00 00 00 00 00  | ..#.....`.......
0000000000241DE0 | 9A EB 22 00 00 00 00 00  12 8D 23 00 00 00 00 00  | ..".......#.....
0000000000241DF0 | A8 02 04 00 00 00 00 00  74 EF 22 00 00 00 00 00  | ........t.".....
0000000000241E00 | 1D 98 23 00 00 00 00 00  B4 02 04 00 00 00 00 00  | ..#.............
0000000000241E10 | E4 EC 22 00 00 00 00 00  8F 98 23 00 00 00 00 00  | ..".......#.....
0000000000241E20 | E4 02 04 00 00 00 00 00  00 F8 22 00 00 00 00 00  | ..........".....
0000000000241E30 | 1D 8D 23 00 00 00 00 00  78 05 04 00 00 00 00 00  | ..#.....x.......
0000000000241E40 | 21 EE 22 00 00 00 00 00  38 8D 23 00 00 00 00 00  | !.".....8.#.....
0000000000241E50 | C4 07 04 00 00 00 00 00  26 98 22 00 00 00 00 00  | ........&.".....
0000000000241E60 | 0A 8D 23 00 00 00 00 00  04 0A 04 00 00 00 00 00  | ..#.............
0000000000241E70 | 20 00 00 00 07 00 00 00  10 6A 24 00 00 00 00 00  |  ........j$.....
0000000000241E80 | 46 F4 22 00 00 00 00 00  05 99 23 00 00 00 00 00  | F.".......#.....
0000000000241E90 | 02 00 00 00 80 01 00 00  0C 6A 24 00 00 00 00 00  | .........j$.....
0000000000241EA0 | 54 A9 22 00 00 00 00 00  9A 8D 23 00 00 00 00 00  | T.".......#.....
0000000000241EB0 | 03 00 00 00 08 00 00 00  14 6A 24 00 00 00 00 00  | .........j$.....
0000000000241EC0 | 9F AD 22 00 00 00 00 00  6B 8D 23 00 00 00 00 00  | ..".....k.#.....
0000000000241ED0 | 00 00 00 00 01 00 00 00  FC 69 24 00 00 00 00 00  | .........i$.....
0000000000241EE0 | 27 AA 22 00 00 00 00 00  01 91 23 00 00 00 00 00  | '.".......#.....
0000000000241EF0 | 03 00 00 00 08 00 00 00  00 6A 24 00 00 00 00 00  | .........j$.....
0000000000241F00 | F4 AA 22 00 00 00 00 00  01 91 23 00 00 00 00 00  | ..".......#.....
0000000000241F10 | 03 00 00 00 08 00 00 00  08 6A 24 00 00 00 00 00  | .........j$.....
0000000000241F20 | 29 AB 22 00 00 00 00 00  14 99 23 00 00 00 00 00  | ).".......#.....
0000000000241F30 | 03 00 00 00 08 00 00 00  04 6A 24 00 00 00 00 00  | .........j$.....
0000000000241F40 | 11 AD 22 00 00 00 00 00  20 99 23 00 00 00 00 00  | .."..... .#.....
0000000000241F50 | 03 00 00 00 68 00 00 00  10 00 00 00 06 00 00 00  | ....h...........
0000000000241F60 | 8F CB 22 00 00 00 00 00  D5 9B 22 00 00 00 00 00  | ..".......".....
0000000000241F70 | 9F C6 22 00 00 00 00 00  95 9B 22 00 00 00 00 00  | ..".......".....
0000000000241F80 | 2B DB 22 00 00 00 00 00  1D 95 22 00 00 00 00 00  | +.".......".....
0000000000241F90 | 0E DD 22 00 00 00 00 00  15 A3 22 00 00 00 00 00  | ..".......".....
0000000000241FA0 | 00 F8 22 00 00 00 00 00  B2 91 22 00 00 00 00 00  | ..".......".....
0000000000241FB0 | 74 EF 22 00 00 00 00 00  0E A5 22 00 00 00 00 00  | t.".......".....
0000000000241FC0 | 84 01 00 00 48 00 00 00  58 02 00 00 00 00 00 00  | ....H...X.......
0000000000241FD0 | C6 8B 23 00 00 00 00 00  B4 8B 23 00 00 00 00 00  | ..#.......#.....
0000000000241FE0 | A0 1C 24 00 00 00 00 00  00 00 00 00 00 00 00 00  | ..$.............
0000000000241FF0 | 70 1E 24 00 00 00 00 00  00 00 00 00 00 00 00 00  | p.$.............
0000000000242000 | 58 1F 24 00 00 00 00 00  18 00 00 00 03 00 00 00  | X.$.............
0000000000242010 | CA E0 22 00 00 00 00 00  AB 8F 23 00 00 00 00 00  | ..".......#.....
0000000000242020 | C4 0C 04 00 00 00 00 00  B1 E0 22 00 00 00 00 00  | ..........".....
0000000000242030 | 68 9A 23 00 00 00 00 00  34 0D 04 00 00 00 00 00  | h.#.....4.......
0000000000242040 | 8F E0 22 00 00 00 00 00  F6 8C 23 00 00 00 00 00  | ..".......#.....
0000000000242050 | 98 0D 04 00 00 00 00 00  81 00 00 00 28 00 00 00  | ............(...
0000000000242060 | 28 00 00 00 00 00 00 00  00 00 00 00 00 00 00 00  | (...............
0000000000242070 | CC 8B 23 00 00 00 00 00  08 20 24 00 00 00 00 00  | ..#...... $.....
0000000000242080 | 00 00 00 00 00 00 00 00  00 00 00 00 00 00 00 00  | ................
0000000000242090 | 00 00 00 00 00 00 00 00  00 00 00 00 00 00 00 00  | ................
00000000002420A0 | 18 00 00 00 06 00 00 00  64 F1 22 00 00 00 00 00  | ........d.".....
00000000002420B0 | 1D 8D 23 00 00 00 00 00  00 0E 04 00 00 00 00 00  | ..#.............
00000000002420C0 | 99 F1 22 00 00 00 00 00  0A 8D 23 00 00 00 00 00  | ..".......#.....
00000000002420D0 | 28 10 04 00 00 00 00 00  62 93 22 00 00 00 00 00  | (.......b.".....
00000000002420E0 | 0A 8D 23 00 00 00 00 00  6C 10 04 00 00 00 00 00  | ..#.....l.......
00000000002420F0 | 58 DA 22 00 00 00 00 00  86 9A 23 00 00 00 00 00  | X.".......#.....
0000000000242100 | C4 10 04 00 00 00 00 00  27 C1 22 00 00 00 00 00  | ........'.".....
0000000000242110 | 1D 8D 23 00 00 00 00 00  B4 11 04 00 00 00 00 00  | ..#.............
0000000000242120 | 1E C2 22 00 00 00 00 00  91 9A 23 00 00 00 00 00  | ..".......#.....
0000000000242130 | 60 12 04 00 00 00 00 00  20 00 00 00 01 00 00 00  | `....... .......
0000000000242140 | 18 6A 24 00 00 00 00 00  5F AC 22 00 00 00 00 00  | .j$....._.".....
0000000000242150 | 99 9A 23 00 00 00 00 00  03 00 00 00 08 00 00 00  | ..#.............
0000000000242160 | 80 00 00 00 08 00 00 00  10 00 00 00 00 00 00 00  | ................
0000000000242170 | 00 00 00 00 00 00 00 00  CC 8B 23 00 00 00 00 00  | ..........#.....
0000000000242180 | A0 20 24 00 00 00 00 00  00 00 00 00 00 00 00 00  | . $.............
0000000000242190 | 38 21 24 00 00 00 00 00  00 00 00 00 00 00 00 00  | 8!$.............
00000000002421A0 | 00 00 00 00 00 00 00 00  18 00 00 00 04 00 00 00  | ................
00000000002421B0 | 9E F6 22 00 00 00 00 00  DF 96 23 00 00 00 00 00  | ..".......#.....
00000000002421C0 | 18 13 04 00 00 00 00 00  5B F6 22 00 00 00 00 00  | ........[.".....
00000000002421D0 | B5 9A 23 00 00 00 00 00  0C 16 04 00 00 00 00 00  | ..#.............
00000000002421E0 | E6 F5 22 00 00 00 00 00  61 97 23 00 00 00 00 00  | ..".....a.#.....
00000000002421F0 | B8 1A 04 00 00 00 00 00  1C F6 22 00 00 00 00 00  | ..........".....
0000000000242200 | 43 9B 23 00 00 00 00 00  04 21 04 00 00 00 00 00  | C.#......!......
0000000000242210 | 85 01 00 00 28 00 00 00  28 00 00 00 00 00 00 00  | ....(...(.......
0000000000242220 | 00 00 00 00 00 00 00 00  D5 8B 23 00 00 00 00 00  | ..........#.....
0000000000242230 | A8 21 24 00 00 00 00 00  00 00 00 00 00 00 00 00  | .!$.............
0000000000242240 | 00 00 00 00 00 00 00 00  00 00 00 00 00 00 00 00  | ................
0000000000242250 | 00 00 00 00 00 00 00 00  18 00 00 00 10 00 00 00  | ................
0000000000242260 | 37 CF 22 00 00 00 00 00  CD 9B 23 00 00 00 00 00  | 7.".......#.....
0000000000242270 | 64 25 04 00 00 00 00 00  68 CF 22 00 00 00 00 00  | d%......h.".....
0000000000242280 | 50 9C 23 00 00 00 00 00  94 29 04 00 00 00 00 00  | P.#......)......
0000000000242290 | A2 CF 22 00 00 00 00 00  D7 9C 23 00 00 00 00 00  | ..".......#.....
00000000002422A0 | 5C 58 04 00 00 00 00 00  C3 CF 22 00 00 00 00 00  | \X........".....
00000000002422B0 | 56 9D 23 00 00 00 00 00  AC 59 04 00 00 00 00 00  | V.#......Y......
00000000002422C0 | E5 CA 22 00 00 00 00 00  F6 8C 23 00 00 00 00 00  | ..".......#.....
00000000002422D0 | 1C 7F 04 00 00 00 00 00  9B AF 22 00 00 00 00 00  | ..........".....
00000000002422E0 | 12 8D 23 00 00 00 00 00  5C 87 04 00 00 00 00 00  | ..#.....\.......
00000000002422F0 | 6F C8 22 00 00 00 00 00  0A 8D 23 00 00 00 00 00  | o.".......#.....
0000000000242300 | 3C A1 04 00 00 00 00 00  BF F9 22 00 00 00 00 00  | <.........".....
0000000000242310 | F6 8C 23 00 00 00 00 00  28 AC 04 00 00 00 00 00  | ..#.....(.......
0000000000242320 | C8 EE 22 00 00 00 00 00  12 8D 23 00 00 00 00 00  | ..".......#.....
0000000000242330 | 38 AC 04 00 00 00 00 00  2E F4 22 00 00 00 00 00  | 8.........".....
0000000000242340 | F6 8C 23 00 00 00 00 00  7C AE 04 00 00 00 00 00  | ..#.....|.......
0000000000242350 | F1 EC 22 00 00 00 00 00  12 8D 23 00 00 00 00 00  | ..".......#.....
0000000000242360 | 80 B0 04 00 00 00 00 00  2A F9 22 00 00 00 00 00  | ........*.".....
0000000000242370 | F6 8C 23 00 00 00 00 00  88 B2 04 00 00 00 00 00  | ..#.............
0000000000242380 | BB EE 22 00 00 00 00 00  12 8D 23 00 00 00 00 00  | ..".......#.....
0000000000242390 | 98 B2 04 00 00 00 00 00  CA D2 22 00 00 00 00 00  | ..........".....
00000000002423A0 | 1D 8D 23 00 00 00 00 00  D0 B4 04 00 00 00 00 00  | ..#.............
00000000002423B0 | E3 E9 22 00 00 00 00 00  38 8D 23 00 00 00 00 00  | ..".....8.#.....
00000000002423C0 | D0 B6 04 00 00 00 00 00  26 98 22 00 00 00 00 00  | ........&.".....
00000000002423D0 | 0A 8D 23 00 00 00 00 00  1C B9 04 00 00 00 00 00  | ..#.............
00000000002423E0 | 20 00 00 00 05 00 00 00  1C 6A 24 00 00 00 00 00  |  ........j$.....
00000000002423F0 | 46 F4 22 00 00 00 00 00  05 99 23 00 00 00 00 00  | F.".......#.....
0000000000242400 | 02 00 00 00 80 01 00 00  2C 6A 24 00 00 00 00 00  | ........,j$.....
0000000000242410 | C8 AA 22 00 00 00 00 00  6B 8D 23 00 00 00 00 00  | ..".....k.#.....
0000000000242420 | 00 00 00 00 01 00 00 00  20 6A 24 00 00 00 00 00  | ........ j$.....
0000000000242430 | D5 AD 22 00 00 00 00 00  01 91 23 00 00 00 00 00  | ..".......#.....
0000000000242440 | 03 00 00 00 08 00 00 00  24 6A 24 00 00 00 00 00  | ........$j$.....
0000000000242450 | 2F AD 22 00 00 00 00 00  01 91 23 00 00 00 00 00  | /.".......#.....
0000000000242460 | 03 00 00 00 08 00 00 00  28 6A 24 00 00 00 00 00  | ........(j$.....
0000000000242470 | CB AD 22 00 00 00 00 00  01 91 23 00 00 00 00 00  | ..".......#.....
0000000000242480 | 03 00 00 00 08 00 00 00  10 00 00 00 04 00 00 00  | ................
0000000000242490 | BF F9 22 00 00 00 00 00  F3 94 22 00 00 00 00 00  | ..".......".....
00000000002424A0 | 2E F4 22 00 00 00 00 00  C9 94 22 00 00 00 00 00  | ..".......".....
00000000002424B0 | 2A F9 22 00 00 00 00 00  6B 9B 22 00 00 00 00 00  | *.".....k.".....
00000000002424C0 | CA D2 22 00 00 00 00 00  34 98 22 00 00 00 00 00  | ..".....4.".....
00000000002424D0 | 84 01 00 00 48 00 00 00  E8 01 00 00 00 00 00 00  | ....H...........
00000000002424E0 | E0 8B 23 00 00 00 00 00  D5 8B 23 00 00 00 00 00  | ..#.......#.....
00000000002424F0 | 58 22 24 00 00 00 00 00  00 00 00 00 00 00 00 00  | X"$.............
0000000000242500 | E0 23 24 00 00 00 00 00  00 00 00 00 00 00 00 00  | .#$.............
0000000000242510 | 88 24 24 00 00 00 00 00  85 01 00 00 28 00 00 00  | .$$.........(...
0000000000242520 | 28 00 00 00 00 00 00 00  00 00 00 00 00 00 00 00  | (...............
0000000000242530 | E5 8B 23 00 00 00 00 00  00 00 00 00 00 00 00 00  | ..#.............
0000000000242540 | 00 00 00 00 00 00 00 00  00 00 00 00 00 00 00 00  | ................
0000000000242550 | 00 00 00 00 00 00 00 00  00 00 00 00 00 00 00 00  | ................
0000000000242560 | 18 00 00 00 70 00 00 00  85 DE 22 00 00 00 00 00  | ....p.....".....
0000000000242570 | B1 92 23 00 00 00 00 00  34 B8 05 00 00 00 00 00  | ..#.....4.......
0000000000242580 | 0E FC 22 00 00 00 00 00  1D 8D 23 00 00 00 00 00  | ..".......#.....
0000000000242590 | 38 21 06 00 00 00 00 00  C2 91 22 00 00 00 00 00  | 8!........".....
00000000002425A0 | 82 92 23 00 00 00 00 00  90 2A 06 00 00 00 00 00  | ..#......*......
00000000002425B0 | CE C7 22 00 00 00 00 00  0A 8D 23 00 00 00 00 00  | ..".......#.....
00000000002425C0 | 3C 9D 06 00 00 00 00 00  3F 99 22 00 00 00 00 00  | <.......?.".....
00000000002425D0 | E1 9D 23 00 00 00 00 00  34 E2 06 00 00 00 00 00  | ..#.....4.......
00000000002425E0 | 32 FB 22 00 00 00 00 00  1D 8D 23 00 00 00 00 00  | 2.".......#.....
00000000002425F0 | EC ED 06 00 00 00 00 00  00 E5 22 00 00 00 00 00  | ..........".....
0000000000242600 | B1 92 23 00 00 00 00 00  30 05 07 00 00 00 00 00  | ..#.....0.......
0000000000242610 | 37 F4 22 00 00 00 00 00  9D 8F 23 00 00 00 00 00  | 7.".......#.....
0000000000242620 | 10 23 07 00 00 00 00 00  C4 93 22 00 00 00 00 00  | .#........".....
0000000000242630 | F2 9D 23 00 00 00 00 00  28 54 07 00 00 00 00 00  | ..#.....(T......
0000000000242640 | 7B 9A 22 00 00 00 00 00  03 9E 23 00 00 00 00 00  | {.".......#.....
0000000000242650 | E0 8B 07 00 00 00 00 00  11 FB 22 00 00 00 00 00  | ..........".....
0000000000242660 | F6 8C 23 00 00 00 00 00  24 8E 07 00 00 00 00 00  | ..#.....$.......
0000000000242670 | EC DC 22 00 00 00 00 00  AB 8F 23 00 00 00 00 00  | ..".......#.....
0000000000242680 | 44 9B 07 00 00 00 00 00  EE D2 22 00 00 00 00 00  | D.........".....
0000000000242690 | AB 8F 23 00 00 00 00 00  50 A6 07 00 00 00 00 00  | ..#.....P.......
00000000002426A0 | DC BC 22 00 00 00 00 00  AB 8F 23 00 00 00 00 00  | ..".......#.....
00000000002426B0 | 9C B2 07 00 00 00 00 00  0B E4 22 00 00 00 00 00  | ..........".....
00000000002426C0 | F6 8C 23 00 00 00 00 00  30 BE 07 00 00 00 00 00  | ..#.....0.......
00000000002426D0 | 40 93 22 00 00 00 00 00  AB 8F 23 00 00 00 00 00  | @.".......#.....
00000000002426E0 | 34 C7 07 00 00 00 00 00  FB F9 22 00 00 00 00 00  | 4.........".....
00000000002426F0 | B1 92 23 00 00 00 00 00  B4 C9 07 00 00 00 00 00  | ..#.............
0000000000242700 | E6 E3 22 00 00 00 00 00  0F 9E 23 00 00 00 00 00  | ..".......#.....
0000000000242710 | 88 DC 07 00 00 00 00 00  42 F8 22 00 00 00 00 00  | ........B.".....
0000000000242720 | 1D 9E 23 00 00 00 00 00  D0 DE 07 00 00 00 00 00  | ..#.............
0000000000242730 | 89 D1 22 00 00 00 00 00  3D 92 23 00 00 00 00 00  | ..".....=.#.....
0000000000242740 | 68 0B 08 00 00 00 00 00  08 9B 22 00 00 00 00 00  | h.........".....
0000000000242750 | 3D 92 23 00 00 00 00 00  A0 34 08 00 00 00 00 00  | =.#......4......
0000000000242760 | 51 9A 22 00 00 00 00 00  3D 92 23 00 00 00 00 00  | Q.".....=.#.....
0000000000242770 | 74 AD 08 00 00 00 00 00  F9 F4 22 00 00 00 00 00  | t.........".....
0000000000242780 | AB 8F 23 00 00 00 00 00  68 0D 0A 00 00 00 00 00  | ..#.....h.......
0000000000242790 | 5B 92 22 00 00 00 00 00  AB 8F 23 00 00 00 00 00  | [.".......#.....
00000000002427A0 | 50 18 0A 00 00 00 00 00  E3 A4 22 00 00 00 00 00  | P.........".....
00000000002427B0 | B1 92 23 00 00 00 00 00  38 23 0A 00 00 00 00 00  | ..#.....8#......
00000000002427C0 | 76 DF 22 00 00 00 00 00  0A 8D 23 00 00 00 00 00  | v.".......#.....
00000000002427D0 | 10 2F 0A 00 00 00 00 00  47 E0 22 00 00 00 00 00  | ./......G.".....
00000000002427E0 | 19 8E 23 00 00 00 00 00  7C 54 0A 00 00 00 00 00  | ..#.....|T......
00000000002427F0 | BD 9A 22 00 00 00 00 00  F6 8C 23 00 00 00 00 00  | ..".......#.....
0000000000242800 | A8 6B 0A 00 00 00 00 00  55 EC 22 00 00 00 00 00  | .k......U.".....
0000000000242810 | 12 8D 23 00 00 00 00 00  E8 6D 0A 00 00 00 00 00  | ..#......m......
0000000000242820 | 35 BD 22 00 00 00 00 00  F6 8C 23 00 00 00 00 00  | 5.".......#.....
0000000000242830 | F4 6D 0A 00 00 00 00 00  99 E6 22 00 00 00 00 00  | .m........".....
0000000000242840 | 12 8D 23 00 00 00 00 00  84 70 0A 00 00 00 00 00  | ..#......p......
0000000000242850 | 91 91 22 00 00 00 00 00  F6 8C 23 00 00 00 00 00  | ..".......#.....
0000000000242860 | 94 72 0A 00 00 00 00 00  76 E5 22 00 00 00 00 00  | .r......v.".....
0000000000242870 | 12 8D 23 00 00 00 00 00  E4 74 0A 00 00 00 00 00  | ..#......t......
0000000000242880 | 0E 99 22 00 00 00 00 00  F6 8C 23 00 00 00 00 00  | ..".......#.....
0000000000242890 | F4 76 0A 00 00 00 00 00  1F E9 22 00 00 00 00 00  | .v........".....
00000000002428A0 | 12 8D 23 00 00 00 00 00  44 79 0A 00 00 00 00 00  | ..#.....Dy......
00000000002428B0 | AF 99 22 00 00 00 00 00  F6 8C 23 00 00 00 00 00  | ..".......#.....
00000000002428C0 | 50 79 0A 00 00 00 00 00  15 EA 22 00 00 00 00 00  | Py........".....
00000000002428D0 | 12 8D 23 00 00 00 00 00  58 79 0A 00 00 00 00 00  | ..#.....Xy......
00000000002428E0 | DE 92 22 00 00 00 00 00  F6 8C 23 00 00 00 00 00  | ..".......#.....
00000000002428F0 | CC 7B 0A 00 00 00 00 00  44 E9 22 00 00 00 00 00  | .{......D.".....
0000000000242900 | 12 8D 23 00 00 00 00 00  28 7E 0A 00 00 00 00 00  | ..#.....(~......
0000000000242910 | 10 9A 22 00 00 00 00 00  F6 8C 23 00 00 00 00 00  | ..".......#.....
0000000000242920 | 34 7E 0A 00 00 00 00 00  C8 EA 22 00 00 00 00 00  | 4~........".....
0000000000242930 | 12 8D 23 00 00 00 00 00  70 80 0A 00 00 00 00 00  | ..#.....p.......
0000000000242940 | FE BC 22 00 00 00 00 00  F6 8C 23 00 00 00 00 00  | ..".......#.....
0000000000242950 | 80 82 0A 00 00 00 00 00  74 E6 22 00 00 00 00 00  | ........t.".....
0000000000242960 | 12 8D 23 00 00 00 00 00  C8 84 0A 00 00 00 00 00  | ..#.............
0000000000242970 | 64 F8 22 00 00 00 00 00  F6 8C 23 00 00 00 00 00  | d.".......#.....
0000000000242980 | 80 87 0A 00 00 00 00 00  2E EE 22 00 00 00 00 00  | ..........".....
0000000000242990 | 12 8D 23 00 00 00 00 00  44 89 0A 00 00 00 00 00  | ..#.....D.......
00000000002429A0 | 9D 92 22 00 00 00 00 00  F6 8C 23 00 00 00 00 00  | ..".......#.....
00000000002429B0 | 50 89 0A 00 00 00 00 00  A9 E8 22 00 00 00 00 00  | P.........".....
00000000002429C0 | 12 8D 23 00 00 00 00 00  58 89 0A 00 00 00 00 00  | ..#.....X.......
00000000002429D0 | AC 98 22 00 00 00 00 00  F6 8C 23 00 00 00 00 00  | ..".......#.....
00000000002429E0 | 64 89 0A 00 00 00 00 00  7D E7 22 00 00 00 00 00  | d.......}.".....
00000000002429F0 | 12 8D 23 00 00 00 00 00  CC 8B 0A 00 00 00 00 00  | ..#.............
0000000000242A00 | 05 A6 22 00 00 00 00 00  F6 8C 23 00 00 00 00 00  | ..".......#.....
0000000000242A10 | DC 8D 0A 00 00 00 00 00  2A EF 22 00 00 00 00 00  | ........*.".....
0000000000242A20 | 12 8D 23 00 00 00 00 00  4C 90 0A 00 00 00 00 00  | ..#.....L.......
0000000000242A30 | 5D CB 22 00 00 00 00 00  F6 8C 23 00 00 00 00 00  | ].".......#.....
0000000000242A40 | 58 90 0A 00 00 00 00 00  9C E9 22 00 00 00 00 00  | X.........".....
0000000000242A50 | 12 8D 23 00 00 00 00 00  88 92 0A 00 00 00 00 00  | ..#.............
0000000000242A60 | 93 93 22 00 00 00 00 00  F6 8C 23 00 00 00 00 00  | ..".......#.....
0000000000242A70 | EC 94 0A 00 00 00 00 00  35 EB 22 00 00 00 00 00  | ........5.".....
0000000000242A80 | 12 8D 23 00 00 00 00 00  2C 97 0A 00 00 00 00 00  | ..#.....,.......
0000000000242A90 | C3 A5 22 00 00 00 00 00  F6 8C 23 00 00 00 00 00  | ..".......#.....
0000000000242AA0 | 38 97 0A 00 00 00 00 00  96 EE 22 00 00 00 00 00  | 8.........".....
0000000000242AB0 | 12 8D 23 00 00 00 00 00  AC 99 0A 00 00 00 00 00  | ..#.............
0000000000242AC0 | F1 91 22 00 00 00 00 00  F6 8C 23 00 00 00 00 00  | ..".......#.....
0000000000242AD0 | B8 99 0A 00 00 00 00 00  4F E6 22 00 00 00 00 00  | ........O.".....
0000000000242AE0 | 12 8D 23 00 00 00 00 00  C0 99 0A 00 00 00 00 00  | ..#.............
0000000000242AF0 | C5 F5 22 00 00 00 00 00  F6 8C 23 00 00 00 00 00  | ..".......#.....
0000000000242B00 | CC 99 0A 00 00 00 00 00  C7 ED 22 00 00 00 00 00  | ..........".....
0000000000242B10 | 12 8D 23 00 00 00 00 00  48 9C 0A 00 00 00 00 00  | ..#.....H.......
0000000000242B20 | A4 F5 22 00 00 00 00 00  F6 8C 23 00 00 00 00 00  | ..".......#.....
0000000000242B30 | 54 9C 0A 00 00 00 00 00  A2 ED 22 00 00 00 00 00  | T.........".....
0000000000242B40 | 12 8D 23 00 00 00 00 00  A8 9E 0A 00 00 00 00 00  | ..#.............
0000000000242B50 | 56 BD 22 00 00 00 00 00  F6 8C 23 00 00 00 00 00  | V.".......#.....
0000000000242B60 | B4 9E 0A 00 00 00 00 00  E3 E6 22 00 00 00 00 00  | ..........".....
0000000000242B70 | 12 8D 23 00 00 00 00 00  18 A1 0A 00 00 00 00 00  | ..#.............
0000000000242B80 | 88 A5 22 00 00 00 00 00  F6 8C 23 00 00 00 00 00  | ..".......#.....
0000000000242B90 | 24 A1 0A 00 00 00 00 00  7D ED 22 00 00 00 00 00  | $.......}.".....
0000000000242BA0 | 12 8D 23 00 00 00 00 00  74 A3 0A 00 00 00 00 00  | ..#.....t.......
0000000000242BB0 | D5 C8 22 00 00 00 00 00  F6 8C 23 00 00 00 00 00  | ..".......#.....
0000000000242BC0 | B8 A5 0A 00 00 00 00 00  ED E8 22 00 00 00 00 00  | ..........".....
0000000000242BD0 | 12 8D 23 00 00 00 00 00  20 A8 0A 00 00 00 00 00  | ..#..... .......
0000000000242BE0 | E4 A5 22 00 00 00 00 00  F6 8C 23 00 00 00 00 00  | ..".......#.....
0000000000242BF0 | 2C A8 0A 00 00 00 00 00  05 EF 22 00 00 00 00 00  | ,.........".....
0000000000242C00 | 12 8D 23 00 00 00 00 00  90 AA 0A 00 00 00 00 00  | ..#.............
0000000000242C10 | ED FB 22 00 00 00 00 00  F6 8C 23 00 00 00 00 00  | ..".......#.....
0000000000242C20 | F0 AC 0A 00 00 00 00 00  4F EF 22 00 00 00 00 00  | ........O.".....
0000000000242C30 | 12 8D 23 00 00 00 00 00  4C AF 0A 00 00 00 00 00  | ..#.....L.......
0000000000242C40 | 3E 94 22 00 00 00 00 00  F6 8C 23 00 00 00 00 00  | >.".......#.....
0000000000242C50 | 58 AF 0A 00 00 00 00 00  91 EC 22 00 00 00 00 00  | X.........".....
0000000000242C60 | 12 8D 23 00 00 00 00 00  60 AF 0A 00 00 00 00 00  | ..#.....`.......
0000000000242C70 | FD 93 22 00 00 00 00 00  F6 8C 23 00 00 00 00 00  | ..".......#.....
0000000000242C80 | A0 B1 0A 00 00 00 00 00  08 EC 22 00 00 00 00 00  | ..........".....
0000000000242C90 | 12 8D 23 00 00 00 00 00  40 B4 0A 00 00 00 00 00  | ..#.....@.......
0000000000242CA0 | 6E AE 22 00 00 00 00 00  F6 8C 23 00 00 00 00 00  | n.".......#.....
0000000000242CB0 | 90 B6 0A 00 00 00 00 00  9B E5 22 00 00 00 00 00  | ..........".....
0000000000242CC0 | 12 8D 23 00 00 00 00 00  0C B9 0A 00 00 00 00 00  | ..#.............
0000000000242CD0 | 5A 98 22 00 00 00 00 00  F6 8C 23 00 00 00 00 00  | Z.".......#.....
0000000000242CE0 | 70 BB 0A 00 00 00 00 00  2A E6 22 00 00 00 00 00  | p.......*.".....
0000000000242CF0 | 12 8D 23 00 00 00 00 00  B0 BD 0A 00 00 00 00 00  | ..#.............
0000000000242D00 | 1A BC 22 00 00 00 00 00  F6 8C 23 00 00 00 00 00  | ..".......#.....
0000000000242D10 | BC BD 0A 00 00 00 00 00  05 E6 22 00 00 00 00 00  | ..........".....
0000000000242D20 | 12 8D 23 00 00 00 00 00  F4 BF 0A 00 00 00 00 00  | ..#.............
0000000000242D30 | 6A 93 22 00 00 00 00 00  F6 8C 23 00 00 00 00 00  | j.".......#.....
0000000000242D40 | 00 C2 0A 00 00 00 00 00  6A EA 22 00 00 00 00 00  | ........j.".....
0000000000242D50 | 12 8D 23 00 00 00 00 00  44 C4 0A 00 00 00 00 00  | ..#.....D.......
0000000000242D60 | 29 F5 22 00 00 00 00 00  F6 8C 23 00 00 00 00 00  | ).".......#.....
0000000000242D70 | EC C6 0A 00 00 00 00 00  58 ED 22 00 00 00 00 00  | ........X.".....
0000000000242D80 | 12 8D 23 00 00 00 00 00  F4 C6 0A 00 00 00 00 00  | ..#.............
0000000000242D90 | 22 D4 22 00 00 00 00 00  F6 8C 23 00 00 00 00 00  | ".".......#.....
0000000000242DA0 | 40 C9 0A 00 00 00 00 00  45 EA 22 00 00 00 00 00  | @.......E.".....
0000000000242DB0 | 12 8D 23 00 00 00 00 00  48 C9 0A 00 00 00 00 00  | ..#.....H.......
0000000000242DC0 | EF C7 22 00 00 00 00 00  F6 8C 23 00 00 00 00 00  | ..".......#.....
0000000000242DD0 | A4 CB 0A 00 00 00 00 00  84 E8 22 00 00 00 00 00  | ..........".....
0000000000242DE0 | 12 8D 23 00 00 00 00 00  00 CE 0A 00 00 00 00 00  | ..#.............
0000000000242DF0 | 6F 94 22 00 00 00 00 00  F6 8C 23 00 00 00 00 00  | o.".......#.....
0000000000242E00 | 34 D0 0A 00 00 00 00 00  B6 EC 22 00 00 00 00 00  | 4.........".....
0000000000242E10 | 12 8D 23 00 00 00 00 00  98 D2 0A 00 00 00 00 00  | ..#.............
0000000000242E20 | 18 E0 22 00 00 00 00 00  F6 8C 23 00 00 00 00 00  | ..".......#.....
0000000000242E30 | FC D4 0A 00 00 00 00 00  E3 EB 22 00 00 00 00 00  | ..........".....
0000000000242E40 | 12 8D 23 00 00 00 00 00  64 D7 0A 00 00 00 00 00  | ..#.....d.......
0000000000242E50 | 1A 92 22 00 00 00 00 00  F6 8C 23 00 00 00 00 00  | ..".......#.....
0000000000242E60 | 04 DA 0A 00 00 00 00 00  58 E7 22 00 00 00 00 00  | ........X.".....
0000000000242E70 | 12 8D 23 00 00 00 00 00  0C DA 0A 00 00 00 00 00  | ..#.............
0000000000242E80 | DD 98 22 00 00 00 00 00  F6 8C 23 00 00 00 00 00  | ..".......#.....
0000000000242E90 | 18 DA 0A 00 00 00 00 00  38 E8 22 00 00 00 00 00  | ........8.".....
0000000000242EA0 | 12 8D 23 00 00 00 00 00  84 DC 0A 00 00 00 00 00  | ..#.............
0000000000242EB0 | 3D DB 22 00 00 00 00 00  F6 8C 23 00 00 00 00 00  | =.".......#.....
0000000000242EC0 | 90 DC 0A 00 00 00 00 00  10 EB 22 00 00 00 00 00  | ..........".....
0000000000242ED0 | 12 8D 23 00 00 00 00 00  F8 DE 0A 00 00 00 00 00  | ..#.............
0000000000242EE0 | 83 98 22 00 00 00 00 00  F6 8C 23 00 00 00 00 00  | ..".......#.....
0000000000242EF0 | 60 E1 0A 00 00 00 00 00  BE E6 22 00 00 00 00 00  | `.........".....
0000000000242F00 | 12 8D 23 00 00 00 00 00  C0 E3 0A 00 00 00 00 00  | ..#.............
0000000000242F10 | F0 FA 22 00 00 00 00 00  F6 8C 23 00 00 00 00 00  | ..".......#.....
0000000000242F20 | 5C E6 0A 00 00 00 00 00  E0 EE 22 00 00 00 00 00  | \.........".....
0000000000242F30 | 12 8D 23 00 00 00 00 00  CC E8 0A 00 00 00 00 00  | ..#.............
0000000000242F40 | 05 E1 22 00 00 00 00 00  F6 8C 23 00 00 00 00 00  | ..".......#.....
0000000000242F50 | 18 EB 0A 00 00 00 00 00  2D EC 22 00 00 00 00 00  | ........-.".....
0000000000242F60 | 12 8D 23 00 00 00 00 00  90 ED 0A 00 00 00 00 00  | ..#.............
0000000000242F70 | 0F 93 22 00 00 00 00 00  EE 94 23 00 00 00 00 00  | ..".......#.....
0000000000242F80 | 00 F0 0A 00 00 00 00 00  F0 E9 22 00 00 00 00 00  | ..........".....
0000000000242F90 | B5 93 23 00 00 00 00 00  08 F0 0A 00 00 00 00 00  | ..#.............
0000000000242FA0 | 2B DE 22 00 00 00 00 00  1D 8D 23 00 00 00 00 00  | +.".......#.....
0000000000242FB0 | 58 F2 0A 00 00 00 00 00  A7 EB 22 00 00 00 00 00  | X.........".....
0000000000242FC0 | 38 8D 23 00 00 00 00 00  64 F2 0A 00 00 00 00 00  | 8.#.....d.......
0000000000242FD0 | 26 98 22 00 00 00 00 00  0A 8D 23 00 00 00 00 00  | &.".......#.....
0000000000242FE0 | 78 F4 0A 00 00 00 00 00  20 00 00 00 2A 00 00 00  | x....... ...*...
0000000000242FF0 | 30 6A 24 00 00 00 00 00  4B AB 22 00 00 00 00 00  | 0j$.....K.".....
0000000000243000 | 6B 8D 23 00 00 00 00 00  00 00 00 00 01 00 00 00  | k.#.............
0000000000243010 | 34 6A 24 00 00 00 00 00  7A A7 22 00 00 00 00 00  | 4j$.....z.".....
0000000000243020 | 9B 8F 23 00 00 00 00 00  02 00 00 00 04 00 00 00  | ..#.............
0000000000243030 | 38 6A 24 00 00 00 00 00  46 A8 22 00 00 00 00 00  | 8j$.....F.".....
0000000000243040 | 14 99 23 00 00 00 00 00  03 00 00 00 08 00 00 00  | ..#.............
0000000000243050 | 3C 6A 24 00 00 00 00 00  CD A9 22 00 00 00 00 00  | <j$.......".....
0000000000243060 | 14 99 23 00 00 00 00 00  03 00 00 00 08 00 00 00  | ..#.............
0000000000243070 | 40 6A 24 00 00 00 00 00  26 A6 22 00 00 00 00 00  | @j$.....&.".....
0000000000243080 | 14 99 23 00 00 00 00 00  03 00 00 00 08 00 00 00  | ..#.............
0000000000243090 | 44 6A 24 00 00 00 00 00  36 A7 22 00 00 00 00 00  | Dj$.....6.".....
00000000002430A0 | 14 99 23 00 00 00 00 00  03 00 00 00 08 00 00 00  | ..#.............
00000000002430B0 | 48 6A 24 00 00 00 00 00  9C A7 22 00 00 00 00 00  | Hj$.......".....
00000000002430C0 | 14 99 23 00 00 00 00 00  03 00 00 00 08 00 00 00  | ..#.............
00000000002430D0 | 4C 6A 24 00 00 00 00 00  58 A7 22 00 00 00 00 00  | Lj$.....X.".....
00000000002430E0 | 14 99 23 00 00 00 00 00  03 00 00 00 08 00 00 00  | ..#.............
00000000002430F0 | 50 6A 24 00 00 00 00 00  E0 A7 22 00 00 00 00 00  | Pj$.......".....
0000000000243100 | 32 9E 23 00 00 00 00 00  03 00 00 00 08 00 00 00  | 2.#.............
0000000000243110 | 54 6A 24 00 00 00 00 00  AB A9 22 00 00 00 00 00  | Tj$.......".....
0000000000243120 | 14 99 23 00 00 00 00 00  03 00 00 00 08 00 00 00  | ..#.............
0000000000243130 | 58 6A 24 00 00 00 00 00  A9 AD 22 00 00 00 00 00  | Xj$.......".....
0000000000243140 | 14 99 23 00 00 00 00 00  03 00 00 00 08 00 00 00  | ..#.............
0000000000243150 | 5C 6A 24 00 00 00 00 00  14 A7 22 00 00 00 00 00  | \j$.......".....
0000000000243160 | 14 99 23 00 00 00 00 00  03 00 00 00 08 00 00 00  | ..#.............
0000000000243170 | 60 6A 24 00 00 00 00 00  D0 A6 22 00 00 00 00 00  | `j$.......".....
0000000000243180 | 14 99 23 00 00 00 00 00  03 00 00 00 08 00 00 00  | ..#.............
0000000000243190 | 64 6A 24 00 00 00 00 00  12 A9 22 00 00 00 00 00  | dj$.......".....
00000000002431A0 | 14 99 23 00 00 00 00 00  03 00 00 00 08 00 00 00  | ..#.............
00000000002431B0 | 68 6A 24 00 00 00 00 00  9A AA 22 00 00 00 00 00  | hj$.......".....
00000000002431C0 | 14 99 23 00 00 00 00 00  03 00 00 00 08 00 00 00  | ..#.............
00000000002431D0 | 6C 6A 24 00 00 00 00 00  02 A8 22 00 00 00 00 00  | lj$.......".....
00000000002431E0 | 14 99 23 00 00 00 00 00  03 00 00 00 08 00 00 00  | ..#.............
00000000002431F0 | 70 6A 24 00 00 00 00 00  CE A8 22 00 00 00 00 00  | pj$.......".....
0000000000243200 | 14 99 23 00 00 00 00 00  03 00 00 00 08 00 00 00  | ..#.............
0000000000243210 | 74 6A 24 00 00 00 00 00  6A A6 22 00 00 00 00 00  | tj$.....j.".....
0000000000243220 | 14 99 23 00 00 00 00 00  03 00 00 00 08 00 00 00  | ..#.............
0000000000243230 | 78 6A 24 00 00 00 00 00  7D AD 22 00 00 00 00 00  | xj$.....}.".....
0000000000243240 | 14 99 23 00 00 00 00 00  03 00 00 00 08 00 00 00  | ..#.............
0000000000243250 | 7C 6A 24 00 00 00 00 00  5B AD 22 00 00 00 00 00  | |j$.....[.".....
0000000000243260 | 14 99 23 00 00 00 00 00  03 00 00 00 08 00 00 00  | ..#.............
0000000000243270 | 80 6A 24 00 00 00 00 00  EF A9 22 00 00 00 00 00  | .j$.......".....
0000000000243280 | 14 99 23 00 00 00 00 00  03 00 00 00 08 00 00 00  | ..#.............
0000000000243290 | 84 6A 24 00 00 00 00 00  AC A8 22 00 00 00 00 00  | .j$.......".....
00000000002432A0 | 14 99 23 00 00 00 00 00  03 00 00 00 08 00 00 00  | ..#.............
00000000002432B0 | 88 6A 24 00 00 00 00 00  6F AA 22 00 00 00 00 00  | .j$.....o.".....
00000000002432C0 | 14 99 23 00 00 00 00 00  03 00 00 00 08 00 00 00  | ..#.............
00000000002432D0 | 8C 6A 24 00 00 00 00 00  F0 A8 22 00 00 00 00 00  | .j$.......".....
00000000002432E0 | 14 99 23 00 00 00 00 00  03 00 00 00 08 00 00 00  | ..#.............
00000000002432F0 | 90 6A 24 00 00 00 00 00  01 AE 22 00 00 00 00 00  | .j$.......".....
0000000000243300 | 14 99 23 00 00 00 00 00  03 00 00 00 08 00 00 00  | ..#.............
0000000000243310 | 94 6A 24 00 00 00 00 00  68 A8 22 00 00 00 00 00  | .j$.....h.".....
0000000000243320 | 14 99 23 00 00 00 00 00  03 00 00 00 08 00 00 00  | ..#.............
0000000000243330 | 98 6A 24 00 00 00 00 00  24 A8 22 00 00 00 00 00  | .j$.....$.".....
0000000000243340 | 14 99 23 00 00 00 00 00  03 00 00 00 08 00 00 00  | ..#.............
0000000000243350 | 9C 6A 24 00 00 00 00 00  67 A9 22 00 00 00 00 00  | .j$.....g.".....
0000000000243360 | 14 99 23 00 00 00 00 00  03 00 00 00 08 00 00 00  | ..#.............
0000000000243370 | A0 6A 24 00 00 00 00 00  48 A6 22 00 00 00 00 00  | .j$.....H.".....
0000000000243380 | 14 99 23 00 00 00 00 00  03 00 00 00 08 00 00 00  | ..#.............
0000000000243390 | A4 6A 24 00 00 00 00 00  89 A9 22 00 00 00 00 00  | .j$.......".....
00000000002433A0 | 14 99 23 00 00 00 00 00  03 00 00 00 08 00 00 00  | ..#.............
00000000002433B0 | A8 6A 24 00 00 00 00 00  BE A7 22 00 00 00 00 00  | .j$.......".....
00000000002433C0 | 14 99 23 00 00 00 00 00  03 00 00 00 08 00 00 00  | ..#.............
00000000002433D0 | AC 6A 24 00 00 00 00 00  39 AD 22 00 00 00 00 00  | .j$.....9.".....
00000000002433E0 | 14 99 23 00 00 00 00 00  03 00 00 00 08 00 00 00  | ..#.............
00000000002433F0 | B0 6A 24 00 00 00 00 00  D2 AA 22 00 00 00 00 00  | .j$.......".....
0000000000243400 | 14 99 23 00 00 00 00 00  03 00 00 00 08 00 00 00  | ..#.............
0000000000243410 | B4 6A 24 00 00 00 00 00  3D AA 22 00 00 00 00 00  | .j$.....=.".....
0000000000243420 | 45 9E 23 00 00 00 00 00  03 00 00 00 08 00 00 00  | E.#.............
0000000000243430 | B8 6A 24 00 00 00 00 00  8A A8 22 00 00 00 00 00  | .j$.......".....
0000000000243440 | 14 99 23 00 00 00 00 00  03 00 00 00 08 00 00 00  | ..#.............
0000000000243450 | BC 6A 24 00 00 00 00 00  3D AC 22 00 00 00 00 00  | .j$.....=.".....
0000000000243460 | 14 99 23 00 00 00 00 00  03 00 00 00 08 00 00 00  | ..#.............
0000000000243470 | C0 6A 24 00 00 00 00 00  AE A6 22 00 00 00 00 00  | .j$.......".....
0000000000243480 | 14 99 23 00 00 00 00 00  03 00 00 00 08 00 00 00  | ..#.............
0000000000243490 | C4 6A 24 00 00 00 00 00  F2 A6 22 00 00 00 00 00  | .j$.......".....
00000000002434A0 | 14 99 23 00 00 00 00 00  03 00 00 00 08 00 00 00  | ..#.............
00000000002434B0 | C8 6A 24 00 00 00 00 00  FE AA 22 00 00 00 00 00  | .j$.......".....
00000000002434C0 | 14 99 23 00 00 00 00 00  03 00 00 00 08 00 00 00  | ..#.............
00000000002434D0 | CC 6A 24 00 00 00 00 00  8C A6 22 00 00 00 00 00  | .j$.......".....
00000000002434E0 | 14 99 23 00 00 00 00 00  03 00 00 00 08 00 00 00  | ..#.............
00000000002434F0 | D0 6A 24 00 00 00 00 00  DF AD 22 00 00 00 00 00  | .j$.......".....
0000000000243500 | 14 99 23 00 00 00 00 00  03 00 00 00 08 00 00 00  | ..#.............
0000000000243510 | D4 6A 24 00 00 00 00 00  70 AC 22 00 00 00 00 00  | .j$.....p.".....
0000000000243520 | 14 99 23 00 00 00 00 00  03 00 00 00 08 00 00 00  | ..#.............
0000000000243530 | 10 00 00 00 2A 00 00 00  BD 9A 22 00 00 00 00 00  | ....*.....".....
0000000000243540 | 5A 9E 22 00 00 00 00 00  35 BD 22 00 00 00 00 00  | Z.".....5.".....
0000000000243550 | 36 A0 22 00 00 00 00 00  91 91 22 00 00 00 00 00  | 6.".......".....
0000000000243560 | 6A 9C 22 00 00 00 00 00  0E 99 22 00 00 00 00 00  | j.".......".....
0000000000243570 | 9A 9D 22 00 00 00 00 00  AF 99 22 00 00 00 00 00  | ..".......".....
0000000000243580 | D2 9D 22 00 00 00 00 00  DE 92 22 00 00 00 00 00  | ..".......".....
0000000000243590 | 2E 97 22 00 00 00 00 00  10 9A 22 00 00 00 00 00  | ..".......".....
00000000002435A0 | F3 9B 22 00 00 00 00 00  FE BC 22 00 00 00 00 00  | ..".......".....
00000000002435B0 | 02 A0 22 00 00 00 00 00  64 F8 22 00 00 00 00 00  | ..".....d.".....
00000000002435C0 | 63 A2 22 00 00 00 00 00  9D 92 22 00 00 00 00 00  | c.".......".....
00000000002435D0 | F2 96 22 00 00 00 00 00  AC 98 22 00 00 00 00 00  | ..".......".....
00000000002435E0 | 9E 96 22 00 00 00 00 00  05 A6 22 00 00 00 00 00  | ..".......".....
00000000002435F0 | 66 9F 22 00 00 00 00 00  5D CB 22 00 00 00 00 00  | f.".....].".....
0000000000243600 | D2 A0 22 00 00 00 00 00  93 93 22 00 00 00 00 00  | ..".......".....
0000000000243610 | 16 9E 22 00 00 00 00 00  C3 A5 22 00 00 00 00 00  | ..".......".....
0000000000243620 | FE 9E 22 00 00 00 00 00  F1 91 22 00 00 00 00 00  | ..".......".....
0000000000243630 | AE 9C 22 00 00 00 00 00  C5 F5 22 00 00 00 00 00  | ..".......".....
0000000000243640 | 2F A2 22 00 00 00 00 00  A4 F5 22 00 00 00 00 00  | /.".......".....
0000000000243650 | FB A1 22 00 00 00 00 00  56 BD 22 00 00 00 00 00  | ..".....V.".....
0000000000243660 | 6A A0 22 00 00 00 00 00  88 A5 22 00 00 00 00 00  | j.".......".....
0000000000243670 | CA 9E 22 00 00 00 00 00  D5 C8 22 00 00 00 00 00  | ..".......".....
0000000000243680 | 9E A0 22 00 00 00 00 00  E4 A5 22 00 00 00 00 00  | ..".......".....
0000000000243690 | 32 9F 22 00 00 00 00 00  ED FB 22 00 00 00 00 00  | 2.".......".....
00000000002436A0 | CB A2 22 00 00 00 00 00  3E 94 22 00 00 00 00 00  | ..".....>.".....
00000000002436B0 | F2 97 22 00 00 00 00 00  FD 93 22 00 00 00 00 00  | ..".......".....
00000000002436C0 | AE 97 22 00 00 00 00 00  6E AE 22 00 00 00 00 00  | ..".....n.".....
00000000002436D0 | 9A 9F 22 00 00 00 00 00  5A 98 22 00 00 00 00 00  | ..".....Z.".....
00000000002436E0 | 16 96 22 00 00 00 00 00  1A BC 22 00 00 00 00 00  | ..".......".....
00000000002436F0 | CE 9F 22 00 00 00 00 00  6A 93 22 00 00 00 00 00  | ..".....j.".....
0000000000243700 | 6A 97 22 00 00 00 00 00  29 F5 22 00 00 00 00 00  | j.".....).".....
0000000000243710 | C7 A1 22 00 00 00 00 00  22 D4 22 00 00 00 00 00  | ..".....".".....
0000000000243720 | 06 A1 22 00 00 00 00 00  EF C7 22 00 00 00 00 00  | ..".......".....
0000000000243730 | 18 9B 22 00 00 00 00 00  6F 94 22 00 00 00 00 00  | ..".....o.".....
0000000000243740 | 96 9E 22 00 00 00 00 00  18 E0 22 00 00 00 00 00  | ..".......".....
0000000000243750 | 6E A1 22 00 00 00 00 00  1A 92 22 00 00 00 00 00  | n.".......".....
0000000000243760 | 02 9D 22 00 00 00 00 00  DD 98 22 00 00 00 00 00  | ..".......".....
0000000000243770 | 56 9D 22 00 00 00 00 00  3D DB 22 00 00 00 00 00  | V.".....=.".....
0000000000243780 | 3A A1 22 00 00 00 00 00  83 98 22 00 00 00 00 00  | :.".......".....
0000000000243790 | 5A 96 22 00 00 00 00 00  F0 FA 22 00 00 00 00 00  | Z.".......".....
00000000002437A0 | 97 A2 22 00 00 00 00 00  05 E1 22 00 00 00 00 00  | ..".......".....
00000000002437B0 | A2 A1 22 00 00 00 00 00  0F 93 22 00 00 00 00 00  | ..".......".....
00000000002437C0 | BD A4 22 00 00 00 00 00  2B DE 22 00 00 00 00 00  | ..".....+.".....
00000000002437D0 | 49 A4 22 00 00 00 00 00  84 01 00 00 08 00 00 00  | I.".............
00000000002437E0 | 50 01 00 00 00 00 00 00  06 8C 23 00 00 00 00 00  | P.........#.....
00000000002437F0 | E5 8B 23 00 00 00 00 00  60 25 24 00 00 00 00 00  | ..#.....`%$.....
0000000000243800 | 00 00 00 00 00 00 00 00  E8 2F 24 00 00 00 00 00  | ........./$.....
0000000000243810 | 00 00 00 00 00 00 00 00  30 35 24 00 00 00 00 00  | ........05$.....
0000000000243820 | 01 00 00 00 00 00 00 00  30 21 2C 00 00 00 00 00  | ........0!,.....
0000000000243830 | 00 00 00 00 00 00 00 00  18 00 00 00 14 00 00 00  | ................
0000000000243840 | C5 D6 22 00 00 00 00 00  DA 9E 23 00 00 00 00 00  | ..".......#.....
0000000000243850 | 00 00 00 00 00 00 00 00  A1 D6 22 00 00 00 00 00  | ..........".....
0000000000243860 | B1 92 23 00 00 00 00 00  00 00 00 00 00 00 00 00  | ..#.............
0000000000243870 | 7F D6 22 00 00 00 00 00  B1 92 23 00 00 00 00 00  | ..".......#.....
0000000000243880 | 00 00 00 00 00 00 00 00  F9 D7 22 00 00 00 00 00  | ..........".....
0000000000243890 | 3D 92 23 00 00 00 00 00  00 00 00 00 00 00 00 00  | =.#.............
00000000002438A0 | 17 D5 22 00 00 00 00 00  EB 9E 23 00 00 00 00 00  | ..".......#.....
00000000002438B0 | 00 00 00 00 00 00 00 00  F2 D5 22 00 00 00 00 00  | ..........".....
00000000002438C0 | DA 9E 23 00 00 00 00 00  00 00 00 00 00 00 00 00  | ..#.............
00000000002438D0 | 47 D7 22 00 00 00 00 00  DA 9E 23 00 00 00 00 00  | G.".......#.....
00000000002438E0 | 00 00 00 00 00 00 00 00  1C D6 22 00 00 00 00 00  | ..........".....
00000000002438F0 | DA 9E 23 00 00 00 00 00  00 00 00 00 00 00 00 00  | ..#.............
0000000000243900 | 63 D5 22 00 00 00 00 00  DA 9E 23 00 00 00 00 00  | c.".......#.....
0000000000243910 | 00 00 00 00 00 00 00 00  4B 9B 22 00 00 00 00 00  | ........K.".....
0000000000243920 | B1 92 23 00 00 00 00 00  00 00 00 00 00 00 00 00  | ..#.............
0000000000243930 | 44 D5 22 00 00 00 00 00  B1 92 23 00 00 00 00 00  | D.".......#.....
0000000000243940 | 00 00 00 00 00 00 00 00  9D D5 22 00 00 00 00 00  | ..........".....
0000000000243950 | B1 92 23 00 00 00 00 00  00 00 00 00 00 00 00 00  | ..#.............
0000000000243960 | 11 D7 22 00 00 00 00 00  DA 9E 23 00 00 00 00 00  | ..".......#.....
0000000000243970 | 00 00 00 00 00 00 00 00  E9 D4 22 00 00 00 00 00  | ..........".....
0000000000243980 | FC 9E 23 00 00 00 00 00  00 00 00 00 00 00 00 00  | ..#.............
0000000000243990 | 81 D7 22 00 00 00 00 00  12 8D 23 00 00 00 00 00  | ..".......#.....
00000000002439A0 | 00 00 00 00 00 00 00 00  52 D6 22 00 00 00 00 00  | ........R.".....
00000000002439B0 | B1 92 23 00 00 00 00 00  00 00 00 00 00 00 00 00  | ..#.............
00000000002439C0 | A8 D7 22 00 00 00 00 00  12 8D 23 00 00 00 00 00  | ..".......#.....
00000000002439D0 | 00 00 00 00 00 00 00 00  D0 D7 22 00 00 00 00 00  | ..........".....
00000000002439E0 | 12 8D 23 00 00 00 00 00  00 00 00 00 00 00 00 00  | ..#.............
00000000002439F0 | BF D5 22 00 00 00 00 00  B1 92 23 00 00 00 00 00  | ..".......#.....
0000000000243A00 | 00 00 00 00 00 00 00 00  F7 D6 22 00 00 00 00 00  | ..........".....
0000000000243A10 | B1 92 23 00 00 00 00 00  00 00 00 00 00 00 00 00  | ..#.............
0000000000243A20 | 0A 9F 23 00 00 00 00 00  46 9F 23 00 00 00 00 00  | ..#.....F.#.....
0000000000243A30 | 70 9F 23 00 00 00 00 00  9C 9F 23 00 00 00 00 00  | p.#.......#.....
0000000000243A40 | BA 9F 23 00 00 00 00 00  E8 9F 23 00 00 00 00 00  | ..#.......#.....
0000000000243A50 | 25 A0 23 00 00 00 00 00  62 A0 23 00 00 00 00 00  | %.#.....b.#.....
0000000000243A60 | AB A0 23 00 00 00 00 00  F4 A0 23 00 00 00 00 00  | ..#.......#.....
0000000000243A70 | F4 A0 23 00 00 00 00 00  1F A1 23 00 00 00 00 00  | ..#.......#.....
0000000000243A80 | 49 A1 23 00 00 00 00 00  80 A1 23 00 00 00 00 00  | I.#.......#.....
0000000000243A90 | A1 A1 23 00 00 00 00 00  F4 A0 23 00 00 00 00 00  | ..#.......#.....
0000000000243AA0 | A1 A1 23 00 00 00 00 00  A1 A1 23 00 00 00 00 00  | ..#.......#.....
0000000000243AB0 | 1F A1 23 00 00 00 00 00  BF A1 23 00 00 00 00 00  | ..#.......#.....
0000000000243AC0 | 01 00 00 00 00 00 00 00  30 21 2C 00 00 00 00 00  | ........0!,.....
0000000000243AD0 | 00 00 00 00 00 00 00 00  18 00 00 00 36 00 00 00  | ............6...
0000000000243AE0 | 69 B9 22 00 00 00 00 00  12 8D 23 00 00 00 00 00  | i.".......#.....
0000000000243AF0 | 00 00 00 00 00 00 00 00  02 B9 22 00 00 00 00 00  | ..........".....
0000000000243B00 | E9 A1 23 00 00 00 00 00  00 00 00 00 00 00 00 00  | ..#.............
0000000000243B10 | 79 B2 22 00 00 00 00 00  E9 A1 23 00 00 00 00 00  | y.".......#.....
0000000000243B20 | 00 00 00 00 00 00 00 00  2E B9 22 00 00 00 00 00  | ..........".....
0000000000243B30 | 12 8D 23 00 00 00 00 00  00 00 00 00 00 00 00 00  | ..#.............
0000000000243B40 | 86 BA 22 00 00 00 00 00  12 8D 23 00 00 00 00 00  | ..".......#.....
0000000000243B50 | 00 00 00 00 00 00 00 00  99 B5 22 00 00 00 00 00  | ..........".....
0000000000243B60 | E9 A1 23 00 00 00 00 00  00 00 00 00 00 00 00 00  | ..#.............
0000000000243B70 | 21 B6 22 00 00 00 00 00  F7 A1 23 00 00 00 00 00  | !.".......#.....
0000000000243B80 | 00 00 00 00 00 00 00 00  04 B6 22 00 00 00 00 00  | ..........".....
0000000000243B90 | E1 9D 23 00 00 00 00 00  00 00 00 00 00 00 00 00  | ..#.............
0000000000243BA0 | 88 B9 22 00 00 00 00 00  12 8D 23 00 00 00 00 00  | ..".......#.....
0000000000243BB0 | 00 00 00 00 00 00 00 00  A3 BA 22 00 00 00 00 00  | ..........".....
0000000000243BC0 | 12 8D 23 00 00 00 00 00  00 00 00 00 00 00 00 00  | ..#.............
0000000000243BD0 | 64 BA 22 00 00 00 00 00  12 8D 23 00 00 00 00 00  | d.".......#.....
0000000000243BE0 | 00 00 00 00 00 00 00 00  6F B8 22 00 00 00 00 00  | ........o.".....
0000000000243BF0 | 0B A2 23 00 00 00 00 00  00 00 00 00 00 00 00 00  | ..#.............
0000000000243C00 | 83 B1 22 00 00 00 00 00  1C A2 23 00 00 00 00 00  | ..".......#.....
0000000000243C10 | 00 00 00 00 00 00 00 00  49 B8 22 00 00 00 00 00  | ........I.".....
0000000000243C20 | 2A A2 23 00 00 00 00 00  00 00 00 00 00 00 00 00  | *.#.............
0000000000243C30 | 5E B1 22 00 00 00 00 00  2A A2 23 00 00 00 00 00  | ^.".....*.#.....
0000000000243C40 | 00 00 00 00 00 00 00 00  76 B3 22 00 00 00 00 00  | ........v.".....
0000000000243C50 | B1 92 23 00 00 00 00 00  00 00 00 00 00 00 00 00  | ..#.............
0000000000243C60 | 38 B3 22 00 00 00 00 00  B1 92 23 00 00 00 00 00  | 8.".......#.....
0000000000243C70 | 00 00 00 00 00 00 00 00  3B B2 22 00 00 00 00 00  | ........;.".....
0000000000243C80 | B1 92 23 00 00 00 00 00  00 00 00 00 00 00 00 00  | ..#.............
0000000000243C90 | CD B2 22 00 00 00 00 00  B1 92 23 00 00 00 00 00  | ..".......#.....
0000000000243CA0 | 00 00 00 00 00 00 00 00  A4 B2 22 00 00 00 00 00  | ..........".....
0000000000243CB0 | B1 92 23 00 00 00 00 00  00 00 00 00 00 00 00 00  | ..#.............
0000000000243CC0 | CA B3 22 00 00 00 00 00  57 A2 23 00 00 00 00 00  | ..".....W.#.....
0000000000243CD0 | 00 00 00 00 00 00 00 00  C9 B4 22 00 00 00 00 00  | ..........".....
0000000000243CE0 | 6C A2 23 00 00 00 00 00  00 00 00 00 00 00 00 00  | l.#.............
0000000000243CF0 | 79 B4 22 00 00 00 00 00  57 A2 23 00 00 00 00 00  | y.".....W.#.....
0000000000243D00 | 00 00 00 00 00 00 00 00  19 B4 22 00 00 00 00 00  | ..........".....
0000000000243D10 | 6C A2 23 00 00 00 00 00  00 00 00 00 00 00 00 00  | l.#.............
0000000000243D20 | F7 B2 22 00 00 00 00 00  84 A2 23 00 00 00 00 00  | ..".......#.....
0000000000243D30 | 00 00 00 00 00 00 00 00  8F B6 22 00 00 00 00 00  | ..........".....
0000000000243D40 | 96 A2 23 00 00 00 00 00  00 00 00 00 00 00 00 00  | ..#.............
0000000000243D50 | 53 B6 22 00 00 00 00 00  84 A2 23 00 00 00 00 00  | S.".......#.....
0000000000243D60 | 00 00 00 00 00 00 00 00  2A B5 22 00 00 00 00 00  | ........*.".....
0000000000243D70 | 84 A2 23 00 00 00 00 00  00 00 00 00 00 00 00 00  | ..#.............
0000000000243D80 | B4 B5 22 00 00 00 00 00  84 A2 23 00 00 00 00 00  | ..".......#.....
0000000000243D90 | 00 00 00 00 00 00 00 00  37 BA 22 00 00 00 00 00  | ........7.".....
0000000000243DA0 | 12 8D 23 00 00 00 00 00  00 00 00 00 00 00 00 00  | ..#.............
0000000000243DB0 | E6 B5 22 00 00 00 00 00  9D 8F 23 00 00 00 00 00  | ..".......#.....
0000000000243DC0 | 00 00 00 00 00 00 00 00  6D B5 22 00 00 00 00 00  | ........m.".....
0000000000243DD0 | 84 A2 23 00 00 00 00 00  00 00 00 00 00 00 00 00  | ..#.............
0000000000243DE0 | 4A B9 22 00 00 00 00 00  12 8D 23 00 00 00 00 00  | J.".......#.....
0000000000243DF0 | 00 00 00 00 00 00 00 00  3B 92 22 00 00 00 00 00  | ........;.".....
0000000000243E00 | 12 8D 23 00 00 00 00 00  00 00 00 00 00 00 00 00  | ..#.............
0000000000243E10 | E9 B9 22 00 00 00 00 00  12 8D 23 00 00 00 00 00  | ..".......#.....
0000000000243E20 | 00 00 00 00 00 00 00 00  BD B9 22 00 00 00 00 00  | ..........".....
0000000000243E30 | 12 8D 23 00 00 00 00 00  00 00 00 00 00 00 00 00  | ..#.............
0000000000243E40 | A1 B7 22 00 00 00 00 00  A5 A2 23 00 00 00 00 00  | ..".......#.....
0000000000243E50 | 00 00 00 00 00 00 00 00  BE B6 22 00 00 00 00 00  | ..........".....
0000000000243E60 | E9 A1 23 00 00 00 00 00  00 00 00 00 00 00 00 00  | ..#.............
0000000000243E70 | 0A B8 22 00 00 00 00 00  71 92 23 00 00 00 00 00  | ..".....q.#.....
0000000000243E80 | 00 00 00 00 00 00 00 00  73 B7 22 00 00 00 00 00  | ........s.".....
0000000000243E90 | E9 A1 23 00 00 00 00 00  00 00 00 00 00 00 00 00  | ..#.............
0000000000243EA0 | 1A B7 22 00 00 00 00 00  E9 A1 23 00 00 00 00 00  | ..".......#.....
0000000000243EB0 | 00 00 00 00 00 00 00 00  D2 B8 22 00 00 00 00 00  | ..........".....
0000000000243EC0 | B1 92 23 00 00 00 00 00  00 00 00 00 00 00 00 00  | ..#.............
0000000000243ED0 | AE B1 22 00 00 00 00 00  B1 92 23 00 00 00 00 00  | ..".......#.....
0000000000243EE0 | 00 00 00 00 00 00 00 00  4B B7 22 00 00 00 00 00  | ........K.".....
0000000000243EF0 | E9 A1 23 00 00 00 00 00  00 00 00 00 00 00 00 00  | ..#.............
0000000000243F00 | EF B6 22 00 00 00 00 00  E9 A1 23 00 00 00 00 00  | ..".......#.....
0000000000243F10 | 00 00 00 00 00 00 00 00  A4 B8 22 00 00 00 00 00  | ..........".....
0000000000243F20 | E9 A1 23 00 00 00 00 00  00 00 00 00 00 00 00 00  | ..#.............
0000000000243F30 | 29 B1 22 00 00 00 00 00  B3 A2 23 00 00 00 00 00  | ).".......#.....
0000000000243F40 | 00 00 00 00 00 00 00 00  02 B2 22 00 00 00 00 00  | ..........".....
0000000000243F50 | DA 9E 23 00 00 00 00 00  00 00 00 00 00 00 00 00  | ..#.............
0000000000243F60 | A7 B3 22 00 00 00 00 00  B1 92 23 00 00 00 00 00  | ..".......#.....
0000000000243F70 | 00 00 00 00 00 00 00 00  D6 B7 22 00 00 00 00 00  | ..........".....
0000000000243F80 | B1 92 23 00 00 00 00 00  00 00 00 00 00 00 00 00  | ..#.............
0000000000243F90 | ED B0 22 00 00 00 00 00  71 92 23 00 00 00 00 00  | ..".....q.#.....
0000000000243FA0 | 00 00 00 00 00 00 00 00  DD B1 22 00 00 00 00 00  | ..........".....
0000000000243FB0 | B1 92 23 00 00 00 00 00  00 00 00 00 00 00 00 00  | ..#.............
0000000000243FC0 | C8 F9 22 00 00 00 00 00  F6 8C 23 00 00 00 00 00  | ..".......#.....
0000000000243FD0 | 00 00 00 00 00 00 00 00  D5 EE 22 00 00 00 00 00  | ..........".....
0000000000243FE0 | 12 8D 23 00 00 00 00 00  00 00 00 00 00 00 00 00  | ..#.............
0000000000243FF0 | 10 00 00 00 01 00 00 00  C8 F9 22 00 00 00 00 00  | ..........".....
0000000000244000 | 82 A3 22 00 00 00 00 00  C5 A2 23 00 00 00 00 00  | ..".......#.....
0000000000244010 | DF A2 23 00 00 00 00 00  DF A2 23 00 00 00 00 00  | ..#.......#.....
0000000000244020 | C5 A2 23 00 00 00 00 00  C5 A2 23 00 00 00 00 00  | ..#.......#.....
0000000000244030 | 0A A3 23 00 00 00 00 00  2E A3 23 00 00 00 00 00  | ..#.......#.....
0000000000244040 | 62 A3 23 00 00 00 00 00  C5 A2 23 00 00 00 00 00  | b.#.......#.....
0000000000244050 | C5 A2 23 00 00 00 00 00  C5 A2 23 00 00 00 00 00  | ..#.......#.....
0000000000244060 | 97 A3 23 00 00 00 00 00  B7 A3 23 00 00 00 00 00  | ..#.......#.....
0000000000244070 | D4 A3 23 00 00 00 00 00  D4 A3 23 00 00 00 00 00  | ..#.......#.....
0000000000244080 | 10 A4 23 00 00 00 00 00  49 A4 23 00 00 00 00 00  | ..#.....I.#.....
0000000000244090 | 6E A4 23 00 00 00 00 00  94 A4 23 00 00 00 00 00  | n.#.......#.....
00000000002440A0 | BF A4 23 00 00 00 00 00  F1 A4 23 00 00 00 00 00  | ..#.......#.....
00000000002440B0 | 39 A5 23 00 00 00 00 00  8B A5 23 00 00 00 00 00  | 9.#.......#.....
00000000002440C0 | CC A5 23 00 00 00 00 00  25 A6 23 00 00 00 00 00  | ..#.....%.#.....
00000000002440D0 | 5A A6 23 00 00 00 00 00  7E A6 23 00 00 00 00 00  | Z.#.....~.#.....
00000000002440E0 | C0 A6 23 00 00 00 00 00  F0 A6 23 00 00 00 00 00  | ..#.......#.....
00000000002440F0 | C5 A2 23 00 00 00 00 00  33 A7 23 00 00 00 00 00  | ..#.....3.#.....
0000000000244100 | 5A A7 23 00 00 00 00 00  C5 A2 23 00 00 00 00 00  | Z.#.......#.....
0000000000244110 | C5 A2 23 00 00 00 00 00  C5 A2 23 00 00 00 00 00  | ..#.......#.....
0000000000244120 | C5 A2 23 00 00 00 00 00  9D A7 23 00 00 00 00 00  | ..#.......#.....
0000000000244130 | C4 A7 23 00 00 00 00 00  EB A7 23 00 00 00 00 00  | ..#.......#.....
0000000000244140 | 2F A8 23 00 00 00 00 00  2F A8 23 00 00 00 00 00  | /.#...../.#.....
0000000000244150 | 55 A8 23 00 00 00 00 00  55 A8 23 00 00 00 00 00  | U.#.....U.#.....
0000000000244160 | 2F A8 23 00 00 00 00 00  2F A8 23 00 00 00 00 00  | /.#...../.#.....
0000000000244170 | C4 A7 23 00 00 00 00 00  7B A8 23 00 00 00 00 00  | ..#.....{.#.....
0000000000244180 | BB A8 23 00 00 00 00 00  EE A8 23 00 00 00 00 00  | ..#.......#.....
0000000000244190 | 1B A9 23 00 00 00 00 00  49 A9 23 00 00 00 00 00  | ..#.....I.#.....
00000000002441A0 | A9 A9 23 00 00 00 00 00  CD A9 23 00 00 00 00 00  | ..#.......#.....
00000000002441B0 | DF A9 23 00 00 00 00 00  18 00 00 00 13 00 00 00  | ..#.............
00000000002441C0 | 27 D1 22 00 00 00 00 00  3D 92 23 00 00 00 00 00  | '.".....=.#.....
00000000002441D0 | 00 00 00 00 00 00 00 00  E8 BD 22 00 00 00 00 00  | ..........".....
00000000002441E0 | 50 9E 23 00 00 00 00 00  00 00 00 00 00 00 00 00  | P.#.............
00000000002441F0 | CA E4 22 00 00 00 00 00  F6 8C 23 00 00 00 00 00  | ..".......#.....
0000000000244200 | 00 00 00 00 00 00 00 00  2A DD 22 00 00 00 00 00  | ........*.".....
0000000000244210 | 58 9E 23 00 00 00 00 00  00 00 00 00 00 00 00 00  | X.#.............
0000000000244220 | 6E DD 22 00 00 00 00 00  63 9E 23 00 00 00 00 00  | n.".....c.#.....
0000000000244230 | 00 00 00 00 00 00 00 00  B1 DD 22 00 00 00 00 00  | ..........".....
0000000000244240 | 71 9E 23 00 00 00 00 00  00 00 00 00 00 00 00 00  | q.#.............
0000000000244250 | C1 94 22 00 00 00 00 00  1D 8D 23 00 00 00 00 00  | ..".......#.....
0000000000244260 | 00 00 00 00 00 00 00 00  7A D1 22 00 00 00 00 00  | ........z.".....
0000000000244270 | 82 9E 23 00 00 00 00 00  00 00 00 00 00 00 00 00  | ..#.............
0000000000244280 | 94 D1 22 00 00 00 00 00  82 9E 23 00 00 00 00 00  | ..".......#.....
0000000000244290 | 00 00 00 00 00 00 00 00  AC BE 22 00 00 00 00 00  | ..........".....
00000000002442A0 | 3D 92 23 00 00 00 00 00  00 00 00 00 00 00 00 00  | =.#.............
00000000002442B0 | DE E2 22 00 00 00 00 00  8D 9E 23 00 00 00 00 00  | ..".......#.....
00000000002442C0 | 00 00 00 00 00 00 00 00  1A E3 22 00 00 00 00 00  | ..........".....
00000000002442D0 | F6 8C 23 00 00 00 00 00  00 00 00 00 00 00 00 00  | ..#.............
00000000002442E0 | 62 9C 22 00 00 00 00 00  98 9E 23 00 00 00 00 00  | b.".......#.....
00000000002442F0 | 00 00 00 00 00 00 00 00  5A BB 22 00 00 00 00 00  | ........Z.".....
0000000000244300 | F6 8C 23 00 00 00 00 00  00 00 00 00 00 00 00 00  | ..#.............
0000000000244310 | 21 E3 22 00 00 00 00 00  25 8D 23 00 00 00 00 00  | !.".....%.#.....
0000000000244320 | 00 00 00 00 00 00 00 00  B1 FC 22 00 00 00 00 00  | ..........".....
0000000000244330 | A1 9E 23 00 00 00 00 00  00 00 00 00 00 00 00 00  | ..#.............
0000000000244340 | E0 CA 22 00 00 00 00 00  25 8D 23 00 00 00 00 00  | ..".....%.#.....
0000000000244350 | 00 00 00 00 00 00 00 00  E0 F3 22 00 00 00 00 00  | ..........".....
0000000000244360 | 50 9E 23 00 00 00 00 00  00 00 00 00 00 00 00 00  | P.#.............
0000000000244370 | DE C4 22 00 00 00 00 00  F6 8C 23 00 00 00 00 00  | ..".......#.....
0000000000244380 | 00 00 00 00 00 00 00 00  18 00 00 00 01 00 00 00  | ................
0000000000244390 | F9 C3 22 00 00 00 00 00  F6 8C 23 00 00 00 00 00  | ..".......#.....
00000000002443A0 | 00 00 00 00 00 00 00 00  10 00 00 00 04 00 00 00  | ................
00000000002443B0 | E0 CA 22 00 00 00 00 00  91 A4 22 00 00 00 00 00  | ..".......".....
00000000002443C0 | E0 F3 22 00 00 00 00 00  03 9B 22 00 00 00 00 00  | ..".......".....
00000000002443D0 | DE C4 22 00 00 00 00 00  40 A3 22 00 00 00 00 00  | ..".....@.".....
00000000002443E0 | F9 C3 22 00 00 00 00 00  40 A3 22 00 00 00 00 00  | ..".....@.".....
00000000002443F0 | 3D 92 23 00 00 00 00 00  50 9E 23 00 00 00 00 00  | =.#.....P.#.....
0000000000244400 | F6 8C 23 00 00 00 00 00  58 9E 23 00 00 00 00 00  | ..#.....X.#.....
0000000000244410 | 63 9E 23 00 00 00 00 00  71 9E 23 00 00 00 00 00  | c.#.....q.#.....
0000000000244420 | 1D 8D 23 00 00 00 00 00  82 9E 23 00 00 00 00 00  | ..#.......#.....
0000000000244430 | 82 9E 23 00 00 00 00 00  B3 9E 23 00 00 00 00 00  | ..#.......#.....
0000000000244440 | 8D 9E 23 00 00 00 00 00  F6 8C 23 00 00 00 00 00  | ..#.......#.....
0000000000244450 | 98 9E 23 00 00 00 00 00  F6 8C 23 00 00 00 00 00  | ..#.......#.....
0000000000244460 | 25 8D 23 00 00 00 00 00  A1 9E 23 00 00 00 00 00  | %.#.......#.....
0000000000244470 | 25 8D 23 00 00 00 00 00  50 9E 23 00 00 00 00 00  | %.#.....P.#.....
0000000000244480 | C8 9E 23 00 00 00 00 00  C8 9E 23 00 00 00 00 00  | ..#.......#.....
0000000000244490 | 01 00 00 00 00 00 00 00  30 21 2C 00 00 00 00 00  | ........0!,.....
00000000002444A0 | 00 00 00 00 00 00 00 00  18 00 00 00 06 00 00 00  | ................
00000000002444B0 | 9F BF 22 00 00 00 00 00  B1 92 23 00 00 00 00 00  | ..".......#.....
00000000002444C0 | 00 00 00 00 00 00 00 00  3A C1 22 00 00 00 00 00  | ........:.".....
00000000002444D0 | 3D 92 23 00 00 00 00 00  00 00 00 00 00 00 00 00  | =.#.............
00000000002444E0 | D5 C0 22 00 00 00 00 00  B1 92 23 00 00 00 00 00  | ..".......#.....
00000000002444F0 | 00 00 00 00 00 00 00 00  40 BF 22 00 00 00 00 00  | ........@.".....
0000000000244500 | E9 A1 23 00 00 00 00 00  00 00 00 00 00 00 00 00  | ..#.............
0000000000244510 | BC BF 22 00 00 00 00 00  B1 92 23 00 00 00 00 00  | ..".......#.....
0000000000244520 | 00 00 00 00 00 00 00 00  72 BF 22 00 00 00 00 00  | ........r.".....
0000000000244530 | B1 92 23 00 00 00 00 00  00 00 00 00 00 00 00 00  | ..#.............
0000000000244540 | F4 A9 23 00 00 00 00 00  1C AA 23 00 00 00 00 00  | ..#.......#.....
0000000000244550 | 38 AA 23 00 00 00 00 00  75 AA 23 00 00 00 00 00  | 8.#.....u.#.....
0000000000244560 | 38 AA 23 00 00 00 00 00  38 AA 23 00 00 00 00 00  | 8.#.....8.#.....
0000000000244570 | 01 00 00 00 00 00 00 00  90 21 2C 00 00 00 00 00  | .........!,.....
0000000000244580 | 00 00 00 00 00 00 00 00  18 00 00 00 07 00 00 00  | ................
0000000000244590 | A8 C0 22 00 00 00 00 00  71 92 23 00 00 00 00 00  | ..".....q.#.....
00000000002445A0 | 00 00 00 00 00 00 00 00  05 C0 22 00 00 00 00 00  | ..........".....
00000000002445B0 | B1 92 23 00 00 00 00 00  00 00 00 00 00 00 00 00  | ..#.............
00000000002445C0 | EA BF 22 00 00 00 00 00  B1 92 23 00 00 00 00 00  | ..".......#.....
00000000002445D0 | 00 00 00 00 00 00 00 00  6C C0 22 00 00 00 00 00  | ........l.".....
00000000002445E0 | 9D 8F 23 00 00 00 00 00  00 00 00 00 00 00 00 00  | ..#.............
00000000002445F0 | 24 C0 22 00 00 00 00 00  AA AA 23 00 00 00 00 00  | $.".......#.....
0000000000244600 | 00 00 00 00 00 00 00 00  8A C0 22 00 00 00 00 00  | ..........".....
0000000000244610 | 9D 8F 23 00 00 00 00 00  00 00 00 00 00 00 00 00  | ..#.............
0000000000244620 | 0B C1 22 00 00 00 00 00  12 8D 23 00 00 00 00 00  | ..".......#.....
0000000000244630 | 00 00 00 00 00 00 00 00  BE AA 23 00 00 00 00 00  | ..........#.....
0000000000244640 | 0B AB 23 00 00 00 00 00  39 AB 23 00 00 00 00 00  | ..#.....9.#.....
0000000000244650 | 60 AB 23 00 00 00 00 00  9C AB 23 00 00 00 00 00  | `.#.......#.....
0000000000244660 | C1 AB 23 00 00 00 00 00  0A AC 23 00 00 00 00 00  | ..#.......#.....
0000000000244670 | 01 00 00 00 00 00 00 00  30 21 2C 00 00 00 00 00  | ........0!,.....
0000000000244680 | 00 00 00 00 00 00 00 00  18 00 00 00 0E 00 00 00  | ................
0000000000244690 | 75 F5 22 00 00 00 00 00  9D 8F 23 00 00 00 00 00  | u.".......#.....
00000000002446A0 | 00 00 00 00 00 00 00 00  85 F0 22 00 00 00 00 00  | ..........".....
00000000002446B0 | B1 92 23 00 00 00 00 00  00 00 00 00 00 00 00 00  | ..#.............
00000000002446C0 | F4 F0 22 00 00 00 00 00  26 AC 23 00 00 00 00 00  | ..".....&.#.....
00000000002446D0 | 00 00 00 00 00 00 00 00  5F F0 22 00 00 00 00 00  | ........_.".....
00000000002446E0 | B1 92 23 00 00 00 00 00  00 00 00 00 00 00 00 00  | ..#.............
00000000002446F0 | B9 F0 22 00 00 00 00 00  37 AC 23 00 00 00 00 00  | ..".....7.#.....
0000000000244700 | 00 00 00 00 00 00 00 00  1B F1 22 00 00 00 00 00  | ..........".....
0000000000244710 | 48 AC 23 00 00 00 00 00  00 00 00 00 00 00 00 00  | H.#.............
0000000000244720 | 0A F1 22 00 00 00 00 00  1C A2 23 00 00 00 00 00  | ..".......#.....
0000000000244730 | 00 00 00 00 00 00 00 00  70 F0 22 00 00 00 00 00  | ........p.".....
0000000000244740 | 48 AC 23 00 00 00 00 00  00 00 00 00 00 00 00 00  | H.#.............
0000000000244750 | 3D F0 22 00 00 00 00 00  59 AC 23 00 00 00 00 00  | =.".....Y.#.....
0000000000244760 | 00 00 00 00 00 00 00 00  D2 F0 22 00 00 00 00 00  | ..........".....
0000000000244770 | 59 AC 23 00 00 00 00 00  00 00 00 00 00 00 00 00  | Y.#.............
0000000000244780 | A9 D3 22 00 00 00 00 00  12 8D 23 00 00 00 00 00  | ..".......#.....
0000000000244790 | 00 00 00 00 00 00 00 00  64 C2 22 00 00 00 00 00  | ........d.".....
00000000002447A0 | B1 92 23 00 00 00 00 00  00 00 00 00 00 00 00 00  | ..#.............
00000000002447B0 | D0 D3 22 00 00 00 00 00  12 8D 23 00 00 00 00 00  | ..".......#.....
00000000002447C0 | 00 00 00 00 00 00 00 00  96 F0 22 00 00 00 00 00  | ..........".....
00000000002447D0 | 6D AC 23 00 00 00 00 00  00 00 00 00 00 00 00 00  | m.#.............
00000000002447E0 | 8C AC 23 00 00 00 00 00  C9 AC 23 00 00 00 00 00  | ..#.......#.....
00000000002447F0 | EB AC 23 00 00 00 00 00  10 AD 23 00 00 00 00 00  | ..#.......#.....
0000000000244800 | 2F AD 23 00 00 00 00 00  52 AD 23 00 00 00 00 00  | /.#.....R.#.....
0000000000244810 | 6D AD 23 00 00 00 00 00  52 AD 23 00 00 00 00 00  | m.#.....R.#.....
0000000000244820 | 85 AD 23 00 00 00 00 00  85 AD 23 00 00 00 00 00  | ..#.......#.....
0000000000244830 | A3 AD 23 00 00 00 00 00  B8 AD 23 00 00 00 00 00  | ..#.......#.....
0000000000244840 | A3 AD 23 00 00 00 00 00  D9 AD 23 00 00 00 00 00  | ..#.......#.....
0000000000244850 | 02 00 00 00 00 00 00 00  F0 21 2C 00 00 00 00 00  | .........!,.....
0000000000244860 | 50 22 2C 00 00 00 00 00  00 00 00 00 00 00 00 00  | P",.............
0000000000244870 | 85 01 00 00 28 00 00 00  28 00 00 00 00 00 00 00  | ....(...(.......
0000000000244880 | 00 00 00 00 00 00 00 00  46 8C 23 00 00 00 00 00  | ........F.#.....
0000000000244890 | 00 00 00 00 00 00 00 00  50 48 24 00 00 00 00 00  | ........PH$.....
00000000002448A0 | 00 00 00 00 00 00 00 00  00 00 00 00 00 00 00 00  | ................
00000000002448B0 | 00 00 00 00 00 00 00 00  18 00 00 00 13 00 00 00  | ................
00000000002448C0 | 02 D9 22 00 00 00 00 00  AB 8F 23 00 00 00 00 00  | ..".......#.....
00000000002448D0 | CC 19 20 00 00 00 00 00  DE C4 22 00 00 00 00 00  | .. .......".....
00000000002448E0 | F6 8C 23 00 00 00 00 00  10 23 20 00 00 00 00 00  | ..#......# .....
00000000002448F0 | CA DF 22 00 00 00 00 00  AB 8F 23 00 00 00 00 00  | ..".......#.....
0000000000244900 | 2C 23 20 00 00 00 00 00  2B D3 22 00 00 00 00 00  | ,# .....+.".....
0000000000244910 | F6 8C 23 00 00 00 00 00  40 42 20 00 00 00 00 00  | ..#.....@B .....
0000000000244920 | AB FA 22 00 00 00 00 00  B1 92 23 00 00 00 00 00  | ..".......#.....
0000000000244930 | BC 5C 20 00 00 00 00 00  F4 F0 22 00 00 00 00 00  | .\ .......".....
0000000000244940 | 26 AC 23 00 00 00 00 00  FC 6C 20 00 00 00 00 00  | &.#......l .....
0000000000244950 | 0A F1 22 00 00 00 00 00  1C A2 23 00 00 00 00 00  | ..".......#.....
0000000000244960 | 2C 8E 20 00 00 00 00 00  B9 F0 22 00 00 00 00 00  | ,. .......".....
0000000000244970 | 37 AC 23 00 00 00 00 00  F4 95 20 00 00 00 00 00  | 7.#....... .....
0000000000244980 | 64 C2 22 00 00 00 00 00  B1 92 23 00 00 00 00 00  | d.".......#.....
0000000000244990 | 68 B3 20 00 00 00 00 00  34 D3 22 00 00 00 00 00  | h. .....4.".....
00000000002449A0 | 08 AE 23 00 00 00 00 00  6C B3 20 00 00 00 00 00  | ..#.....l. .....
00000000002449B0 | 35 BF 22 00 00 00 00 00  F6 8C 23 00 00 00 00 00  | 5.".......#.....
00000000002449C0 | 0C C1 20 00 00 00 00 00  15 E7 22 00 00 00 00 00  | .. .......".....
00000000002449D0 | 12 8D 23 00 00 00 00 00  60 C3 20 00 00 00 00 00  | ..#.....`. .....
00000000002449E0 | 14 BE 22 00 00 00 00 00  56 8D 23 00 00 00 00 00  | ..".....V.#.....
00000000002449F0 | C8 C5 20 00 00 00 00 00  08 E7 22 00 00 00 00 00  | .. .......".....
0000000000244A00 | 5F 8D 23 00 00 00 00 00  D8 C7 20 00 00 00 00 00  | _.#....... .....
0000000000244A10 | 10 C8 22 00 00 00 00 00  56 8D 23 00 00 00 00 00  | ..".....V.#.....
0000000000244A20 | 24 CA 20 00 00 00 00 00  CE E8 22 00 00 00 00 00  | $. .......".....
0000000000244A30 | 5F 8D 23 00 00 00 00 00  7C CC 20 00 00 00 00 00  | _.#.....|. .....
0000000000244A40 | E1 D1 22 00 00 00 00 00  1D 8D 23 00 00 00 00 00  | ..".......#.....
0000000000244A50 | 88 CE 20 00 00 00 00 00  C1 E9 22 00 00 00 00 00  | .. .......".....
0000000000244A60 | 38 8D 23 00 00 00 00 00  0C D1 20 00 00 00 00 00  | 8.#....... .....
0000000000244A70 | 26 98 22 00 00 00 00 00  0A 8D 23 00 00 00 00 00  | &.".......#.....
0000000000244A80 | A0 D3 20 00 00 00 00 00  20 00 00 00 08 00 00 00  | .. ..... .......
0000000000244A90 | D8 6A 24 00 00 00 00 00  17 E1 22 00 00 00 00 00  | .j$.......".....
0000000000244AA0 | 9A 8D 23 00 00 00 00 00  03 00 00 00 08 00 00 00  | ..#.............
0000000000244AB0 | DC 6A 24 00 00 00 00 00  E5 F7 22 00 00 00 00 00  | .j$.......".....
0000000000244AC0 | 1E AE 23 00 00 00 00 00  03 00 00 00 08 00 00 00  | ..#.............
0000000000244AD0 | E0 6A 24 00 00 00 00 00  74 FA 22 00 00 00 00 00  | .j$.....t.".....
0000000000244AE0 | 14 99 23 00 00 00 00 00  03 00 00 00 08 00 00 00  | ..#.............
0000000000244AF0 | E4 6A 24 00 00 00 00 00  34 D2 22 00 00 00 00 00  | .j$.....4.".....
0000000000244B00 | 14 99 23 00 00 00 00 00  03 00 00 00 08 00 00 00  | ..#.............
0000000000244B10 | E8 6A 24 00 00 00 00 00  BC AA 22 00 00 00 00 00  | .j$.......".....
0000000000244B20 | 6B 8D 23 00 00 00 00 00  00 00 00 00 01 00 00 00  | k.#.............
0000000000244B30 | EC 6A 24 00 00 00 00 00  1B AA 22 00 00 00 00 00  | .j$.......".....
0000000000244B40 | 2A AE 23 00 00 00 00 00  03 00 00 00 08 00 00 00  | *.#.............
0000000000244B50 | F0 6A 24 00 00 00 00 00  11 AA 22 00 00 00 00 00  | .j$.......".....
0000000000244B60 | B8 8D 23 00 00 00 00 00  03 00 00 00 08 00 00 00  | ..#.............
0000000000244B70 | F4 6A 24 00 00 00 00 00  5F AA 22 00 00 00 00 00  | .j$....._.".....
0000000000244B80 | B8 8D 23 00 00 00 00 00  03 00 00 00 08 00 00 00  | ..#.............
0000000000244B90 | 10 00 00 00 08 00 00 00  35 BF 22 00 00 00 00 00  | ........5.".....
0000000000244BA0 | 5D A3 22 00 00 00 00 00  14 BE 22 00 00 00 00 00  | ].".......".....
0000000000244BB0 | B2 A3 22 00 00 00 00 00  10 C8 22 00 00 00 00 00  | ..".......".....
0000000000244BC0 | C5 A3 22 00 00 00 00 00  E1 D1 22 00 00 00 00 00  | ..".......".....
0000000000244BD0 | 4A 98 22 00 00 00 00 00  E0 CA 22 00 00 00 00 00  | J.".......".....
0000000000244BE0 | 91 A4 22 00 00 00 00 00  E0 F3 22 00 00 00 00 00  | ..".......".....
0000000000244BF0 | 03 9B 22 00 00 00 00 00  DE C4 22 00 00 00 00 00  | ..".......".....
0000000000244C00 | 40 A3 22 00 00 00 00 00  F9 C3 22 00 00 00 00 00  | @.".......".....
0000000000244C10 | 40 A3 22 00 00 00 00 00  84 01 00 00 08 00 00 00  | @.".............
0000000000244C20 | 48 00 00 00 00 00 00 00  8C 8C 23 00 00 00 00 00  | H.........#.....
0000000000244C30 | 46 8C 23 00 00 00 00 00  B8 48 24 00 00 00 00 00  | F.#......H$.....
0000000000244C40 | 50 48 24 00 00 00 00 00  88 4A 24 00 00 00 00 00  | PH$......J$.....
0000000000244C50 | 00 00 00 00 00 00 00 00  90 4B 24 00 00 00 00 00  | .........K$.....
0000000000244C60 | 18 00 00 00 0E 00 00 00  82 C6 22 00 00 00 00 00  | ..........".....
0000000000244C70 | 48 AE 23 00 00 00 00 00  88 E8 20 00 00 00 00 00  | H.#....... .....
0000000000244C80 | 09 F8 22 00 00 00 00 00  56 AE 23 00 00 00 00 00  | ..".....V.#.....
0000000000244C90 | 90 F9 20 00 00 00 00 00  87 D8 22 00 00 00 00 00  | .. .......".....
0000000000244CA0 | AB 8F 23 00 00 00 00 00  14 06 21 00 00 00 00 00  | ..#.......!.....
0000000000244CB0 | FD DA 22 00 00 00 00 00  AB 8F 23 00 00 00 00 00  | ..".......#.....
0000000000244CC0 | DC 0C 21 00 00 00 00 00  A3 E3 22 00 00 00 00 00  | ..!.......".....
0000000000244CD0 | 61 AE 23 00 00 00 00 00  34 38 21 00 00 00 00 00  | a.#.....48!.....
0000000000244CE0 | FD C9 22 00 00 00 00 00  E9 A1 23 00 00 00 00 00  | ..".......#.....
0000000000244CF0 | A4 42 21 00 00 00 00 00  52 AE 22 00 00 00 00 00  | .B!.....R.".....
0000000000244D00 | E9 A1 23 00 00 00 00 00  C0 44 21 00 00 00 00 00  | ..#......D!.....
0000000000244D10 | 10 CA 22 00 00 00 00 00  70 AE 23 00 00 00 00 00  | ..".....p.#.....
0000000000244D20 | C8 44 21 00 00 00 00 00  58 F4 22 00 00 00 00 00  | .D!.....X.".....
0000000000244D30 | AB 8F 23 00 00 00 00 00  F4 46 21 00 00 00 00 00  | ..#......F!.....
0000000000244D40 | 23 AE 22 00 00 00 00 00  AB 8F 23 00 00 00 00 00  | #.".......#.....
0000000000244D50 | 04 58 21 00 00 00 00 00  2D AE 22 00 00 00 00 00  | .X!.....-.".....
0000000000244D60 | 9D 8F 23 00 00 00 00 00  14 58 21 00 00 00 00 00  | ..#......X!.....
0000000000244D70 | 9E FC 22 00 00 00 00 00  B1 92 23 00 00 00 00 00  | ..".......#.....
0000000000244D80 | 24 74 21 00 00 00 00 00  4A DF 22 00 00 00 00 00  | $t!.....J.".....
0000000000244D90 | AB 8F 23 00 00 00 00 00  C8 BA 21 00 00 00 00 00  | ..#.......!.....
0000000000244DA0 | 2B C6 22 00 00 00 00 00  AB 8F 23 00 00 00 00 00  | +.".......#.....
0000000000244DB0 | A0 C9 21 00 00 00 00 00  85 01 00 00 28 00 00 00  | ..!.........(...
0000000000244DC0 | 28 00 00 00 00 00 00 00  00 00 00 00 00 00 00 00  | (...............
0000000000244DD0 | 98 8C 23 00 00 00 00 00  60 4C 24 00 00 00 00 00  | ..#.....`L$.....
0000000000244DE0 | 00 00 00 00 00 00 00 00  00 00 00 00 00 00 00 00  | ................
0000000000244DF0 | 00 00 00 00 00 00 00 00  00 00 00 00 00 00 00 00  | ................
0000000000244E00 | 18 00 00 00 09 00 00 00  DE C4 22 00 00 00 00 00  | ..........".....
0000000000244E10 | F6 8C 23 00 00 00 00 00  28 E6 20 00 00 00 00 00  | ..#.....(. .....
0000000000244E20 | 52 C6 22 00 00 00 00 00  AB 8F 23 00 00 00 00 00  | R.".......#.....
0000000000244E30 | 74 0D 21 00 00 00 00 00  5C C6 22 00 00 00 00 00  | t.!.....\.".....
0000000000244E40 | 89 AE 23 00 00 00 00 00  CC 0F 21 00 00 00 00 00  | ..#.......!.....
0000000000244E50 | 99 E3 22 00 00 00 00 00  97 AE 23 00 00 00 00 00  | ..".......#.....
0000000000244E60 | C4 3B 21 00 00 00 00 00  46 D2 22 00 00 00 00 00  | .;!.....F.".....
0000000000244E70 | 97 AE 23 00 00 00 00 00  F4 50 21 00 00 00 00 00  | ..#......P!.....
0000000000244E80 | 9A F5 22 00 00 00 00 00  A3 AE 23 00 00 00 00 00  | ..".......#.....
0000000000244E90 | 54 54 21 00 00 00 00 00  2C E4 22 00 00 00 00 00  | TT!.....,.".....
0000000000244EA0 | F6 8C 23 00 00 00 00 00  24 04 22 00 00 00 00 00  | ..#.....$.".....
0000000000244EB0 | DB EC 22 00 00 00 00 00  12 8D 23 00 00 00 00 00  | ..".......#.....
0000000000244EC0 | 40 06 22 00 00 00 00 00  26 98 22 00 00 00 00 00  | @.".....&.".....
0000000000244ED0 | 0A 8D 23 00 00 00 00 00  7C 08 22 00 00 00 00 00  | ..#.....|.".....
0000000000244EE0 | 20 00 00 00 01 00 00 00  F8 6A 24 00 00 00 00 00  |  ........j$.....
0000000000244EF0 | EF AC 22 00 00 00 00 00  14 99 23 00 00 00 00 00  | ..".......#.....
0000000000244F00 | 03 00 00 00 08 00 00 00  10 00 00 00 01 00 00 00  | ................
0000000000244F10 | 2C E4 22 00 00 00 00 00  FF A2 22 00 00 00 00 00  | ,.".......".....
0000000000244F20 | 84 01 00 00 08 00 00 00  10 00 00 00 00 00 00 00  | ................
0000000000244F30 | 72 8B 23 00 00 00 00 00  98 8C 23 00 00 00 00 00  | r.#.......#.....
0000000000244F40 | 00 4E 24 00 00 00 00 00  00 00 00 00 00 00 00 00  | .N$.............
0000000000244F50 | E0 4E 24 00 00 00 00 00  00 00 00 00 00 00 00 00  | .N$.............
0000000000244F60 | 08 4F 24 00 00 00 00 00                           | .O$.....
