# Memory dump: 0x2c7120 - 0x2cc7b0
# Segment: __data
#============================================================================

# Address        | Hex Bytes                                       | ASCII
#----------------------------------------------------------------------------
00000000002C7120 | A8 FC 20 00 00 00 00 00  CC FC 20 00 00 00 00 00  | .. ....... .....
00000000002C7130 | F0 FC 20 00 00 00 00 00  AC 04 21 00 00 00 00 00  | .. .......!.....
00000000002C7140 | 68 01 21 00 00 00 00 00  94 FF 20 00 00 00 00 00  | h.!....... .....
00000000002C7150 | B8 FF 20 00 00 00 00 00  6C 03 21 00 00 00 00 00  | .. .....l.!.....
00000000002C7160 | 90 FB 20 00 00 00 00 00  AC FB 20 00 00 00 00 00  | .. ....... .....
00000000002C7170 | D0 FB 20 00 00 00 00 00  EC FB 20 00 00 00 00 00  | .. ....... .....
00000000002C7180 | 10 FC 20 00 00 00 00 00  2C 04 21 00 00 00 00 00  | .. .....,.!.....
00000000002C7190 | 24 01 21 00 00 00 00 00  F0 FE 20 00 00 00 00 00  | $.!....... .....
00000000002C71A0 | 14 FF 20 00 00 00 00 00  B0 02 21 00 00 00 00 00  | .. .......!.....
00000000002C71B0 | 30 FD 20 00 00 00 00 00  54 FD 20 00 00 00 00 00  | 0. .....T. .....
00000000002C71C0 | 78 FD 20 00 00 00 00 00  9C FD 20 00 00 00 00 00  | x. ....... .....
00000000002C71D0 | 10 05 21 00 00 00 00 00  64 02 21 00 00 00 00 00  | ..!.....d.!.....
00000000002C71E0 | 08 00 21 00 00 00 00 00  2C 00 21 00 00 00 00 00  | ..!.....,.!.....
00000000002C71F0 | 98 03 21 00 00 00 00 00  C8 05 21 00 00 00 00 00  | ..!.......!.....
00000000002C7200 | D0 05 21 00 00 00 00 00  C4 03 21 00 00 00 00 00  | ..!.......!.....
00000000002C7210 | D8 04 21 00 00 00 00 00  84 01 21 00 00 00 00 00  | ..!.......!.....
00000000002C7220 | 48 01 21 00 00 00 00 00  38 FF 20 00 00 00 00 00  | H.!.....8. .....
00000000002C7230 | 80 FE 20 00 00 00 00 00  DC 05 21 00 00 00 00 00  | .. .......!.....
00000000002C7240 | BC FD 20 00 00 00 00 00  E4 FA 20 00 00 00 00 00  | .. ....... .....
00000000002C7250 | E4 FF 20 00 00 00 00 00  50 00 21 00 00 00 00 00  | .. .....P.!.....
00000000002C7260 | 88 03 21 00 00 00 00 00  14 FD 20 00 00 00 00 00  | ..!....... .....
00000000002C7270 | 34 FC 20 00 00 00 00 00  D4 02 21 00 00 00 00 00  | 4. .......!.....
00000000002C7280 | F0 05 21 00 00 00 00 00  B4 00 21 00 00 00 00 00  | ..!.......!.....
00000000002C7290 | 1C 04 21 00 00 00 00 00  38 05 21 00 00 00 00 00  | ..!.....8.!.....
00000000002C72A0 | A4 02 21 00 00 00 00 00  50 04 21 00 00 00 00 00  | ..!.....P.!.....
00000000002C72B0 | D0 05 21 00 00 00 00 00  D0 06 21 00 00 00 00 00  | ..!.......!.....
00000000002C72C0 | E4 06 21 00 00 00 00 00  F8 06 21 00 00 00 00 00  | ..!.......!.....
00000000002C72D0 | 1C 07 21 00 00 00 00 00  38 07 21 00 00 00 00 00  | ..!.....8.!.....
00000000002C72E0 | 5C 07 21 00 00 00 00 00  48 0B 21 00 00 00 00 00  | \.!.....H.!.....
00000000002C72F0 | F0 09 21 00 00 00 00 00  90 08 21 00 00 00 00 00  | ..!.......!.....
00000000002C7300 | AC 08 21 00 00 00 00 00  D0 08 21 00 00 00 00 00  | ..!.......!.....
00000000002C7310 | C0 0B 21 00 00 00 00 00  B4 0A 21 00 00 00 00 00  | ..!.......!.....
00000000002C7320 | 9C 07 21 00 00 00 00 00  B8 07 21 00 00 00 00 00  | ..!.......!.....
00000000002C7330 | D4 07 21 00 00 00 00 00  F8 07 21 00 00 00 00 00  | ..!.......!.....
00000000002C7340 | 80 0B 21 00 00 00 00 00  44 0A 21 00 00 00 00 00  | ..!.....D.!.....
00000000002C7350 | 64 09 21 00 00 00 00 00  80 09 21 00 00 00 00 00  | d.!.......!.....
00000000002C7360 | A4 09 21 00 00 00 00 00  48 0C 21 00 00 00 00 00  | ..!.....H.!.....
00000000002C7370 | 24 0B 21 00 00 00 00 00  6C 0C 21 00 00 00 00 00  | $.!.....l.!.....
00000000002C7380 | 78 0C 21 00 00 00 00 00  C8 09 21 00 00 00 00 00  | x.!.......!.....
00000000002C7390 | 1C 08 21 00 00 00 00 00  80 07 21 00 00 00 00 00  | ..!.......!.....
00000000002C73A0 | D0 0A 21 00 00 00 00 00  F4 08 21 00 00 00 00 00  | ..!.......!.....
00000000002C73B0 | 6C 0B 21 00 00 00 00 00  60 0A 21 00 00 00 00 00  | l.!.....`.!.....
00000000002C73C0 | E4 0B 21 00 00 00 00 00  B8 0C 21 00 00 00 00 00  | ..!.......!.....
00000000002C73D0 | 14 0A 21 00 00 00 00 00  84 0C 21 00 00 00 00 00  | ..!.......!.....
00000000002C73E0 | A4 0B 21 00 00 00 00 00  78 0C 21 00 00 00 00 00  | ..!.....x.!.....
00000000002C73F0 | 24 0E 21 00 00 00 00 00  38 0E 21 00 00 00 00 00  | $.!.....8.!.....
00000000002C7400 | 4C 0E 21 00 00 00 00 00  60 0E 21 00 00 00 00 00  | L.!.....`.!.....
00000000002C7410 | D4 0E 21 00 00 00 00 00  7C 0E 21 00 00 00 00 00  | ..!.....|.!.....
00000000002C7420 | 90 0E 21 00 00 00 00 00  10 0F 21 00 00 00 00 00  | ..!.......!.....
00000000002C7430 | 34 0F 21 00 00 00 00 00  9C 0F 21 00 00 00 00 00  | 4.!.......!.....
00000000002C7440 | F0 0E 21 00 00 00 00 00  40 0F 21 00 00 00 00 00  | ..!.....@.!.....
00000000002C7450 | A8 0F 21 00 00 00 00 00  AC 0E 21 00 00 00 00 00  | ..!.......!.....
00000000002C7460 | 9C 0F 21 00 00 00 00 00  90 10 21 00 00 00 00 00  | ..!.......!.....
00000000002C7470 | A4 10 21 00 00 00 00 00  C0 10 21 00 00 00 00 00  | ..!.......!.....
00000000002C7480 | E4 10 21 00 00 00 00 00  08 11 21 00 00 00 00 00  | ..!.......!.....
00000000002C7490 | 2C 11 21 00 00 00 00 00  50 11 21 00 00 00 00 00  | ,.!.....P.!.....
00000000002C74A0 | 74 11 21 00 00 00 00 00  68 37 21 00 00 00 00 00  | t.!.....h7!.....
00000000002C74B0 | 8C 30 21 00 00 00 00 00  44 16 21 00 00 00 00 00  | .0!.....D.!.....
00000000002C74C0 | 68 16 21 00 00 00 00 00  C8 34 21 00 00 00 00 00  | h.!......4!.....
00000000002C74D0 | 3C 14 21 00 00 00 00 00  60 14 21 00 00 00 00 00  | <.!.....`.!.....
00000000002C74E0 | 7C 14 21 00 00 00 00 00  8C 32 21 00 00 00 00 00  | |.!......2!.....
00000000002C74F0 | B8 2E 21 00 00 00 00 00  D4 2E 21 00 00 00 00 00  | ..!.......!.....
00000000002C7500 | 20 36 21 00 00 00 00 00  E0 12 21 00 00 00 00 00  |  6!.......!.....
00000000002C7510 | 04 13 21 00 00 00 00 00  28 13 21 00 00 00 00 00  | ..!.....(.!.....
00000000002C7520 | 4C 13 21 00 00 00 00 00  C4 31 21 00 00 00 00 00  | L.!......1!.....
00000000002C7530 | 5C 22 21 00 00 00 00 00  80 22 21 00 00 00 00 00  | \"!......"!.....
00000000002C7540 | 70 35 21 00 00 00 00 00  38 15 21 00 00 00 00 00  | p5!.....8.!.....
00000000002C7550 | 5C 15 21 00 00 00 00 00  80 15 21 00 00 00 00 00  | \.!.......!.....
00000000002C7560 | 24 33 21 00 00 00 00 00  CC 2F 21 00 00 00 00 00  | $3!....../!.....
00000000002C7570 | F0 2F 21 00 00 00 00 00  E4 36 21 00 00 00 00 00  | ./!......6!.....
00000000002C7580 | E8 11 21 00 00 00 00 00  04 12 21 00 00 00 00 00  | ..!.......!.....
00000000002C7590 | 28 12 21 00 00 00 00 00  4C 12 21 00 00 00 00 00  | (.!.....L.!.....
00000000002C75A0 | 70 12 21 00 00 00 00 00  90 31 21 00 00 00 00 00  | p.!......1!.....
00000000002C75B0 | AC 21 21 00 00 00 00 00  D0 21 21 00 00 00 00 00  | .!!......!!.....
00000000002C75C0 | 28 35 21 00 00 00 00 00  B8 14 21 00 00 00 00 00  | (5!.......!.....
00000000002C75D0 | D4 14 21 00 00 00 00 00  F8 14 21 00 00 00 00 00  | ..!.......!.....
00000000002C75E0 | 00 33 21 00 00 00 00 00  68 2F 21 00 00 00 00 00  | .3!.....h/!.....
00000000002C75F0 | 8C 2F 21 00 00 00 00 00  A8 36 21 00 00 00 00 00  | ./!......6!.....
00000000002C7600 | 84 13 21 00 00 00 00 00  A0 13 21 00 00 00 00 00  | ..!.......!.....
00000000002C7610 | C4 13 21 00 00 00 00 00  E8 13 21 00 00 00 00 00  | ..!.......!.....
00000000002C7620 | 3C 32 21 00 00 00 00 00  EC 22 21 00 00 00 00 00  | <2!......"!.....
00000000002C7630 | 18 23 21 00 00 00 00 00  A4 35 21 00 00 00 00 00  | .#!......5!.....
00000000002C7640 | C4 15 21 00 00 00 00 00  E8 15 21 00 00 00 00 00  | ..!.......!.....
00000000002C7650 | 0C 16 21 00 00 00 00 00  24 34 21 00 00 00 00 00  | ..!.....$4!.....
00000000002C7660 | 28 30 21 00 00 00 00 00  4C 30 21 00 00 00 00 00  | (0!.....L0!.....
00000000002C7670 | 14 37 21 00 00 00 00 00  8C 37 21 00 00 00 00 00  | .7!......7!.....
00000000002C7680 | A0 37 21 00 00 00 00 00  9C 15 21 00 00 00 00 00  | .7!.......!.....
00000000002C7690 | 48 34 21 00 00 00 00 00  1C 15 21 00 00 00 00 00  | H4!.......!.....
00000000002C76A0 | 9C 22 21 00 00 00 00 00  3C 23 21 00 00 00 00 00  | ."!.....<#!.....
00000000002C76B0 | B4 31 21 00 00 00 00 00  B0 32 21 00 00 00 00 00  | .1!......2!.....
00000000002C76C0 | 48 33 21 00 00 00 00 00  70 30 21 00 00 00 00 00  | H3!.....p0!.....
00000000002C76D0 | 94 12 21 00 00 00 00 00  90 11 21 00 00 00 00 00  | ..!.......!.....
00000000002C76E0 | 40 37 21 00 00 00 00 00  94 35 21 00 00 00 00 00  | @7!......5!.....
00000000002C76F0 | 4C 35 21 00 00 00 00 00  00 37 21 00 00 00 00 00  | L5!......7!.....
00000000002C7700 | E8 31 21 00 00 00 00 00  F4 21 21 00 00 00 00 00  | .1!......!!.....
00000000002C7710 | 0C 30 21 00 00 00 00 00  28 16 21 00 00 00 00 00  | .0!.....(.!.....
00000000002C7720 | C8 35 21 00 00 00 00 00  B0 37 21 00 00 00 00 00  | .5!......7!.....
00000000002C7730 | CC 36 21 00 00 00 00 00  44 36 21 00 00 00 00 00  | .6!.....D6!.....
00000000002C7740 | F0 2E 21 00 00 00 00 00  10 38 21 00 00 00 00 00  | ..!......8!.....
00000000002C7750 | B0 2F 21 00 00 00 00 00  8C 16 21 00 00 00 00 00  | ./!.......!.....
00000000002C7760 | B0 30 21 00 00 00 00 00  0C 14 21 00 00 00 00 00  | .0!.......!.....
00000000002C7770 | 68 13 21 00 00 00 00 00  98 14 21 00 00 00 00 00  | h.!.......!.....
00000000002C7780 | 68 32 21 00 00 00 00 00  F4 34 21 00 00 00 00 00  | h2!......4!.....
00000000002C7790 | A0 37 21 00 00 00 00 00  CC 38 21 00 00 00 00 00  | .7!......8!.....
00000000002C77A0 | E0 38 21 00 00 00 00 00  F4 38 21 00 00 00 00 00  | .8!......8!.....
00000000002C77B0 | 08 39 21 00 00 00 00 00  2C 39 21 00 00 00 00 00  | .9!.....,9!.....
00000000002C77C0 | DC 3A 21 00 00 00 00 00  20 3A 21 00 00 00 00 00  | .:!..... :!.....
00000000002C77D0 | B0 39 21 00 00 00 00 00  CC 39 21 00 00 00 00 00  | .9!......9!.....
00000000002C77E0 | E8 39 21 00 00 00 00 00  6C 3B 21 00 00 00 00 00  | .9!.....l;!.....
00000000002C77F0 | 9C 3A 21 00 00 00 00 00  88 3B 21 00 00 00 00 00  | .:!......;!.....
00000000002C7800 | 94 3B 21 00 00 00 00 00  04 3A 21 00 00 00 00 00  | .;!......:!.....
00000000002C7810 | 3C 3A 21 00 00 00 00 00  58 39 21 00 00 00 00 00  | <:!.....X9!.....
00000000002C7820 | 08 3B 21 00 00 00 00 00  A0 3B 21 00 00 00 00 00  | .;!......;!.....
00000000002C7830 | C0 3A 21 00 00 00 00 00  94 3B 21 00 00 00 00 00  | .:!......;!.....
00000000002C7840 | 08 3D 21 00 00 00 00 00  1C 3D 21 00 00 00 00 00  | .=!......=!.....
00000000002C7850 | 30 3D 21 00 00 00 00 00  4C 3D 21 00 00 00 00 00  | 0=!.....L=!.....
00000000002C7860 | 70 3D 21 00 00 00 00 00  94 3D 21 00 00 00 00 00  | p=!......=!.....
00000000002C7870 | 04 42 21 00 00 00 00 00  58 40 21 00 00 00 00 00  | .B!.....X@!.....
00000000002C7880 | 6C 3E 21 00 00 00 00 00  90 3E 21 00 00 00 00 00  | l>!......>!.....
00000000002C7890 | 60 41 21 00 00 00 00 00  E0 3D 21 00 00 00 00 00  | `A!......=!.....
00000000002C78A0 | FC 3D 21 00 00 00 00 00  20 3E 21 00 00 00 00 00  | .=!..... >!.....
00000000002C78B0 | C8 40 21 00 00 00 00 00  BC 3F 21 00 00 00 00 00  | .@!......?!.....
00000000002C78C0 | D8 3F 21 00 00 00 00 00  8C 41 21 00 00 00 00 00  | .?!......A!.....
00000000002C78D0 | 28 42 21 00 00 00 00 00  34 42 21 00 00 00 00 00  | (B!.....4B!.....
00000000002C78E0 | B8 3D 21 00 00 00 00 00  74 40 21 00 00 00 00 00  | .=!.....t@!.....
00000000002C78F0 | E4 40 21 00 00 00 00 00  80 42 21 00 00 00 00 00  | .@!......B!.....
00000000002C7900 | F4 3F 21 00 00 00 00 00  BC 3E 21 00 00 00 00 00  | .?!......>!.....
00000000002C7910 | 3C 3E 21 00 00 00 00 00  40 42 21 00 00 00 00 00  | <>!.....@B!.....
00000000002C7920 | B0 41 21 00 00 00 00 00  34 42 21 00 00 00 00 00  | .A!.....4B!.....
00000000002C7930 | 4C 43 21 00 00 00 00 00  60 43 21 00 00 00 00 00  | LC!.....`C!.....
00000000002C7940 | 74 43 21 00 00 00 00 00  88 43 21 00 00 00 00 00  | tC!......C!.....
00000000002C7950 | 3C 44 21 00 00 00 00 00  E4 43 21 00 00 00 00 00  | <D!......C!.....
00000000002C7960 | F8 43 21 00 00 00 00 00  58 44 21 00 00 00 00 00  | .C!.....XD!.....
00000000002C7970 | 7C 44 21 00 00 00 00 00  84 44 21 00 00 00 00 00  | |D!......D!.....
00000000002C7980 | 14 44 21 00 00 00 00 00  A4 43 21 00 00 00 00 00  | .D!......C!.....
00000000002C7990 | 9C 44 21 00 00 00 00 00  90 44 21 00 00 00 00 00  | .D!......D!.....
00000000002C79A0 | 84 44 21 00 00 00 00 00  78 45 21 00 00 00 00 00  | .D!.....xE!.....
00000000002C79B0 | 8C 45 21 00 00 00 00 00  A0 45 21 00 00 00 00 00  | .E!......E!.....
00000000002C79C0 | B4 45 21 00 00 00 00 00  50 46 21 00 00 00 00 00  | .E!.....PF!.....
00000000002C79D0 | D0 45 21 00 00 00 00 00  E4 45 21 00 00 00 00 00  | .E!......E!.....
00000000002C79E0 | 78 46 21 00 00 00 00 00  9C 46 21 00 00 00 00 00  | xF!......F!.....
00000000002C79F0 | C4 46 21 00 00 00 00 00  A8 46 21 00 00 00 00 00  | .F!......F!.....
00000000002C7A00 | 00 46 21 00 00 00 00 00  D0 46 21 00 00 00 00 00  | .F!......F!.....
00000000002C7A10 | 6C 46 21 00 00 00 00 00  C4 46 21 00 00 00 00 00  | lF!......F!.....
00000000002C7A20 | 90 47 21 00 00 00 00 00  A4 47 21 00 00 00 00 00  | .G!......G!.....
00000000002C7A30 | B8 47 21 00 00 00 00 00  D4 47 21 00 00 00 00 00  | .G!......G!.....
00000000002C7A40 | F8 47 21 00 00 00 00 00  1C 48 21 00 00 00 00 00  | .G!......H!.....
00000000002C7A50 | 40 4D 21 00 00 00 00 00  A8 4A 21 00 00 00 00 00  | @M!......J!.....
00000000002C7A60 | CC 4A 21 00 00 00 00 00  9C 4F 21 00 00 00 00 00  | .J!......O!.....
00000000002C7A70 | 3C 49 21 00 00 00 00 00  60 49 21 00 00 00 00 00  | <I!.....`I!.....
00000000002C7A80 | 84 49 21 00 00 00 00 00  F8 4E 21 00 00 00 00 00  | .I!......N!.....
00000000002C7A90 | D0 4C 21 00 00 00 00 00  78 48 21 00 00 00 00 00  | .L!.....xH!.....
00000000002C7AA0 | 94 48 21 00 00 00 00 00  B0 48 21 00 00 00 00 00  | .H!......H!.....
00000000002C7AB0 | CC 48 21 00 00 00 00 00  00 4E 21 00 00 00 00 00  | .H!......N!.....
00000000002C7AC0 | 54 4B 21 00 00 00 00 00  78 4B 21 00 00 00 00 00  | TK!.....xK!.....
00000000002C7AD0 | F0 4F 21 00 00 00 00 00  0C 4A 21 00 00 00 00 00  | .O!......J!.....
00000000002C7AE0 | 28 4A 21 00 00 00 00 00  4C 4A 21 00 00 00 00 00  | (J!.....LJ!.....
00000000002C7AF0 | 78 4F 21 00 00 00 00 00  04 4D 21 00 00 00 00 00  | xO!......M!.....
00000000002C7B00 | 0C 50 21 00 00 00 00 00  A8 50 21 00 00 00 00 00  | .P!......P!.....
00000000002C7B10 | 28 4D 21 00 00 00 00 00  F0 4A 21 00 00 00 00 00  | (M!......J!.....
00000000002C7B20 | E8 48 21 00 00 00 00 00  9C 4B 21 00 00 00 00 00  | .H!......K!.....
00000000002C7B30 | EC 4C 21 00 00 00 00 00  24 4F 21 00 00 00 00 00  | .L!.....$O!.....
00000000002C7B40 | 1C 50 21 00 00 00 00 00  B4 50 21 00 00 00 00 00  | .P!......P!.....
00000000002C7B50 | A8 49 21 00 00 00 00 00  6C 4D 21 00 00 00 00 00  | .I!.....lM!.....
00000000002C7B60 | C0 4F 21 00 00 00 00 00  1C 4E 21 00 00 00 00 00  | .O!......N!.....
00000000002C7B70 | 40 48 21 00 00 00 00 00  70 4A 21 00 00 00 00 00  | @H!.....pJ!.....
00000000002C7B80 | A8 50 21 00 00 00 00 00  A0 51 21 00 00 00 00 00  | .P!......Q!.....
00000000002C7B90 | B4 51 21 00 00 00 00 00  C8 51 21 00 00 00 00 00  | .Q!......Q!.....
00000000002C7BA0 | DC 51 21 00 00 00 00 00  00 52 21 00 00 00 00 00  | .Q!......R!.....
00000000002C7BB0 | 44 53 21 00 00 00 00 00  CC 52 21 00 00 00 00 00  | DS!......R!.....
00000000002C7BC0 | 24 52 21 00 00 00 00 00  40 52 21 00 00 00 00 00  | $R!.....@R!.....
00000000002C7BD0 | 5C 52 21 00 00 00 00 00  B4 53 21 00 00 00 00 00  | \R!......S!.....
00000000002C7BE0 | 00 53 21 00 00 00 00 00  D0 53 21 00 00 00 00 00  | .S!......S!.....
00000000002C7BF0 | D8 53 21 00 00 00 00 00  E8 52 21 00 00 00 00 00  | .S!......R!.....
00000000002C7C00 | 78 52 21 00 00 00 00 00  2C 53 21 00 00 00 00 00  | xR!.....,S!.....
00000000002C7C10 | 70 53 21 00 00 00 00 00  FC 53 21 00 00 00 00 00  | pS!......S!.....
00000000002C7C20 | E4 53 21 00 00 00 00 00  D8 53 21 00 00 00 00 00  | .S!......S!.....
00000000002C7C30 | EC 54 21 00 00 00 00 00  00 55 21 00 00 00 00 00  | .T!......U!.....
00000000002C7C40 | 14 55 21 00 00 00 00 00  28 55 21 00 00 00 00 00  | .U!.....(U!.....
00000000002C7C50 | 44 55 21 00 00 00 00 00  0C 57 21 00 00 00 00 00  | DU!......W!.....
00000000002C7C60 | 5C 56 21 00 00 00 00 00  80 56 21 00 00 00 00 00  | \V!......V!.....
00000000002C7C70 | 80 57 21 00 00 00 00 00  B8 55 21 00 00 00 00 00  | .W!......U!.....
00000000002C7C80 | D4 55 21 00 00 00 00 00  F8 55 21 00 00 00 00 00  | .U!......U!.....
00000000002C7C90 | 34 57 21 00 00 00 00 00  E8 56 21 00 00 00 00 00  | 4W!......V!.....
00000000002C7CA0 | AC 57 21 00 00 00 00 00  B4 57 21 00 00 00 00 00  | .W!......W!.....
00000000002C7CB0 | 60 57 21 00 00 00 00 00  1C 56 21 00 00 00 00 00  | `W!......V!.....
00000000002C7CC0 | 60 55 21 00 00 00 00 00  C0 57 21 00 00 00 00 00  | `U!......W!.....
00000000002C7CD0 | D0 57 21 00 00 00 00 00  A4 56 21 00 00 00 00 00  | .W!......V!.....
00000000002C7CE0 | 28 57 21 00 00 00 00 00  B4 57 21 00 00 00 00 00  | (W!......W!.....
00000000002C7CF0 | C8 58 21 00 00 00 00 00  DC 58 21 00 00 00 00 00  | .X!......X!.....
00000000002C7D00 | F0 58 21 00 00 00 00 00  04 59 21 00 00 00 00 00  | .X!......Y!.....
00000000002C7D10 | 28 59 21 00 00 00 00 00  4C 59 21 00 00 00 00 00  | (Y!.....LY!.....
00000000002C7D20 | 70 59 21 00 00 00 00 00  8C 59 21 00 00 00 00 00  | pY!......Y!.....
00000000002C7D30 | E8 72 21 00 00 00 00 00  C4 67 21 00 00 00 00 00  | .r!......g!.....
00000000002C7D40 | 70 63 21 00 00 00 00 00  94 63 21 00 00 00 00 00  | pc!......c!.....
00000000002C7D50 | E0 6C 21 00 00 00 00 00  E0 5C 21 00 00 00 00 00  | .l!......\!.....
00000000002C7D60 | 04 5D 21 00 00 00 00 00  28 5D 21 00 00 00 00 00  | .]!.....(]!.....
00000000002C7D70 | 70 69 21 00 00 00 00 00  80 65 21 00 00 00 00 00  | pi!......e!.....
00000000002C7D80 | A4 65 21 00 00 00 00 00  E4 6D 21 00 00 00 00 00  | .e!......m!.....
00000000002C7D90 | B4 5A 21 00 00 00 00 00  D8 5A 21 00 00 00 00 00  | .Z!......Z!.....
00000000002C7DA0 | FC 5A 21 00 00 00 00 00  20 5B 21 00 00 00 00 00  | .Z!..... [!.....
00000000002C7DB0 | 9C 68 21 00 00 00 00 00  64 64 21 00 00 00 00 00  | .h!.....dd!.....
00000000002C7DC0 | 80 64 21 00 00 00 00 00  78 6D 21 00 00 00 00 00  | .d!.....xm!.....
00000000002C7DD0 | 3C 5E 21 00 00 00 00 00  60 5E 21 00 00 00 00 00  | <^!.....`^!.....
00000000002C7DE0 | 84 5E 21 00 00 00 00 00  50 6B 21 00 00 00 00 00  | .^!.....Pk!.....
00000000002C7DF0 | 98 66 21 00 00 00 00 00  BC 66 21 00 00 00 00 00  | .f!......f!.....
00000000002C7E00 | 00 72 21 00 00 00 00 00  B8 59 21 00 00 00 00 00  | .r!......Y!.....
00000000002C7E10 | DC 59 21 00 00 00 00 00  00 5A 21 00 00 00 00 00  | .Y!......Z!.....
00000000002C7E20 | 24 5A 21 00 00 00 00 00  48 5A 21 00 00 00 00 00  | $Z!.....HZ!.....
00000000002C7E30 | 6C 5A 21 00 00 00 00 00  5C 73 21 00 00 00 00 00  | lZ!.....\s!.....
00000000002C7E40 | 0C 68 21 00 00 00 00 00  00 64 21 00 00 00 00 00  | .h!......d!.....
00000000002C7E50 | 24 64 21 00 00 00 00 00  30 6D 21 00 00 00 00 00  | $d!.....0m!.....
00000000002C7E60 | B0 5D 21 00 00 00 00 00  D4 5D 21 00 00 00 00 00  | .]!......]!.....
00000000002C7E70 | F8 5D 21 00 00 00 00 00  94 6A 21 00 00 00 00 00  | .]!......j!.....
00000000002C7E80 | F8 65 21 00 00 00 00 00  1C 66 21 00 00 00 00 00  | .e!......f!.....
00000000002C7E90 | C0 71 21 00 00 00 00 00  E8 5B 21 00 00 00 00 00  | .q!......[!.....
00000000002C7EA0 | 0C 5C 21 00 00 00 00 00  30 5C 21 00 00 00 00 00  | .\!.....0\!.....
00000000002C7EB0 | 54 5C 21 00 00 00 00 00  3C 69 21 00 00 00 00 00  | T\!.....<i!.....
00000000002C7EC0 | 38 65 21 00 00 00 00 00  54 65 21 00 00 00 00 00  | 8e!.....Te!.....
00000000002C7ED0 | A8 6D 21 00 00 00 00 00  F0 5E 21 00 00 00 00 00  | .m!......^!.....
00000000002C7EE0 | 14 5F 21 00 00 00 00 00  38 5F 21 00 00 00 00 00  | ._!.....8_!.....
00000000002C7EF0 | 8C 6C 21 00 00 00 00 00  44 67 21 00 00 00 00 00  | .l!.....Dg!.....
00000000002C7F00 | 68 67 21 00 00 00 00 00  44 72 21 00 00 00 00 00  | hg!.....Dr!.....
00000000002C7F10 | 80 73 21 00 00 00 00 00  B4 73 21 00 00 00 00 00  | .s!......s!.....
00000000002C7F20 | E8 67 21 00 00 00 00 00  78 72 21 00 00 00 00 00  | .g!.....xr!.....
00000000002C7F30 | 48 64 21 00 00 00 00 00  B8 63 21 00 00 00 00 00  | Hd!......c!.....
00000000002C7F40 | 64 5F 21 00 00 00 00 00  EC 71 21 00 00 00 00 00  | d_!......q!.....
00000000002C7F50 | 9C 6D 21 00 00 00 00 00  9C 64 21 00 00 00 00 00  | .m!......d!.....
00000000002C7F60 | D0 65 21 00 00 00 00 00  40 66 21 00 00 00 00 00  | .e!.....@f!.....
00000000002C7F70 | 30 68 21 00 00 00 00 00  24 5E 21 00 00 00 00 00  | 0h!.....$^!.....
00000000002C7F80 | 80 5C 21 00 00 00 00 00  A4 69 21 00 00 00 00 00  | .\!......i!.....
00000000002C7F90 | 90 73 21 00 00 00 00 00  A8 5E 21 00 00 00 00 00  | .s!......^!.....
00000000002C7FA0 | C8 68 21 00 00 00 00 00  34 72 21 00 00 00 00 00  | .h!.....4r!.....
00000000002C7FB0 | C0 73 21 00 00 00 00 00  54 5D 21 00 00 00 00 00  | .s!.....T]!.....
00000000002C7FC0 | E8 66 21 00 00 00 00 00  C0 6C 21 00 00 00 00 00  | .f!......l!.....
00000000002C7FD0 | 90 5A 21 00 00 00 00 00  0C 73 21 00 00 00 00 00  | .Z!......s!.....
00000000002C7FE0 | 7C 6B 21 00 00 00 00 00  9C 67 21 00 00 00 00 00  | |k!......g!.....
00000000002C7FF0 | 5C 6D 21 00 00 00 00 00  08 6E 21 00 00 00 00 00  | \m!......n!.....
00000000002C8000 | 0C 6D 21 00 00 00 00 00  CC 6D 21 00 00 00 00 00  | .m!......m!.....
00000000002C8010 | C8 6A 21 00 00 00 00 00  A8 59 21 00 00 00 00 00  | .j!......Y!.....
00000000002C8020 | 70 65 21 00 00 00 00 00  44 5B 21 00 00 00 00 00  | pe!.....D[!.....
00000000002C8030 | B4 73 21 00 00 00 00 00  D8 74 21 00 00 00 00 00  | .s!......t!.....
00000000002C8040 | EC 74 21 00 00 00 00 00  00 75 21 00 00 00 00 00  | .t!......u!.....
00000000002C8050 | 24 75 21 00 00 00 00 00  48 75 21 00 00 00 00 00  | $u!.....Hu!.....
00000000002C8060 | 6C 75 21 00 00 00 00 00  90 75 21 00 00 00 00 00  | lu!......u!.....
00000000002C8070 | B4 75 21 00 00 00 00 00  D8 75 21 00 00 00 00 00  | .u!......u!.....
00000000002C8080 | C0 B0 21 00 00 00 00 00  E4 A1 21 00 00 00 00 00  | ..!.......!.....
00000000002C8090 | 50 84 21 00 00 00 00 00  74 84 21 00 00 00 00 00  | P.!.....t.!.....
00000000002C80A0 | 98 84 21 00 00 00 00 00  9C B9 21 00 00 00 00 00  | ..!.......!.....
00000000002C80B0 | AC A7 21 00 00 00 00 00  D4 7D 21 00 00 00 00 00  | ..!......}!.....
00000000002C80C0 | F8 7D 21 00 00 00 00 00  1C 7E 21 00 00 00 00 00  | .}!......~!.....
00000000002C80D0 | 40 7E 21 00 00 00 00 00  60 B4 21 00 00 00 00 00  | @~!.....`.!.....
00000000002C80E0 | CC A4 21 00 00 00 00 00  10 9D 21 00 00 00 00 00  | ..!.......!.....
00000000002C80F0 | 34 9D 21 00 00 00 00 00  B8 AC 21 00 00 00 00 00  | 4.!.......!.....
00000000002C8100 | 1C 7A 21 00 00 00 00 00  38 7A 21 00 00 00 00 00  | .z!.....8z!.....
00000000002C8110 | 5C 7A 21 00 00 00 00 00  80 7A 21 00 00 00 00 00  | \z!......z!.....
00000000002C8120 | A4 7A 21 00 00 00 00 00  EC B2 21 00 00 00 00 00  | .z!.......!.....
00000000002C8130 | BC A3 21 00 00 00 00 00  E0 9A 21 00 00 00 00 00  | ..!.......!.....
00000000002C8140 | 04 9B 21 00 00 00 00 00  54 AA 21 00 00 00 00 00  | ..!.....T.!.....
00000000002C8150 | 2C 81 21 00 00 00 00 00  50 81 21 00 00 00 00 00  | ,.!.....P.!.....
00000000002C8160 | 74 81 21 00 00 00 00 00  98 81 21 00 00 00 00 00  | t.!.......!.....
00000000002C8170 | 10 B6 21 00 00 00 00 00  44 A6 21 00 00 00 00 00  | ..!.....D.!.....
00000000002C8180 | 54 9F 21 00 00 00 00 00  78 9F 21 00 00 00 00 00  | T.!.....x.!.....
00000000002C8190 | 44 AE 21 00 00 00 00 00  E4 77 21 00 00 00 00 00  | D.!......w!.....
00000000002C81A0 | 08 78 21 00 00 00 00 00  2C 78 21 00 00 00 00 00  | .x!.....,x!.....
00000000002C81B0 | 50 78 21 00 00 00 00 00  74 78 21 00 00 00 00 00  | Px!.....tx!.....
00000000002C81C0 | 98 78 21 00 00 00 00 00  64 B2 21 00 00 00 00 00  | .x!.....d.!.....
00000000002C81D0 | FC A2 21 00 00 00 00 00  4C 85 21 00 00 00 00 00  | ..!.....L.!.....
00000000002C81E0 | 70 85 21 00 00 00 00 00  70 A9 21 00 00 00 00 00  | p.!.....p.!.....
00000000002C81F0 | 98 7F 21 00 00 00 00 00  BC 7F 21 00 00 00 00 00  | ..!.......!.....
00000000002C8200 | E0 7F 21 00 00 00 00 00  04 80 21 00 00 00 00 00  | ..!.......!.....
00000000002C8210 | 20 B5 21 00 00 00 00 00  54 A5 21 00 00 00 00 00  |  .!.....T.!.....
00000000002C8220 | 14 9E 21 00 00 00 00 00  38 9E 21 00 00 00 00 00  | ..!.....8.!.....
00000000002C8230 | 84 AD 21 00 00 00 00 00  EC 7B 21 00 00 00 00 00  | ..!......{!.....
00000000002C8240 | 10 7C 21 00 00 00 00 00  34 7C 21 00 00 00 00 00  | .|!.....4|!.....
00000000002C8250 | 58 7C 21 00 00 00 00 00  7C 7C 21 00 00 00 00 00  | X|!.....||!.....
00000000002C8260 | C4 B3 21 00 00 00 00 00  2C A4 21 00 00 00 00 00  | ..!.....,.!.....
00000000002C8270 | 28 9C 21 00 00 00 00 00  4C 9C 21 00 00 00 00 00  | (.!.....L.!.....
00000000002C8280 | 7C AB 21 00 00 00 00 00  90 82 21 00 00 00 00 00  | |.!.......!.....
00000000002C8290 | B4 82 21 00 00 00 00 00  D8 82 21 00 00 00 00 00  | ..!.......!.....
00000000002C82A0 | FC 82 21 00 00 00 00 00  44 B7 21 00 00 00 00 00  | ..!.....D.!.....
00000000002C82B0 | B4 A6 21 00 00 00 00 00  A0 A0 21 00 00 00 00 00  | ..!.......!.....
00000000002C82C0 | C4 A0 21 00 00 00 00 00  FC AE 21 00 00 00 00 00  | ..!.......!.....
00000000002C82D0 | B8 76 21 00 00 00 00 00  DC 76 21 00 00 00 00 00  | .v!......v!.....
00000000002C82E0 | 00 77 21 00 00 00 00 00  24 77 21 00 00 00 00 00  | .w!.....$w!.....
00000000002C82F0 | 48 77 21 00 00 00 00 00  6C 77 21 00 00 00 00 00  | Hw!.....lw!.....
00000000002C8300 | 90 77 21 00 00 00 00 00  F0 B1 21 00 00 00 00 00  | .w!.......!.....
00000000002C8310 | D8 A2 21 00 00 00 00 00  D8 84 21 00 00 00 00 00  | ..!.......!.....
00000000002C8320 | FC 84 21 00 00 00 00 00  E0 A8 21 00 00 00 00 00  | ..!.......!.....
00000000002C8330 | E0 7E 21 00 00 00 00 00  04 7F 21 00 00 00 00 00  | .~!.......!.....
00000000002C8340 | 28 7F 21 00 00 00 00 00  4C 7F 21 00 00 00 00 00  | (.!.....L.!.....
00000000002C8350 | B4 B4 21 00 00 00 00 00  0C A5 21 00 00 00 00 00  | ..!.......!.....
00000000002C8360 | B8 9D 21 00 00 00 00 00  D4 9D 21 00 00 00 00 00  | ..!.......!.....
00000000002C8370 | 00 AD 21 00 00 00 00 00  E0 7A 21 00 00 00 00 00  | ..!......z!.....
00000000002C8380 | 04 7B 21 00 00 00 00 00  28 7B 21 00 00 00 00 00  | .{!.....({!.....
00000000002C8390 | 4C 7B 21 00 00 00 00 00  70 7B 21 00 00 00 00 00  | L{!.....p{!.....
00000000002C83A0 | 80 B3 21 00 00 00 00 00  F0 A3 21 00 00 00 00 00  | ..!.......!.....
00000000002C83B0 | 64 9B 21 00 00 00 00 00  88 9B 21 00 00 00 00 00  | d.!.......!.....
00000000002C83C0 | E8 AA 21 00 00 00 00 00  DC 81 21 00 00 00 00 00  | ..!.......!.....
00000000002C83D0 | 00 82 21 00 00 00 00 00  24 82 21 00 00 00 00 00  | ..!.....$.!.....
00000000002C83E0 | 48 82 21 00 00 00 00 00  9C B6 21 00 00 00 00 00  | H.!.......!.....
00000000002C83F0 | 78 A6 21 00 00 00 00 00  E8 9F 21 00 00 00 00 00  | x.!.......!.....
00000000002C8400 | 0C A0 21 00 00 00 00 00  B8 AE 21 00 00 00 00 00  | ..!.......!.....
00000000002C8410 | D0 78 21 00 00 00 00 00  F4 78 21 00 00 00 00 00  | .x!......x!.....
00000000002C8420 | 18 79 21 00 00 00 00 00  3C 79 21 00 00 00 00 00  | .y!.....<y!.....
00000000002C8430 | 60 79 21 00 00 00 00 00  84 79 21 00 00 00 00 00  | `y!......y!.....
00000000002C8440 | A8 B2 21 00 00 00 00 00  80 A3 21 00 00 00 00 00  | ..!.......!.....
00000000002C8450 | 8C 9A 21 00 00 00 00 00  A8 9A 21 00 00 00 00 00  | ..!.......!.....
00000000002C8460 | F4 A9 21 00 00 00 00 00  78 80 21 00 00 00 00 00  | ..!.....x.!.....
00000000002C8470 | 9C 80 21 00 00 00 00 00  C0 80 21 00 00 00 00 00  | ..!.......!.....
00000000002C8480 | E4 80 21 00 00 00 00 00  84 B5 21 00 00 00 00 00  | ..!.......!.....
00000000002C8490 | D4 A5 21 00 00 00 00 00  C0 9E 21 00 00 00 00 00  | ..!.......!.....
00000000002C84A0 | E4 9E 21 00 00 00 00 00  F0 AD 21 00 00 00 00 00  | ..!.......!.....
00000000002C84B0 | FC 7C 21 00 00 00 00 00  20 7D 21 00 00 00 00 00  | .|!..... }!.....
00000000002C84C0 | 44 7D 21 00 00 00 00 00  68 7D 21 00 00 00 00 00  | D}!.....h}!.....
00000000002C84D0 | 8C 7D 21 00 00 00 00 00  08 B4 21 00 00 00 00 00  | .}!.......!.....
00000000002C84E0 | 8C A4 21 00 00 00 00 00  C8 9C 21 00 00 00 00 00  | ..!.......!.....
00000000002C84F0 | E4 9C 21 00 00 00 00 00  3C AC 21 00 00 00 00 00  | ..!.....<.!.....
00000000002C8500 | 6C 83 21 00 00 00 00 00  90 83 21 00 00 00 00 00  | l.!.......!.....
00000000002C8510 | B4 83 21 00 00 00 00 00  D8 83 21 00 00 00 00 00  | ..!.......!.....
00000000002C8520 | CC B8 21 00 00 00 00 00  2C A7 21 00 00 00 00 00  | ..!.....,.!.....
00000000002C8530 | 44 A1 21 00 00 00 00 00  68 A1 21 00 00 00 00 00  | D.!.....h.!.....
00000000002C8540 | 14 B0 21 00 00 00 00 00  C8 B9 21 00 00 00 00 00  | ..!.......!.....
00000000002C8550 | 80 BA 21 00 00 00 00 00  F0 9D 21 00 00 00 00 00  | ..!.......!.....
00000000002C8560 | 30 80 21 00 00 00 00 00  CC 9A 21 00 00 00 00 00  | 0.!.......!.....
00000000002C8570 | 94 85 21 00 00 00 00 00  B8 B5 21 00 00 00 00 00  | ..!.......!.....
00000000002C8580 | 08 A2 21 00 00 00 00 00  E4 AC 21 00 00 00 00 00  | ..!.......!.....
00000000002C8590 | 50 A7 21 00 00 00 00 00  04 76 21 00 00 00 00 00  | P.!......v!.....
00000000002C85A0 | 10 81 21 00 00 00 00 00  9C 7B 21 00 00 00 00 00  | ..!......{!.....
00000000002C85B0 | 6C 7E 21 00 00 00 00 00  80 7F 21 00 00 00 00 00  | l~!.......!.....
00000000002C85C0 | D8 A6 21 00 00 00 00 00  A8 7C 21 00 00 00 00 00  | ..!......|!.....
00000000002C85D0 | 9C A6 21 00 00 00 00 00  58 9D 21 00 00 00 00 00  | ..!.....X.!.....
00000000002C85E0 | 38 A0 21 00 00 00 00 00  B8 7D 21 00 00 00 00 00  | 8.!......}!.....
00000000002C85F0 | 04 84 21 00 00 00 00 00  14 AB 21 00 00 00 00 00  | ..!.......!.....
00000000002C8600 | E0 A3 21 00 00 00 00 00  8C A1 21 00 00 00 00 00  | ..!.......!.....
00000000002C8610 | 1C A9 21 00 00 00 00 00  40 B0 21 00 00 00 00 00  | ..!.....@.!.....
00000000002C8620 | 54 B5 21 00 00 00 00 00  F0 A0 21 00 00 00 00 00  | T.!.......!.....
00000000002C8630 | 5C 9E 21 00 00 00 00 00  B4 B3 21 00 00 00 00 00  | \.!.......!.....
00000000002C8640 | 1C AE 21 00 00 00 00 00  9C 9F 21 00 00 00 00 00  | ..!.......!.....
00000000002C8650 | F4 B0 21 00 00 00 00 00  74 82 21 00 00 00 00 00  | ..!.....t.!.....
00000000002C8660 | 70 9C 21 00 00 00 00 00  D0 B6 21 00 00 00 00 00  | p.!.......!.....
00000000002C8670 | F0 A4 21 00 00 00 00 00  60 AC 21 00 00 00 00 00  | ..!.....`.!.....
00000000002C8680 | A8 AB 21 00 00 00 00 00  A4 A3 21 00 00 00 00 00  | ..!.......!.....
00000000002C8690 | 14 B2 21 00 00 00 00 00  80 AA 21 00 00 00 00 00  | ..!.......!.....
00000000002C86A0 | 30 85 21 00 00 00 00 00  20 B3 21 00 00 00 00 00  | 0.!..... .!.....
00000000002C86B0 | 24 AD 21 00 00 00 00 00  F8 B3 21 00 00 00 00 00  | $.!.......!.....
00000000002C86C0 | 28 83 21 00 00 00 00 00  F8 A5 21 00 00 00 00 00  | (.!.......!.....
00000000002C86D0 | D0 A7 21 00 00 00 00 00  30 A5 21 00 00 00 00 00  | ..!.....0.!.....
00000000002C86E0 | 44 B6 21 00 00 00 00 00  78 B7 21 00 00 00 00 00  | D.!.....x.!.....
00000000002C86F0 | BC 84 21 00 00 00 00 00  08 9F 21 00 00 00 00 00  | ..!.......!.....
00000000002C8700 | 70 AE 21 00 00 00 00 00  F0 B4 21 00 00 00 00 00  | p.!.......!.....
00000000002C8710 | 50 A4 21 00 00 00 00 00  30 9B 21 00 00 00 00 00  | P.!.....0.!.....
00000000002C8720 | AC 9B 21 00 00 00 00 00  98 B2 21 00 00 00 00 00  | ..!.......!.....
00000000002C8730 | 9C A9 21 00 00 00 00 00  B0 79 21 00 00 00 00 00  | ..!......y!.....
00000000002C8740 | 8C BA 21 00 00 00 00 00  B0 A4 21 00 00 00 00 00  | ..!.......!.....
00000000002C8750 | 78 A5 21 00 00 00 00 00  20 A3 21 00 00 00 00 00  | x.!..... .!.....
00000000002C8760 | 00 9D 21 00 00 00 00 00  D0 7A 21 00 00 00 00 00  | ..!......z!.....
00000000002C8770 | 68 A6 21 00 00 00 00 00  14 A4 21 00 00 00 00 00  | h.!.......!.....
00000000002C8780 | 3C B4 21 00 00 00 00 00  20 AA 21 00 00 00 00 00  | <.!..... .!.....
00000000002C8790 | 00 B9 21 00 00 00 00 00  DC B2 21 00 00 00 00 00  | ..!.......!.....
00000000002C87A0 | EC AE 21 00 00 00 00 00  C4 78 21 00 00 00 00 00  | ..!......x!.....
00000000002C87B0 | C4 81 21 00 00 00 00 00  D8 B9 21 00 00 00 00 00  | ..!.......!.....
00000000002C87C0 | 20 AF 21 00 00 00 00 00  B4 77 21 00 00 00 00 00  |  .!......w!.....
00000000002C87D0 | B0 AD 21 00 00 00 00 00  94 B4 21 00 00 00 00 00  | ..!.......!.....
00000000002C87E0 | 80 BA 21 00 00 00 00 00  9C BB 21 00 00 00 00 00  | ..!.......!.....
00000000002C87F0 | B0 BB 21 00 00 00 00 00  C4 BB 21 00 00 00 00 00  | ..!.......!.....
00000000002C8800 | E8 BB 21 00 00 00 00 00  0C BC 21 00 00 00 00 00  | ..!.......!.....
00000000002C8810 | 30 BC 21 00 00 00 00 00  54 BC 21 00 00 00 00 00  | 0.!.....T.!.....
00000000002C8820 | CC C4 21 00 00 00 00 00  88 C1 21 00 00 00 00 00  | ..!.......!.....
00000000002C8830 | A4 C1 21 00 00 00 00 00  D4 C7 21 00 00 00 00 00  | ..!.......!.....
00000000002C8840 | F0 BE 21 00 00 00 00 00  14 BF 21 00 00 00 00 00  | ..!.......!.....
00000000002C8850 | 38 BF 21 00 00 00 00 00  48 C6 21 00 00 00 00 00  | 8.!.....H.!.....
00000000002C8860 | 18 C3 21 00 00 00 00 00  68 BD 21 00 00 00 00 00  | ..!.....h.!.....
00000000002C8870 | 8C BD 21 00 00 00 00 00  B0 BD 21 00 00 00 00 00  | ..!.......!.....
00000000002C8880 | D4 BD 21 00 00 00 00 00  50 C5 21 00 00 00 00 00  | ..!.....P.!.....
00000000002C8890 | 98 C2 21 00 00 00 00 00  68 C0 21 00 00 00 00 00  | ..!.....h.!.....
00000000002C88A0 | 8C C0 21 00 00 00 00 00  B0 C0 21 00 00 00 00 00  | ..!.......!.....
00000000002C88B0 | 1C C7 21 00 00 00 00 00  C4 C3 21 00 00 00 00 00  | ..!.......!.....
00000000002C88C0 | B0 BC 21 00 00 00 00 00  CC BC 21 00 00 00 00 00  | ..!.......!.....
00000000002C88D0 | E8 BC 21 00 00 00 00 00  0C BD 21 00 00 00 00 00  | ..!.......!.....
00000000002C88E0 | 30 BD 21 00 00 00 00 00  10 C5 21 00 00 00 00 00  | 0.!.......!.....
00000000002C88F0 | DC C1 21 00 00 00 00 00  00 C2 21 00 00 00 00 00  | ..!.......!.....
00000000002C8900 | 0C C8 21 00 00 00 00 00  AC BF 21 00 00 00 00 00  | ..!.......!.....
00000000002C8910 | C8 BF 21 00 00 00 00 00  EC BF 21 00 00 00 00 00  | ..!.......!.....
00000000002C8920 | C4 C6 21 00 00 00 00 00  50 C3 21 00 00 00 00 00  | ..!.....P.!.....
00000000002C8930 | 54 BE 21 00 00 00 00 00  78 BE 21 00 00 00 00 00  | T.!.....x.!.....
00000000002C8940 | 9C BE 21 00 00 00 00 00  C0 BE 21 00 00 00 00 00  | ..!.......!.....
00000000002C8950 | 0C C6 21 00 00 00 00 00  D0 C2 21 00 00 00 00 00  | ..!.......!.....
00000000002C8960 | 24 C1 21 00 00 00 00 00  40 C1 21 00 00 00 00 00  | $.!.....@.!.....
00000000002C8970 | 64 C1 21 00 00 00 00 00  60 C7 21 00 00 00 00 00  | d.!.....`.!.....
00000000002C8980 | 4C C4 21 00 00 00 00 00  28 C8 21 00 00 00 00 00  | L.!.....(.!.....
00000000002C8990 | 3C C8 21 00 00 00 00 00  40 C7 21 00 00 00 00 00  | <.!.....@.!.....
00000000002C89A0 | 48 C8 21 00 00 00 00 00  C0 C1 21 00 00 00 00 00  | H.!.......!.....
00000000002C89B0 | 10 C0 21 00 00 00 00 00  F0 BD 21 00 00 00 00 00  | ..!.......!.....
00000000002C89C0 | 4C BD 21 00 00 00 00 00  6C C6 21 00 00 00 00 00  | L.!.....l.!.....
00000000002C89D0 | 24 C2 21 00 00 00 00 00  F8 C7 21 00 00 00 00 00  | $.!.......!.....
00000000002C89E0 | 6C C3 21 00 00 00 00 00  CC C0 21 00 00 00 00 00  | l.!.......!.....
00000000002C89F0 | F8 C4 21 00 00 00 00 00  70 BC 21 00 00 00 00 00  | ..!.....p.!.....
00000000002C8A00 | 54 BF 21 00 00 00 00 00  BC C2 21 00 00 00 00 00  | T.!.......!.....
00000000002C8A10 | 70 C4 21 00 00 00 00 00  84 C7 21 00 00 00 00 00  | p.!.......!.....
00000000002C8A20 | E0 C3 21 00 00 00 00 00  E8 C6 21 00 00 00 00 00  | ..!.......!.....
00000000002C8A30 | 34 C9 21 00 00 00 00 00  74 C5 21 00 00 00 00 00  | 4.!.....t.!.....
00000000002C8A40 | 3C C3 21 00 00 00 00 00  30 C6 21 00 00 00 00 00  | <.!.....0.!.....
00000000002C8A50 | DC BE 21 00 00 00 00 00  34 C5 21 00 00 00 00 00  | ..!.....4.!.....
00000000002C8A60 | F4 C2 21 00 00 00 00 00  3C C8 21 00 00 00 00 00  | ..!.....<.!.....
00000000002C8A70 | 64 CA 21 00 00 00 00 00  78 CA 21 00 00 00 00 00  | d.!.....x.!.....
00000000002C8A80 | 8C CA 21 00 00 00 00 00  A0 CA 21 00 00 00 00 00  | ..!.......!.....
00000000002C8A90 | C4 CA 21 00 00 00 00 00  E8 CA 21 00 00 00 00 00  | ..!.......!.....
00000000002C8AA0 | 0C CB 21 00 00 00 00 00  30 CB 21 00 00 00 00 00  | ..!.....0.!.....
00000000002C8AB0 | 54 CB 21 00 00 00 00 00  40 F3 21 00 00 00 00 00  | T.!.....@.!.....
00000000002C8AC0 | 88 E5 21 00 00 00 00 00  AC E5 21 00 00 00 00 00  | ..!.......!.....
00000000002C8AD0 | 8C 00 22 00 00 00 00 00  98 D9 21 00 00 00 00 00  | ..".......!.....
00000000002C8AE0 | BC D9 21 00 00 00 00 00  E0 D9 21 00 00 00 00 00  | ..!.......!.....
00000000002C8AF0 | 74 FA 21 00 00 00 00 00  C0 EC 21 00 00 00 00 00  | t.!.......!.....
00000000002C8B00 | FC D2 21 00 00 00 00 00  20 D3 21 00 00 00 00 00  | ..!..... .!.....
00000000002C8B10 | 44 D3 21 00 00 00 00 00  68 D3 21 00 00 00 00 00  | D.!.....h.!.....
00000000002C8B20 | 28 F7 21 00 00 00 00 00  8C E9 21 00 00 00 00 00  | (.!.......!.....
00000000002C8B30 | 38 DF 21 00 00 00 00 00  5C DF 21 00 00 00 00 00  | 8.!.....\.!.....
00000000002C8B40 | 80 DF 21 00 00 00 00 00  4C FD 21 00 00 00 00 00  | ..!.....L.!.....
00000000002C8B50 | A4 EF 21 00 00 00 00 00  00 CF 21 00 00 00 00 00  | ..!.......!.....
00000000002C8B60 | 24 CF 21 00 00 00 00 00  48 CF 21 00 00 00 00 00  | $.!.....H.!.....
00000000002C8B70 | 6C CF 21 00 00 00 00 00  90 CF 21 00 00 00 00 00  | l.!.......!.....
00000000002C8B80 | 4C F5 21 00 00 00 00 00  94 E7 21 00 00 00 00 00  | L.!.......!.....
00000000002C8B90 | B8 E7 21 00 00 00 00 00  38 02 22 00 00 00 00 00  | ..!.....8.".....
00000000002C8BA0 | 84 DC 21 00 00 00 00 00  A8 DC 21 00 00 00 00 00  | ..!.......!.....
00000000002C8BB0 | CC DC 21 00 00 00 00 00  08 FC 21 00 00 00 00 00  | ..!.......!.....
00000000002C8BC0 | D8 ED 21 00 00 00 00 00  D4 D6 21 00 00 00 00 00  | ..!.......!.....
00000000002C8BD0 | F8 D6 21 00 00 00 00 00  1C D7 21 00 00 00 00 00  | ..!.......!.....
00000000002C8BE0 | 40 D7 21 00 00 00 00 00  1C F9 21 00 00 00 00 00  | @.!.......!.....
00000000002C8BF0 | 1C EB 21 00 00 00 00 00  A4 E2 21 00 00 00 00 00  | ..!.......!.....
00000000002C8C00 | C8 E2 21 00 00 00 00 00  EC E2 21 00 00 00 00 00  | ..!.......!.....
00000000002C8C10 | 10 FF 21 00 00 00 00 00  94 F1 21 00 00 00 00 00  | ..!.......!.....
00000000002C8C20 | F4 CC 21 00 00 00 00 00  18 CD 21 00 00 00 00 00  | ..!.......!.....
00000000002C8C30 | 3C CD 21 00 00 00 00 00  60 CD 21 00 00 00 00 00  | <.!.....`.!.....
00000000002C8C40 | 84 CD 21 00 00 00 00 00  A8 CD 21 00 00 00 00 00  | ..!.......!.....
00000000002C8C50 | 50 F4 21 00 00 00 00 00  C4 E6 21 00 00 00 00 00  | P.!.......!.....
00000000002C8C60 | E8 E6 21 00 00 00 00 00  6C 01 22 00 00 00 00 00  | ..!.....l.".....
00000000002C8C70 | E4 DA 21 00 00 00 00 00  08 DB 21 00 00 00 00 00  | ..!.......!.....
00000000002C8C80 | 2C DB 21 00 00 00 00 00  60 FB 21 00 00 00 00 00  | ,.!.....`.!.....
00000000002C8C90 | 20 ED 21 00 00 00 00 00  84 D4 21 00 00 00 00 00  |  .!.......!.....
00000000002C8CA0 | A8 D4 21 00 00 00 00 00  CC D4 21 00 00 00 00 00  | ..!.......!.....
00000000002C8CB0 | F0 D4 21 00 00 00 00 00  58 F8 21 00 00 00 00 00  | ..!.....X.!.....
00000000002C8CC0 | A0 EA 21 00 00 00 00 00  70 E0 21 00 00 00 00 00  | ..!.....p.!.....
00000000002C8CD0 | 94 E0 21 00 00 00 00 00  B8 E0 21 00 00 00 00 00  | ..!.......!.....
00000000002C8CE0 | 84 FE 21 00 00 00 00 00  D0 F0 21 00 00 00 00 00  | ..!.......!.....
00000000002C8CF0 | 14 D1 21 00 00 00 00 00  38 D1 21 00 00 00 00 00  | ..!.....8.!.....
00000000002C8D00 | 5C D1 21 00 00 00 00 00  80 D1 21 00 00 00 00 00  | \.!.......!.....
00000000002C8D10 | A4 D1 21 00 00 00 00 00  D4 F5 21 00 00 00 00 00  | ..!.......!.....
00000000002C8D20 | 7C E8 21 00 00 00 00 00  A0 E8 21 00 00 00 00 00  | |.!.......!.....
00000000002C8D30 | F8 02 22 00 00 00 00 00  CC DD 21 00 00 00 00 00  | ..".......!.....
00000000002C8D40 | F0 DD 21 00 00 00 00 00  14 DE 21 00 00 00 00 00  | ..!.......!.....
00000000002C8D50 | BC FC 21 00 00 00 00 00  30 EF 21 00 00 00 00 00  | ..!.....0.!.....
00000000002C8D60 | 24 D8 21 00 00 00 00 00  48 D8 21 00 00 00 00 00  | $.!.....H.!.....
00000000002C8D70 | 6C D8 21 00 00 00 00 00  88 D8 21 00 00 00 00 00  | l.!.......!.....
00000000002C8D80 | C4 F9 21 00 00 00 00 00  EC EB 21 00 00 00 00 00  | ..!.......!.....
00000000002C8D90 | 2C E4 21 00 00 00 00 00  50 E4 21 00 00 00 00 00  | ,.!.....P.!.....
00000000002C8DA0 | 74 E4 21 00 00 00 00 00  F4 FF 21 00 00 00 00 00  | t.!.......!.....
00000000002C8DB0 | BC F2 21 00 00 00 00 00  A8 CB 21 00 00 00 00 00  | ..!.......!.....
00000000002C8DC0 | C4 CB 21 00 00 00 00 00  E8 CB 21 00 00 00 00 00  | ..!.......!.....
00000000002C8DD0 | 0C CC 21 00 00 00 00 00  30 CC 21 00 00 00 00 00  | ..!.....0.!.....
00000000002C8DE0 | 54 CC 21 00 00 00 00 00  78 CC 21 00 00 00 00 00  | T.!.....x.!.....
00000000002C8DF0 | D8 F3 21 00 00 00 00 00  D0 E5 21 00 00 00 00 00  | ..!.......!.....
00000000002C8E00 | F8 E5 21 00 00 00 00 00  D8 00 22 00 00 00 00 00  | ..!.......".....
00000000002C8E10 | 60 DA 21 00 00 00 00 00  84 DA 21 00 00 00 00 00  | `.!.......!.....
00000000002C8E20 | A8 DA 21 00 00 00 00 00  DC FA 21 00 00 00 00 00  | ..!.......!.....
00000000002C8E30 | FC EC 21 00 00 00 00 00  D0 D3 21 00 00 00 00 00  | ..!.......!.....
00000000002C8E40 | F4 D3 21 00 00 00 00 00  18 D4 21 00 00 00 00 00  | ..!.......!.....
00000000002C8E50 | 3C D4 21 00 00 00 00 00  D0 F7 21 00 00 00 00 00  | <.!.......!.....
00000000002C8E60 | 28 EA 21 00 00 00 00 00  F4 DF 21 00 00 00 00 00  | (.!.......!.....
00000000002C8E70 | 18 E0 21 00 00 00 00 00  3C E0 21 00 00 00 00 00  | ..!.....<.!.....
00000000002C8E80 | D4 FD 21 00 00 00 00 00  24 F0 21 00 00 00 00 00  | ..!.....$.!.....
00000000002C8E90 | D0 CF 21 00 00 00 00 00  F4 CF 21 00 00 00 00 00  | ..!.......!.....
00000000002C8EA0 | 18 D0 21 00 00 00 00 00  3C D0 21 00 00 00 00 00  | ..!.....<.!.....
00000000002C8EB0 | 60 D0 21 00 00 00 00 00  90 F5 21 00 00 00 00 00  | `.!.......!.....
00000000002C8EC0 | EC E7 21 00 00 00 00 00  10 E8 21 00 00 00 00 00  | ..!.......!.....
00000000002C8ED0 | B8 02 22 00 00 00 00 00  00 DD 21 00 00 00 00 00  | ..".......!.....
00000000002C8EE0 | 24 DD 21 00 00 00 00 00  48 DD 21 00 00 00 00 00  | $.!.....H.!.....
00000000002C8EF0 | 74 FC 21 00 00 00 00 00  AC EE 21 00 00 00 00 00  | t.!.......!.....
00000000002C8F00 | 84 D7 21 00 00 00 00 00  A8 D7 21 00 00 00 00 00  | ..!.......!.....
00000000002C8F10 | CC D7 21 00 00 00 00 00  F0 D7 21 00 00 00 00 00  | ..!.......!.....
00000000002C8F20 | 88 F9 21 00 00 00 00 00  70 EB 21 00 00 00 00 00  | ..!.....p.!.....
00000000002C8F30 | 6C E3 21 00 00 00 00 00  90 E3 21 00 00 00 00 00  | l.!.......!.....
00000000002C8F40 | B4 E3 21 00 00 00 00 00  74 FF 21 00 00 00 00 00  | ..!.....t.!.....
00000000002C8F50 | E0 F1 21 00 00 00 00 00  DC CD 21 00 00 00 00 00  | ..!.......!.....
00000000002C8F60 | 00 CE 21 00 00 00 00 00  24 CE 21 00 00 00 00 00  | ..!.....$.!.....
00000000002C8F70 | 48 CE 21 00 00 00 00 00  6C CE 21 00 00 00 00 00  | H.!.....l.!.....
00000000002C8F80 | 90 CE 21 00 00 00 00 00  B0 F4 21 00 00 00 00 00  | ..!.......!.....
00000000002C8F90 | 34 E7 21 00 00 00 00 00  58 E7 21 00 00 00 00 00  | 4.!.....X.!.....
00000000002C8FA0 | DC 01 22 00 00 00 00 00  C4 DB 21 00 00 00 00 00  | ..".......!.....
00000000002C8FB0 | E8 DB 21 00 00 00 00 00  0C DC 21 00 00 00 00 00  | ..!.......!.....
00000000002C8FC0 | C0 FB 21 00 00 00 00 00  9C ED 21 00 00 00 00 00  | ..!.......!.....
00000000002C8FD0 | D8 D5 21 00 00 00 00 00  FC D5 21 00 00 00 00 00  | ..!.......!.....
00000000002C8FE0 | 20 D6 21 00 00 00 00 00  44 D6 21 00 00 00 00 00  |  .!.....D.!.....
00000000002C8FF0 | E0 F8 21 00 00 00 00 00  E0 EA 21 00 00 00 00 00  | ..!.......!.....
00000000002C9000 | 90 E1 21 00 00 00 00 00  B4 E1 21 00 00 00 00 00  | ..!.......!.....
00000000002C9010 | D8 E1 21 00 00 00 00 00  CC FE 21 00 00 00 00 00  | ..!.......!.....
00000000002C9020 | 04 F1 21 00 00 00 00 00  30 D2 21 00 00 00 00 00  | ..!.....0.!.....
00000000002C9030 | 54 D2 21 00 00 00 00 00  78 D2 21 00 00 00 00 00  | T.!.....x.!.....
00000000002C9040 | 9C D2 21 00 00 00 00 00  C0 D2 21 00 00 00 00 00  | ..!.......!.....
00000000002C9050 | 84 F6 21 00 00 00 00 00  20 E9 21 00 00 00 00 00  | ..!..... .!.....
00000000002C9060 | 44 E9 21 00 00 00 00 00  48 03 22 00 00 00 00 00  | D.!.....H.".....
00000000002C9070 | 9C DE 21 00 00 00 00 00  C0 DE 21 00 00 00 00 00  | ..!.......!.....
00000000002C9080 | E4 DE 21 00 00 00 00 00  00 FD 21 00 00 00 00 00  | ..!.......!.....
00000000002C9090 | 70 EF 21 00 00 00 00 00  F8 D8 21 00 00 00 00 00  | p.!.......!.....
00000000002C90A0 | 1C D9 21 00 00 00 00 00  40 D9 21 00 00 00 00 00  | ..!.....@.!.....
00000000002C90B0 | 64 D9 21 00 00 00 00 00  0C FA 21 00 00 00 00 00  | d.!.......!.....
00000000002C90C0 | 6C EC 21 00 00 00 00 00  F8 E4 21 00 00 00 00 00  | l.!.......!.....
00000000002C90D0 | 1C E5 21 00 00 00 00 00  40 E5 21 00 00 00 00 00  | ..!.....@.!.....
00000000002C90E0 | 50 00 22 00 00 00 00 00  04 F3 21 00 00 00 00 00  | P.".......!.....
00000000002C90F0 | 74 03 22 00 00 00 00 00  80 03 22 00 00 00 00 00  | t.".......".....
00000000002C9100 | 6C D7 21 00 00 00 00 00  FC F1 21 00 00 00 00 00  | l.!.......!.....
00000000002C9110 | A0 FC 21 00 00 00 00 00  38 FA 21 00 00 00 00 00  | ..!.....8.!.....
00000000002C9120 | DC E0 21 00 00 00 00 00  E4 EC 21 00 00 00 00 00  | ..!.......!.....
00000000002C9130 | DC E7 21 00 00 00 00 00  84 D0 21 00 00 00 00 00  | ..!.......!.....
00000000002C9140 | E4 03 22 00 00 00 00 00  94 EB 21 00 00 00 00 00  | ..".......!.....
00000000002C9150 | 6C F3 21 00 00 00 00 00  2C FD 21 00 00 00 00 00  | l.!.....,.!.....
00000000002C9160 | 44 ED 21 00 00 00 00 00  48 F0 21 00 00 00 00 00  | D.!.....H.!.....
00000000002C9170 | D8 F2 21 00 00 00 00 00  D8 E3 21 00 00 00 00 00  | ..!.......!.....
00000000002C9180 | 58 DB 21 00 00 00 00 00  54 EF 21 00 00 00 00 00  | X.!.....T.!.....
00000000002C9190 | 98 E4 21 00 00 00 00 00  10 FB 21 00 00 00 00 00  | ..!.......!.....
00000000002C91A0 | E4 D2 21 00 00 00 00 00  C8 EF 21 00 00 00 00 00  | ..!.......!.....
00000000002C91B0 | B0 F6 21 00 00 00 00 00  B8 FE 21 00 00 00 00 00  | ..!.......!.....
00000000002C91C0 | 7C E7 21 00 00 00 00 00  04 F4 21 00 00 00 00 00  | |.!.......!.....
00000000002C91D0 | 1C D5 21 00 00 00 00 00  20 00 22 00 00 00 00 00  | ..!..... .".....
00000000002C91E0 | FC F7 21 00 00 00 00 00  54 F7 21 00 00 00 00 00  | ..!.....T.!.....
00000000002C91F0 | 7C F4 21 00 00 00 00 00  A0 FF 21 00 00 00 00 00  | |.!.......!.....
00000000002C9200 | FC ED 21 00 00 00 00 00  C4 EA 21 00 00 00 00 00  | ..!.......!.....
00000000002C9210 | A4 DF 21 00 00 00 00 00  D0 D1 21 00 00 00 00 00  | ..!.......!.....
00000000002C9220 | C0 ED 21 00 00 00 00 00  04 DA 21 00 00 00 00 00  | ..!.......!.....
00000000002C9230 | 4C EA 21 00 00 00 00 00  F8 FE 21 00 00 00 00 00  | L.!.......!.....
00000000002C9240 | 94 F8 21 00 00 00 00 00  E4 F4 21 00 00 00 00 00  | ..!.......!.....
00000000002C9250 | B8 00 22 00 00 00 00 00  78 F5 21 00 00 00 00 00  | ..".....x.!.....
00000000002C9260 | 08 01 22 00 00 00 00 00  FC E1 21 00 00 00 00 00  | ..".......!.....
00000000002C9270 | B4 CF 21 00 00 00 00 00  B4 CE 21 00 00 00 00 00  | ..!.......!.....
00000000002C9280 | 40 DE 21 00 00 00 00 00  04 EB 21 00 00 00 00 00  | @.!.......!.....
00000000002C9290 | 34 FC 21 00 00 00 00 00  10 E3 21 00 00 00 00 00  | 4.!.......!.....
00000000002C92A0 | 78 FD 21 00 00 00 00 00  EC FB 21 00 00 00 00 00  | x.!.......!.....
00000000002C92B0 | 10 EC 21 00 00 00 00 00  34 E8 21 00 00 00 00 00  | ..!.....4.!.....
00000000002C92C0 | 94 EF 21 00 00 00 00 00  3C FF 21 00 00 00 00 00  | ..!.....<.!.....
00000000002C92D0 | 08 F6 21 00 00 00 00 00  24 E7 21 00 00 00 00 00  | ..!.....$.!.....
00000000002C92E0 | CC E8 21 00 00 00 00 00  20 E6 21 00 00 00 00 00  | ..!..... .!.....
00000000002C92F0 | 68 E0 21 00 00 00 00 00  8C D3 21 00 00 00 00 00  | h.!.......!.....
00000000002C9300 | D0 EE 21 00 00 00 00 00  10 02 22 00 00 00 00 00  | ..!.......".....
00000000002C9310 | 7C E9 21 00 00 00 00 00  00 FE 21 00 00 00 00 00  | |.!.......!.....
00000000002C9320 | 40 EB 21 00 00 00 00 00  9C CC 21 00 00 00 00 00  | @.!.......!.....
00000000002C9330 | 28 F1 21 00 00 00 00 00  08 DF 21 00 00 00 00 00  | (.!.......!.....
00000000002C9340 | 38 DC 21 00 00 00 00 00  B0 E9 21 00 00 00 00 00  | 8.!.......!.....
00000000002C9350 | B0 F1 21 00 00 00 00 00  24 03 22 00 00 00 00 00  | ..!.....$.".....
00000000002C9360 | 6C DD 21 00 00 00 00 00  48 F9 21 00 00 00 00 00  | l.!.....H.!.....
00000000002C9370 | 90 EC 21 00 00 00 00 00  68 D6 21 00 00 00 00 00  | ..!.....h.!.....
00000000002C9380 | B4 F9 21 00 00 00 00 00  78 CB 21 00 00 00 00 00  | ..!.....x.!.....
00000000002C9390 | 28 F3 21 00 00 00 00 00  A0 01 22 00 00 00 00 00  | (.!.......".....
00000000002C93A0 | 88 D9 21 00 00 00 00 00  7C 00 22 00 00 00 00 00  | ..!.....|.".....
00000000002C93B0 | F4 F0 21 00 00 00 00 00  64 02 22 00 00 00 00 00  | ..!.....d.".....
00000000002C93C0 | E8 F9 21 00 00 00 00 00  A4 D8 21 00 00 00 00 00  | ..!.......!.....
00000000002C93D0 | E4 02 22 00 00 00 00 00  F0 DC 21 00 00 00 00 00  | ..".......!.....
00000000002C93E0 | 14 D8 21 00 00 00 00 00  A0 FA 21 00 00 00 00 00  | ..!.......!.....
00000000002C93F0 | CC CD 21 00 00 00 00 00  F0 FC 21 00 00 00 00 00  | ..!.......!.....
00000000002C9400 | BC F5 21 00 00 00 00 00  94 FB 21 00 00 00 00 00  | ..!.......!.....
00000000002C9410 | 8C 03 22 00 00 00 00 00  0C F9 21 00 00 00 00 00  | ..".......!.....
00000000002C9420 | 68 E9 21 00 00 00 00 00  CC DA 21 00 00 00 00 00  | h.!.......!.....
00000000002C9430 | 64 E5 21 00 00 00 00 00  60 D4 21 00 00 00 00 00  | d.!.....`.!.....
00000000002C9440 | 80 03 22 00 00 00 00 00  98 04 22 00 00 00 00 00  | ..".......".....
00000000002C9450 | AC 04 22 00 00 00 00 00  C0 04 22 00 00 00 00 00  | ..".......".....
00000000002C9460 | D4 04 22 00 00 00 00 00  40 05 22 00 00 00 00 00  | ..".....@.".....
00000000002C9470 | 10 05 22 00 00 00 00 00  24 05 22 00 00 00 00 00  | ..".....$.".....
00000000002C9480 | C8 05 22 00 00 00 00 00  EC 05 22 00 00 00 00 00  | ..".......".....
00000000002C9490 | F4 05 22 00 00 00 00 00  F0 04 22 00 00 00 00 00  | ..".......".....
00000000002C94A0 | 5C 05 22 00 00 00 00 00  1C 06 22 00 00 00 00 00  | \.".......".....
00000000002C94B0 | 00 06 22 00 00 00 00 00  F4 05 22 00 00 00 00 00  | ..".......".....
00000000002C94C0 | E8 06 22 00 00 00 00 00  FC 06 22 00 00 00 00 00  | ..".......".....
00000000002C94D0 | 10 07 22 00 00 00 00 00  24 07 22 00 00 00 00 00  | ..".....$.".....
00000000002C94E0 | CC 07 22 00 00 00 00 00  40 07 22 00 00 00 00 00  | ..".....@.".....
00000000002C94F0 | 54 07 22 00 00 00 00 00  04 08 22 00 00 00 00 00  | T.".......".....
00000000002C9500 | 28 08 22 00 00 00 00 00  50 08 22 00 00 00 00 00  | (.".....P.".....
00000000002C9510 | 34 08 22 00 00 00 00 00  70 07 22 00 00 00 00 00  | 4.".....p.".....
00000000002C9520 | 5C 08 22 00 00 00 00 00  E8 07 22 00 00 00 00 00  | \.".......".....
00000000002C9530 | 50 08 22 00 00 00 00 00  20 09 22 00 00 00 00 00  | P."..... .".....
00000000002C9540 | 34 09 22 00 00 00 00 00  48 09 22 00 00 00 00 00  | 4.".....H.".....
00000000002C9550 | 5C 09 22 00 00 00 00 00  DC 09 22 00 00 00 00 00  | \.".......".....
00000000002C9560 | 94 09 22 00 00 00 00 00  A8 09 22 00 00 00 00 00  | ..".......".....
00000000002C9570 | 64 0A 22 00 00 00 00 00  88 0A 22 00 00 00 00 00  | d.".......".....
00000000002C9580 | 90 0A 22 00 00 00 00 00  C4 09 22 00 00 00 00 00  | ..".......".....
00000000002C9590 | F8 09 22 00 00 00 00 00  9C 0A 22 00 00 00 00 00  | ..".......".....
00000000002C95A0 | 78 09 22 00 00 00 00 00  90 0A 22 00 00 00 00 00  | x.".......".....
00000000002C95B0 | 04 E7 20 00 00 00 00 00  34 E7 20 00 00 00 00 00  | .. .....4. .....
00000000002C95C0 | 18 E7 20 00 00 00 00 00  84 E7 20 00 00 00 00 00  | .. ....... .....
00000000002C95D0 | 30 E8 20 00 00 00 00 00  64 E8 20 00 00 00 00 00  | 0. .....d. .....
00000000002C95E0 | 30 E8 20 00 00 00 00 00  A0 E7 20 00 00 00 00 00  | 0. ....... .....
00000000002C95F0 | 48 E7 20 00 00 00 00 00  0C E8 20 00 00 00 00 00  | H. ....... .....
00000000002C9600 | 30 E8 20 00 00 00 00 00  64 E7 20 00 00 00 00 00  | 0. .....d. .....
00000000002C9610 | 30 E8 20 00 00 00 00 00  3C E8 20 00 00 00 00 00  | 0. .....<. .....
00000000002C9620 | 60 E9 20 00 00 00 00 00  8C EA 20 00 00 00 00 00  | `. ....... .....
00000000002C9630 | 84 E9 20 00 00 00 00 00  6C EB 20 00 00 00 00 00  | .. .....l. .....
00000000002C9640 | A8 E9 20 00 00 00 00 00  E0 EC 20 00 00 00 00 00  | .. ....... .....
00000000002C9650 | CC E9 20 00 00 00 00 00  C4 EF 20 00 00 00 00 00  | .. ....... .....
00000000002C9660 | F0 E9 20 00 00 00 00 00  80 F3 20 00 00 00 00 00  | .. ....... .....
00000000002C9670 | FC F8 20 00 00 00 00 00  1C EA 20 00 00 00 00 00  | .. ....... .....
00000000002C9680 | FC F8 20 00 00 00 00 00  B4 F3 20 00 00 00 00 00  | .. ....... .....
00000000002C9690 | E8 EF 20 00 00 00 00 00  80 F7 20 00 00 00 00 00  | .. ....... .....
00000000002C96A0 | FC F8 20 00 00 00 00 00  14 F0 20 00 00 00 00 00  | .. ....... .....
00000000002C96B0 | FC F8 20 00 00 00 00 00  AC F7 20 00 00 00 00 00  | .. ....... .....
00000000002C96C0 | 04 ED 20 00 00 00 00 00  E4 F1 20 00 00 00 00 00  | .. ....... .....
00000000002C96D0 | 28 ED 20 00 00 00 00 00  24 F6 20 00 00 00 00 00  | (. .....$. .....
00000000002C96E0 | FC F8 20 00 00 00 00 00  54 ED 20 00 00 00 00 00  | .. .....T. .....
00000000002C96F0 | FC F8 20 00 00 00 00 00  58 F6 20 00 00 00 00 00  | .. .....X. .....
00000000002C9700 | 00 F2 20 00 00 00 00 00  D0 F8 20 00 00 00 00 00  | .. ....... .....
00000000002C9710 | FC F8 20 00 00 00 00 00  1C F2 20 00 00 00 00 00  | .. ....... .....
00000000002C9720 | FC F8 20 00 00 00 00 00  0C F9 20 00 00 00 00 00  | .. ....... .....
00000000002C9730 | 90 EB 20 00 00 00 00 00  30 EE 20 00 00 00 00 00  | .. .....0. .....
00000000002C9740 | B4 EB 20 00 00 00 00 00  C0 F0 20 00 00 00 00 00  | .. ....... .....
00000000002C9750 | D8 EB 20 00 00 00 00 00  E0 F4 20 00 00 00 00 00  | .. ....... .....
00000000002C9760 | FC F8 20 00 00 00 00 00  FC EB 20 00 00 00 00 00  | .. ....... .....
00000000002C9770 | FC F8 20 00 00 00 00 00  0C F5 20 00 00 00 00 00  | .. ....... .....
00000000002C9780 | E4 F0 20 00 00 00 00 00  3C F8 20 00 00 00 00 00  | .. .....<. .....
00000000002C9790 | FC F8 20 00 00 00 00 00  08 F1 20 00 00 00 00 00  | .. ....... .....
00000000002C97A0 | FC F8 20 00 00 00 00 00  68 F8 20 00 00 00 00 00  | .. .....h. .....
00000000002C97B0 | 54 EE 20 00 00 00 00 00  9C F2 20 00 00 00 00 00  | T. ....... .....
00000000002C97C0 | 70 EE 20 00 00 00 00 00  00 F7 20 00 00 00 00 00  | p. ....... .....
00000000002C97D0 | FC F8 20 00 00 00 00 00  8C EE 20 00 00 00 00 00  | .. ....... .....
00000000002C97E0 | FC F8 20 00 00 00 00 00  24 F7 20 00 00 00 00 00  | .. .....$. .....
00000000002C97F0 | FC F8 20 00 00 00 00 00  B8 F2 20 00 00 00 00 00  | .. ....... .....
00000000002C9800 | A8 EA 20 00 00 00 00 00  40 EC 20 00 00 00 00 00  | .. .....@. .....
00000000002C9810 | C4 EA 20 00 00 00 00 00  98 ED 20 00 00 00 00 00  | .. ....... .....
00000000002C9820 | E8 EA 20 00 00 00 00 00  68 F0 20 00 00 00 00 00  | .. .....h. .....
00000000002C9830 | 0C EB 20 00 00 00 00 00  9C F4 20 00 00 00 00 00  | .. ....... .....
00000000002C9840 | FC F8 20 00 00 00 00 00  30 EB 20 00 00 00 00 00  | .. .....0. .....
00000000002C9850 | FC F8 20 00 00 00 00 00  C0 F4 20 00 00 00 00 00  | .. ....... .....
00000000002C9860 | 8C F0 20 00 00 00 00 00  08 F8 20 00 00 00 00 00  | .. ....... .....
00000000002C9870 | FC F8 20 00 00 00 00 00  B8 F0 20 00 00 00 00 00  | .. ....... .....
00000000002C9880 | FC F8 20 00 00 00 00 00  2C F8 20 00 00 00 00 00  | .. .....,. .....
00000000002C9890 | BC ED 20 00 00 00 00 00  30 F2 20 00 00 00 00 00  | .. .....0. .....
00000000002C98A0 | E0 ED 20 00 00 00 00 00  D4 F6 20 00 00 00 00 00  | .. ....... .....
00000000002C98B0 | FC F8 20 00 00 00 00 00  04 EE 20 00 00 00 00 00  | .. ....... .....
00000000002C98C0 | FC F8 20 00 00 00 00 00  70 F9 20 00 00 00 00 00  | .. .....p. .....
00000000002C98D0 | FC F8 20 00 00 00 00 00  4C F2 20 00 00 00 00 00  | .. .....L. .....
00000000002C98E0 | 5C EC 20 00 00 00 00 00  F0 EE 20 00 00 00 00 00  | \. ....... .....
00000000002C98F0 | 80 EC 20 00 00 00 00 00  6C F1 20 00 00 00 00 00  | .. .....l. .....
00000000002C9900 | A4 EC 20 00 00 00 00 00  80 F5 20 00 00 00 00 00  | .. ....... .....
00000000002C9910 | FC F8 20 00 00 00 00 00  C8 EC 20 00 00 00 00 00  | .. ....... .....
00000000002C9920 | FC F8 20 00 00 00 00 00  AC F5 20 00 00 00 00 00  | .. ....... .....
00000000002C9930 | 90 F1 20 00 00 00 00 00  88 F8 20 00 00 00 00 00  | .. ....... .....
00000000002C9940 | FC F8 20 00 00 00 00 00  B4 F1 20 00 00 00 00 00  | .. ....... .....
00000000002C9950 | FC F8 20 00 00 00 00 00  AC F8 20 00 00 00 00 00  | .. ....... .....
00000000002C9960 | 14 EF 20 00 00 00 00 00  10 F3 20 00 00 00 00 00  | .. ....... .....
00000000002C9970 | 38 EF 20 00 00 00 00 00  34 F7 20 00 00 00 00 00  | 8. .....4. .....
00000000002C9980 | FC F8 20 00 00 00 00 00  64 EF 20 00 00 00 00 00  | .. .....d. .....
00000000002C9990 | FC F8 20 00 00 00 00 00  68 F7 20 00 00 00 00 00  | .. .....h. .....
00000000002C99A0 | FC F8 20 00 00 00 00 00  34 F3 20 00 00 00 00 00  | .. .....4. .....
00000000002C99B0 | 38 FA 20 00 00 00 00 00  90 FB 20 00 00 00 00 00  | 8. ....... .....
00000000002C99C0 | 54 FA 20 00 00 00 00 00  8C FC 20 00 00 00 00 00  | T. ....... .....
00000000002C99D0 | 78 FA 20 00 00 00 00 00  14 FE 20 00 00 00 00 00  | x. ....... .....
00000000002C99E0 | 9C FA 20 00 00 00 00 00  90 00 21 00 00 00 00 00  | .. .......!.....
00000000002C99F0 | C0 FA 20 00 00 00 00 00  F0 03 21 00 00 00 00 00  | .. .......!.....
00000000002C9A00 | C8 05 21 00 00 00 00 00  E4 FA 20 00 00 00 00 00  | ..!....... .....
00000000002C9A10 | C8 05 21 00 00 00 00 00  1C 04 21 00 00 00 00 00  | ..!.......!.....
00000000002C9A20 | C8 05 21 00 00 00 00 00  B4 00 21 00 00 00 00 00  | ..!.......!.....
00000000002C9A30 | 38 FE 20 00 00 00 00 00  88 02 21 00 00 00 00 00  | 8. .......!.....
00000000002C9A40 | 5C FE 20 00 00 00 00 00  94 05 21 00 00 00 00 00  | \. .......!.....
00000000002C9A50 | C8 05 21 00 00 00 00 00  80 FE 20 00 00 00 00 00  | ..!....... .....
00000000002C9A60 | C8 05 21 00 00 00 00 00  DC 05 21 00 00 00 00 00  | ..!.......!.....
00000000002C9A70 | C8 05 21 00 00 00 00 00  A4 02 21 00 00 00 00 00  | ..!.......!.....
00000000002C9A80 | A8 FC 20 00 00 00 00 00  94 FF 20 00 00 00 00 00  | .. ....... .....
00000000002C9A90 | CC FC 20 00 00 00 00 00  68 01 21 00 00 00 00 00  | .. .....h.!.....
00000000002C9AA0 | F0 FC 20 00 00 00 00 00  AC 04 21 00 00 00 00 00  | .. .......!.....
00000000002C9AB0 | C8 05 21 00 00 00 00 00  14 FD 20 00 00 00 00 00  | ..!....... .....
00000000002C9AC0 | C8 05 21 00 00 00 00 00  D8 04 21 00 00 00 00 00  | ..!.......!.....
00000000002C9AD0 | C8 05 21 00 00 00 00 00  84 01 21 00 00 00 00 00  | ..!.......!.....
00000000002C9AE0 | B8 FF 20 00 00 00 00 00  6C 03 21 00 00 00 00 00  | .. .....l.!.....
00000000002C9AF0 | C8 05 21 00 00 00 00 00  E4 FF 20 00 00 00 00 00  | ..!....... .....
00000000002C9B00 | C8 05 21 00 00 00 00 00  88 03 21 00 00 00 00 00  | ..!.......!.....
00000000002C9B10 | AC FB 20 00 00 00 00 00  30 FD 20 00 00 00 00 00  | .. .....0. .....
00000000002C9B20 | D0 FB 20 00 00 00 00 00  F0 FE 20 00 00 00 00 00  | .. ....... .....
00000000002C9B30 | EC FB 20 00 00 00 00 00  24 01 21 00 00 00 00 00  | .. .....$.!.....
00000000002C9B40 | 10 FC 20 00 00 00 00 00  2C 04 21 00 00 00 00 00  | .. .....,.!.....
00000000002C9B50 | C8 05 21 00 00 00 00 00  34 FC 20 00 00 00 00 00  | ..!.....4. .....
00000000002C9B60 | C8 05 21 00 00 00 00 00  50 04 21 00 00 00 00 00  | ..!.....P.!.....
00000000002C9B70 | C8 05 21 00 00 00 00 00  48 01 21 00 00 00 00 00  | ..!.....H.!.....
00000000002C9B80 | 14 FF 20 00 00 00 00 00  B0 02 21 00 00 00 00 00  | .. .......!.....
00000000002C9B90 | C8 05 21 00 00 00 00 00  38 FF 20 00 00 00 00 00  | ..!.....8. .....
00000000002C9BA0 | C8 05 21 00 00 00 00 00  D4 02 21 00 00 00 00 00  | ..!.......!.....
00000000002C9BB0 | 54 FD 20 00 00 00 00 00  08 00 21 00 00 00 00 00  | T. .......!.....
00000000002C9BC0 | 78 FD 20 00 00 00 00 00  64 02 21 00 00 00 00 00  | x. .....d.!.....
00000000002C9BD0 | 9C FD 20 00 00 00 00 00  10 05 21 00 00 00 00 00  | .. .......!.....
00000000002C9BE0 | C8 05 21 00 00 00 00 00  BC FD 20 00 00 00 00 00  | ..!....... .....
00000000002C9BF0 | C8 05 21 00 00 00 00 00  38 05 21 00 00 00 00 00  | ..!.....8.!.....
00000000002C9C00 | C8 05 21 00 00 00 00 00  F0 05 21 00 00 00 00 00  | ..!.......!.....
00000000002C9C10 | 2C 00 21 00 00 00 00 00  98 03 21 00 00 00 00 00  | ,.!.......!.....
00000000002C9C20 | C8 05 21 00 00 00 00 00  50 00 21 00 00 00 00 00  | ..!.....P.!.....
00000000002C9C30 | C8 05 21 00 00 00 00 00  C4 03 21 00 00 00 00 00  | ..!.......!.....
00000000002C9C40 | F8 06 21 00 00 00 00 00  9C 07 21 00 00 00 00 00  | ..!.......!.....
00000000002C9C50 | 1C 07 21 00 00 00 00 00  90 08 21 00 00 00 00 00  | ..!.......!.....
00000000002C9C60 | 38 07 21 00 00 00 00 00  F0 09 21 00 00 00 00 00  | 8.!.......!.....
00000000002C9C70 | 5C 07 21 00 00 00 00 00  48 0B 21 00 00 00 00 00  | \.!.....H.!.....
00000000002C9C80 | 6C 0C 21 00 00 00 00 00  80 07 21 00 00 00 00 00  | l.!.......!.....
00000000002C9C90 | 6C 0C 21 00 00 00 00 00  6C 0B 21 00 00 00 00 00  | l.!.....l.!.....
00000000002C9CA0 | 6C 0C 21 00 00 00 00 00  14 0A 21 00 00 00 00 00  | l.!.......!.....
00000000002C9CB0 | AC 08 21 00 00 00 00 00  B4 0A 21 00 00 00 00 00  | ..!.......!.....
00000000002C9CC0 | D0 08 21 00 00 00 00 00  C0 0B 21 00 00 00 00 00  | ..!.......!.....
00000000002C9CD0 | 6C 0C 21 00 00 00 00 00  F4 08 21 00 00 00 00 00  | l.!.......!.....
00000000002C9CE0 | 6C 0C 21 00 00 00 00 00  E4 0B 21 00 00 00 00 00  | l.!.......!.....
00000000002C9CF0 | 6C 0C 21 00 00 00 00 00  D0 0A 21 00 00 00 00 00  | l.!.......!.....
00000000002C9D00 | B8 07 21 00 00 00 00 00  64 09 21 00 00 00 00 00  | ..!.....d.!.....
00000000002C9D10 | D4 07 21 00 00 00 00 00  44 0A 21 00 00 00 00 00  | ..!.....D.!.....
00000000002C9D20 | F8 07 21 00 00 00 00 00  80 0B 21 00 00 00 00 00  | ..!.......!.....
00000000002C9D30 | 6C 0C 21 00 00 00 00 00  1C 08 21 00 00 00 00 00  | l.!.......!.....
00000000002C9D40 | 6C 0C 21 00 00 00 00 00  A4 0B 21 00 00 00 00 00  | l.!.......!.....
00000000002C9D50 | 6C 0C 21 00 00 00 00 00  60 0A 21 00 00 00 00 00  | l.!.....`.!.....
00000000002C9D60 | 80 09 21 00 00 00 00 00  24 0B 21 00 00 00 00 00  | ..!.....$.!.....
00000000002C9D70 | A4 09 21 00 00 00 00 00  48 0C 21 00 00 00 00 00  | ..!.....H.!.....
00000000002C9D80 | 6C 0C 21 00 00 00 00 00  C8 09 21 00 00 00 00 00  | l.!.......!.....
00000000002C9D90 | 6C 0C 21 00 00 00 00 00  84 0C 21 00 00 00 00 00  | l.!.......!.....
00000000002C9DA0 | 6C 0C 21 00 00 00 00 00  B8 0C 21 00 00 00 00 00  | l.!.......!.....
00000000002C9DB0 | 4C 0E 21 00 00 00 00 00  7C 0E 21 00 00 00 00 00  | L.!.....|.!.....
00000000002C9DC0 | 60 0E 21 00 00 00 00 00  D4 0E 21 00 00 00 00 00  | `.!.......!.....
00000000002C9DD0 | 34 0F 21 00 00 00 00 00  A8 0F 21 00 00 00 00 00  | 4.!.......!.....
00000000002C9DE0 | 34 0F 21 00 00 00 00 00  F0 0E 21 00 00 00 00 00  | 4.!.......!.....
00000000002C9DF0 | 90 0E 21 00 00 00 00 00  10 0F 21 00 00 00 00 00  | ..!.......!.....
00000000002C9E00 | 34 0F 21 00 00 00 00 00  AC 0E 21 00 00 00 00 00  | 4.!.......!.....
00000000002C9E10 | 34 0F 21 00 00 00 00 00  40 0F 21 00 00 00 00 00  | 4.!.....@.!.....
00000000002C9E20 | C0 10 21 00 00 00 00 00  E8 11 21 00 00 00 00 00  | ..!.......!.....
00000000002C9E30 | E4 10 21 00 00 00 00 00  E0 12 21 00 00 00 00 00  | ..!.......!.....
00000000002C9E40 | 08 11 21 00 00 00 00 00  3C 14 21 00 00 00 00 00  | ..!.....<.!.....
00000000002C9E50 | 2C 11 21 00 00 00 00 00  44 16 21 00 00 00 00 00  | ,.!.....D.!.....
00000000002C9E60 | 50 11 21 00 00 00 00 00  8C 30 21 00 00 00 00 00  | P.!......0!.....
00000000002C9E70 | 74 11 21 00 00 00 00 00  68 37 21 00 00 00 00 00  | t.!.....h7!.....
00000000002C9E80 | 8C 37 21 00 00 00 00 00  90 11 21 00 00 00 00 00  | .7!.......!.....
00000000002C9E90 | 8C 37 21 00 00 00 00 00  B0 37 21 00 00 00 00 00  | .7!......7!.....
00000000002C9EA0 | 8C 37 21 00 00 00 00 00  B0 30 21 00 00 00 00 00  | .7!......0!.....
00000000002C9EB0 | 68 16 21 00 00 00 00 00  C8 34 21 00 00 00 00 00  | h.!......4!.....
00000000002C9EC0 | 8C 37 21 00 00 00 00 00  8C 16 21 00 00 00 00 00  | .7!.......!.....
00000000002C9ED0 | 8C 37 21 00 00 00 00 00  F4 34 21 00 00 00 00 00  | .7!......4!.....
00000000002C9EE0 | 60 14 21 00 00 00 00 00  B8 2E 21 00 00 00 00 00  | `.!.......!.....
00000000002C9EF0 | 7C 14 21 00 00 00 00 00  8C 32 21 00 00 00 00 00  | |.!......2!.....
00000000002C9F00 | 8C 37 21 00 00 00 00 00  98 14 21 00 00 00 00 00  | .7!.......!.....
00000000002C9F10 | 8C 37 21 00 00 00 00 00  B0 32 21 00 00 00 00 00  | .7!......2!.....
00000000002C9F20 | D4 2E 21 00 00 00 00 00  20 36 21 00 00 00 00 00  | ..!..... 6!.....
00000000002C9F30 | 8C 37 21 00 00 00 00 00  F0 2E 21 00 00 00 00 00  | .7!.......!.....
00000000002C9F40 | 8C 37 21 00 00 00 00 00  44 36 21 00 00 00 00 00  | .7!.....D6!.....
00000000002C9F50 | 04 13 21 00 00 00 00 00  38 15 21 00 00 00 00 00  | ..!.....8.!.....
00000000002C9F60 | 28 13 21 00 00 00 00 00  5C 22 21 00 00 00 00 00  | (.!.....\"!.....
00000000002C9F70 | 4C 13 21 00 00 00 00 00  C4 31 21 00 00 00 00 00  | L.!......1!.....
00000000002C9F80 | 8C 37 21 00 00 00 00 00  68 13 21 00 00 00 00 00  | .7!.....h.!.....
00000000002C9F90 | 8C 37 21 00 00 00 00 00  E8 31 21 00 00 00 00 00  | .7!......1!.....
00000000002C9FA0 | 80 22 21 00 00 00 00 00  70 35 21 00 00 00 00 00  | ."!.....p5!.....
00000000002C9FB0 | 8C 37 21 00 00 00 00 00  9C 22 21 00 00 00 00 00  | .7!......"!.....
00000000002C9FC0 | 8C 37 21 00 00 00 00 00  94 35 21 00 00 00 00 00  | .7!......5!.....
00000000002C9FD0 | 5C 15 21 00 00 00 00 00  CC 2F 21 00 00 00 00 00  | \.!....../!.....
00000000002C9FE0 | 80 15 21 00 00 00 00 00  24 33 21 00 00 00 00 00  | ..!.....$3!.....
00000000002C9FF0 | 8C 37 21 00 00 00 00 00  9C 15 21 00 00 00 00 00  | .7!.......!.....
00000000002CA000 | 8C 37 21 00 00 00 00 00  48 33 21 00 00 00 00 00  | .7!.....H3!.....
00000000002CA010 | F0 2F 21 00 00 00 00 00  E4 36 21 00 00 00 00 00  | ./!......6!.....
00000000002CA020 | 8C 37 21 00 00 00 00 00  0C 30 21 00 00 00 00 00  | .7!......0!.....
00000000002CA030 | 8C 37 21 00 00 00 00 00  00 37 21 00 00 00 00 00  | .7!......7!.....
00000000002CA040 | 04 12 21 00 00 00 00 00  84 13 21 00 00 00 00 00  | ..!.......!.....
00000000002CA050 | 28 12 21 00 00 00 00 00  B8 14 21 00 00 00 00 00  | (.!.......!.....
00000000002CA060 | 4C 12 21 00 00 00 00 00  AC 21 21 00 00 00 00 00  | L.!......!!.....
00000000002CA070 | 70 12 21 00 00 00 00 00  90 31 21 00 00 00 00 00  | p.!......1!.....
00000000002CA080 | 8C 37 21 00 00 00 00 00  94 12 21 00 00 00 00 00  | .7!.......!.....
00000000002CA090 | 8C 37 21 00 00 00 00 00  B4 31 21 00 00 00 00 00  | .7!......1!.....
00000000002CA0A0 | D0 21 21 00 00 00 00 00  28 35 21 00 00 00 00 00  | .!!.....(5!.....
00000000002CA0B0 | 8C 37 21 00 00 00 00 00  F4 21 21 00 00 00 00 00  | .7!......!!.....
00000000002CA0C0 | 8C 37 21 00 00 00 00 00  4C 35 21 00 00 00 00 00  | .7!.....L5!.....
00000000002CA0D0 | D4 14 21 00 00 00 00 00  68 2F 21 00 00 00 00 00  | ..!.....h/!.....
00000000002CA0E0 | F8 14 21 00 00 00 00 00  00 33 21 00 00 00 00 00  | ..!......3!.....
00000000002CA0F0 | 8C 37 21 00 00 00 00 00  1C 15 21 00 00 00 00 00  | .7!.......!.....
00000000002CA100 | 8C 37 21 00 00 00 00 00  10 38 21 00 00 00 00 00  | .7!......8!.....
00000000002CA110 | 8C 2F 21 00 00 00 00 00  A8 36 21 00 00 00 00 00  | ./!......6!.....
00000000002CA120 | 8C 37 21 00 00 00 00 00  B0 2F 21 00 00 00 00 00  | .7!....../!.....
00000000002CA130 | 8C 37 21 00 00 00 00 00  CC 36 21 00 00 00 00 00  | .7!......6!.....
00000000002CA140 | A0 13 21 00 00 00 00 00  C4 15 21 00 00 00 00 00  | ..!.......!.....
00000000002CA150 | C4 13 21 00 00 00 00 00  EC 22 21 00 00 00 00 00  | ..!......"!.....
00000000002CA160 | E8 13 21 00 00 00 00 00  3C 32 21 00 00 00 00 00  | ..!.....<2!.....
00000000002CA170 | 8C 37 21 00 00 00 00 00  0C 14 21 00 00 00 00 00  | .7!.......!.....
00000000002CA180 | 8C 37 21 00 00 00 00 00  68 32 21 00 00 00 00 00  | .7!.....h2!.....
00000000002CA190 | 18 23 21 00 00 00 00 00  A4 35 21 00 00 00 00 00  | .#!......5!.....
00000000002CA1A0 | 8C 37 21 00 00 00 00 00  3C 23 21 00 00 00 00 00  | .7!.....<#!.....
00000000002CA1B0 | 8C 37 21 00 00 00 00 00  C8 35 21 00 00 00 00 00  | .7!......5!.....
00000000002CA1C0 | E8 15 21 00 00 00 00 00  28 30 21 00 00 00 00 00  | ..!.....(0!.....
00000000002CA1D0 | 0C 16 21 00 00 00 00 00  24 34 21 00 00 00 00 00  | ..!.....$4!.....
00000000002CA1E0 | 8C 37 21 00 00 00 00 00  28 16 21 00 00 00 00 00  | .7!.....(.!.....
00000000002CA1F0 | 8C 37 21 00 00 00 00 00  48 34 21 00 00 00 00 00  | .7!.....H4!.....
00000000002CA200 | 4C 30 21 00 00 00 00 00  14 37 21 00 00 00 00 00  | L0!......7!.....
00000000002CA210 | 8C 37 21 00 00 00 00 00  70 30 21 00 00 00 00 00  | .7!.....p0!.....
00000000002CA220 | 8C 37 21 00 00 00 00 00  40 37 21 00 00 00 00 00  | .7!.....@7!.....
00000000002CA230 | F4 38 21 00 00 00 00 00  B0 39 21 00 00 00 00 00  | .8!......9!.....
00000000002CA240 | 08 39 21 00 00 00 00 00  20 3A 21 00 00 00 00 00  | .9!..... :!.....
00000000002CA250 | 2C 39 21 00 00 00 00 00  DC 3A 21 00 00 00 00 00  | ,9!......:!.....
00000000002CA260 | 88 3B 21 00 00 00 00 00  58 39 21 00 00 00 00 00  | .;!.....X9!.....
00000000002CA270 | 88 3B 21 00 00 00 00 00  08 3B 21 00 00 00 00 00  | .;!......;!.....
00000000002CA280 | 88 3B 21 00 00 00 00 00  3C 3A 21 00 00 00 00 00  | .;!.....<:!.....
00000000002CA290 | CC 39 21 00 00 00 00 00  9C 3A 21 00 00 00 00 00  | .9!......:!.....
00000000002CA2A0 | E8 39 21 00 00 00 00 00  6C 3B 21 00 00 00 00 00  | .9!.....l;!.....
00000000002CA2B0 | 88 3B 21 00 00 00 00 00  04 3A 21 00 00 00 00 00  | .;!......:!.....
00000000002CA2C0 | 88 3B 21 00 00 00 00 00  A0 3B 21 00 00 00 00 00  | .;!......;!.....
00000000002CA2D0 | 88 3B 21 00 00 00 00 00  C0 3A 21 00 00 00 00 00  | .;!......:!.....
00000000002CA2E0 | 30 3D 21 00 00 00 00 00  E0 3D 21 00 00 00 00 00  | 0=!......=!.....
00000000002CA2F0 | 4C 3D 21 00 00 00 00 00  6C 3E 21 00 00 00 00 00  | L=!.....l>!.....
00000000002CA300 | 70 3D 21 00 00 00 00 00  58 40 21 00 00 00 00 00  | p=!.....X@!.....
00000000002CA310 | 94 3D 21 00 00 00 00 00  04 42 21 00 00 00 00 00  | .=!......B!.....
00000000002CA320 | 28 42 21 00 00 00 00 00  B8 3D 21 00 00 00 00 00  | (B!......=!.....
00000000002CA330 | 28 42 21 00 00 00 00 00  40 42 21 00 00 00 00 00  | (B!.....@B!.....
00000000002CA340 | 28 42 21 00 00 00 00 00  74 40 21 00 00 00 00 00  | (B!.....t@!.....
00000000002CA350 | 90 3E 21 00 00 00 00 00  60 41 21 00 00 00 00 00  | .>!.....`A!.....
00000000002CA360 | 28 42 21 00 00 00 00 00  BC 3E 21 00 00 00 00 00  | (B!......>!.....
00000000002CA370 | 28 42 21 00 00 00 00 00  80 42 21 00 00 00 00 00  | (B!......B!.....
00000000002CA380 | FC 3D 21 00 00 00 00 00  BC 3F 21 00 00 00 00 00  | .=!......?!.....
00000000002CA390 | 20 3E 21 00 00 00 00 00  C8 40 21 00 00 00 00 00  |  >!......@!.....
00000000002CA3A0 | 28 42 21 00 00 00 00 00  3C 3E 21 00 00 00 00 00  | (B!.....<>!.....
00000000002CA3B0 | 28 42 21 00 00 00 00 00  E4 40 21 00 00 00 00 00  | (B!......@!.....
00000000002CA3C0 | D8 3F 21 00 00 00 00 00  8C 41 21 00 00 00 00 00  | .?!......A!.....
00000000002CA3D0 | 28 42 21 00 00 00 00 00  F4 3F 21 00 00 00 00 00  | (B!......?!.....
00000000002CA3E0 | 28 42 21 00 00 00 00 00  B0 41 21 00 00 00 00 00  | (B!......A!.....
00000000002CA3F0 | 74 43 21 00 00 00 00 00  E4 43 21 00 00 00 00 00  | tC!......C!.....
00000000002CA400 | 88 43 21 00 00 00 00 00  3C 44 21 00 00 00 00 00  | .C!.....<D!.....
00000000002CA410 | 7C 44 21 00 00 00 00 00  A4 43 21 00 00 00 00 00  | |D!......C!.....
00000000002CA420 | 7C 44 21 00 00 00 00 00  9C 44 21 00 00 00 00 00  | |D!......D!.....
00000000002CA430 | F8 43 21 00 00 00 00 00  58 44 21 00 00 00 00 00  | .C!.....XD!.....
00000000002CA440 | 7C 44 21 00 00 00 00 00  14 44 21 00 00 00 00 00  | |D!......D!.....
00000000002CA450 | 7C 44 21 00 00 00 00 00  90 44 21 00 00 00 00 00  | |D!......D!.....
00000000002CA460 | A0 45 21 00 00 00 00 00  D0 45 21 00 00 00 00 00  | .E!......E!.....
00000000002CA470 | B4 45 21 00 00 00 00 00  50 46 21 00 00 00 00 00  | .E!.....PF!.....
00000000002CA480 | 9C 46 21 00 00 00 00 00  D0 46 21 00 00 00 00 00  | .F!......F!.....
00000000002CA490 | 9C 46 21 00 00 00 00 00  6C 46 21 00 00 00 00 00  | .F!.....lF!.....
00000000002CA4A0 | E4 45 21 00 00 00 00 00  78 46 21 00 00 00 00 00  | .E!.....xF!.....
00000000002CA4B0 | 9C 46 21 00 00 00 00 00  00 46 21 00 00 00 00 00  | .F!......F!.....
00000000002CA4C0 | 9C 46 21 00 00 00 00 00  A8 46 21 00 00 00 00 00  | .F!......F!.....
00000000002CA4D0 | B8 47 21 00 00 00 00 00  78 48 21 00 00 00 00 00  | .G!.....xH!.....
00000000002CA4E0 | D4 47 21 00 00 00 00 00  3C 49 21 00 00 00 00 00  | .G!.....<I!.....
00000000002CA4F0 | F8 47 21 00 00 00 00 00  A8 4A 21 00 00 00 00 00  | .G!......J!.....
00000000002CA500 | 1C 48 21 00 00 00 00 00  40 4D 21 00 00 00 00 00  | .H!.....@M!.....
00000000002CA510 | 0C 50 21 00 00 00 00 00  40 48 21 00 00 00 00 00  | .P!.....@H!.....
00000000002CA520 | 0C 50 21 00 00 00 00 00  6C 4D 21 00 00 00 00 00  | .P!.....lM!.....
00000000002CA530 | CC 4A 21 00 00 00 00 00  9C 4F 21 00 00 00 00 00  | .J!......O!.....
00000000002CA540 | 0C 50 21 00 00 00 00 00  F0 4A 21 00 00 00 00 00  | .P!......J!.....
00000000002CA550 | 0C 50 21 00 00 00 00 00  C0 4F 21 00 00 00 00 00  | .P!......O!.....
00000000002CA560 | 60 49 21 00 00 00 00 00  D0 4C 21 00 00 00 00 00  | `I!......L!.....
00000000002CA570 | 84 49 21 00 00 00 00 00  F8 4E 21 00 00 00 00 00  | .I!......N!.....
00000000002CA580 | 0C 50 21 00 00 00 00 00  A8 49 21 00 00 00 00 00  | .P!......I!.....
00000000002CA590 | 0C 50 21 00 00 00 00 00  24 4F 21 00 00 00 00 00  | .P!.....$O!.....
00000000002CA5A0 | 0C 50 21 00 00 00 00 00  EC 4C 21 00 00 00 00 00  | .P!......L!.....
00000000002CA5B0 | 94 48 21 00 00 00 00 00  0C 4A 21 00 00 00 00 00  | .H!......J!.....
00000000002CA5C0 | B0 48 21 00 00 00 00 00  54 4B 21 00 00 00 00 00  | .H!.....TK!.....
00000000002CA5D0 | CC 48 21 00 00 00 00 00  00 4E 21 00 00 00 00 00  | .H!......N!.....
00000000002CA5E0 | 0C 50 21 00 00 00 00 00  E8 48 21 00 00 00 00 00  | .P!......H!.....
00000000002CA5F0 | 0C 50 21 00 00 00 00 00  1C 4E 21 00 00 00 00 00  | .P!......N!.....
00000000002CA600 | 78 4B 21 00 00 00 00 00  F0 4F 21 00 00 00 00 00  | xK!......O!.....
00000000002CA610 | 0C 50 21 00 00 00 00 00  9C 4B 21 00 00 00 00 00  | .P!......K!.....
00000000002CA620 | 0C 50 21 00 00 00 00 00  1C 50 21 00 00 00 00 00  | .P!......P!.....
00000000002CA630 | 28 4A 21 00 00 00 00 00  04 4D 21 00 00 00 00 00  | (J!......M!.....
00000000002CA640 | 4C 4A 21 00 00 00 00 00  78 4F 21 00 00 00 00 00  | LJ!.....xO!.....
00000000002CA650 | 0C 50 21 00 00 00 00 00  70 4A 21 00 00 00 00 00  | .P!.....pJ!.....
00000000002CA660 | 0C 50 21 00 00 00 00 00  B4 50 21 00 00 00 00 00  | .P!......P!.....
00000000002CA670 | 0C 50 21 00 00 00 00 00  28 4D 21 00 00 00 00 00  | .P!.....(M!.....
00000000002CA680 | C8 51 21 00 00 00 00 00  24 52 21 00 00 00 00 00  | .Q!.....$R!.....
00000000002CA690 | DC 51 21 00 00 00 00 00  CC 52 21 00 00 00 00 00  | .Q!......R!.....
00000000002CA6A0 | 00 52 21 00 00 00 00 00  44 53 21 00 00 00 00 00  | .R!.....DS!.....
00000000002CA6B0 | D0 53 21 00 00 00 00 00  FC 53 21 00 00 00 00 00  | .S!......S!.....
00000000002CA6C0 | D0 53 21 00 00 00 00 00  70 53 21 00 00 00 00 00  | .S!.....pS!.....
00000000002CA6D0 | D0 53 21 00 00 00 00 00  E8 52 21 00 00 00 00 00  | .S!......R!.....
00000000002CA6E0 | 40 52 21 00 00 00 00 00  00 53 21 00 00 00 00 00  | @R!......S!.....
00000000002CA6F0 | 5C 52 21 00 00 00 00 00  B4 53 21 00 00 00 00 00  | \R!......S!.....
00000000002CA700 | D0 53 21 00 00 00 00 00  78 52 21 00 00 00 00 00  | .S!.....xR!.....
00000000002CA710 | D0 53 21 00 00 00 00 00  E4 53 21 00 00 00 00 00  | .S!......S!.....
00000000002CA720 | D0 53 21 00 00 00 00 00  2C 53 21 00 00 00 00 00  | .S!.....,S!.....
00000000002CA730 | 14 55 21 00 00 00 00 00  B8 55 21 00 00 00 00 00  | .U!......U!.....
00000000002CA740 | 28 55 21 00 00 00 00 00  5C 56 21 00 00 00 00 00  | (U!.....\V!.....
00000000002CA750 | 44 55 21 00 00 00 00 00  0C 57 21 00 00 00 00 00  | DU!......W!.....
00000000002CA760 | AC 57 21 00 00 00 00 00  60 55 21 00 00 00 00 00  | .W!.....`U!.....
00000000002CA770 | AC 57 21 00 00 00 00 00  28 57 21 00 00 00 00 00  | .W!.....(W!.....
00000000002CA780 | 80 56 21 00 00 00 00 00  80 57 21 00 00 00 00 00  | .V!......W!.....
00000000002CA790 | AC 57 21 00 00 00 00 00  A4 56 21 00 00 00 00 00  | .W!......V!.....
00000000002CA7A0 | AC 57 21 00 00 00 00 00  C0 57 21 00 00 00 00 00  | .W!......W!.....
00000000002CA7B0 | D4 55 21 00 00 00 00 00  E8 56 21 00 00 00 00 00  | .U!......V!.....
00000000002CA7C0 | F8 55 21 00 00 00 00 00  34 57 21 00 00 00 00 00  | .U!.....4W!.....
00000000002CA7D0 | AC 57 21 00 00 00 00 00  1C 56 21 00 00 00 00 00  | .W!......V!.....
00000000002CA7E0 | AC 57 21 00 00 00 00 00  60 57 21 00 00 00 00 00  | .W!.....`W!.....
00000000002CA7F0 | AC 57 21 00 00 00 00 00  D0 57 21 00 00 00 00 00  | .W!......W!.....
00000000002CA800 | F0 58 21 00 00 00 00 00  B8 59 21 00 00 00 00 00  | .X!......Y!.....
00000000002CA810 | 04 59 21 00 00 00 00 00  B4 5A 21 00 00 00 00 00  | .Y!......Z!.....
00000000002CA820 | 28 59 21 00 00 00 00 00  E0 5C 21 00 00 00 00 00  | (Y!......\!.....
00000000002CA830 | 4C 59 21 00 00 00 00 00  70 63 21 00 00 00 00 00  | LY!.....pc!.....
00000000002CA840 | 70 59 21 00 00 00 00 00  C4 67 21 00 00 00 00 00  | pY!......g!.....
00000000002CA850 | 8C 59 21 00 00 00 00 00  E8 72 21 00 00 00 00 00  | .Y!......r!.....
00000000002CA860 | 80 73 21 00 00 00 00 00  A8 59 21 00 00 00 00 00  | .s!......Y!.....
00000000002CA870 | 80 73 21 00 00 00 00 00  0C 73 21 00 00 00 00 00  | .s!......s!.....
00000000002CA880 | 80 73 21 00 00 00 00 00  E8 67 21 00 00 00 00 00  | .s!......g!.....
00000000002CA890 | 94 63 21 00 00 00 00 00  E0 6C 21 00 00 00 00 00  | .c!......l!.....
00000000002CA8A0 | 80 73 21 00 00 00 00 00  B8 63 21 00 00 00 00 00  | .s!......c!.....
00000000002CA8B0 | 80 73 21 00 00 00 00 00  0C 6D 21 00 00 00 00 00  | .s!......m!.....
00000000002CA8C0 | 04 5D 21 00 00 00 00 00  80 65 21 00 00 00 00 00  | .]!......e!.....
00000000002CA8D0 | 28 5D 21 00 00 00 00 00  70 69 21 00 00 00 00 00  | (]!.....pi!.....
00000000002CA8E0 | 80 73 21 00 00 00 00 00  54 5D 21 00 00 00 00 00  | .s!.....T]!.....
00000000002CA8F0 | 80 73 21 00 00 00 00 00  A4 69 21 00 00 00 00 00  | .s!......i!.....
00000000002CA900 | A4 65 21 00 00 00 00 00  E4 6D 21 00 00 00 00 00  | .e!......m!.....
00000000002CA910 | 80 73 21 00 00 00 00 00  D0 65 21 00 00 00 00 00  | .s!......e!.....
00000000002CA920 | 80 73 21 00 00 00 00 00  08 6E 21 00 00 00 00 00  | .s!......n!.....
00000000002CA930 | D8 5A 21 00 00 00 00 00  3C 5E 21 00 00 00 00 00  | .Z!.....<^!.....
00000000002CA940 | FC 5A 21 00 00 00 00 00  64 64 21 00 00 00 00 00  | .Z!.....dd!.....
00000000002CA950 | 20 5B 21 00 00 00 00 00  9C 68 21 00 00 00 00 00  |  [!......h!.....
00000000002CA960 | 80 73 21 00 00 00 00 00  44 5B 21 00 00 00 00 00  | .s!.....D[!.....
00000000002CA970 | 80 73 21 00 00 00 00 00  C8 68 21 00 00 00 00 00  | .s!......h!.....
00000000002CA980 | 80 64 21 00 00 00 00 00  78 6D 21 00 00 00 00 00  | .d!.....xm!.....
00000000002CA990 | 80 73 21 00 00 00 00 00  9C 64 21 00 00 00 00 00  | .s!......d!.....
00000000002CA9A0 | 80 73 21 00 00 00 00 00  9C 6D 21 00 00 00 00 00  | .s!......m!.....
00000000002CA9B0 | 60 5E 21 00 00 00 00 00  98 66 21 00 00 00 00 00  | `^!......f!.....
00000000002CA9C0 | 84 5E 21 00 00 00 00 00  50 6B 21 00 00 00 00 00  | .^!.....Pk!.....
00000000002CA9D0 | 80 73 21 00 00 00 00 00  A8 5E 21 00 00 00 00 00  | .s!......^!.....
00000000002CA9E0 | 80 73 21 00 00 00 00 00  7C 6B 21 00 00 00 00 00  | .s!.....|k!.....
00000000002CA9F0 | BC 66 21 00 00 00 00 00  00 72 21 00 00 00 00 00  | .f!......r!.....
00000000002CAA00 | 80 73 21 00 00 00 00 00  E8 66 21 00 00 00 00 00  | .s!......f!.....
00000000002CAA10 | 80 73 21 00 00 00 00 00  34 72 21 00 00 00 00 00  | .s!.....4r!.....
00000000002CAA20 | DC 59 21 00 00 00 00 00  E8 5B 21 00 00 00 00 00  | .Y!......[!.....
00000000002CAA30 | 00 5A 21 00 00 00 00 00  B0 5D 21 00 00 00 00 00  | .Z!......]!.....
00000000002CAA40 | 24 5A 21 00 00 00 00 00  00 64 21 00 00 00 00 00  | $Z!......d!.....
00000000002CAA50 | 48 5A 21 00 00 00 00 00  0C 68 21 00 00 00 00 00  | HZ!......h!.....
00000000002CAA60 | 6C 5A 21 00 00 00 00 00  5C 73 21 00 00 00 00 00  | lZ!.....\s!.....
00000000002CAA70 | 80 73 21 00 00 00 00 00  90 5A 21 00 00 00 00 00  | .s!......Z!.....
00000000002CAA80 | 80 73 21 00 00 00 00 00  90 73 21 00 00 00 00 00  | .s!......s!.....
00000000002CAA90 | 80 73 21 00 00 00 00 00  30 68 21 00 00 00 00 00  | .s!.....0h!.....
00000000002CAAA0 | 24 64 21 00 00 00 00 00  30 6D 21 00 00 00 00 00  | $d!.....0m!.....
00000000002CAAB0 | 80 73 21 00 00 00 00 00  48 64 21 00 00 00 00 00  | .s!.....Hd!.....
00000000002CAAC0 | 80 73 21 00 00 00 00 00  5C 6D 21 00 00 00 00 00  | .s!.....\m!.....
00000000002CAAD0 | D4 5D 21 00 00 00 00 00  F8 65 21 00 00 00 00 00  | .]!......e!.....
00000000002CAAE0 | F8 5D 21 00 00 00 00 00  94 6A 21 00 00 00 00 00  | .]!......j!.....
00000000002CAAF0 | 80 73 21 00 00 00 00 00  24 5E 21 00 00 00 00 00  | .s!.....$^!.....
00000000002CAB00 | 80 73 21 00 00 00 00 00  C8 6A 21 00 00 00 00 00  | .s!......j!.....
00000000002CAB10 | 1C 66 21 00 00 00 00 00  C0 71 21 00 00 00 00 00  | .f!......q!.....
00000000002CAB20 | 80 73 21 00 00 00 00 00  40 66 21 00 00 00 00 00  | .s!.....@f!.....
00000000002CAB30 | 80 73 21 00 00 00 00 00  EC 71 21 00 00 00 00 00  | .s!......q!.....
00000000002CAB40 | 0C 5C 21 00 00 00 00 00  F0 5E 21 00 00 00 00 00  | .\!......^!.....
00000000002CAB50 | 30 5C 21 00 00 00 00 00  38 65 21 00 00 00 00 00  | 0\!.....8e!.....
00000000002CAB60 | 54 5C 21 00 00 00 00 00  3C 69 21 00 00 00 00 00  | T\!.....<i!.....
00000000002CAB70 | 80 73 21 00 00 00 00 00  80 5C 21 00 00 00 00 00  | .s!......\!.....
00000000002CAB80 | 80 73 21 00 00 00 00 00  C0 73 21 00 00 00 00 00  | .s!......s!.....
00000000002CAB90 | 54 65 21 00 00 00 00 00  A8 6D 21 00 00 00 00 00  | Te!......m!.....
00000000002CABA0 | 80 73 21 00 00 00 00 00  70 65 21 00 00 00 00 00  | .s!.....pe!.....
00000000002CABB0 | 80 73 21 00 00 00 00 00  CC 6D 21 00 00 00 00 00  | .s!......m!.....
00000000002CABC0 | 14 5F 21 00 00 00 00 00  44 67 21 00 00 00 00 00  | ._!.....Dg!.....
00000000002CABD0 | 38 5F 21 00 00 00 00 00  8C 6C 21 00 00 00 00 00  | 8_!......l!.....
00000000002CABE0 | 80 73 21 00 00 00 00 00  64 5F 21 00 00 00 00 00  | .s!.....d_!.....
00000000002CABF0 | 80 73 21 00 00 00 00 00  C0 6C 21 00 00 00 00 00  | .s!......l!.....
00000000002CAC00 | 68 67 21 00 00 00 00 00  44 72 21 00 00 00 00 00  | hg!.....Dr!.....
00000000002CAC10 | 80 73 21 00 00 00 00 00  9C 67 21 00 00 00 00 00  | .s!......g!.....
00000000002CAC20 | 80 73 21 00 00 00 00 00  78 72 21 00 00 00 00 00  | .s!.....xr!.....
00000000002CAC30 | 00 75 21 00 00 00 00 00  B8 76 21 00 00 00 00 00  | .u!......v!.....
00000000002CAC40 | 24 75 21 00 00 00 00 00  E4 77 21 00 00 00 00 00  | $u!......w!.....
00000000002CAC50 | 48 75 21 00 00 00 00 00  1C 7A 21 00 00 00 00 00  | Hu!......z!.....
00000000002CAC60 | 6C 75 21 00 00 00 00 00  D4 7D 21 00 00 00 00 00  | lu!......}!.....
00000000002CAC70 | 90 75 21 00 00 00 00 00  50 84 21 00 00 00 00 00  | .u!.....P.!.....
00000000002CAC80 | B4 75 21 00 00 00 00 00  E4 A1 21 00 00 00 00 00  | .u!.......!.....
00000000002CAC90 | D8 75 21 00 00 00 00 00  C0 B0 21 00 00 00 00 00  | .u!.......!.....
00000000002CACA0 | C8 B9 21 00 00 00 00 00  04 76 21 00 00 00 00 00  | ..!......v!.....
00000000002CACB0 | C8 B9 21 00 00 00 00 00  F4 B0 21 00 00 00 00 00  | ..!.......!.....
00000000002CACC0 | C8 B9 21 00 00 00 00 00  08 A2 21 00 00 00 00 00  | ..!.......!.....
00000000002CACD0 | 74 84 21 00 00 00 00 00  AC A7 21 00 00 00 00 00  | t.!.......!.....
00000000002CACE0 | 98 84 21 00 00 00 00 00  9C B9 21 00 00 00 00 00  | ..!.......!.....
00000000002CACF0 | C8 B9 21 00 00 00 00 00  BC 84 21 00 00 00 00 00  | ..!.......!.....
00000000002CAD00 | C8 B9 21 00 00 00 00 00  D8 B9 21 00 00 00 00 00  | ..!.......!.....
00000000002CAD10 | C8 B9 21 00 00 00 00 00  D0 A7 21 00 00 00 00 00  | ..!.......!.....
00000000002CAD20 | F8 7D 21 00 00 00 00 00  10 9D 21 00 00 00 00 00  | .}!.......!.....
00000000002CAD30 | 1C 7E 21 00 00 00 00 00  CC A4 21 00 00 00 00 00  | .~!.......!.....
00000000002CAD40 | 40 7E 21 00 00 00 00 00  60 B4 21 00 00 00 00 00  | @~!.....`.!.....
00000000002CAD50 | C8 B9 21 00 00 00 00 00  6C 7E 21 00 00 00 00 00  | ..!.....l~!.....
00000000002CAD60 | C8 B9 21 00 00 00 00 00  94 B4 21 00 00 00 00 00  | ..!.......!.....
00000000002CAD70 | C8 B9 21 00 00 00 00 00  F0 A4 21 00 00 00 00 00  | ..!.......!.....
00000000002CAD80 | 34 9D 21 00 00 00 00 00  B8 AC 21 00 00 00 00 00  | 4.!.......!.....
00000000002CAD90 | C8 B9 21 00 00 00 00 00  58 9D 21 00 00 00 00 00  | ..!.....X.!.....
00000000002CADA0 | C8 B9 21 00 00 00 00 00  E4 AC 21 00 00 00 00 00  | ..!.......!.....
00000000002CADB0 | 38 7A 21 00 00 00 00 00  2C 81 21 00 00 00 00 00  | 8z!.....,.!.....
00000000002CADC0 | 5C 7A 21 00 00 00 00 00  E0 9A 21 00 00 00 00 00  | \z!.......!.....
00000000002CADD0 | 80 7A 21 00 00 00 00 00  BC A3 21 00 00 00 00 00  | .z!.......!.....
00000000002CADE0 | A4 7A 21 00 00 00 00 00  EC B2 21 00 00 00 00 00  | .z!.......!.....
00000000002CADF0 | C8 B9 21 00 00 00 00 00  D0 7A 21 00 00 00 00 00  | ..!......z!.....
00000000002CAE00 | C8 B9 21 00 00 00 00 00  20 B3 21 00 00 00 00 00  | ..!..... .!.....
00000000002CAE10 | C8 B9 21 00 00 00 00 00  E0 A3 21 00 00 00 00 00  | ..!.......!.....
00000000002CAE20 | 04 9B 21 00 00 00 00 00  54 AA 21 00 00 00 00 00  | ..!.....T.!.....
00000000002CAE30 | C8 B9 21 00 00 00 00 00  30 9B 21 00 00 00 00 00  | ..!.....0.!.....
00000000002CAE40 | C8 B9 21 00 00 00 00 00  80 AA 21 00 00 00 00 00  | ..!.......!.....
00000000002CAE50 | 50 81 21 00 00 00 00 00  54 9F 21 00 00 00 00 00  | P.!.....T.!.....
00000000002CAE60 | 74 81 21 00 00 00 00 00  44 A6 21 00 00 00 00 00  | t.!.....D.!.....
00000000002CAE70 | 98 81 21 00 00 00 00 00  10 B6 21 00 00 00 00 00  | ..!.......!.....
00000000002CAE80 | C8 B9 21 00 00 00 00 00  C4 81 21 00 00 00 00 00  | ..!.......!.....
00000000002CAE90 | C8 B9 21 00 00 00 00 00  44 B6 21 00 00 00 00 00  | ..!.....D.!.....
00000000002CAEA0 | C8 B9 21 00 00 00 00 00  68 A6 21 00 00 00 00 00  | ..!.....h.!.....
00000000002CAEB0 | 78 9F 21 00 00 00 00 00  44 AE 21 00 00 00 00 00  | x.!.....D.!.....
00000000002CAEC0 | C8 B9 21 00 00 00 00 00  9C 9F 21 00 00 00 00 00  | ..!.......!.....
00000000002CAED0 | C8 B9 21 00 00 00 00 00  70 AE 21 00 00 00 00 00  | ..!.....p.!.....
00000000002CAEE0 | 08 78 21 00 00 00 00 00  EC 7B 21 00 00 00 00 00  | .x!......{!.....
00000000002CAEF0 | 2C 78 21 00 00 00 00 00  98 7F 21 00 00 00 00 00  | ,x!.......!.....
00000000002CAF00 | 50 78 21 00 00 00 00 00  4C 85 21 00 00 00 00 00  | Px!.....L.!.....
00000000002CAF10 | 74 78 21 00 00 00 00 00  FC A2 21 00 00 00 00 00  | tx!.......!.....
00000000002CAF20 | 98 78 21 00 00 00 00 00  64 B2 21 00 00 00 00 00  | .x!.....d.!.....
00000000002CAF30 | C8 B9 21 00 00 00 00 00  C4 78 21 00 00 00 00 00  | ..!......x!.....
00000000002CAF40 | C8 B9 21 00 00 00 00 00  98 B2 21 00 00 00 00 00  | ..!.......!.....
00000000002CAF50 | C8 B9 21 00 00 00 00 00  20 A3 21 00 00 00 00 00  | ..!..... .!.....
00000000002CAF60 | 70 85 21 00 00 00 00 00  70 A9 21 00 00 00 00 00  | p.!.....p.!.....
00000000002CAF70 | C8 B9 21 00 00 00 00 00  94 85 21 00 00 00 00 00  | ..!.......!.....
00000000002CAF80 | C8 B9 21 00 00 00 00 00  9C A9 21 00 00 00 00 00  | ..!.......!.....
00000000002CAF90 | BC 7F 21 00 00 00 00 00  14 9E 21 00 00 00 00 00  | ..!.......!.....
00000000002CAFA0 | E0 7F 21 00 00 00 00 00  54 A5 21 00 00 00 00 00  | ..!.....T.!.....
00000000002CAFB0 | 04 80 21 00 00 00 00 00  20 B5 21 00 00 00 00 00  | ..!..... .!.....
00000000002CAFC0 | C8 B9 21 00 00 00 00 00  30 80 21 00 00 00 00 00  | ..!.....0.!.....
00000000002CAFD0 | C8 B9 21 00 00 00 00 00  54 B5 21 00 00 00 00 00  | ..!.....T.!.....
00000000002CAFE0 | C8 B9 21 00 00 00 00 00  78 A5 21 00 00 00 00 00  | ..!.....x.!.....
00000000002CAFF0 | 38 9E 21 00 00 00 00 00  84 AD 21 00 00 00 00 00  | 8.!.......!.....
00000000002CB000 | C8 B9 21 00 00 00 00 00  5C 9E 21 00 00 00 00 00  | ..!.....\.!.....
00000000002CB010 | C8 B9 21 00 00 00 00 00  B0 AD 21 00 00 00 00 00  | ..!.......!.....
00000000002CB020 | 10 7C 21 00 00 00 00 00  90 82 21 00 00 00 00 00  | .|!.......!.....
00000000002CB030 | 34 7C 21 00 00 00 00 00  28 9C 21 00 00 00 00 00  | 4|!.....(.!.....
00000000002CB040 | 58 7C 21 00 00 00 00 00  2C A4 21 00 00 00 00 00  | X|!.....,.!.....
00000000002CB050 | 7C 7C 21 00 00 00 00 00  C4 B3 21 00 00 00 00 00  | ||!.......!.....
00000000002CB060 | C8 B9 21 00 00 00 00 00  A8 7C 21 00 00 00 00 00  | ..!......|!.....
00000000002CB070 | C8 B9 21 00 00 00 00 00  F8 B3 21 00 00 00 00 00  | ..!.......!.....
00000000002CB080 | C8 B9 21 00 00 00 00 00  50 A4 21 00 00 00 00 00  | ..!.....P.!.....
00000000002CB090 | 4C 9C 21 00 00 00 00 00  7C AB 21 00 00 00 00 00  | L.!.....|.!.....
00000000002CB0A0 | C8 B9 21 00 00 00 00 00  70 9C 21 00 00 00 00 00  | ..!.....p.!.....
00000000002CB0B0 | C8 B9 21 00 00 00 00 00  A8 AB 21 00 00 00 00 00  | ..!.......!.....
00000000002CB0C0 | B4 82 21 00 00 00 00 00  A0 A0 21 00 00 00 00 00  | ..!.......!.....
00000000002CB0D0 | D8 82 21 00 00 00 00 00  B4 A6 21 00 00 00 00 00  | ..!.......!.....
00000000002CB0E0 | FC 82 21 00 00 00 00 00  44 B7 21 00 00 00 00 00  | ..!.....D.!.....
00000000002CB0F0 | C8 B9 21 00 00 00 00 00  28 83 21 00 00 00 00 00  | ..!.....(.!.....
00000000002CB100 | C8 B9 21 00 00 00 00 00  78 B7 21 00 00 00 00 00  | ..!.....x.!.....
00000000002CB110 | C8 B9 21 00 00 00 00 00  D8 A6 21 00 00 00 00 00  | ..!.......!.....
00000000002CB120 | C4 A0 21 00 00 00 00 00  FC AE 21 00 00 00 00 00  | ..!.......!.....
00000000002CB130 | C8 B9 21 00 00 00 00 00  F0 A0 21 00 00 00 00 00  | ..!.......!.....
00000000002CB140 | C8 B9 21 00 00 00 00 00  20 AF 21 00 00 00 00 00  | ..!..... .!.....
00000000002CB150 | DC 76 21 00 00 00 00 00  D0 78 21 00 00 00 00 00  | .v!......x!.....
00000000002CB160 | 00 77 21 00 00 00 00 00  E0 7A 21 00 00 00 00 00  | .w!......z!.....
00000000002CB170 | 24 77 21 00 00 00 00 00  E0 7E 21 00 00 00 00 00  | $w!......~!.....
00000000002CB180 | 48 77 21 00 00 00 00 00  D8 84 21 00 00 00 00 00  | Hw!.......!.....
00000000002CB190 | 6C 77 21 00 00 00 00 00  D8 A2 21 00 00 00 00 00  | lw!.......!.....
00000000002CB1A0 | 90 77 21 00 00 00 00 00  F0 B1 21 00 00 00 00 00  | .w!.......!.....
00000000002CB1B0 | C8 B9 21 00 00 00 00 00  B4 77 21 00 00 00 00 00  | ..!......w!.....
00000000002CB1C0 | C8 B9 21 00 00 00 00 00  14 B2 21 00 00 00 00 00  | ..!.......!.....
00000000002CB1D0 | C8 B9 21 00 00 00 00 00  8C BA 21 00 00 00 00 00  | ..!.......!.....
00000000002CB1E0 | FC 84 21 00 00 00 00 00  E0 A8 21 00 00 00 00 00  | ..!.......!.....
00000000002CB1F0 | C8 B9 21 00 00 00 00 00  30 85 21 00 00 00 00 00  | ..!.....0.!.....
00000000002CB200 | C8 B9 21 00 00 00 00 00  1C A9 21 00 00 00 00 00  | ..!.......!.....
00000000002CB210 | 04 7F 21 00 00 00 00 00  B8 9D 21 00 00 00 00 00  | ..!.......!.....
00000000002CB220 | 28 7F 21 00 00 00 00 00  0C A5 21 00 00 00 00 00  | (.!.......!.....
00000000002CB230 | 4C 7F 21 00 00 00 00 00  B4 B4 21 00 00 00 00 00  | L.!.......!.....
00000000002CB240 | C8 B9 21 00 00 00 00 00  80 7F 21 00 00 00 00 00  | ..!.......!.....
00000000002CB250 | C8 B9 21 00 00 00 00 00  F0 B4 21 00 00 00 00 00  | ..!.......!.....
00000000002CB260 | C8 B9 21 00 00 00 00 00  30 A5 21 00 00 00 00 00  | ..!.....0.!.....
00000000002CB270 | D4 9D 21 00 00 00 00 00  00 AD 21 00 00 00 00 00  | ..!.......!.....
00000000002CB280 | C8 B9 21 00 00 00 00 00  F0 9D 21 00 00 00 00 00  | ..!.......!.....
00000000002CB290 | C8 B9 21 00 00 00 00 00  24 AD 21 00 00 00 00 00  | ..!.....$.!.....
00000000002CB2A0 | 04 7B 21 00 00 00 00 00  DC 81 21 00 00 00 00 00  | .{!.......!.....
00000000002CB2B0 | 28 7B 21 00 00 00 00 00  64 9B 21 00 00 00 00 00  | ({!.....d.!.....
00000000002CB2C0 | 4C 7B 21 00 00 00 00 00  F0 A3 21 00 00 00 00 00  | L{!.......!.....
00000000002CB2D0 | 70 7B 21 00 00 00 00 00  80 B3 21 00 00 00 00 00  | p{!.......!.....
00000000002CB2E0 | C8 B9 21 00 00 00 00 00  9C 7B 21 00 00 00 00 00  | ..!......{!.....
00000000002CB2F0 | C8 B9 21 00 00 00 00 00  B4 B3 21 00 00 00 00 00  | ..!.......!.....
00000000002CB300 | C8 B9 21 00 00 00 00 00  14 A4 21 00 00 00 00 00  | ..!.......!.....
00000000002CB310 | 88 9B 21 00 00 00 00 00  E8 AA 21 00 00 00 00 00  | ..!.......!.....
00000000002CB320 | C8 B9 21 00 00 00 00 00  AC 9B 21 00 00 00 00 00  | ..!.......!.....
00000000002CB330 | C8 B9 21 00 00 00 00 00  14 AB 21 00 00 00 00 00  | ..!.......!.....
00000000002CB340 | 00 82 21 00 00 00 00 00  E8 9F 21 00 00 00 00 00  | ..!.......!.....
00000000002CB350 | 24 82 21 00 00 00 00 00  78 A6 21 00 00 00 00 00  | $.!.....x.!.....
00000000002CB360 | 48 82 21 00 00 00 00 00  9C B6 21 00 00 00 00 00  | H.!.......!.....
00000000002CB370 | C8 B9 21 00 00 00 00 00  74 82 21 00 00 00 00 00  | ..!.....t.!.....
00000000002CB380 | C8 B9 21 00 00 00 00 00  D0 B6 21 00 00 00 00 00  | ..!.......!.....
00000000002CB390 | C8 B9 21 00 00 00 00 00  9C A6 21 00 00 00 00 00  | ..!.......!.....
00000000002CB3A0 | 0C A0 21 00 00 00 00 00  B8 AE 21 00 00 00 00 00  | ..!.......!.....
00000000002CB3B0 | C8 B9 21 00 00 00 00 00  38 A0 21 00 00 00 00 00  | ..!.....8.!.....
00000000002CB3C0 | C8 B9 21 00 00 00 00 00  EC AE 21 00 00 00 00 00  | ..!.......!.....
00000000002CB3D0 | F4 78 21 00 00 00 00 00  FC 7C 21 00 00 00 00 00  | .x!......|!.....
00000000002CB3E0 | 18 79 21 00 00 00 00 00  78 80 21 00 00 00 00 00  | .y!.....x.!.....
00000000002CB3F0 | 3C 79 21 00 00 00 00 00  8C 9A 21 00 00 00 00 00  | <y!.......!.....
00000000002CB400 | 60 79 21 00 00 00 00 00  80 A3 21 00 00 00 00 00  | `y!.......!.....
00000000002CB410 | 84 79 21 00 00 00 00 00  A8 B2 21 00 00 00 00 00  | .y!.......!.....
00000000002CB420 | C8 B9 21 00 00 00 00 00  B0 79 21 00 00 00 00 00  | ..!......y!.....
00000000002CB430 | C8 B9 21 00 00 00 00 00  DC B2 21 00 00 00 00 00  | ..!.......!.....
00000000002CB440 | C8 B9 21 00 00 00 00 00  A4 A3 21 00 00 00 00 00  | ..!.......!.....
00000000002CB450 | A8 9A 21 00 00 00 00 00  F4 A9 21 00 00 00 00 00  | ..!.......!.....
00000000002CB460 | C8 B9 21 00 00 00 00 00  CC 9A 21 00 00 00 00 00  | ..!.......!.....
00000000002CB470 | C8 B9 21 00 00 00 00 00  20 AA 21 00 00 00 00 00  | ..!..... .!.....
00000000002CB480 | 9C 80 21 00 00 00 00 00  C0 9E 21 00 00 00 00 00  | ..!.......!.....
00000000002CB490 | C0 80 21 00 00 00 00 00  D4 A5 21 00 00 00 00 00  | ..!.......!.....
00000000002CB4A0 | E4 80 21 00 00 00 00 00  84 B5 21 00 00 00 00 00  | ..!.......!.....
00000000002CB4B0 | C8 B9 21 00 00 00 00 00  10 81 21 00 00 00 00 00  | ..!.......!.....
00000000002CB4C0 | C8 B9 21 00 00 00 00 00  B8 B5 21 00 00 00 00 00  | ..!.......!.....
00000000002CB4D0 | C8 B9 21 00 00 00 00 00  F8 A5 21 00 00 00 00 00  | ..!.......!.....
00000000002CB4E0 | E4 9E 21 00 00 00 00 00  F0 AD 21 00 00 00 00 00  | ..!.......!.....
00000000002CB4F0 | C8 B9 21 00 00 00 00 00  08 9F 21 00 00 00 00 00  | ..!.......!.....
00000000002CB500 | C8 B9 21 00 00 00 00 00  1C AE 21 00 00 00 00 00  | ..!.......!.....
00000000002CB510 | 20 7D 21 00 00 00 00 00  6C 83 21 00 00 00 00 00  |  }!.....l.!.....
00000000002CB520 | 44 7D 21 00 00 00 00 00  C8 9C 21 00 00 00 00 00  | D}!.......!.....
00000000002CB530 | 68 7D 21 00 00 00 00 00  8C A4 21 00 00 00 00 00  | h}!.......!.....
00000000002CB540 | 8C 7D 21 00 00 00 00 00  08 B4 21 00 00 00 00 00  | .}!.......!.....
00000000002CB550 | C8 B9 21 00 00 00 00 00  B8 7D 21 00 00 00 00 00  | ..!......}!.....
00000000002CB560 | C8 B9 21 00 00 00 00 00  3C B4 21 00 00 00 00 00  | ..!.....<.!.....
00000000002CB570 | C8 B9 21 00 00 00 00 00  B0 A4 21 00 00 00 00 00  | ..!.......!.....
00000000002CB580 | E4 9C 21 00 00 00 00 00  3C AC 21 00 00 00 00 00  | ..!.....<.!.....
00000000002CB590 | C8 B9 21 00 00 00 00 00  00 9D 21 00 00 00 00 00  | ..!.......!.....
00000000002CB5A0 | C8 B9 21 00 00 00 00 00  60 AC 21 00 00 00 00 00  | ..!.....`.!.....
00000000002CB5B0 | 90 83 21 00 00 00 00 00  44 A1 21 00 00 00 00 00  | ..!.....D.!.....
00000000002CB5C0 | B4 83 21 00 00 00 00 00  2C A7 21 00 00 00 00 00  | ..!.....,.!.....
00000000002CB5D0 | D8 83 21 00 00 00 00 00  CC B8 21 00 00 00 00 00  | ..!.......!.....
00000000002CB5E0 | C8 B9 21 00 00 00 00 00  04 84 21 00 00 00 00 00  | ..!.......!.....
00000000002CB5F0 | C8 B9 21 00 00 00 00 00  00 B9 21 00 00 00 00 00  | ..!.......!.....
00000000002CB600 | C8 B9 21 00 00 00 00 00  50 A7 21 00 00 00 00 00  | ..!.....P.!.....
00000000002CB610 | 68 A1 21 00 00 00 00 00  14 B0 21 00 00 00 00 00  | h.!.......!.....
00000000002CB620 | C8 B9 21 00 00 00 00 00  8C A1 21 00 00 00 00 00  | ..!.......!.....
00000000002CB630 | C8 B9 21 00 00 00 00 00  40 B0 21 00 00 00 00 00  | ..!.....@.!.....
00000000002CB640 | C4 BB 21 00 00 00 00 00  B0 BC 21 00 00 00 00 00  | ..!.......!.....
00000000002CB650 | E8 BB 21 00 00 00 00 00  68 BD 21 00 00 00 00 00  | ..!.....h.!.....
00000000002CB660 | 0C BC 21 00 00 00 00 00  F0 BE 21 00 00 00 00 00  | ..!.......!.....
00000000002CB670 | 30 BC 21 00 00 00 00 00  88 C1 21 00 00 00 00 00  | 0.!.......!.....
00000000002CB680 | 54 BC 21 00 00 00 00 00  CC C4 21 00 00 00 00 00  | T.!.......!.....
00000000002CB690 | 28 C8 21 00 00 00 00 00  70 BC 21 00 00 00 00 00  | (.!.....p.!.....
00000000002CB6A0 | 28 C8 21 00 00 00 00 00  F8 C4 21 00 00 00 00 00  | (.!.......!.....
00000000002CB6B0 | A4 C1 21 00 00 00 00 00  D4 C7 21 00 00 00 00 00  | ..!.......!.....
00000000002CB6C0 | 28 C8 21 00 00 00 00 00  C0 C1 21 00 00 00 00 00  | (.!.......!.....
00000000002CB6D0 | 28 C8 21 00 00 00 00 00  F8 C7 21 00 00 00 00 00  | (.!.......!.....
00000000002CB6E0 | 14 BF 21 00 00 00 00 00  18 C3 21 00 00 00 00 00  | ..!.......!.....
00000000002CB6F0 | 38 BF 21 00 00 00 00 00  48 C6 21 00 00 00 00 00  | 8.!.....H.!.....
00000000002CB700 | 28 C8 21 00 00 00 00 00  54 BF 21 00 00 00 00 00  | (.!.....T.!.....
00000000002CB710 | 28 C8 21 00 00 00 00 00  6C C6 21 00 00 00 00 00  | (.!.....l.!.....
00000000002CB720 | 28 C8 21 00 00 00 00 00  3C C3 21 00 00 00 00 00  | (.!.....<.!.....
00000000002CB730 | 8C BD 21 00 00 00 00 00  68 C0 21 00 00 00 00 00  | ..!.....h.!.....
00000000002CB740 | B0 BD 21 00 00 00 00 00  98 C2 21 00 00 00 00 00  | ..!.......!.....
00000000002CB750 | D4 BD 21 00 00 00 00 00  50 C5 21 00 00 00 00 00  | ..!.....P.!.....
00000000002CB760 | 28 C8 21 00 00 00 00 00  F0 BD 21 00 00 00 00 00  | (.!.......!.....
00000000002CB770 | 28 C8 21 00 00 00 00 00  74 C5 21 00 00 00 00 00  | (.!.....t.!.....
00000000002CB780 | 28 C8 21 00 00 00 00 00  BC C2 21 00 00 00 00 00  | (.!.......!.....
00000000002CB790 | 8C C0 21 00 00 00 00 00  C4 C3 21 00 00 00 00 00  | ..!.......!.....
00000000002CB7A0 | B0 C0 21 00 00 00 00 00  1C C7 21 00 00 00 00 00  | ..!.......!.....
00000000002CB7B0 | 28 C8 21 00 00 00 00 00  CC C0 21 00 00 00 00 00  | (.!.......!.....
00000000002CB7C0 | 28 C8 21 00 00 00 00 00  40 C7 21 00 00 00 00 00  | (.!.....@.!.....
00000000002CB7D0 | 28 C8 21 00 00 00 00 00  E0 C3 21 00 00 00 00 00  | (.!.......!.....
00000000002CB7E0 | CC BC 21 00 00 00 00 00  54 BE 21 00 00 00 00 00  | ..!.....T.!.....
00000000002CB7F0 | E8 BC 21 00 00 00 00 00  AC BF 21 00 00 00 00 00  | ..!.......!.....
00000000002CB800 | 0C BD 21 00 00 00 00 00  DC C1 21 00 00 00 00 00  | ..!.......!.....
00000000002CB810 | 30 BD 21 00 00 00 00 00  10 C5 21 00 00 00 00 00  | 0.!.......!.....
00000000002CB820 | 28 C8 21 00 00 00 00 00  4C BD 21 00 00 00 00 00  | (.!.....L.!.....
00000000002CB830 | 28 C8 21 00 00 00 00 00  34 C5 21 00 00 00 00 00  | (.!.....4.!.....
00000000002CB840 | 00 C2 21 00 00 00 00 00  0C C8 21 00 00 00 00 00  | ..!.......!.....
00000000002CB850 | 28 C8 21 00 00 00 00 00  24 C2 21 00 00 00 00 00  | (.!.....$.!.....
00000000002CB860 | 28 C8 21 00 00 00 00 00  48 C8 21 00 00 00 00 00  | (.!.....H.!.....
00000000002CB870 | C8 BF 21 00 00 00 00 00  50 C3 21 00 00 00 00 00  | ..!.....P.!.....
00000000002CB880 | EC BF 21 00 00 00 00 00  C4 C6 21 00 00 00 00 00  | ..!.......!.....
00000000002CB890 | 28 C8 21 00 00 00 00 00  10 C0 21 00 00 00 00 00  | (.!.......!.....
00000000002CB8A0 | 28 C8 21 00 00 00 00 00  E8 C6 21 00 00 00 00 00  | (.!.......!.....
00000000002CB8B0 | 28 C8 21 00 00 00 00 00  6C C3 21 00 00 00 00 00  | (.!.....l.!.....
00000000002CB8C0 | 78 BE 21 00 00 00 00 00  24 C1 21 00 00 00 00 00  | x.!.....$.!.....
00000000002CB8D0 | 9C BE 21 00 00 00 00 00  D0 C2 21 00 00 00 00 00  | ..!.......!.....
00000000002CB8E0 | C0 BE 21 00 00 00 00 00  0C C6 21 00 00 00 00 00  | ..!.......!.....
00000000002CB8F0 | 28 C8 21 00 00 00 00 00  DC BE 21 00 00 00 00 00  | (.!.......!.....
00000000002CB900 | 28 C8 21 00 00 00 00 00  30 C6 21 00 00 00 00 00  | (.!.....0.!.....
00000000002CB910 | 28 C8 21 00 00 00 00 00  F4 C2 21 00 00 00 00 00  | (.!.......!.....
00000000002CB920 | 40 C1 21 00 00 00 00 00  4C C4 21 00 00 00 00 00  | @.!.....L.!.....
00000000002CB930 | 64 C1 21 00 00 00 00 00  60 C7 21 00 00 00 00 00  | d.!.....`.!.....
00000000002CB940 | 28 C8 21 00 00 00 00 00  34 C9 21 00 00 00 00 00  | (.!.....4.!.....
00000000002CB950 | 28 C8 21 00 00 00 00 00  84 C7 21 00 00 00 00 00  | (.!.......!.....
00000000002CB960 | 28 C8 21 00 00 00 00 00  70 C4 21 00 00 00 00 00  | (.!.....p.!.....
00000000002CB970 | 8C CA 21 00 00 00 00 00  A8 CB 21 00 00 00 00 00  | ..!.......!.....
00000000002CB980 | A0 CA 21 00 00 00 00 00  F4 CC 21 00 00 00 00 00  | ..!.......!.....
00000000002CB990 | C4 CA 21 00 00 00 00 00  00 CF 21 00 00 00 00 00  | ..!.......!.....
00000000002CB9A0 | E8 CA 21 00 00 00 00 00  FC D2 21 00 00 00 00 00  | ..!.......!.....
00000000002CB9B0 | 0C CB 21 00 00 00 00 00  98 D9 21 00 00 00 00 00  | ..!.......!.....
00000000002CB9C0 | 30 CB 21 00 00 00 00 00  88 E5 21 00 00 00 00 00  | 0.!.......!.....
00000000002CB9D0 | 54 CB 21 00 00 00 00 00  40 F3 21 00 00 00 00 00  | T.!.....@.!.....
00000000002CB9E0 | 74 03 22 00 00 00 00 00  78 CB 21 00 00 00 00 00  | t.".....x.!.....
00000000002CB9F0 | 74 03 22 00 00 00 00 00  6C F3 21 00 00 00 00 00  | t.".....l.!.....
00000000002CBA00 | AC E5 21 00 00 00 00 00  8C 00 22 00 00 00 00 00  | ..!.......".....
00000000002CBA10 | 74 03 22 00 00 00 00 00  7C E9 21 00 00 00 00 00  | t.".....|.!.....
00000000002CBA20 | 74 03 22 00 00 00 00 00  B8 00 22 00 00 00 00 00  | t.".......".....
00000000002CBA30 | BC D9 21 00 00 00 00 00  C0 EC 21 00 00 00 00 00  | ..!.......!.....
00000000002CBA40 | E0 D9 21 00 00 00 00 00  74 FA 21 00 00 00 00 00  | ..!.....t.!.....
00000000002CBA50 | 74 03 22 00 00 00 00 00  04 DA 21 00 00 00 00 00  | t.".......!.....
00000000002CBA60 | 74 03 22 00 00 00 00 00  A0 FA 21 00 00 00 00 00  | t.".......!.....
00000000002CBA70 | 74 03 22 00 00 00 00 00  E4 EC 21 00 00 00 00 00  | t.".......!.....
00000000002CBA80 | 20 D3 21 00 00 00 00 00  38 DF 21 00 00 00 00 00  |  .!.....8.!.....
00000000002CBA90 | 44 D3 21 00 00 00 00 00  8C E9 21 00 00 00 00 00  | D.!.......!.....
00000000002CBAA0 | 68 D3 21 00 00 00 00 00  28 F7 21 00 00 00 00 00  | h.!.....(.!.....
00000000002CBAB0 | 74 03 22 00 00 00 00 00  8C D3 21 00 00 00 00 00  | t.".......!.....
00000000002CBAC0 | 74 03 22 00 00 00 00 00  54 F7 21 00 00 00 00 00  | t.".....T.!.....
00000000002CBAD0 | 74 03 22 00 00 00 00 00  B0 E9 21 00 00 00 00 00  | t.".......!.....
00000000002CBAE0 | 5C DF 21 00 00 00 00 00  A4 EF 21 00 00 00 00 00  | \.!.......!.....
00000000002CBAF0 | 80 DF 21 00 00 00 00 00  4C FD 21 00 00 00 00 00  | ..!.....L.!.....
00000000002CBB00 | 74 03 22 00 00 00 00 00  A4 DF 21 00 00 00 00 00  | t.".......!.....
00000000002CBB10 | 74 03 22 00 00 00 00 00  78 FD 21 00 00 00 00 00  | t.".....x.!.....
00000000002CBB20 | 74 03 22 00 00 00 00 00  C8 EF 21 00 00 00 00 00  | t.".......!.....
00000000002CBB30 | 24 CF 21 00 00 00 00 00  D4 D6 21 00 00 00 00 00  | $.!.......!.....
00000000002CBB40 | 48 CF 21 00 00 00 00 00  84 DC 21 00 00 00 00 00  | H.!.......!.....
00000000002CBB50 | 6C CF 21 00 00 00 00 00  94 E7 21 00 00 00 00 00  | l.!.......!.....
00000000002CBB60 | 90 CF 21 00 00 00 00 00  4C F5 21 00 00 00 00 00  | ..!.....L.!.....
00000000002CBB70 | 74 03 22 00 00 00 00 00  B4 CF 21 00 00 00 00 00  | t.".......!.....
00000000002CBB80 | 74 03 22 00 00 00 00 00  78 F5 21 00 00 00 00 00  | t.".....x.!.....
00000000002CBB90 | B8 E7 21 00 00 00 00 00  38 02 22 00 00 00 00 00  | ..!.....8.".....
00000000002CBBA0 | 74 03 22 00 00 00 00 00  DC E7 21 00 00 00 00 00  | t.".......!.....
00000000002CBBB0 | 74 03 22 00 00 00 00 00  64 02 22 00 00 00 00 00  | t.".....d.".....
00000000002CBBC0 | A8 DC 21 00 00 00 00 00  D8 ED 21 00 00 00 00 00  | ..!.......!.....
00000000002CBBD0 | CC DC 21 00 00 00 00 00  08 FC 21 00 00 00 00 00  | ..!.......!.....
00000000002CBBE0 | 74 03 22 00 00 00 00 00  F0 DC 21 00 00 00 00 00  | t.".......!.....
00000000002CBBF0 | 74 03 22 00 00 00 00 00  34 FC 21 00 00 00 00 00  | t.".....4.!.....
00000000002CBC00 | 74 03 22 00 00 00 00 00  FC ED 21 00 00 00 00 00  | t.".......!.....
00000000002CBC10 | F8 D6 21 00 00 00 00 00  A4 E2 21 00 00 00 00 00  | ..!.......!.....
00000000002CBC20 | 1C D7 21 00 00 00 00 00  1C EB 21 00 00 00 00 00  | ..!.......!.....
00000000002CBC30 | 40 D7 21 00 00 00 00 00  1C F9 21 00 00 00 00 00  | @.!.......!.....
00000000002CBC40 | 74 03 22 00 00 00 00 00  6C D7 21 00 00 00 00 00  | t.".....l.!.....
00000000002CBC50 | 74 03 22 00 00 00 00 00  48 F9 21 00 00 00 00 00  | t.".....H.!.....
00000000002CBC60 | 74 03 22 00 00 00 00 00  40 EB 21 00 00 00 00 00  | t.".....@.!.....
00000000002CBC70 | C8 E2 21 00 00 00 00 00  94 F1 21 00 00 00 00 00  | ..!.......!.....
00000000002CBC80 | EC E2 21 00 00 00 00 00  10 FF 21 00 00 00 00 00  | ..!.......!.....
00000000002CBC90 | 74 03 22 00 00 00 00 00  10 E3 21 00 00 00 00 00  | t.".......!.....
00000000002CBCA0 | 74 03 22 00 00 00 00 00  3C FF 21 00 00 00 00 00  | t.".....<.!.....
00000000002CBCB0 | 74 03 22 00 00 00 00 00  B0 F1 21 00 00 00 00 00  | t.".......!.....
00000000002CBCC0 | 18 CD 21 00 00 00 00 00  14 D1 21 00 00 00 00 00  | ..!.......!.....
00000000002CBCD0 | 3C CD 21 00 00 00 00 00  84 D4 21 00 00 00 00 00  | <.!.......!.....
00000000002CBCE0 | 60 CD 21 00 00 00 00 00  E4 DA 21 00 00 00 00 00  | `.!.......!.....
00000000002CBCF0 | 84 CD 21 00 00 00 00 00  C4 E6 21 00 00 00 00 00  | ..!.......!.....
00000000002CBD00 | A8 CD 21 00 00 00 00 00  50 F4 21 00 00 00 00 00  | ..!.....P.!.....
00000000002CBD10 | 74 03 22 00 00 00 00 00  CC CD 21 00 00 00 00 00  | t.".......!.....
00000000002CBD20 | 74 03 22 00 00 00 00 00  7C F4 21 00 00 00 00 00  | t.".....|.!.....
00000000002CBD30 | E8 E6 21 00 00 00 00 00  6C 01 22 00 00 00 00 00  | ..!.....l.".....
00000000002CBD40 | 74 03 22 00 00 00 00 00  24 E7 21 00 00 00 00 00  | t.".....$.!.....
00000000002CBD50 | 74 03 22 00 00 00 00 00  A0 01 22 00 00 00 00 00  | t.".......".....
00000000002CBD60 | 08 DB 21 00 00 00 00 00  20 ED 21 00 00 00 00 00  | ..!..... .!.....
00000000002CBD70 | 2C DB 21 00 00 00 00 00  60 FB 21 00 00 00 00 00  | ,.!.....`.!.....
00000000002CBD80 | 74 03 22 00 00 00 00 00  58 DB 21 00 00 00 00 00  | t.".....X.!.....
00000000002CBD90 | 74 03 22 00 00 00 00 00  94 FB 21 00 00 00 00 00  | t.".......!.....
00000000002CBDA0 | 74 03 22 00 00 00 00 00  44 ED 21 00 00 00 00 00  | t.".....D.!.....
00000000002CBDB0 | A8 D4 21 00 00 00 00 00  70 E0 21 00 00 00 00 00  | ..!.....p.!.....
00000000002CBDC0 | CC D4 21 00 00 00 00 00  A0 EA 21 00 00 00 00 00  | ..!.......!.....
00000000002CBDD0 | F0 D4 21 00 00 00 00 00  58 F8 21 00 00 00 00 00  | ..!.....X.!.....
00000000002CBDE0 | 74 03 22 00 00 00 00 00  1C D5 21 00 00 00 00 00  | t.".......!.....
00000000002CBDF0 | 74 03 22 00 00 00 00 00  94 F8 21 00 00 00 00 00  | t.".......!.....
00000000002CBE00 | 74 03 22 00 00 00 00 00  C4 EA 21 00 00 00 00 00  | t.".......!.....
00000000002CBE10 | 94 E0 21 00 00 00 00 00  D0 F0 21 00 00 00 00 00  | ..!.......!.....
00000000002CBE20 | B8 E0 21 00 00 00 00 00  84 FE 21 00 00 00 00 00  | ..!.......!.....
00000000002CBE30 | 74 03 22 00 00 00 00 00  DC E0 21 00 00 00 00 00  | t.".......!.....
00000000002CBE40 | 74 03 22 00 00 00 00 00  B8 FE 21 00 00 00 00 00  | t.".......!.....
00000000002CBE50 | 74 03 22 00 00 00 00 00  F4 F0 21 00 00 00 00 00  | t.".......!.....
00000000002CBE60 | 38 D1 21 00 00 00 00 00  24 D8 21 00 00 00 00 00  | 8.!.....$.!.....
00000000002CBE70 | 5C D1 21 00 00 00 00 00  CC DD 21 00 00 00 00 00  | \.!.......!.....
00000000002CBE80 | 80 D1 21 00 00 00 00 00  7C E8 21 00 00 00 00 00  | ..!.....|.!.....
00000000002CBE90 | A4 D1 21 00 00 00 00 00  D4 F5 21 00 00 00 00 00  | ..!.......!.....
00000000002CBEA0 | 74 03 22 00 00 00 00 00  D0 D1 21 00 00 00 00 00  | t.".......!.....
00000000002CBEB0 | 74 03 22 00 00 00 00 00  08 F6 21 00 00 00 00 00  | t.".......!.....
00000000002CBEC0 | A0 E8 21 00 00 00 00 00  F8 02 22 00 00 00 00 00  | ..!.......".....
00000000002CBED0 | 74 03 22 00 00 00 00 00  CC E8 21 00 00 00 00 00  | t.".......!.....
00000000002CBEE0 | 74 03 22 00 00 00 00 00  24 03 22 00 00 00 00 00  | t.".....$.".....
00000000002CBEF0 | F0 DD 21 00 00 00 00 00  30 EF 21 00 00 00 00 00  | ..!.....0.!.....
00000000002CBF00 | 14 DE 21 00 00 00 00 00  BC FC 21 00 00 00 00 00  | ..!.......!.....
00000000002CBF10 | 74 03 22 00 00 00 00 00  40 DE 21 00 00 00 00 00  | t.".....@.!.....
00000000002CBF20 | 74 03 22 00 00 00 00 00  F0 FC 21 00 00 00 00 00  | t.".......!.....
00000000002CBF30 | 74 03 22 00 00 00 00 00  54 EF 21 00 00 00 00 00  | t.".....T.!.....
00000000002CBF40 | 48 D8 21 00 00 00 00 00  2C E4 21 00 00 00 00 00  | H.!.....,.!.....
00000000002CBF50 | 6C D8 21 00 00 00 00 00  EC EB 21 00 00 00 00 00  | l.!.......!.....
00000000002CBF60 | 88 D8 21 00 00 00 00 00  C4 F9 21 00 00 00 00 00  | ..!.......!.....
00000000002CBF70 | 74 03 22 00 00 00 00 00  A4 D8 21 00 00 00 00 00  | t.".......!.....
00000000002CBF80 | 74 03 22 00 00 00 00 00  E8 F9 21 00 00 00 00 00  | t.".......!.....
00000000002CBF90 | 74 03 22 00 00 00 00 00  10 EC 21 00 00 00 00 00  | t.".......!.....
00000000002CBFA0 | 50 E4 21 00 00 00 00 00  BC F2 21 00 00 00 00 00  | P.!.......!.....
00000000002CBFB0 | 74 E4 21 00 00 00 00 00  F4 FF 21 00 00 00 00 00  | t.!.......!.....
00000000002CBFC0 | 74 03 22 00 00 00 00 00  98 E4 21 00 00 00 00 00  | t.".......!.....
00000000002CBFD0 | 74 03 22 00 00 00 00 00  20 00 22 00 00 00 00 00  | t."..... .".....
00000000002CBFE0 | 74 03 22 00 00 00 00 00  D8 F2 21 00 00 00 00 00  | t.".......!.....
00000000002CBFF0 | C4 CB 21 00 00 00 00 00  DC CD 21 00 00 00 00 00  | ..!.......!.....
00000000002CC000 | E8 CB 21 00 00 00 00 00  D0 CF 21 00 00 00 00 00  | ..!.......!.....
00000000002CC010 | 0C CC 21 00 00 00 00 00  D0 D3 21 00 00 00 00 00  | ..!.......!.....
00000000002CC020 | 30 CC 21 00 00 00 00 00  60 DA 21 00 00 00 00 00  | 0.!.....`.!.....
00000000002CC030 | 54 CC 21 00 00 00 00 00  D0 E5 21 00 00 00 00 00  | T.!.......!.....
00000000002CC040 | 78 CC 21 00 00 00 00 00  D8 F3 21 00 00 00 00 00  | x.!.......!.....
00000000002CC050 | 74 03 22 00 00 00 00 00  9C CC 21 00 00 00 00 00  | t.".......!.....
00000000002CC060 | 74 03 22 00 00 00 00 00  04 F4 21 00 00 00 00 00  | t.".......!.....
00000000002CC070 | F8 E5 21 00 00 00 00 00  D8 00 22 00 00 00 00 00  | ..!.......".....
00000000002CC080 | 74 03 22 00 00 00 00 00  20 E6 21 00 00 00 00 00  | t."..... .!.....
00000000002CC090 | 74 03 22 00 00 00 00 00  08 01 22 00 00 00 00 00  | t.".......".....
00000000002CC0A0 | 84 DA 21 00 00 00 00 00  FC EC 21 00 00 00 00 00  | ..!.......!.....
00000000002CC0B0 | A8 DA 21 00 00 00 00 00  DC FA 21 00 00 00 00 00  | ..!.......!.....
00000000002CC0C0 | 74 03 22 00 00 00 00 00  CC DA 21 00 00 00 00 00  | t.".......!.....
00000000002CC0D0 | 74 03 22 00 00 00 00 00  10 FB 21 00 00 00 00 00  | t.".......!.....
00000000002CC0E0 | 74 03 22 00 00 00 00 00  E4 03 22 00 00 00 00 00  | t.".......".....
00000000002CC0F0 | F4 D3 21 00 00 00 00 00  F4 DF 21 00 00 00 00 00  | ..!.......!.....
00000000002CC100 | 18 D4 21 00 00 00 00 00  28 EA 21 00 00 00 00 00  | ..!.....(.!.....
00000000002CC110 | 3C D4 21 00 00 00 00 00  D0 F7 21 00 00 00 00 00  | <.!.......!.....
00000000002CC120 | 74 03 22 00 00 00 00 00  60 D4 21 00 00 00 00 00  | t.".....`.!.....
00000000002CC130 | 74 03 22 00 00 00 00 00  FC F7 21 00 00 00 00 00  | t.".......!.....
00000000002CC140 | 74 03 22 00 00 00 00 00  4C EA 21 00 00 00 00 00  | t.".....L.!.....
00000000002CC150 | 18 E0 21 00 00 00 00 00  24 F0 21 00 00 00 00 00  | ..!.....$.!.....
00000000002CC160 | 3C E0 21 00 00 00 00 00  D4 FD 21 00 00 00 00 00  | <.!.......!.....
00000000002CC170 | 74 03 22 00 00 00 00 00  68 E0 21 00 00 00 00 00  | t.".....h.!.....
00000000002CC180 | 74 03 22 00 00 00 00 00  00 FE 21 00 00 00 00 00  | t.".......!.....
00000000002CC190 | 74 03 22 00 00 00 00 00  48 F0 21 00 00 00 00 00  | t.".....H.!.....
00000000002CC1A0 | F4 CF 21 00 00 00 00 00  84 D7 21 00 00 00 00 00  | ..!.......!.....
00000000002CC1B0 | 18 D0 21 00 00 00 00 00  00 DD 21 00 00 00 00 00  | ..!.......!.....
00000000002CC1C0 | 3C D0 21 00 00 00 00 00  EC E7 21 00 00 00 00 00  | <.!.......!.....
00000000002CC1D0 | 60 D0 21 00 00 00 00 00  90 F5 21 00 00 00 00 00  | `.!.......!.....
00000000002CC1E0 | 74 03 22 00 00 00 00 00  84 D0 21 00 00 00 00 00  | t.".......!.....
00000000002CC1F0 | 74 03 22 00 00 00 00 00  BC F5 21 00 00 00 00 00  | t.".......!.....
00000000002CC200 | 10 E8 21 00 00 00 00 00  B8 02 22 00 00 00 00 00  | ..!.......".....
00000000002CC210 | 74 03 22 00 00 00 00 00  34 E8 21 00 00 00 00 00  | t.".....4.!.....
00000000002CC220 | 74 03 22 00 00 00 00 00  E4 02 22 00 00 00 00 00  | t.".......".....
00000000002CC230 | 24 DD 21 00 00 00 00 00  AC EE 21 00 00 00 00 00  | $.!.......!.....
00000000002CC240 | 48 DD 21 00 00 00 00 00  74 FC 21 00 00 00 00 00  | H.!.....t.!.....
00000000002CC250 | 74 03 22 00 00 00 00 00  6C DD 21 00 00 00 00 00  | t.".....l.!.....
00000000002CC260 | 74 03 22 00 00 00 00 00  A0 FC 21 00 00 00 00 00  | t.".......!.....
00000000002CC270 | 74 03 22 00 00 00 00 00  D0 EE 21 00 00 00 00 00  | t.".......!.....
00000000002CC280 | A8 D7 21 00 00 00 00 00  6C E3 21 00 00 00 00 00  | ..!.....l.!.....
00000000002CC290 | CC D7 21 00 00 00 00 00  70 EB 21 00 00 00 00 00  | ..!.....p.!.....
00000000002CC2A0 | F0 D7 21 00 00 00 00 00  88 F9 21 00 00 00 00 00  | ..!.......!.....
00000000002CC2B0 | 74 03 22 00 00 00 00 00  14 D8 21 00 00 00 00 00  | t.".......!.....
00000000002CC2C0 | 74 03 22 00 00 00 00 00  B4 F9 21 00 00 00 00 00  | t.".......!.....
00000000002CC2D0 | 74 03 22 00 00 00 00 00  94 EB 21 00 00 00 00 00  | t.".......!.....
00000000002CC2E0 | 90 E3 21 00 00 00 00 00  E0 F1 21 00 00 00 00 00  | ..!.......!.....
00000000002CC2F0 | B4 E3 21 00 00 00 00 00  74 FF 21 00 00 00 00 00  | ..!.....t.!.....
00000000002CC300 | 74 03 22 00 00 00 00 00  D8 E3 21 00 00 00 00 00  | t.".......!.....
00000000002CC310 | 74 03 22 00 00 00 00 00  A0 FF 21 00 00 00 00 00  | t.".......!.....
00000000002CC320 | 74 03 22 00 00 00 00 00  FC F1 21 00 00 00 00 00  | t.".......!.....
00000000002CC330 | 00 CE 21 00 00 00 00 00  30 D2 21 00 00 00 00 00  | ..!.....0.!.....
00000000002CC340 | 24 CE 21 00 00 00 00 00  D8 D5 21 00 00 00 00 00  | $.!.......!.....
00000000002CC350 | 48 CE 21 00 00 00 00 00  C4 DB 21 00 00 00 00 00  | H.!.......!.....
00000000002CC360 | 6C CE 21 00 00 00 00 00  34 E7 21 00 00 00 00 00  | l.!.....4.!.....
00000000002CC370 | 90 CE 21 00 00 00 00 00  B0 F4 21 00 00 00 00 00  | ..!.......!.....
00000000002CC380 | 74 03 22 00 00 00 00 00  B4 CE 21 00 00 00 00 00  | t.".......!.....
00000000002CC390 | 74 03 22 00 00 00 00 00  E4 F4 21 00 00 00 00 00  | t.".......!.....
00000000002CC3A0 | 58 E7 21 00 00 00 00 00  DC 01 22 00 00 00 00 00  | X.!.......".....
00000000002CC3B0 | 74 03 22 00 00 00 00 00  7C E7 21 00 00 00 00 00  | t.".....|.!.....
00000000002CC3C0 | 74 03 22 00 00 00 00 00  10 02 22 00 00 00 00 00  | t.".......".....
00000000002CC3D0 | E8 DB 21 00 00 00 00 00  9C ED 21 00 00 00 00 00  | ..!.......!.....
00000000002CC3E0 | 0C DC 21 00 00 00 00 00  C0 FB 21 00 00 00 00 00  | ..!.......!.....
00000000002CC3F0 | 74 03 22 00 00 00 00 00  38 DC 21 00 00 00 00 00  | t.".....8.!.....
00000000002CC400 | 74 03 22 00 00 00 00 00  EC FB 21 00 00 00 00 00  | t.".......!.....
00000000002CC410 | 74 03 22 00 00 00 00 00  C0 ED 21 00 00 00 00 00  | t.".......!.....
00000000002CC420 | FC D5 21 00 00 00 00 00  90 E1 21 00 00 00 00 00  | ..!.......!.....
00000000002CC430 | 20 D6 21 00 00 00 00 00  E0 EA 21 00 00 00 00 00  |  .!.......!.....
00000000002CC440 | 44 D6 21 00 00 00 00 00  E0 F8 21 00 00 00 00 00  | D.!.......!.....
00000000002CC450 | 74 03 22 00 00 00 00 00  68 D6 21 00 00 00 00 00  | t.".....h.!.....
00000000002CC460 | 74 03 22 00 00 00 00 00  0C F9 21 00 00 00 00 00  | t.".......!.....
00000000002CC470 | 74 03 22 00 00 00 00 00  04 EB 21 00 00 00 00 00  | t.".......!.....
00000000002CC480 | B4 E1 21 00 00 00 00 00  04 F1 21 00 00 00 00 00  | ..!.......!.....
00000000002CC490 | D8 E1 21 00 00 00 00 00  CC FE 21 00 00 00 00 00  | ..!.......!.....
00000000002CC4A0 | 74 03 22 00 00 00 00 00  FC E1 21 00 00 00 00 00  | t.".......!.....
00000000002CC4B0 | 74 03 22 00 00 00 00 00  F8 FE 21 00 00 00 00 00  | t.".......!.....
00000000002CC4C0 | 74 03 22 00 00 00 00 00  28 F1 21 00 00 00 00 00  | t.".....(.!.....
00000000002CC4D0 | 54 D2 21 00 00 00 00 00  F8 D8 21 00 00 00 00 00  | T.!.......!.....
00000000002CC4E0 | 78 D2 21 00 00 00 00 00  9C DE 21 00 00 00 00 00  | x.!.......!.....
00000000002CC4F0 | 9C D2 21 00 00 00 00 00  20 E9 21 00 00 00 00 00  | ..!..... .!.....
00000000002CC500 | C0 D2 21 00 00 00 00 00  84 F6 21 00 00 00 00 00  | ..!.......!.....
00000000002CC510 | 74 03 22 00 00 00 00 00  E4 D2 21 00 00 00 00 00  | t.".......!.....
00000000002CC520 | 74 03 22 00 00 00 00 00  B0 F6 21 00 00 00 00 00  | t.".......!.....
00000000002CC530 | 44 E9 21 00 00 00 00 00  48 03 22 00 00 00 00 00  | D.!.....H.".....
00000000002CC540 | 74 03 22 00 00 00 00 00  68 E9 21 00 00 00 00 00  | t.".....h.!.....
00000000002CC550 | 74 03 22 00 00 00 00 00  8C 03 22 00 00 00 00 00  | t.".......".....
00000000002CC560 | C0 DE 21 00 00 00 00 00  70 EF 21 00 00 00 00 00  | ..!.....p.!.....
00000000002CC570 | E4 DE 21 00 00 00 00 00  00 FD 21 00 00 00 00 00  | ..!.......!.....
00000000002CC580 | 74 03 22 00 00 00 00 00  08 DF 21 00 00 00 00 00  | t.".......!.....
00000000002CC590 | 74 03 22 00 00 00 00 00  2C FD 21 00 00 00 00 00  | t.".....,.!.....
00000000002CC5A0 | 74 03 22 00 00 00 00 00  94 EF 21 00 00 00 00 00  | t.".......!.....
00000000002CC5B0 | 1C D9 21 00 00 00 00 00  F8 E4 21 00 00 00 00 00  | ..!.......!.....
00000000002CC5C0 | 40 D9 21 00 00 00 00 00  6C EC 21 00 00 00 00 00  | @.!.....l.!.....
00000000002CC5D0 | 64 D9 21 00 00 00 00 00  0C FA 21 00 00 00 00 00  | d.!.......!.....
00000000002CC5E0 | 74 03 22 00 00 00 00 00  88 D9 21 00 00 00 00 00  | t.".......!.....
00000000002CC5F0 | 74 03 22 00 00 00 00 00  38 FA 21 00 00 00 00 00  | t.".....8.!.....
00000000002CC600 | 74 03 22 00 00 00 00 00  90 EC 21 00 00 00 00 00  | t.".......!.....
00000000002CC610 | 1C E5 21 00 00 00 00 00  04 F3 21 00 00 00 00 00  | ..!.......!.....
00000000002CC620 | 40 E5 21 00 00 00 00 00  50 00 22 00 00 00 00 00  | @.!.....P.".....
00000000002CC630 | 74 03 22 00 00 00 00 00  64 E5 21 00 00 00 00 00  | t.".....d.!.....
00000000002CC640 | 74 03 22 00 00 00 00 00  7C 00 22 00 00 00 00 00  | t.".....|.".....
00000000002CC650 | 74 03 22 00 00 00 00 00  28 F3 21 00 00 00 00 00  | t.".....(.!.....
00000000002CC660 | C0 04 22 00 00 00 00 00  10 05 22 00 00 00 00 00  | ..".......".....
00000000002CC670 | D4 04 22 00 00 00 00 00  40 05 22 00 00 00 00 00  | ..".....@.".....
00000000002CC680 | EC 05 22 00 00 00 00 00  F0 04 22 00 00 00 00 00  | ..".......".....
00000000002CC690 | EC 05 22 00 00 00 00 00  5C 05 22 00 00 00 00 00  | ..".....\.".....
00000000002CC6A0 | 24 05 22 00 00 00 00 00  C8 05 22 00 00 00 00 00  | $.".......".....
00000000002CC6B0 | EC 05 22 00 00 00 00 00  1C 06 22 00 00 00 00 00  | ..".......".....
00000000002CC6C0 | EC 05 22 00 00 00 00 00  00 06 22 00 00 00 00 00  | ..".......".....
00000000002CC6D0 | 10 07 22 00 00 00 00 00  40 07 22 00 00 00 00 00  | ..".....@.".....
00000000002CC6E0 | 24 07 22 00 00 00 00 00  CC 07 22 00 00 00 00 00  | $.".......".....
00000000002CC6F0 | 28 08 22 00 00 00 00 00  5C 08 22 00 00 00 00 00  | (.".....\.".....
00000000002CC700 | 28 08 22 00 00 00 00 00  E8 07 22 00 00 00 00 00  | (.".......".....
00000000002CC710 | 54 07 22 00 00 00 00 00  04 08 22 00 00 00 00 00  | T.".......".....
00000000002CC720 | 28 08 22 00 00 00 00 00  70 07 22 00 00 00 00 00  | (.".....p.".....
00000000002CC730 | 28 08 22 00 00 00 00 00  34 08 22 00 00 00 00 00  | (.".....4.".....
00000000002CC740 | 48 09 22 00 00 00 00 00  94 09 22 00 00 00 00 00  | H.".......".....
00000000002CC750 | 5C 09 22 00 00 00 00 00  DC 09 22 00 00 00 00 00  | \.".......".....
00000000002CC760 | 88 0A 22 00 00 00 00 00  78 09 22 00 00 00 00 00  | ..".....x.".....
00000000002CC770 | 88 0A 22 00 00 00 00 00  F8 09 22 00 00 00 00 00  | ..".......".....
00000000002CC780 | A8 09 22 00 00 00 00 00  64 0A 22 00 00 00 00 00  | ..".....d.".....
00000000002CC790 | 88 0A 22 00 00 00 00 00  C4 09 22 00 00 00 00 00  | ..".......".....
00000000002CC7A0 | 88 0A 22 00 00 00 00 00  9C 0A 22 00 00 00 00 00  | ..".......".....
