# Memory dump: 0x1007b7c3b - 0x1007bc46e
# Segment: __objc_methtype
#============================================================================

# Address        | Hex Bytes                                       | ASCII
#----------------------------------------------------------------------------
00000001007B7C3B | 40 31 36 40 30 3A 38 00  42 32 34 40 30 3A 38 40  | @16@0:8.B24@0:8@
00000001007B7C4B | 31 36 00 23 31 36 40 30  3A 38 00 40 32 34 40 30  | 16.#16@0:8.@24@0
00000001007B7C5B | 3A 38 3A 31 36 00 40 33  32 40 30 3A 38 3A 31 36  | :8:16.@32@0:8:16
00000001007B7C6B | 40 32 34 00 40 34 30 40  30 3A 38 3A 31 36 40 32  | @24.@40@0:8:16@2
00000001007B7C7B | 34 40 33 32 00 42 31 36  40 30 3A 38 00 42 32 34  | 4@32.B16@0:8.B24
00000001007B7C8B | 40 30 3A 38 23 31 36 00  42 32 34 40 30 3A 38 3A  | @0:8#16.B24@0:8:
00000001007B7C9B | 31 36 00 56 76 31 36 40  30 3A 38 00 51 31 36 40  | 16.Vv16@0:8.Q16@
00000001007B7CAB | 30 3A 38 00 5E 7B 5F 4E  53 5A 6F 6E 65 3D 7D 31  | 0:8.^{_NSZone=}1
00000001007B7CBB | 36 40 30 3A 38 00 42 32  34 40 30 3A 38 40 22 50  | 6@0:8.B24@0:8@"P
00000001007B7CCB | 72 6F 74 6F 63 6F 6C 22  31 36 00 40 22 4E 53 53  | rotocol"16.@"NSS
00000001007B7CDB | 74 72 69 6E 67 22 31 36  40 30 3A 38 00 42 33 32  | tring"16@0:8.B32
00000001007B7CEB | 40 30 3A 38 40 31 36 40  32 34 00 42 32 34 40 30  | @0:8@16@24.B24@0
00000001007B7CFB | 3A 38 40 22 55 49 47 65  73 74 75 72 65 52 65 63  | :8@"UIGestureRec
00000001007B7D0B | 6F 67 6E 69 7A 65 72 22  31 36 00 42 33 32 40 30  | ognizer"16.B32@0
00000001007B7D1B | 3A 38 40 22 55 49 47 65  73 74 75 72 65 52 65 63  | :8@"UIGestureRec
00000001007B7D2B | 6F 67 6E 69 7A 65 72 22  31 36 40 22 55 49 47 65  | ognizer"16@"UIGe
00000001007B7D3B | 73 74 75 72 65 52 65 63  6F 67 6E 69 7A 65 72 22  | stureRecognizer"
00000001007B7D4B | 32 34 00 42 33 32 40 30  3A 38 40 22 55 49 47 65  | 24.B32@0:8@"UIGe
00000001007B7D5B | 73 74 75 72 65 52 65 63  6F 67 6E 69 7A 65 72 22  | stureRecognizer"
00000001007B7D6B | 31 36 40 22 55 49 54 6F  75 63 68 22 32 34 00 42  | 16@"UITouch"24.B
00000001007B7D7B | 33 32 40 30 3A 38 40 22  55 49 47 65 73 74 75 72  | 32@0:8@"UIGestur
00000001007B7D8B | 65 52 65 63 6F 67 6E 69  7A 65 72 22 31 36 40 22  | eRecognizer"16@"
00000001007B7D9B | 55 49 50 72 65 73 73 22  32 34 00 42 33 32 40 30  | UIPress"24.B32@0
00000001007B7DAB | 3A 38 40 22 55 49 47 65  73 74 75 72 65 52 65 63  | :8@"UIGestureRec
00000001007B7DBB | 6F 67 6E 69 7A 65 72 22  31 36 40 22 55 49 45 76  | ognizer"16@"UIEv
00000001007B7DCB | 65 6E 74 22 32 34 00 76  31 36 40 30 3A 38 00 76  | ent"24.v16@0:8.v
00000001007B7DDB | 32 30 40 30 3A 38 42 31  36 00 76 32 34 40 30 3A  | 20@0:8B16.v24@0:
00000001007B7DEB | 38 64 31 36 00 76 32 34  40 30 3A 38 40 31 36 00  | 8d16.v24@0:8@16.
00000001007B7DFB | 76 33 32 40 30 3A 38 40  31 36 40 3F 32 34 00 76  | v32@0:8@16@?24.v
00000001007B7E0B | 33 32 40 30 3A 38 7B 43  47 53 69 7A 65 3D 64 64  | 32@0:8{CGSize=dd
00000001007B7E1B | 7D 31 36 00 76 34 30 40  30 3A 38 23 31 36 40 32  | }16.v40@0:8#16@2
00000001007B7E2B | 34 40 33 32 00 76 33 32  40 30 3A 38 40 31 36 71  | 4@32.v32@0:8@16q
00000001007B7E3B | 32 34 00 64 31 36 40 30  3A 38 00 71 31 36 40 30  | 24.d16@0:8.q16@0
00000001007B7E4B | 3A 38 00 76 32 34 40 30  3A 38 71 31 36 00 40 3F  | :8.v24@0:8q16.@?
00000001007B7E5B | 31 36 40 30 3A 38 00 76  32 34 40 30 3A 38 40 3F  | 16@0:8.v24@0:8@?
00000001007B7E6B | 31 36 00 76 32 34 40 30  3A 38 51 31 36 00 7B 55  | 16.v24@0:8Q16.{U
00000001007B7E7B | 49 45 64 67 65 49 6E 73  65 74 73 3D 64 64 64 64  | IEdgeInsets=dddd
00000001007B7E8B | 7D 31 36 40 30 3A 38 00  76 34 38 40 30 3A 38 7B  | }16@0:8.v48@0:8{
00000001007B7E9B | 55 49 45 64 67 65 49 6E  73 65 74 73 3D 64 64 64  | UIEdgeInsets=ddd
00000001007B7EAB | 64 7D 31 36 00 7B 43 47  50 6F 69 6E 74 3D 64 64  | d}16.{CGPoint=dd
00000001007B7EBB | 7D 31 36 40 30 3A 38 00  76 33 32 40 30 3A 38 7B  | }16@0:8.v32@0:8{
00000001007B7ECB | 43 47 50 6F 69 6E 74 3D  64 64 7D 31 36 00 40 22  | CGPoint=dd}16.@"
00000001007B7EDB | 4E 53 4E 6F 74 69 66 69  63 61 74 69 6F 6E 22 00  | NSNotification".
00000001007B7EEB | 7B 43 47 52 65 63 74 3D  22 6F 72 69 67 69 6E 22  | {CGRect="origin"
00000001007B7EFB | 7B 43 47 50 6F 69 6E 74  3D 22 78 22 64 22 79 22  | {CGPoint="x"d"y"
00000001007B7F0B | 64 7D 22 73 69 7A 65 22  7B 43 47 53 69 7A 65 3D  | d}"size"{CGSize=
00000001007B7F1B | 22 77 69 64 74 68 22 64  22 68 65 69 67 68 74 22  | "width"d"height"
00000001007B7F2B | 64 7D 7D 00 7B 43 47 53  69 7A 65 3D 22 77 69 64  | d}}.{CGSize="wid
00000001007B7F3B | 74 68 22 64 22 68 65 69  67 68 74 22 64 7D 00 40  | th"d"height"d}.@
00000001007B7F4B | 22 4E 53 4D 75 74 61 62  6C 65 44 69 63 74 69 6F  | "NSMutableDictio
00000001007B7F5B | 6E 61 72 79 22 00 42 00  64 00 71 00 40 22 55 49  | nary".B.d.q.@"UI
00000001007B7F6B | 43 6F 6C 6F 72 22 00 40  22 55 49 46 6F 6E 74 22  | Color".@"UIFont"
00000001007B7F7B | 00 40 22 55 49 54 61 70  47 65 73 74 75 72 65 52  | .@"UITapGestureR
00000001007B7F8B | 65 63 6F 67 6E 69 7A 65  72 22 00 40 3F 00 51 00  | ecognizer".@?.Q.
00000001007B7F9B | 40 22 55 49 49 6D 61 67  65 22 00 40 22 4E 53 53  | @"UIImage".@"NSS
00000001007B7FAB | 74 72 69 6E 67 22 00 40  22 4E 53 4D 75 74 61 62  | tring".@"NSMutab
00000001007B7FBB | 6C 65 53 65 74 22 00 40  22 55 49 56 69 65 77 22  | leSet".@"UIView"
00000001007B7FCB | 00 40 22 55 49 56 69 65  77 43 6F 6E 74 72 6F 6C  | .@"UIViewControl
00000001007B7FDB | 6C 65 72 22 00 40 22 55  49 53 63 72 6F 6C 6C 56  | ler".@"UIScrollV
00000001007B7FEB | 69 65 77 22 00 7B 43 47  50 6F 69 6E 74 3D 22 78  | iew".{CGPoint="x
00000001007B7FFB | 22 64 22 79 22 64 7D 00  7B 55 49 45 64 67 65 49  | "d"y"d}.{UIEdgeI
00000001007B800B | 6E 73 65 74 73 3D 22 74  6F 70 22 64 22 6C 65 66  | nsets="top"d"lef
00000001007B801B | 74 22 64 22 62 6F 74 74  6F 6D 22 64 22 72 69 67  | t"d"bottom"d"rig
00000001007B802B | 68 74 22 64 7D 00 40 32  34 40 30 3A 38 40 31 36  | ht"d}.@24@0:8@16
00000001007B803B | 00 40 34 30 40 30 3A 38  71 31 36 40 32 34 3A 33  | .@40@0:8q16@24:3
00000001007B804B | 32 00 76 33 32 40 30 3A  38 40 31 36 3A 32 34 00  | 2.v32@0:8@16:24.
00000001007B805B | 40 22 4E 53 49 6E 76 6F  63 61 74 69 6F 6E 22 00  | @"NSInvocation".
00000001007B806B | 42 34 38 40 30 3A 38 40  31 36 7B 5F 4E 53 52 61  | B48@0:8@16{_NSRa
00000001007B807B | 6E 67 65 3D 51 51 7D 32  34 40 34 30 00 40 34 38  | nge=QQ}24@40.@48
00000001007B808B | 40 30 3A 38 40 31 36 7B  5F 4E 53 52 61 6E 67 65  | @0:8@16{_NSRange
00000001007B809B | 3D 51 51 7D 32 34 40 34  30 00 76 33 32 40 30 3A  | =QQ}24@40.v32@0:
00000001007B80AB | 38 40 31 36 40 32 34 00  42 32 34 40 30 3A 38 40  | 8@16@24.B24@0:8@
00000001007B80BB | 22 55 49 54 65 78 74 46  69 65 6C 64 22 31 36 00  | "UITextField"16.
00000001007B80CB | 76 32 34 40 30 3A 38 40  22 55 49 54 65 78 74 46  | v24@0:8@"UITextF
00000001007B80DB | 69 65 6C 64 22 31 36 00  76 33 32 40 30 3A 38 40  | ield"16.v32@0:8@
00000001007B80EB | 22 55 49 54 65 78 74 46  69 65 6C 64 22 31 36 71  | "UITextField"16q
00000001007B80FB | 32 34 00 42 34 38 40 30  3A 38 40 22 55 49 54 65  | 24.B48@0:8@"UITe
00000001007B810B | 78 74 46 69 65 6C 64 22  31 36 7B 5F 4E 53 52 61  | xtField"16{_NSRa
00000001007B811B | 6E 67 65 3D 51 51 7D 32  34 40 22 4E 53 53 74 72  | nge=QQ}24@"NSStr
00000001007B812B | 69 6E 67 22 34 30 00 40  22 55 49 4D 65 6E 75 22  | ing"40.@"UIMenu"
00000001007B813B | 34 38 40 30 3A 38 40 22  55 49 54 65 78 74 46 69  | 48@0:8@"UITextFi
00000001007B814B | 65 6C 64 22 31 36 7B 5F  4E 53 52 61 6E 67 65 3D  | eld"16{_NSRange=
00000001007B815B | 51 51 7D 32 34 40 22 4E  53 41 72 72 61 79 22 34  | QQ}24@"NSArray"4
00000001007B816B | 30 00 76 33 32 40 30 3A  38 40 22 55 49 54 65 78  | 0.v32@0:8@"UITex
00000001007B817B | 74 46 69 65 6C 64 22 31  36 40 22 3C 55 49 45 64  | tField"16@"<UIEd
00000001007B818B | 69 74 4D 65 6E 75 49 6E  74 65 72 61 63 74 69 6F  | itMenuInteractio
00000001007B819B | 6E 41 6E 69 6D 61 74 69  6E 67 3E 22 32 34 00 76  | nAnimating>"24.v
00000001007B81AB | 32 34 40 30 3A 38 40 22  4D 42 50 72 6F 67 72 65  | 24@0:8@"MBProgre
00000001007B81BB | 73 73 48 55 44 22 31 36  00 76 33 32 40 30 3A 38  | ssHUD"16.v32@0:8
00000001007B81CB | 40 22 55 49 41 6C 65 72  74 56 69 65 77 22 31 36  | @"UIAlertView"16
00000001007B81DB | 71 32 34 00 76 32 34 40  30 3A 38 40 22 55 49 41  | q24.v24@0:8@"UIA
00000001007B81EB | 6C 65 72 74 56 69 65 77  22 31 36 00 42 32 34 40  | lertView"16.B24@
00000001007B81FB | 30 3A 38 40 22 55 49 41  6C 65 72 74 56 69 65 77  | 0:8@"UIAlertView
00000001007B820B | 22 31 36 00 7B 43 47 52  65 63 74 3D 7B 43 47 50  | "16.{CGRect={CGP
00000001007B821B | 6F 69 6E 74 3D 64 64 7D  7B 43 47 53 69 7A 65 3D  | oint=dd}{CGSize=
00000001007B822B | 64 64 7D 7D 32 34 40 30  3A 38 40 31 36 00 42 33  | dd}}24@0:8@16.B3
00000001007B823B | 32 40 30 3A 38 40 31 36  3A 32 34 00 40 22 55 49  | 2@0:8@16:24.@"UI
00000001007B824B | 56 69 65 77 43 6F 6E 74  72 6F 6C 6C 65 72 22 32  | ViewController"2
00000001007B825B | 34 40 30 3A 38 40 22 55  49 44 6F 63 75 6D 65 6E  | 4@0:8@"UIDocumen
00000001007B826B | 74 49 6E 74 65 72 61 63  74 69 6F 6E 43 6F 6E 74  | tInteractionCont
00000001007B827B | 72 6F 6C 6C 65 72 22 31  36 00 7B 43 47 52 65 63  | roller"16.{CGRec
00000001007B828B | 74 3D 7B 43 47 50 6F 69  6E 74 3D 64 64 7D 7B 43  | t={CGPoint=dd}{C
00000001007B829B | 47 53 69 7A 65 3D 64 64  7D 7D 32 34 40 30 3A 38  | GSize=dd}}24@0:8
00000001007B82AB | 40 22 55 49 44 6F 63 75  6D 65 6E 74 49 6E 74 65  | @"UIDocumentInte
00000001007B82BB | 72 61 63 74 69 6F 6E 43  6F 6E 74 72 6F 6C 6C 65  | ractionControlle
00000001007B82CB | 72 22 31 36 00 40 22 55  49 56 69 65 77 22 32 34  | r"16.@"UIView"24
00000001007B82DB | 40 30 3A 38 40 22 55 49  44 6F 63 75 6D 65 6E 74  | @0:8@"UIDocument
00000001007B82EB | 49 6E 74 65 72 61 63 74  69 6F 6E 43 6F 6E 74 72  | InteractionContr
00000001007B82FB | 6F 6C 6C 65 72 22 31 36  00 76 32 34 40 30 3A 38  | oller"16.v24@0:8
00000001007B830B | 40 22 55 49 44 6F 63 75  6D 65 6E 74 49 6E 74 65  | @"UIDocumentInte
00000001007B831B | 72 61 63 74 69 6F 6E 43  6F 6E 74 72 6F 6C 6C 65  | ractionControlle
00000001007B832B | 72 22 31 36 00 76 33 32  40 30 3A 38 40 22 55 49  | r"16.v32@0:8@"UI
00000001007B833B | 44 6F 63 75 6D 65 6E 74  49 6E 74 65 72 61 63 74  | DocumentInteract
00000001007B834B | 69 6F 6E 43 6F 6E 74 72  6F 6C 6C 65 72 22 31 36  | ionController"16
00000001007B835B | 40 22 4E 53 53 74 72 69  6E 67 22 32 34 00 42 33  | @"NSString"24.B3
00000001007B836B | 32 40 30 3A 38 40 22 55  49 44 6F 63 75 6D 65 6E  | 2@0:8@"UIDocumen
00000001007B837B | 74 49 6E 74 65 72 61 63  74 69 6F 6E 43 6F 6E 74  | tInteractionCont
00000001007B838B | 72 6F 6C 6C 65 72 22 31  36 3A 32 34 00 76 32 38  | roller"16:24.v28
00000001007B839B | 40 30 3A 38 40 31 36 69  32 34 00 76 34 30 40 30  | @0:8@16i24.v40@0
00000001007B83AB | 3A 38 40 31 36 40 32 34  64 33 32 00 76 34 30 40  | :8@16@24d32.v40@
00000001007B83BB | 30 3A 38 40 31 36 40 32  34 40 3F 33 32 00 76 32  | 0:8@16@24@?32.v2
00000001007B83CB | 30 40 30 3A 38 69 31 36  00 40 32 34 40 30 3A 38  | 0@0:8i16.@24@0:8
00000001007B83DB | 51 31 36 00 76 32 38 40  30 3A 38 40 31 36 42 32  | Q16.v28@0:8@16B2
00000001007B83EB | 34 00 40 22 6E 36 37 6A  69 6D 73 51 22 00 40 22  | 4.@"n67jimsQ".@"
00000001007B83FB | 67 35 7A 4D 4D 58 32 32  22 00 69 00 40 22 4D 42  | g5zMMX22".i.@"MB
00000001007B840B | 50 72 6F 67 72 65 73 73  48 55 44 22 00 40 22 76  | ProgressHUD".@"v
00000001007B841B | 30 34 52 6C 4D 4E 4C 22  00 40 22 4E 53 4D 75 74  | 04RlMNL".@"NSMut
00000001007B842B | 61 62 6C 65 41 72 72 61  79 22 00 40 22 4E 53 41  | ableArray".@"NSA
00000001007B843B | 72 72 61 79 22 00 40 22  7A 34 35 47 6D 53 65 78  | rray".@"z45GmSex
00000001007B844B | 22 00 40 22 4E 53 43 68  61 72 61 63 74 65 72 53  | ".@"NSCharacterS
00000001007B845B | 65 74 22 00 40 22 55 49  54 65 78 74 46 69 65 6C  | et".@"UITextFiel
00000001007B846B | 64 22 00 40 22 6A 39 44  55 4B 70 6F 61 22 00 40  | d".@"j9DUKpoa".@
00000001007B847B | 22 41 70 70 44 65 6C 65  67 61 74 65 22 00 40 22  | "AppDelegate".@"
00000001007B848B | 73 35 62 77 58 71 64 58  22 00 40 22 78 36 53 68  | s5bwXqdX".@"x6Sh
00000001007B849B | 41 77 30 75 22 00 40 22  55 49 4C 61 62 65 6C 22  | Aw0u".@"UILabel"
00000001007B84AB | 00 40 22 55 49 42 75 74  74 6F 6E 22 00 40 22 55  | .@"UIButton".@"U
00000001007B84BB | 49 49 6D 61 67 65 56 69  65 77 22 00 40 22 57 59  | IImageView".@"WY
00000001007B84CB | 50 6F 70 6F 76 65 72 43  6F 6E 74 72 6F 6C 6C 65  | PopoverControlle
00000001007B84DB | 72 22 00 40 22 55 49 44  6F 63 75 6D 65 6E 74 49  | r".@"UIDocumentI
00000001007B84EB | 6E 74 65 72 61 63 74 69  6F 6E 43 6F 6E 74 72 6F  | nteractionContro
00000001007B84FB | 6C 6C 65 72 22 00 76 34  38 40 30 3A 38 40 31 36  | ller".v48@0:8@16
00000001007B850B | 7B 43 47 50 6F 69 6E 74  3D 64 64 7D 32 34 4E 5E  | {CGPoint=dd}24N^
00000001007B851B | 7B 43 47 50 6F 69 6E 74  3D 64 64 7D 34 30 00 76  | {CGPoint=dd}40.v
00000001007B852B | 32 34 40 30 3A 38 40 22  55 49 53 63 72 6F 6C 6C  | 24@0:8@"UIScroll
00000001007B853B | 56 69 65 77 22 31 36 00  76 34 38 40 30 3A 38 40  | View"16.v48@0:8@
00000001007B854B | 22 55 49 53 63 72 6F 6C  6C 56 69 65 77 22 31 36  | "UIScrollView"16
00000001007B855B | 7B 43 47 50 6F 69 6E 74  3D 64 64 7D 32 34 4E 5E  | {CGPoint=dd}24N^
00000001007B856B | 7B 43 47 50 6F 69 6E 74  3D 64 64 7D 34 30 00 76  | {CGPoint=dd}40.v
00000001007B857B | 32 38 40 30 3A 38 40 22  55 49 53 63 72 6F 6C 6C  | 28@0:8@"UIScroll
00000001007B858B | 56 69 65 77 22 31 36 42  32 34 00 40 22 55 49 56  | View"16B24.@"UIV
00000001007B859B | 69 65 77 22 32 34 40 30  3A 38 40 22 55 49 53 63  | iew"24@0:8@"UISc
00000001007B85AB | 72 6F 6C 6C 56 69 65 77  22 31 36 00 76 33 32 40  | rollView"16.v32@
00000001007B85BB | 30 3A 38 40 22 55 49 53  63 72 6F 6C 6C 56 69 65  | 0:8@"UIScrollVie
00000001007B85CB | 77 22 31 36 40 22 55 49  56 69 65 77 22 32 34 00  | w"16@"UIView"24.
00000001007B85DB | 76 34 30 40 30 3A 38 40  22 55 49 53 63 72 6F 6C  | v40@0:8@"UIScrol
00000001007B85EB | 6C 56 69 65 77 22 31 36  40 22 55 49 56 69 65 77  | lView"16@"UIView
00000001007B85FB | 22 32 34 64 33 32 00 42  32 34 40 30 3A 38 40 22  | "24d32.B24@0:8@"
00000001007B860B | 55 49 53 63 72 6F 6C 6C  56 69 65 77 22 31 36 00  | UIScrollView"16.
00000001007B861B | 42 35 36 40 30 3A 38 40  31 36 40 32 34 7B 5F 4E  | B56@0:8@16@24{_N
00000001007B862B | 53 52 61 6E 67 65 3D 51  51 7D 33 32 71 34 38 00  | SRange=QQ}32q48.
00000001007B863B | 42 34 38 40 30 3A 38 40  31 36 40 32 34 7B 5F 4E  | B48@0:8@16@24{_N
00000001007B864B | 53 52 61 6E 67 65 3D 51  51 7D 33 32 00 42 32 34  | SRange=QQ}32.B24
00000001007B865B | 40 30 3A 38 40 22 55 49  54 65 78 74 56 69 65 77  | @0:8@"UITextView
00000001007B866B | 22 31 36 00 76 32 34 40  30 3A 38 40 22 55 49 54  | "16.v24@0:8@"UIT
00000001007B867B | 65 78 74 56 69 65 77 22  31 36 00 42 34 38 40 30  | extView"16.B48@0
00000001007B868B | 3A 38 40 22 55 49 54 65  78 74 56 69 65 77 22 31  | :8@"UITextView"1
00000001007B869B | 36 7B 5F 4E 53 52 61 6E  67 65 3D 51 51 7D 32 34  | 6{_NSRange=QQ}24
00000001007B86AB | 40 22 4E 53 53 74 72 69  6E 67 22 34 30 00 42 35  | @"NSString"40.B5
00000001007B86BB | 36 40 30 3A 38 40 22 55  49 54 65 78 74 56 69 65  | 6@0:8@"UITextVie
00000001007B86CB | 77 22 31 36 40 22 4E 53  55 52 4C 22 32 34 7B 5F  | w"16@"NSURL"24{_
00000001007B86DB | 4E 53 52 61 6E 67 65 3D  51 51 7D 33 32 71 34 38  | NSRange=QQ}32q48
00000001007B86EB | 00 42 35 36 40 30 3A 38  40 22 55 49 54 65 78 74  | .B56@0:8@"UIText
00000001007B86FB | 56 69 65 77 22 31 36 40  22 4E 53 54 65 78 74 41  | View"16@"NSTextA
00000001007B870B | 74 74 61 63 68 6D 65 6E  74 22 32 34 7B 5F 4E 53  | ttachment"24{_NS
00000001007B871B | 52 61 6E 67 65 3D 51 51  7D 33 32 71 34 38 00 42  | Range=QQ}32q48.B
00000001007B872B | 34 38 40 30 3A 38 40 22  55 49 54 65 78 74 56 69  | 48@0:8@"UITextVi
00000001007B873B | 65 77 22 31 36 40 22 4E  53 55 52 4C 22 32 34 7B  | ew"16@"NSURL"24{
00000001007B874B | 5F 4E 53 52 61 6E 67 65  3D 51 51 7D 33 32 00 42  | _NSRange=QQ}32.B
00000001007B875B | 34 38 40 30 3A 38 40 22  55 49 54 65 78 74 56 69  | 48@0:8@"UITextVi
00000001007B876B | 65 77 22 31 36 40 22 4E  53 54 65 78 74 41 74 74  | ew"16@"NSTextAtt
00000001007B877B | 61 63 68 6D 65 6E 74 22  32 34 7B 5F 4E 53 52 61  | achment"24{_NSRa
00000001007B878B | 6E 67 65 3D 51 51 7D 33  32 00 40 22 55 49 4D 65  | nge=QQ}32.@"UIMe
00000001007B879B | 6E 75 22 34 38 40 30 3A  38 40 22 55 49 54 65 78  | nu"48@0:8@"UITex
00000001007B87AB | 74 56 69 65 77 22 31 36  7B 5F 4E 53 52 61 6E 67  | tView"16{_NSRang
00000001007B87BB | 65 3D 51 51 7D 32 34 40  22 4E 53 41 72 72 61 79  | e=QQ}24@"NSArray
00000001007B87CB | 22 34 30 00 76 33 32 40  30 3A 38 40 22 55 49 54  | "40.v32@0:8@"UIT
00000001007B87DB | 65 78 74 56 69 65 77 22  31 36 40 22 3C 55 49 45  | extView"16@"<UIE
00000001007B87EB | 64 69 74 4D 65 6E 75 49  6E 74 65 72 61 63 74 69  | ditMenuInteracti
00000001007B87FB | 6F 6E 41 6E 69 6D 61 74  69 6E 67 3E 22 32 34 00  | onAnimating>"24.
00000001007B880B | 40 22 4E 53 54 69 6D 65  72 22 00 40 22 55 49 54  | @"NSTimer".@"UIT
00000001007B881B | 65 78 74 56 69 65 77 22  00 76 34 30 40 30 3A 38  | extView".v40@0:8
00000001007B882B | 40 31 36 71 32 34 40 33  32 00 76 34 30 40 30 3A  | @16q24@32.v40@0:
00000001007B883B | 38 40 22 4D 46 4D 61 69  6C 43 6F 6D 70 6F 73 65  | 8@"MFMailCompose
00000001007B884B | 56 69 65 77 43 6F 6E 74  72 6F 6C 6C 65 72 22 31  | ViewController"1
00000001007B885B | 36 71 32 34 40 22 4E 53  45 72 72 6F 72 22 33 32  | 6q24@"NSError"32
00000001007B886B | 00 71 33 32 40 30 3A 38  40 31 36 71 32 34 00 40  | .q32@0:8@16q24.@
00000001007B887B | 33 32 40 30 3A 38 40 31  36 40 32 34 00 71 32 34  | 32@0:8@16@24.q24
00000001007B888B | 40 30 3A 38 40 31 36 00  40 33 32 40 30 3A 38 40  | @0:8@16.@32@0:8@
00000001007B889B | 31 36 71 32 34 00 71 34  30 40 30 3A 38 40 31 36  | 16q24.q40@0:8@16
00000001007B88AB | 40 32 34 71 33 32 00 76  34 30 40 30 3A 38 40 31  | @24q32.v40@0:8@1
00000001007B88BB | 36 40 32 34 40 33 32 00  71 33 32 40 30 3A 38 40  | 6@24@32.q32@0:8@
00000001007B88CB | 22 55 49 54 61 62 6C 65  56 69 65 77 22 31 36 71  | "UITableView"16q
00000001007B88DB | 32 34 00 40 22 55 49 54  61 62 6C 65 56 69 65 77  | 24.@"UITableView
00000001007B88EB | 43 65 6C 6C 22 33 32 40  30 3A 38 40 22 55 49 54  | Cell"32@0:8@"UIT
00000001007B88FB | 61 62 6C 65 56 69 65 77  22 31 36 40 22 4E 53 49  | ableView"16@"NSI
00000001007B890B | 6E 64 65 78 50 61 74 68  22 32 34 00 71 32 34 40  | ndexPath"24.q24@
00000001007B891B | 30 3A 38 40 22 55 49 54  61 62 6C 65 56 69 65 77  | 0:8@"UITableView
00000001007B892B | 22 31 36 00 40 22 4E 53  53 74 72 69 6E 67 22 33  | "16.@"NSString"3
00000001007B893B | 32 40 30 3A 38 40 22 55  49 54 61 62 6C 65 56 69  | 2@0:8@"UITableVi
00000001007B894B | 65 77 22 31 36 71 32 34  00 42 33 32 40 30 3A 38  | ew"16q24.B32@0:8
00000001007B895B | 40 22 55 49 54 61 62 6C  65 56 69 65 77 22 31 36  | @"UITableView"16
00000001007B896B | 40 22 4E 53 49 6E 64 65  78 50 61 74 68 22 32 34  | @"NSIndexPath"24
00000001007B897B | 00 40 22 4E 53 41 72 72  61 79 22 32 34 40 30 3A  | .@"NSArray"24@0:
00000001007B898B | 38 40 22 55 49 54 61 62  6C 65 56 69 65 77 22 31  | 8@"UITableView"1
00000001007B899B | 36 00 71 34 30 40 30 3A  38 40 22 55 49 54 61 62  | 6.q40@0:8@"UITab
00000001007B89AB | 6C 65 56 69 65 77 22 31  36 40 22 4E 53 53 74 72  | leView"16@"NSStr
00000001007B89BB | 69 6E 67 22 32 34 71 33  32 00 76 34 30 40 30 3A  | ing"24q32.v40@0:
00000001007B89CB | 38 40 22 55 49 54 61 62  6C 65 56 69 65 77 22 31  | 8@"UITableView"1
00000001007B89DB | 36 71 32 34 40 22 4E 53  49 6E 64 65 78 50 61 74  | 6q24@"NSIndexPat
00000001007B89EB | 68 22 33 32 00 76 34 30  40 30 3A 38 40 22 55 49  | h"32.v40@0:8@"UI
00000001007B89FB | 54 61 62 6C 65 56 69 65  77 22 31 36 40 22 4E 53  | TableView"16@"NS
00000001007B8A0B | 49 6E 64 65 78 50 61 74  68 22 32 34 40 22 4E 53  | IndexPath"24@"NS
00000001007B8A1B | 49 6E 64 65 78 50 61 74  68 22 33 32 00 76 34 30  | IndexPath"32.v40
00000001007B8A2B | 40 30 3A 38 40 31 36 40  32 34 71 33 32 00 64 33  | @0:8@16@24q32.d3
00000001007B8A3B | 32 40 30 3A 38 40 31 36  40 32 34 00 64 33 32 40  | 2@0:8@16@24.d32@
00000001007B8A4B | 30 3A 38 40 31 36 71 32  34 00 71 33 32 40 30 3A  | 0:8@16q24.q32@0:
00000001007B8A5B | 38 40 31 36 40 32 34 00  40 34 30 40 30 3A 38 40  | 8@16@24.@40@0:8@
00000001007B8A6B | 31 36 40 32 34 40 33 32  00 42 34 38 40 30 3A 38  | 16@24@32.B48@0:8
00000001007B8A7B | 40 31 36 3A 32 34 40 33  32 40 34 30 00 76 34 38  | @16:24@32@40.v48
00000001007B8A8B | 40 30 3A 38 40 31 36 3A  32 34 40 33 32 40 34 30  | @0:8@16:24@32@40
00000001007B8A9B | 00 42 34 30 40 30 3A 38  40 31 36 40 32 34 40 33  | .B40@0:8@16@24@3
00000001007B8AAB | 32 00 40 34 38 40 30 3A  38 40 31 36 40 32 34 7B  | 2.@48@0:8@16@24{
00000001007B8ABB | 43 47 50 6F 69 6E 74 3D  64 64 7D 33 32 00 76 34  | CGPoint=dd}32.v4
00000001007B8ACB | 30 40 30 3A 38 40 22 55  49 54 61 62 6C 65 56 69  | 0@0:8@"UITableVi
00000001007B8ADB | 65 77 22 31 36 40 22 55  49 54 61 62 6C 65 56 69  | ew"16@"UITableVi
00000001007B8AEB | 65 77 43 65 6C 6C 22 32  34 40 22 4E 53 49 6E 64  | ewCell"24@"NSInd
00000001007B8AFB | 65 78 50 61 74 68 22 33  32 00 76 34 30 40 30 3A  | exPath"32.v40@0:
00000001007B8B0B | 38 40 22 55 49 54 61 62  6C 65 56 69 65 77 22 31  | 8@"UITableView"1
00000001007B8B1B | 36 40 22 55 49 56 69 65  77 22 32 34 71 33 32 00  | 6@"UIView"24q32.
00000001007B8B2B | 64 33 32 40 30 3A 38 40  22 55 49 54 61 62 6C 65  | d32@0:8@"UITable
00000001007B8B3B | 56 69 65 77 22 31 36 40  22 4E 53 49 6E 64 65 78  | View"16@"NSIndex
00000001007B8B4B | 50 61 74 68 22 32 34 00  64 33 32 40 30 3A 38 40  | Path"24.d32@0:8@
00000001007B8B5B | 22 55 49 54 61 62 6C 65  56 69 65 77 22 31 36 71  | "UITableView"16q
00000001007B8B6B | 32 34 00 40 22 55 49 56  69 65 77 22 33 32 40 30  | 24.@"UIView"32@0
00000001007B8B7B | 3A 38 40 22 55 49 54 61  62 6C 65 56 69 65 77 22  | :8@"UITableView"
00000001007B8B8B | 31 36 71 32 34 00 71 33  32 40 30 3A 38 40 22 55  | 16q24.q32@0:8@"U
00000001007B8B9B | 49 54 61 62 6C 65 56 69  65 77 22 31 36 40 22 4E  | ITableView"16@"N
00000001007B8BAB | 53 49 6E 64 65 78 50 61  74 68 22 32 34 00 76 33  | SIndexPath"24.v3
00000001007B8BBB | 32 40 30 3A 38 40 22 55  49 54 61 62 6C 65 56 69  | 2@0:8@"UITableVi
00000001007B8BCB | 65 77 22 31 36 40 22 4E  53 49 6E 64 65 78 50 61  | ew"16@"NSIndexPa
00000001007B8BDB | 74 68 22 32 34 00 40 22  4E 53 49 6E 64 65 78 50  | th"24.@"NSIndexP
00000001007B8BEB | 61 74 68 22 33 32 40 30  3A 38 40 22 55 49 54 61  | ath"32@0:8@"UITa
00000001007B8BFB | 62 6C 65 56 69 65 77 22  31 36 40 22 4E 53 49 6E  | bleView"16@"NSIn
00000001007B8C0B | 64 65 78 50 61 74 68 22  32 34 00 40 22 4E 53 53  | dexPath"24.@"NSS
00000001007B8C1B | 74 72 69 6E 67 22 33 32  40 30 3A 38 40 22 55 49  | tring"32@0:8@"UI
00000001007B8C2B | 54 61 62 6C 65 56 69 65  77 22 31 36 40 22 4E 53  | TableView"16@"NS
00000001007B8C3B | 49 6E 64 65 78 50 61 74  68 22 32 34 00 40 22 4E  | IndexPath"24.@"N
00000001007B8C4B | 53 41 72 72 61 79 22 33  32 40 30 3A 38 40 22 55  | SArray"32@0:8@"U
00000001007B8C5B | 49 54 61 62 6C 65 56 69  65 77 22 31 36 40 22 4E  | ITableView"16@"N
00000001007B8C6B | 53 49 6E 64 65 78 50 61  74 68 22 32 34 00 40 22  | SIndexPath"24.@"
00000001007B8C7B | 55 49 53 77 69 70 65 41  63 74 69 6F 6E 73 43 6F  | UISwipeActionsCo
00000001007B8C8B | 6E 66 69 67 75 72 61 74  69 6F 6E 22 33 32 40 30  | nfiguration"32@0
00000001007B8C9B | 3A 38 40 22 55 49 54 61  62 6C 65 56 69 65 77 22  | :8@"UITableView"
00000001007B8CAB | 31 36 40 22 4E 53 49 6E  64 65 78 50 61 74 68 22  | 16@"NSIndexPath"
00000001007B8CBB | 32 34 00 40 22 4E 53 49  6E 64 65 78 50 61 74 68  | 24.@"NSIndexPath
00000001007B8CCB | 22 34 30 40 30 3A 38 40  22 55 49 54 61 62 6C 65  | "40@0:8@"UITable
00000001007B8CDB | 56 69 65 77 22 31 36 40  22 4E 53 49 6E 64 65 78  | View"16@"NSIndex
00000001007B8CEB | 50 61 74 68 22 32 34 40  22 4E 53 49 6E 64 65 78  | Path"24@"NSIndex
00000001007B8CFB | 50 61 74 68 22 33 32 00  42 34 38 40 30 3A 38 40  | Path"32.B48@0:8@
00000001007B8D0B | 22 55 49 54 61 62 6C 65  56 69 65 77 22 31 36 3A  | "UITableView"16:
00000001007B8D1B | 32 34 40 22 4E 53 49 6E  64 65 78 50 61 74 68 22  | 24@"NSIndexPath"
00000001007B8D2B | 33 32 40 34 30 00 76 34  38 40 30 3A 38 40 22 55  | 32@40.v48@0:8@"U
00000001007B8D3B | 49 54 61 62 6C 65 56 69  65 77 22 31 36 3A 32 34  | ITableView"16:24
00000001007B8D4B | 40 22 4E 53 49 6E 64 65  78 50 61 74 68 22 33 32  | @"NSIndexPath"32
00000001007B8D5B | 40 34 30 00 42 33 32 40  30 3A 38 40 22 55 49 54  | @40.B32@0:8@"UIT
00000001007B8D6B | 61 62 6C 65 56 69 65 77  22 31 36 40 22 55 49 54  | ableView"16@"UIT
00000001007B8D7B | 61 62 6C 65 56 69 65 77  46 6F 63 75 73 55 70 64  | ableViewFocusUpd
00000001007B8D8B | 61 74 65 43 6F 6E 74 65  78 74 22 32 34 00 76 34  | ateContext"24.v4
00000001007B8D9B | 30 40 30 3A 38 40 22 55  49 54 61 62 6C 65 56 69  | 0@0:8@"UITableVi
00000001007B8DAB | 65 77 22 31 36 40 22 55  49 54 61 62 6C 65 56 69  | ew"16@"UITableVi
00000001007B8DBB | 65 77 46 6F 63 75 73 55  70 64 61 74 65 43 6F 6E  | ewFocusUpdateCon
00000001007B8DCB | 74 65 78 74 22 32 34 40  22 55 49 46 6F 63 75 73  | text"24@"UIFocus
00000001007B8DDB | 41 6E 69 6D 61 74 69 6F  6E 43 6F 6F 72 64 69 6E  | AnimationCoordin
00000001007B8DEB | 61 74 6F 72 22 33 32 00  40 22 4E 53 49 6E 64 65  | ator"32.@"NSInde
00000001007B8DFB | 78 50 61 74 68 22 32 34  40 30 3A 38 40 22 55 49  | xPath"24@0:8@"UI
00000001007B8E0B | 54 61 62 6C 65 56 69 65  77 22 31 36 00 42 34 30  | TableView"16.B40
00000001007B8E1B | 40 30 3A 38 40 22 55 49  54 61 62 6C 65 56 69 65  | @0:8@"UITableVie
00000001007B8E2B | 77 22 31 36 40 22 4E 53  49 6E 64 65 78 50 61 74  | w"16@"NSIndexPat
00000001007B8E3B | 68 22 32 34 40 22 3C 55  49 53 70 72 69 6E 67 4C  | h"24@"<UISpringL
00000001007B8E4B | 6F 61 64 65 64 49 6E 74  65 72 61 63 74 69 6F 6E  | oadedInteraction
00000001007B8E5B | 43 6F 6E 74 65 78 74 3E  22 33 32 00 76 32 34 40  | Context>"32.v24@
00000001007B8E6B | 30 3A 38 40 22 55 49 54  61 62 6C 65 56 69 65 77  | 0:8@"UITableView
00000001007B8E7B | 22 31 36 00 40 22 55 49  43 6F 6E 74 65 78 74 4D  | "16.@"UIContextM
00000001007B8E8B | 65 6E 75 43 6F 6E 66 69  67 75 72 61 74 69 6F 6E  | enuConfiguration
00000001007B8E9B | 22 34 38 40 30 3A 38 40  22 55 49 54 61 62 6C 65  | "48@0:8@"UITable
00000001007B8EAB | 56 69 65 77 22 31 36 40  22 4E 53 49 6E 64 65 78  | View"16@"NSIndex
00000001007B8EBB | 50 61 74 68 22 32 34 7B  43 47 50 6F 69 6E 74 3D  | Path"24{CGPoint=
00000001007B8ECB | 64 64 7D 33 32 00 40 22  55 49 54 61 72 67 65 74  | dd}32.@"UITarget
00000001007B8EDB | 65 64 50 72 65 76 69 65  77 22 33 32 40 30 3A 38  | edPreview"32@0:8
00000001007B8EEB | 40 22 55 49 54 61 62 6C  65 56 69 65 77 22 31 36  | @"UITableView"16
00000001007B8EFB | 40 22 55 49 43 6F 6E 74  65 78 74 4D 65 6E 75 43  | @"UIContextMenuC
00000001007B8F0B | 6F 6E 66 69 67 75 72 61  74 69 6F 6E 22 32 34 00  | onfiguration"24.
00000001007B8F1B | 76 34 30 40 30 3A 38 40  22 55 49 54 61 62 6C 65  | v40@0:8@"UITable
00000001007B8F2B | 56 69 65 77 22 31 36 40  22 55 49 43 6F 6E 74 65  | View"16@"UIConte
00000001007B8F3B | 78 74 4D 65 6E 75 43 6F  6E 66 69 67 75 72 61 74  | xtMenuConfigurat
00000001007B8F4B | 69 6F 6E 22 32 34 40 22  3C 55 49 43 6F 6E 74 65  | ion"24@"<UIConte
00000001007B8F5B | 78 74 4D 65 6E 75 49 6E  74 65 72 61 63 74 69 6F  | xtMenuInteractio
00000001007B8F6B | 6E 43 6F 6D 6D 69 74 41  6E 69 6D 61 74 69 6E 67  | nCommitAnimating
00000001007B8F7B | 3E 22 33 32 00 76 34 30  40 30 3A 38 40 22 55 49  | >"32.v40@0:8@"UI
00000001007B8F8B | 54 61 62 6C 65 56 69 65  77 22 31 36 40 22 55 49  | TableView"16@"UI
00000001007B8F9B | 43 6F 6E 74 65 78 74 4D  65 6E 75 43 6F 6E 66 69  | ContextMenuConfi
00000001007B8FAB | 67 75 72 61 74 69 6F 6E  22 32 34 40 22 3C 55 49  | guration"24@"<UI
00000001007B8FBB | 43 6F 6E 74 65 78 74 4D  65 6E 75 49 6E 74 65 72  | ContextMenuInter
00000001007B8FCB | 61 63 74 69 6F 6E 41 6E  69 6D 61 74 69 6E 67 3E  | actionAnimating>
00000001007B8FDB | 22 33 32 00 76 34 30 40  30 3A 38 40 31 36 4E 5E  | "32.v40@0:8@16N^
00000001007B8FEB | 7B 43 47 52 65 63 74 3D  7B 43 47 50 6F 69 6E 74  | {CGRect={CGPoint
00000001007B8FFB | 3D 64 64 7D 7B 43 47 53  69 7A 65 3D 64 64 7D 7D  | =dd}{CGSize=dd}}
00000001007B900B | 32 34 4E 5E 40 33 32 00  76 33 32 40 30 3A 38 40  | 24N^@32.v32@0:8@
00000001007B901B | 31 36 5E 66 32 34 00 42  32 34 40 30 3A 38 40 22  | 16^f24.B24@0:8@"
00000001007B902B | 57 59 50 6F 70 6F 76 65  72 43 6F 6E 74 72 6F 6C  | WYPopoverControl
00000001007B903B | 6C 65 72 22 31 36 00 76  32 34 40 30 3A 38 40 22  | ler"16.v24@0:8@"
00000001007B904B | 57 59 50 6F 70 6F 76 65  72 43 6F 6E 74 72 6F 6C  | WYPopoverControl
00000001007B905B | 6C 65 72 22 31 36 00 76  34 30 40 30 3A 38 40 22  | ler"16.v40@0:8@"
00000001007B906B | 57 59 50 6F 70 6F 76 65  72 43 6F 6E 74 72 6F 6C  | WYPopoverControl
00000001007B907B | 6C 65 72 22 31 36 4E 5E  7B 43 47 52 65 63 74 3D  | ler"16N^{CGRect=
00000001007B908B | 7B 43 47 50 6F 69 6E 74  3D 64 64 7D 7B 43 47 53  | {CGPoint=dd}{CGS
00000001007B909B | 69 7A 65 3D 64 64 7D 7D  32 34 4E 5E 40 33 32 00  | ize=dd}}24N^@32.
00000001007B90AB | 76 33 32 40 30 3A 38 40  22 57 59 50 6F 70 6F 76  | v32@0:8@"WYPopov
00000001007B90BB | 65 72 43 6F 6E 74 72 6F  6C 6C 65 72 22 31 36 5E  | erController"16^
00000001007B90CB | 66 32 34 00 76 33 32 40  30 3A 38 71 31 36 40 32  | f24.v32@0:8q16@2
00000001007B90DB | 34 00 76 33 32 40 30 3A  38 71 31 36 40 22 4E 53  | 4.v32@0:8q16@"NS
00000001007B90EB | 53 74 72 69 6E 67 22 32  34 00 76 33 32 40 30 3A  | String"24.v32@0:
00000001007B90FB | 38 40 22 4E 53 53 74 72  69 6E 67 22 31 36 71 32  | 8@"NSString"16q2
00000001007B910B | 34 00 71 32 34 40 30 3A  38 40 22 55 49 50 69 63  | 4.q24@0:8@"UIPic
00000001007B911B | 6B 65 72 56 69 65 77 22  31 36 00 71 33 32 40 30  | kerView"16.q32@0
00000001007B912B | 3A 38 40 22 55 49 50 69  63 6B 65 72 56 69 65 77  | :8@"UIPickerView
00000001007B913B | 22 31 36 71 32 34 00 40  34 30 40 30 3A 38 40 31  | "16q24.@40@0:8@1
00000001007B914B | 36 71 32 34 71 33 32 00  40 34 38 40 30 3A 38 40  | 6q24q32.@48@0:8@
00000001007B915B | 31 36 71 32 34 71 33 32  40 34 30 00 76 34 30 40  | 16q24q32@40.v40@
00000001007B916B | 30 3A 38 40 31 36 71 32  34 71 33 32 00 64 33 32  | 0:8@16q24q32.d32
00000001007B917B | 40 30 3A 38 40 22 55 49  50 69 63 6B 65 72 56 69  | @0:8@"UIPickerVi
00000001007B918B | 65 77 22 31 36 71 32 34  00 40 22 4E 53 53 74 72  | ew"16q24.@"NSStr
00000001007B919B | 69 6E 67 22 34 30 40 30  3A 38 40 22 55 49 50 69  | ing"40@0:8@"UIPi
00000001007B91AB | 63 6B 65 72 56 69 65 77  22 31 36 71 32 34 71 33  | ckerView"16q24q3
00000001007B91BB | 32 00 40 22 4E 53 41 74  74 72 69 62 75 74 65 64  | 2.@"NSAttributed
00000001007B91CB | 53 74 72 69 6E 67 22 34  30 40 30 3A 38 40 22 55  | String"40@0:8@"U
00000001007B91DB | 49 50 69 63 6B 65 72 56  69 65 77 22 31 36 71 32  | IPickerView"16q2
00000001007B91EB | 34 71 33 32 00 40 22 55  49 56 69 65 77 22 34 38  | 4q32.@"UIView"48
00000001007B91FB | 40 30 3A 38 40 22 55 49  50 69 63 6B 65 72 56 69  | @0:8@"UIPickerVi
00000001007B920B | 65 77 22 31 36 71 32 34  71 33 32 40 22 55 49 56  | ew"16q24q32@"UIV
00000001007B921B | 69 65 77 22 34 30 00 76  34 30 40 30 3A 38 40 22  | iew"40.v40@0:8@"
00000001007B922B | 55 49 50 69 63 6B 65 72  56 69 65 77 22 31 36 71  | UIPickerView"16q
00000001007B923B | 32 34 71 33 32 00 51 32  34 40 30 3A 38 40 31 36  | 24q32.Q24@0:8@16
00000001007B924B | 00 40 22 52 65 73 74 6F  72 65 52 65 74 65 6E 74  | .@"RestoreRetent
00000001007B925B | 69 6F 6E 56 69 65 77 43  6F 6E 74 72 6F 6C 6C 65  | ionViewControlle
00000001007B926B | 72 43 65 6C 6C 22 00 40  22 55 49 54 61 62 6C 65  | rCell".@"UITable
00000001007B927B | 56 69 65 77 22 00 40 22  55 49 50 69 63 6B 65 72  | View".@"UIPicker
00000001007B928B | 56 69 65 77 22 00 40 22  4E 53 4C 61 79 6F 75 74  | View".@"NSLayout
00000001007B929B | 43 6F 6E 73 74 72 61 69  6E 74 22 00 40 32 38 40  | Constraint".@28@
00000001007B92AB | 30 3A 38 40 31 36 42 32  34 00 40 34 30 40 30 3A  | 0:8@16B24.@40@0:
00000001007B92BB | 38 40 31 36 40 32 34 5E  40 33 32 00 43 31 36 40  | 8@16@24^@32.C16@
00000001007B92CB | 30 3A 38 00 76 32 30 40  30 3A 38 43 31 36 00 43  | 0:8.v20@0:8C16.C
00000001007B92DB | 00 40 22 4E 53 4F 62 6A  65 63 74 3C 4F 53 5F 64  | .@"NSObject<OS_d
00000001007B92EB | 69 73 70 61 74 63 68 5F  71 75 65 75 65 3E 22 00  | ispatch_queue>".
00000001007B92FB | 40 22 72 33 4D 56 4B 52  36 39 22 00 40 22 4E 53  | @"r3MVKR69".@"NS
00000001007B930B | 4D 75 74 61 62 6C 65 44  61 74 61 22 00 40 22 4E  | MutableData".@"N
00000001007B931B | 53 45 72 72 6F 72 22 00  40 32 30 40 30 3A 38 69  | SError".@20@0:8i
00000001007B932B | 31 36 00 40 33 32 40 30  3A 38 40 31 36 5E 40 32  | 16.@32@0:8@16^@2
00000001007B933B | 34 00 5E 7B 5F 43 43 43  72 79 70 74 6F 72 3D 7D  | 4.^{_CCCryptor=}
00000001007B934B | 00 42 34 34 40 30 3A 38  40 31 36 40 32 34 66 33  | .B44@0:8@16@24f3
00000001007B935B | 32 5E 40 33 36 00 42 34  30 40 30 3A 38 40 31 36  | 2^@36.B40@0:8@16
00000001007B936B | 40 32 34 5E 40 33 32 00  42 32 30 40 30 3A 38 42  | @24^@32.B20@0:8B
00000001007B937B | 31 36 00 76 32 34 40 30  3A 38 40 22 4E 53 53 74  | 16.v24@0:8@"NSSt
00000001007B938B | 72 69 6E 67 22 31 36 00  42 32 34 40 30 3A 38 40  | ring"16.B24@0:8@
00000001007B939B | 22 4E 53 53 74 72 69 6E  67 22 31 36 00 51 33 32  | "NSString"16.Q32
00000001007B93AB | 40 30 3A 38 40 31 36 40  32 34 00 40 31 34 34 40  | @0:8@16@24.@144@
00000001007B93BB | 30 3A 38 40 31 36 7B 5F  52 4E 43 72 79 70 74 6F  | 0:8@16{_RNCrypto
00000001007B93CB | 72 53 65 74 74 69 6E 67  73 3D 49 51 51 49 49 51  | rSettings=IQQIIQ
00000001007B93DB | 7B 5F 52 4E 43 72 79 70  74 6F 72 4B 65 79 44 65  | {_RNCryptorKeyDe
00000001007B93EB | 72 69 76 61 74 69 6F 6E  53 65 74 74 69 6E 67 73  | rivationSettings
00000001007B93FB | 3D 51 51 49 49 49 42 7D  7B 5F 52 4E 43 72 79 70  | =QQIIIB}{_RNCryp
00000001007B940B | 74 6F 72 4B 65 79 44 65  72 69 76 61 74 69 6F 6E  | torKeyDerivation
00000001007B941B | 53 65 74 74 69 6E 67 73  3D 51 51 49 49 49 42 7D  | Settings=QQIIIB}
00000001007B942B | 7D 32 34 40 31 32 38 5E  40 31 33 36 00 40 31 35  | }24@128^@136.@15
00000001007B943B | 32 40 30 3A 38 40 31 36  7B 5F 52 4E 43 72 79 70  | 2@0:8@16{_RNCryp
00000001007B944B | 74 6F 72 53 65 74 74 69  6E 67 73 3D 49 51 51 49  | torSettings=IQQI
00000001007B945B | 49 51 7B 5F 52 4E 43 72  79 70 74 6F 72 4B 65 79  | IQ{_RNCryptorKey
00000001007B946B | 44 65 72 69 76 61 74 69  6F 6E 53 65 74 74 69 6E  | DerivationSettin
00000001007B947B | 67 73 3D 51 51 49 49 49  42 7D 7B 5F 52 4E 43 72  | gs=QQIIIB}{_RNCr
00000001007B948B | 79 70 74 6F 72 4B 65 79  44 65 72 69 76 61 74 69  | yptorKeyDerivati
00000001007B949B | 6F 6E 53 65 74 74 69 6E  67 73 3D 51 51 49 49 49  | onSettings=QQIII
00000001007B94AB | 42 7D 7D 32 34 40 31 32  38 40 31 33 36 5E 40 31  | B}}24@128@136^@1
00000001007B94BB | 34 34 00 7B 3F 3D 22 63  74 78 22 5B 39 36 49 5D  | 44.{?="ctx"[96I]
00000001007B94CB | 7D 00 40 22 4E 53 44 61  74 61 22 00 76 33 36 40  | }.@"NSData".v36@
00000001007B94DB | 30 3A 38 40 31 36 40 32  34 42 33 32 00 7B 43 47  | 0:8@16@24B32.{CG
00000001007B94EB | 52 65 63 74 3D 7B 43 47  50 6F 69 6E 74 3D 64 64  | Rect={CGPoint=dd
00000001007B94FB | 7D 7B 43 47 53 69 7A 65  3D 64 64 7D 7D 31 36 40  | }{CGSize=dd}}16@
00000001007B950B | 30 3A 38 00 7B 43 47 53  69 7A 65 3D 64 64 7D 31  | 0:8.{CGSize=dd}1
00000001007B951B | 36 40 30 3A 38 00 40 22  4E 53 41 74 74 72 69 62  | 6@0:8.@"NSAttrib
00000001007B952B | 75 74 65 64 53 74 72 69  6E 67 22 00 76 33 32 40  | utedString".v32@
00000001007B953B | 30 3A 38 40 22 4E 53 55  52 4C 43 6F 6E 6E 65 63  | 0:8@"NSURLConnec
00000001007B954B | 74 69 6F 6E 22 31 36 40  22 4E 53 45 72 72 6F 72  | tion"16@"NSError
00000001007B955B | 22 32 34 00 42 32 34 40  30 3A 38 40 22 4E 53 55  | "24.B24@0:8@"NSU
00000001007B956B | 52 4C 43 6F 6E 6E 65 63  74 69 6F 6E 22 31 36 00  | RLConnection"16.
00000001007B957B | 76 33 32 40 30 3A 38 40  22 4E 53 55 52 4C 43 6F  | v32@0:8@"NSURLCo
00000001007B958B | 6E 6E 65 63 74 69 6F 6E  22 31 36 40 22 4E 53 55  | nnection"16@"NSU
00000001007B959B | 52 4C 41 75 74 68 65 6E  74 69 63 61 74 69 6F 6E  | RLAuthentication
00000001007B95AB | 43 68 61 6C 6C 65 6E 67  65 22 32 34 00 42 33 32  | Challenge"24.B32
00000001007B95BB | 40 30 3A 38 40 22 4E 53  55 52 4C 43 6F 6E 6E 65  | @0:8@"NSURLConne
00000001007B95CB | 63 74 69 6F 6E 22 31 36  40 22 4E 53 55 52 4C 50  | ction"16@"NSURLP
00000001007B95DB | 72 6F 74 65 63 74 69 6F  6E 53 70 61 63 65 22 32  | rotectionSpace"2
00000001007B95EB | 34 00 76 34 38 40 30 3A  38 40 31 36 71 32 34 71  | 4.v48@0:8@16q24q
00000001007B95FB | 33 32 71 34 30 00 40 22  4E 53 55 52 4C 52 65 71  | 32q40.@"NSURLReq
00000001007B960B | 75 65 73 74 22 34 30 40  30 3A 38 40 22 4E 53 55  | uest"40@0:8@"NSU
00000001007B961B | 52 4C 43 6F 6E 6E 65 63  74 69 6F 6E 22 31 36 40  | RLConnection"16@
00000001007B962B | 22 4E 53 55 52 4C 52 65  71 75 65 73 74 22 32 34  | "NSURLRequest"24
00000001007B963B | 40 22 4E 53 55 52 4C 52  65 73 70 6F 6E 73 65 22  | @"NSURLResponse"
00000001007B964B | 33 32 00 76 33 32 40 30  3A 38 40 22 4E 53 55 52  | 32.v32@0:8@"NSUR
00000001007B965B | 4C 43 6F 6E 6E 65 63 74  69 6F 6E 22 31 36 40 22  | LConnection"16@"
00000001007B966B | 4E 53 55 52 4C 52 65 73  70 6F 6E 73 65 22 32 34  | NSURLResponse"24
00000001007B967B | 00 76 33 32 40 30 3A 38  40 22 4E 53 55 52 4C 43  | .v32@0:8@"NSURLC
00000001007B968B | 6F 6E 6E 65 63 74 69 6F  6E 22 31 36 40 22 4E 53  | onnection"16@"NS
00000001007B969B | 44 61 74 61 22 32 34 00  40 22 4E 53 49 6E 70 75  | Data"24.@"NSInpu
00000001007B96AB | 74 53 74 72 65 61 6D 22  33 32 40 30 3A 38 40 22  | tStream"32@0:8@"
00000001007B96BB | 4E 53 55 52 4C 43 6F 6E  6E 65 63 74 69 6F 6E 22  | NSURLConnection"
00000001007B96CB | 31 36 40 22 4E 53 55 52  4C 52 65 71 75 65 73 74  | 16@"NSURLRequest
00000001007B96DB | 22 32 34 00 76 34 38 40  30 3A 38 40 22 4E 53 55  | "24.v48@0:8@"NSU
00000001007B96EB | 52 4C 43 6F 6E 6E 65 63  74 69 6F 6E 22 31 36 71  | RLConnection"16q
00000001007B96FB | 32 34 71 33 32 71 34 30  00 40 22 4E 53 43 61 63  | 24q32q40.@"NSCac
00000001007B970B | 68 65 64 55 52 4C 52 65  73 70 6F 6E 73 65 22 33  | hedURLResponse"3
00000001007B971B | 32 40 30 3A 38 40 22 4E  53 55 52 4C 43 6F 6E 6E  | 2@0:8@"NSURLConn
00000001007B972B | 65 63 74 69 6F 6E 22 31  36 40 22 4E 53 43 61 63  | ection"16@"NSCac
00000001007B973B | 68 65 64 55 52 4C 52 65  73 70 6F 6E 73 65 22 32  | hedURLResponse"2
00000001007B974B | 34 00 76 32 34 40 30 3A  38 40 22 4E 53 55 52 4C  | 4.v24@0:8@"NSURL
00000001007B975B | 43 6F 6E 6E 65 63 74 69  6F 6E 22 31 36 00 76 33  | Connection"16.v3
00000001007B976B | 36 40 30 3A 38 40 31 36  40 32 34 53 33 32 00 76  | 6@0:8@16@24S32.v
00000001007B977B | 34 30 40 30 3A 38 40 31  36 51 32 34 71 33 32 00  | 40@0:8@16Q24q32.
00000001007B978B | 64 34 38 40 30 3A 38 40  31 36 71 32 34 64 33 32  | d48@0:8@16q24d32
00000001007B979B | 51 34 30 00 76 34 30 40  30 3A 38 40 31 36 5E 7B  | Q40.v40@0:8@16^{
00000001007B97AB | 5F 5F 53 65 63 54 72 75  73 74 3D 7D 32 34 40 3F  | __SecTrust=}24@?
00000001007B97BB | 33 32 00 40 22 4E 53 4F  62 6A 65 63 74 3C 4F 53  | 32.@"NSObject<OS
00000001007B97CB | 5F 64 69 73 70 61 74 63  68 5F 71 75 65 75 65 3E  | _dispatch_queue>
00000001007B97DB | 22 33 32 40 30 3A 38 40  22 4E 53 44 61 74 61 22  | "32@0:8@"NSData"
00000001007B97EB | 31 36 40 22 6A 38 49 55  77 68 72 4D 22 32 34 00  | 16@"j8IUwhrM"24.
00000001007B97FB | 76 33 32 40 30 3A 38 40  22 6A 38 49 55 77 68 72  | v32@0:8@"j8IUwhr
00000001007B980B | 4D 22 31 36 40 22 6A 38  49 55 77 68 72 4D 22 32  | M"16@"j8IUwhrM"2
00000001007B981B | 34 00 76 33 36 40 30 3A  38 40 22 6A 38 49 55 77  | 4.v36@0:8@"j8IUw
00000001007B982B | 68 72 4D 22 31 36 40 22  4E 53 53 74 72 69 6E 67  | hrM"16@"NSString
00000001007B983B | 22 32 34 53 33 32 00 76  33 32 40 30 3A 38 40 22  | "24S32.v32@0:8@"
00000001007B984B | 6A 38 49 55 77 68 72 4D  22 31 36 40 22 4E 53 55  | j8IUwhrM"16@"NSU
00000001007B985B | 52 4C 22 32 34 00 76 34  30 40 30 3A 38 40 22 6A  | RL"24.v40@0:8@"j
00000001007B986B | 38 49 55 77 68 72 4D 22  31 36 40 22 4E 53 44 61  | 8IUwhrM"16@"NSDa
00000001007B987B | 74 61 22 32 34 71 33 32  00 76 34 30 40 30 3A 38  | ta"24q32.v40@0:8
00000001007B988B | 40 22 6A 38 49 55 77 68  72 4D 22 31 36 51 32 34  | @"j8IUwhrM"16Q24
00000001007B989B | 71 33 32 00 76 33 32 40  30 3A 38 40 22 6A 38 49  | q32.v32@0:8@"j8I
00000001007B98AB | 55 77 68 72 4D 22 31 36  71 32 34 00 64 34 38 40  | UwhrM"16q24.d48@
00000001007B98BB | 30 3A 38 40 22 6A 38 49  55 77 68 72 4D 22 31 36  | 0:8@"j8IUwhrM"16
00000001007B98CB | 71 32 34 64 33 32 51 34  30 00 76 32 34 40 30 3A  | q24d32Q40.v24@0:
00000001007B98DB | 38 40 22 6A 38 49 55 77  68 72 4D 22 31 36 00 76  | 8@"j8IUwhrM"16.v
00000001007B98EB | 33 32 40 30 3A 38 40 22  6A 38 49 55 77 68 72 4D  | 32@0:8@"j8IUwhrM
00000001007B98FB | 22 31 36 40 22 4E 53 45  72 72 6F 72 22 32 34 00  | "16@"NSError"24.
00000001007B990B | 76 34 30 40 30 3A 38 40  22 6A 38 49 55 77 68 72  | v40@0:8@"j8IUwhr
00000001007B991B | 4D 22 31 36 5E 7B 5F 5F  53 65 63 54 72 75 73 74  | M"16^{__SecTrust
00000001007B992B | 3D 7D 32 34 40 3F 3C 76  40 3F 42 3E 33 32 00 76  | =}24@?<v@?B>32.v
00000001007B993B | 34 38 40 30 3A 38 40 31  36 40 32 34 40 3F 33 32  | 48@0:8@16@24@?32
00000001007B994B | 40 3F 34 30 00 40 22 6A  38 49 55 77 68 72 4D 22  | @?40.@"j8IUwhrM"
00000001007B995B | 00 40 22 4E 53 55 52 4C  43 6F 6E 6E 65 63 74 69  | .@"NSURLConnecti
00000001007B996B | 6F 6E 22 00 40 32 34 40  30 3A 38 23 31 36 00 42  | on".@24@0:8#16.B
00000001007B997B | 32 38 40 30 3A 38 40 31  36 42 32 34 00 40 34 38  | 28@0:8@16B24.@48
00000001007B998B | 40 30 3A 38 7B 43 47 52  65 63 74 3D 7B 43 47 50  | @0:8{CGRect={CGP
00000001007B999B | 6F 69 6E 74 3D 64 64 7D  7B 43 47 53 69 7A 65 3D  | oint=dd}{CGSize=
00000001007B99AB | 64 64 7D 7D 31 36 00 76  32 30 40 30 3A 38 66 31  | dd}}16.v20@0:8f1
00000001007B99BB | 36 00 66 31 36 40 30 3A  38 00 66 00 40 22 3C 6F  | 6.f16@0:8.f.@"<o
00000001007B99CB | 31 41 42 71 38 4B 30 3E  22 00 40 22 4E 53 50 72  | 1ABq8K0>".@"NSPr
00000001007B99DB | 6F 67 72 65 73 73 22 00  40 22 70 39 4B 7A 78 44  | ogress".@"p9KzxD
00000001007B99EB | 5A 6E 22 00 40 22 4E 53  44 61 74 65 22 00 40 22  | Zn".@"NSDate".@"
00000001007B99FB | 55 49 4D 6F 74 69 6F 6E  45 66 66 65 63 74 47 72  | UIMotionEffectGr
00000001007B9A0B | 6F 75 70 22 00 40 22 43  41 44 69 73 70 6C 61 79  | oup".@"CADisplay
00000001007B9A1B | 4C 69 6E 6B 22 00 76 34  38 40 30 3A 38 7B 43 47  | Link".v48@0:8{CG
00000001007B9A2B | 52 65 63 74 3D 7B 43 47  50 6F 69 6E 74 3D 64 64  | Rect={CGPoint=dd
00000001007B9A3B | 7D 7B 43 47 53 69 7A 65  3D 64 64 7D 7D 31 36 00  | }{CGSize=dd}}16.
00000001007B9A4B | 40 22 55 49 56 69 73 75  61 6C 45 66 66 65 63 74  | @"UIVisualEffect
00000001007B9A5B | 56 69 65 77 22 00 76 33  32 40 30 3A 38 40 31 36  | View".v32@0:8@16
00000001007B9A6B | 51 32 34 00 69 31 36 40  30 3A 38 00 40 34 38 40  | Q24.i16@0:8.@48@
00000001007B9A7B | 30 3A 38 40 31 36 40 32  34 40 33 32 5E 40 34 30  | 0:8@16@24@32^@40
00000001007B9A8B | 00 40 34 30 40 30 3A 38  40 31 36 40 32 34 40 3F  | .@40@0:8@16@24@?
00000001007B9A9B | 33 32 00 40 33 32 40 30  3A 38 40 31 36 40 3F 32  | 32.@32@0:8@16@?2
00000001007B9AAB | 34 00 7B 5F 52 4E 43 72  79 70 74 6F 72 53 65 74  | 4.{_RNCryptorSet
00000001007B9ABB | 74 69 6E 67 73 3D 49 51  51 49 49 51 7B 5F 52 4E  | tings=IQQIIQ{_RN
00000001007B9ACB | 43 72 79 70 74 6F 72 4B  65 79 44 65 72 69 76 61  | CryptorKeyDeriva
00000001007B9ADB | 74 69 6F 6E 53 65 74 74  69 6E 67 73 3D 51 51 49  | tionSettings=QQI
00000001007B9AEB | 49 49 42 7D 7B 5F 52 4E  43 72 79 70 74 6F 72 4B  | IIB}{_RNCryptorK
00000001007B9AFB | 65 79 44 65 72 69 76 61  74 69 6F 6E 53 65 74 74  | eyDerivationSett
00000001007B9B0B | 69 6E 67 73 3D 51 51 49  49 49 42 7D 7D 31 36 40  | ings=QQIIIB}}16@
00000001007B9B1B | 30 3A 38 00 76 31 32 30  40 30 3A 38 7B 5F 52 4E  | 0:8.v120@0:8{_RN
00000001007B9B2B | 43 72 79 70 74 6F 72 53  65 74 74 69 6E 67 73 3D  | CryptorSettings=
00000001007B9B3B | 49 51 51 49 49 51 7B 5F  52 4E 43 72 79 70 74 6F  | IQQIIQ{_RNCrypto
00000001007B9B4B | 72 4B 65 79 44 65 72 69  76 61 74 69 6F 6E 53 65  | rKeyDerivationSe
00000001007B9B5B | 74 74 69 6E 67 73 3D 51  51 49 49 49 42 7D 7B 5F  | ttings=QQIIIB}{_
00000001007B9B6B | 52 4E 43 72 79 70 74 6F  72 4B 65 79 44 65 72 69  | RNCryptorKeyDeri
00000001007B9B7B | 76 61 74 69 6F 6E 53 65  74 74 69 6E 67 73 3D 51  | vationSettings=Q
00000001007B9B8B | 51 49 49 49 42 7D 7D 31  36 00 7B 5F 52 4E 43 72  | QIIIB}}16.{_RNCr
00000001007B9B9B | 79 70 74 6F 72 53 65 74  74 69 6E 67 73 3D 22 61  | yptorSettings="a
00000001007B9BAB | 6C 67 6F 72 69 74 68 6D  22 49 22 62 6C 6F 63 6B  | lgorithm"I"block
00000001007B9BBB | 53 69 7A 65 22 51 22 49  56 53 69 7A 65 22 51 22  | Size"Q"IVSize"Q"
00000001007B9BCB | 6F 70 74 69 6F 6E 73 22  49 22 48 4D 41 43 41 6C  | options"I"HMACAl
00000001007B9BDB | 67 6F 72 69 74 68 6D 22  49 22 69 34 36 52 6A 46  | gorithm"I"i46RjF
00000001007B9BEB | 7A 34 22 51 22 6B 65 79  53 65 74 74 69 6E 67 73  | z4"Q"keySettings
00000001007B9BFB | 22 7B 5F 52 4E 43 72 79  70 74 6F 72 4B 65 79 44  | "{_RNCryptorKeyD
00000001007B9C0B | 65 72 69 76 61 74 69 6F  6E 53 65 74 74 69 6E 67  | erivationSetting
00000001007B9C1B | 73 3D 22 6B 65 79 53 69  7A 65 22 51 22 73 61 6C  | s="keySize"Q"sal
00000001007B9C2B | 74 53 69 7A 65 22 51 22  50 42 4B 44 46 41 6C 67  | tSize"Q"PBKDFAlg
00000001007B9C3B | 6F 72 69 74 68 6D 22 49  22 50 52 46 22 49 22 72  | orithm"I"PRF"I"r
00000001007B9C4B | 6F 75 6E 64 73 22 49 22  68 61 73 56 32 50 61 73  | ounds"I"hasV2Pas
00000001007B9C5B | 73 77 6F 72 64 22 42 7D  22 48 4D 41 43 4B 65 79  | sword"B}"HMACKey
00000001007B9C6B | 53 65 74 74 69 6E 67 73  22 7B 5F 52 4E 43 72 79  | Settings"{_RNCry
00000001007B9C7B | 70 74 6F 72 4B 65 79 44  65 72 69 76 61 74 69 6F  | ptorKeyDerivatio
00000001007B9C8B | 6E 53 65 74 74 69 6E 67  73 3D 22 6B 65 79 53 69  | nSettings="keySi
00000001007B9C9B | 7A 65 22 51 22 73 61 6C  74 53 69 7A 65 22 51 22  | ze"Q"saltSize"Q"
00000001007B9CAB | 50 42 4B 44 46 41 6C 67  6F 72 69 74 68 6D 22 49  | PBKDFAlgorithm"I
00000001007B9CBB | 22 50 52 46 22 49 22 72  6F 75 6E 64 73 22 49 22  | "PRF"I"rounds"I"
00000001007B9CCB | 68 61 73 56 32 50 61 73  73 77 6F 72 64 22 42 7D  | hasV2Password"B}
00000001007B9CDB | 7D 00 2A 31 36 40 30 3A  38 00 76 33 32 40 30 3A  | }.*16@0:8.v32@0:
00000001007B9CEB | 38 5E 2A 31 36 5E 51 32  34 00 2A 00 40 37 32 40  | 8^*16^Q24.*.@72@
00000001007B9CFB | 30 3A 38 40 31 36 51 32  34 51 33 32 64 34 30 51  | 0:8@16Q24Q32d40Q
00000001007B9D0B | 34 38 40 35 36 71 36 34  00 51 33 32 40 30 3A 38  | 48@56q64.Q32@0:8
00000001007B9D1B | 51 31 36 5E 42 32 34 00  51 32 34 40 30 3A 38 51  | Q16^B24.Q24@0:8Q
00000001007B9D2B | 31 36 00 51 33 32 40 30  3A 38 40 31 36 5E 42 32  | 16.Q32@0:8@16^B2
00000001007B9D3B | 34 00 71 32 34 40 30 3A  38 71 31 36 00 40 34 30  | 4.q24@0:8q16.@40
00000001007B9D4B | 40 30 3A 38 40 31 36 64  32 34 71 33 32 00 40 22  | @0:8@16d24q32.@"
00000001007B9D5B | 4E 53 44 69 63 74 69 6F  6E 61 72 79 22 00 40 33  | NSDictionary".@3
00000001007B9D6B | 36 40 30 3A 38 69 31 36  40 32 30 5E 40 32 38 00  | 6@0:8i16@20^@28.
00000001007B9D7B | 40 34 34 40 30 3A 38 69  31 36 40 32 30 40 32 38  | @44@0:8i16@20@28
00000001007B9D8B | 5E 40 33 36 00 40 35 32  40 30 3A 38 69 31 36 40  | ^@36.@52@0:8i16@
00000001007B9D9B | 32 30 40 32 38 40 33 36  5E 40 34 34 00 40 33 36  | 20@28@36^@44.@36
00000001007B9DAB | 40 30 3A 38 40 31 36 53  32 34 5E 40 32 38 00 40  | @0:8@16S24^@28.@
00000001007B9DBB | 32 34 40 30 3A 38 72 5E  7B 73 6F 63 6B 61 64 64  | 24@0:8r^{sockadd
00000001007B9DCB | 72 5F 69 6E 3D 43 43 53  7B 69 6E 5F 61 64 64 72  | r_in=CCS{in_addr
00000001007B9DDB | 3D 49 7D 5B 38 63 5D 7D  31 36 00 40 32 34 40 30  | =I}[8c]}16.@24@0
00000001007B9DEB | 3A 38 72 5E 7B 73 6F 63  6B 61 64 64 72 5F 69 6E  | :8r^{sockaddr_in
00000001007B9DFB | 36 3D 43 43 53 49 7B 69  6E 36 5F 61 64 64 72 3D  | 6=CCSI{in6_addr=
00000001007B9E0B | 28 3F 3D 5B 31 36 43 5D  5B 38 53 5D 5B 34 49 5D  | (?=[16C][8S][4I]
00000001007B9E1B | 29 7D 49 7D 31 36 00 53  32 34 40 30 3A 38 72 5E  | )}I}16.S24@0:8r^
00000001007B9E2B | 7B 73 6F 63 6B 61 64 64  72 5F 69 6E 3D 43 43 53  | {sockaddr_in=CCS
00000001007B9E3B | 7B 69 6E 5F 61 64 64 72  3D 49 7D 5B 38 63 5D 7D  | {in_addr=I}[8c]}
00000001007B9E4B | 31 36 00 53 32 34 40 30  3A 38 72 5E 7B 73 6F 63  | 16.S24@0:8r^{soc
00000001007B9E5B | 6B 61 64 64 72 5F 69 6E  36 3D 43 43 53 49 7B 69  | kaddr_in6=CCSI{i
00000001007B9E6B | 6E 36 5F 61 64 64 72 3D  28 3F 3D 5B 31 36 43 5D  | n6_addr=(?=[16C]
00000001007B9E7B | 5B 38 53 5D 5B 34 49 5D  29 7D 49 7D 31 36 00 40  | [8S][4I])}I}16.@
00000001007B9E8B | 32 34 40 30 3A 38 72 5E  7B 73 6F 63 6B 61 64 64  | 24@0:8r^{sockadd
00000001007B9E9B | 72 5F 75 6E 3D 43 43 5B  31 30 34 63 5D 7D 31 36  | r_un=CC[104c]}16
00000001007B9EAB | 00 53 32 34 40 30 3A 38  40 31 36 00 42 34 30 40  | .S24@0:8@16.B40@
00000001007B9EBB | 30 3A 38 5E 40 31 36 5E  53 32 34 40 33 32 00 42  | 0:8^@16^S24@32.B
00000001007B9ECB | 34 38 40 30 3A 38 5E 40  31 36 5E 53 32 34 2A 33  | 48@0:8^@16^S24*3
00000001007B9EDB | 32 40 34 30 00 76 33 32  40 30 3A 38 5E 40 31 36  | 2@40.v32@0:8^@16
00000001007B9EEB | 5E 40 32 34 00 42 32 38  40 30 3A 38 53 31 36 5E  | ^@24.B28@0:8S16^
00000001007B9EFB | 40 32 30 00 42 33 36 40  30 3A 38 40 31 36 53 32  | @20.B36@0:8@16S2
00000001007B9F0B | 34 5E 40 32 38 00 42 33  32 40 30 3A 38 40 31 36  | 4^@28.B32@0:8@16
00000001007B9F1B | 5E 40 32 34 00 42 32 30  40 30 3A 38 69 31 36 00  | ^@24.B20@0:8i16.
00000001007B9F2B | 42 34 34 40 30 3A 38 40  31 36 53 32 34 64 32 38  | B44@0:8@16S24d28
00000001007B9F3B | 5E 40 33 36 00 42 35 32  40 30 3A 38 40 31 36 53  | ^@36.B52@0:8@16S
00000001007B9F4B | 32 34 40 32 38 64 33 36  5E 40 34 34 00 42 34 30  | 24@28d36^@44.B40
00000001007B9F5B | 40 30 3A 38 40 31 36 64  32 34 5E 40 33 32 00 42  | @0:8@16d24^@32.B
00000001007B9F6B | 34 38 40 30 3A 38 40 31  36 40 32 34 64 33 32 5E  | 48@0:8@16@24d32^
00000001007B9F7B | 40 34 30 00 76 33 36 40  30 3A 38 69 31 36 40 32  | @40.v36@0:8i16@2
00000001007B9F8B | 30 40 32 38 00 76 32 38  40 30 3A 38 69 31 36 40  | 0@28.v28@0:8i16@
00000001007B9F9B | 32 30 00 42 33 36 40 30  3A 38 69 31 36 40 32 30  | 20.B36@0:8i16@20
00000001007B9FAB | 5E 40 32 38 00 69 33 36  40 30 3A 38 69 31 36 40  | ^@28.i36@0:8i16@
00000001007B9FBB | 32 30 5E 40 32 38 00 76  33 32 40 30 3A 38 69 31  | 20^@28.v32@0:8i1
00000001007B9FCB | 36 40 32 30 69 32 38 00  53 31 36 40 30 3A 38 00  | 6@20i28.S16@0:8.
00000001007B9FDB | 53 32 30 40 30 3A 38 69  31 36 00 76 34 34 40 30  | S20@0:8i16.v44@0
00000001007B9FEB | 3A 38 5E 40 31 36 5E 40  32 34 40 33 32 53 34 30  | :8^@16^@24@32S40
00000001007B9FFB | 00 76 33 32 40 30 3A 38  64 31 36 71 32 34 00 76  | .v32@0:8d16q24.v
00000001007BA00B | 34 38 40 30 3A 38 64 31  36 40 32 34 51 33 32 71  | 48@0:8d16@24Q32q
00000001007BA01B | 34 30 00 76 35 36 40 30  3A 38 64 31 36 40 32 34  | 40.v56@0:8d16@24
00000001007BA02B | 51 33 32 51 34 30 71 34  38 00 76 34 30 40 30 3A  | Q32Q40q48.v40@0:
00000001007BA03B | 38 51 31 36 64 32 34 71  33 32 00 76 35 36 40 30  | 8Q16d24q32.v56@0
00000001007BA04B | 3A 38 51 31 36 64 32 34  40 33 32 51 34 30 71 34  | :8Q16d24@32Q40q4
00000001007BA05B | 38 00 76 34 30 40 30 3A  38 40 31 36 64 32 34 71  | 8.v40@0:8@16d24q
00000001007BA06B | 33 32 00 76 35 36 40 30  3A 38 40 31 36 64 32 34  | 32.v56@0:8@16d24
00000001007BA07B | 40 33 32 51 34 30 71 34  38 00 76 34 38 40 30 3A  | @32Q40q48.v48@0:
00000001007BA08B | 38 40 31 36 64 32 34 51  33 32 71 34 30 00 76 36  | 8@16d24Q32q40.v6
00000001007BA09B | 34 40 30 3A 38 40 31 36  64 32 34 40 33 32 51 34  | 4@0:8@16d24@32Q4
00000001007BA0AB | 30 51 34 38 71 35 36 00  66 34 30 40 30 3A 38 5E  | 0Q48q56.f40@0:8^
00000001007BA0BB | 71 31 36 5E 51 32 34 5E  51 33 32 00 69 33 32 40  | q16^Q24^Q32.i32@
00000001007BA0CB | 30 3A 38 5E 76 31 36 5E  51 32 34 00 69 33 32 40  | 0:8^v16^Q24.i32@
00000001007BA0DB | 30 3A 38 72 5E 76 31 36  5E 51 32 34 00 76 32 34  | 0:8r^v16^Q24.v24
00000001007BA0EB | 40 30 3A 38 42 31 36 69  32 30 00 5E 7B 5F 5F 43  | @0:8B16i20.^{__C
00000001007BA0FB | 46 52 65 61 64 53 74 72  65 61 6D 3D 7D 31 36 40  | FReadStream=}16@
00000001007BA10B | 30 3A 38 00 5E 7B 5F 5F  43 46 57 72 69 74 65 53  | 0:8.^{__CFWriteS
00000001007BA11B | 74 72 65 61 6D 3D 7D 31  36 40 30 3A 38 00 5E 7B  | tream=}16@0:8.^{
00000001007BA12B | 53 53 4C 43 6F 6E 74 65  78 74 3D 7D 31 36 40 30  | SSLContext=}16@0
00000001007BA13B | 3A 38 00 49 00 53 00 40  22 3C 79 30 6B 55 66 32  | :8.I.S.@"<y0kUf2
00000001007BA14B | 39 53 3E 22 00 40 22 4E  53 55 52 4C 22 00 40 22  | 9S>".@"NSURL".@"
00000001007BA15B | 4E 53 4F 62 6A 65 63 74  3C 4F 53 5F 64 69 73 70  | NSObject<OS_disp
00000001007BA16B | 61 74 63 68 5F 73 6F 75  72 63 65 3E 22 00 40 22  | atch_source>".@"
00000001007BA17B | 76 32 31 6D 57 75 6F 48  22 00 40 22 6E 36 4F 51  | v21mWuoH".@"n6OQ
00000001007BA18B | 50 52 66 6A 22 00 40 22  6E 38 67 73 31 5A 50 75  | PRfj".@"n8gs1ZPu
00000001007BA19B | 22 00 7B 3F 3D 22 76 65  72 73 69 6F 6E 22 71 22  | ".{?="version"q"
00000001007BA1AB | 69 6E 66 6F 22 5E 76 22  72 65 74 61 69 6E 22 5E  | info"^v"retain"^
00000001007BA1BB | 3F 22 72 65 6C 65 61 73  65 22 5E 3F 22 63 6F 70  | ?"release"^?"cop
00000001007BA1CB | 79 44 65 73 63 72 69 70  74 69 6F 6E 22 5E 3F 7D  | yDescription"^?}
00000001007BA1DB | 00 5E 7B 5F 5F 43 46 52  65 61 64 53 74 72 65 61  | .^{__CFReadStrea
00000001007BA1EB | 6D 3D 7D 00 5E 7B 5F 5F  43 46 57 72 69 74 65 53  | m=}.^{__CFWriteS
00000001007BA1FB | 74 72 65 61 6D 3D 7D 00  5E 7B 53 53 4C 43 6F 6E  | tream=}.^{SSLCon
00000001007BA20B | 74 65 78 74 3D 7D 00 5E  76 00 40 00 76 35 32 40  | text=}.^v.@.v52@
00000001007BA21B | 30 3A 38 69 31 36 40 32  30 40 32 38 40 33 36 40  | 0:8i16@20@28@36@
00000001007BA22B | 34 34 00 40 22 4E 53 4E  75 6D 62 65 72 22 00 40  | 44.@"NSNumber".@
00000001007BA23B | 22 41 70 70 6C 65 45 74  68 65 72 6E 65 74 53 65  | "AppleEthernetSe
00000001007BA24B | 74 74 69 6E 67 73 43 6F  6E 74 72 6F 6C 6C 65 72  | ttingsController
00000001007BA25B | 22 00 76 32 34 40 30 3A  38 40 22 4E 53 49 6E 64  | ".v24@0:8@"NSInd
00000001007BA26B | 65 78 50 61 74 68 22 31  36 00 40 22 54 68 6F 6E  | exPath"16.@"Thon
00000001007BA27B | 67 42 61 6F 54 61 62 6C  65 56 69 65 77 43 65 6C  | gBaoTableViewCel
00000001007BA28B | 6C 22 00 40 22 55 49 54  65 78 74 49 6E 70 75 74  | l".@"UITextInput
00000001007BA29B | 50 61 73 73 77 6F 72 64  52 75 6C 65 73 22 31 36  | PasswordRules"16
00000001007BA2AB | 40 30 3A 38 00 76 32 34  40 30 3A 38 40 22 55 49  | @0:8.v24@0:8@"UI
00000001007BA2BB | 54 65 78 74 49 6E 70 75  74 50 61 73 73 77 6F 72  | TextInputPasswor
00000001007BA2CB | 64 52 75 6C 65 73 22 31  36 00 76 34 30 40 30 3A  | dRules"16.v40@0:
00000001007BA2DB | 38 40 31 36 7B 5F 4E 53  52 61 6E 67 65 3D 51 51  | 8@16{_NSRange=QQ
00000001007BA2EB | 7D 32 34 00 40 33 32 40  30 3A 38 7B 43 47 50 6F  | }24.@32@0:8{CGPo
00000001007BA2FB | 69 6E 74 3D 64 64 7D 31  36 00 40 34 30 40 30 3A  | int=dd}16.@40@0:
00000001007BA30B | 38 7B 43 47 50 6F 69 6E  74 3D 64 64 7D 31 36 40  | 8{CGPoint=dd}16@
00000001007BA31B | 33 32 00 40 33 32 40 30  3A 38 7B 43 47 53 69 7A  | 32.@32@0:8{CGSiz
00000001007BA32B | 65 3D 64 64 7D 31 36 00  40 22 4E 53 53 74 72 69  | e=dd}16.@"NSStri
00000001007BA33B | 6E 67 22 32 34 40 30 3A  38 40 22 55 49 54 65 78  | ng"24@0:8@"UITex
00000001007BA34B | 74 52 61 6E 67 65 22 31  36 00 76 33 32 40 30 3A  | tRange"16.v32@0:
00000001007BA35B | 38 40 22 55 49 54 65 78  74 52 61 6E 67 65 22 31  | 8@"UITextRange"1
00000001007BA36B | 36 40 22 4E 53 53 74 72  69 6E 67 22 32 34 00 76  | 6@"NSString"24.v
00000001007BA37B | 34 30 40 30 3A 38 40 22  4E 53 53 74 72 69 6E 67  | 40@0:8@"NSString
00000001007BA38B | 22 31 36 7B 5F 4E 53 52  61 6E 67 65 3D 51 51 7D  | "16{_NSRange=QQ}
00000001007BA39B | 32 34 00 40 22 55 49 54  65 78 74 52 61 6E 67 65  | 24.@"UITextRange
00000001007BA3AB | 22 33 32 40 30 3A 38 40  22 55 49 54 65 78 74 50  | "32@0:8@"UITextP
00000001007BA3BB | 6F 73 69 74 69 6F 6E 22  31 36 40 22 55 49 54 65  | osition"16@"UITe
00000001007BA3CB | 78 74 50 6F 73 69 74 69  6F 6E 22 32 34 00 40 22  | xtPosition"24.@"
00000001007BA3DB | 55 49 54 65 78 74 50 6F  73 69 74 69 6F 6E 22 33  | UITextPosition"3
00000001007BA3EB | 32 40 30 3A 38 40 22 55  49 54 65 78 74 50 6F 73  | 2@0:8@"UITextPos
00000001007BA3FB | 69 74 69 6F 6E 22 31 36  71 32 34 00 40 22 55 49  | ition"16q24.@"UI
00000001007BA40B | 54 65 78 74 50 6F 73 69  74 69 6F 6E 22 34 30 40  | TextPosition"40@
00000001007BA41B | 30 3A 38 40 22 55 49 54  65 78 74 50 6F 73 69 74  | 0:8@"UITextPosit
00000001007BA42B | 69 6F 6E 22 31 36 71 32  34 71 33 32 00 71 33 32  | ion"16q24q32.q32
00000001007BA43B | 40 30 3A 38 40 22 55 49  54 65 78 74 50 6F 73 69  | @0:8@"UITextPosi
00000001007BA44B | 74 69 6F 6E 22 31 36 40  22 55 49 54 65 78 74 50  | tion"16@"UITextP
00000001007BA45B | 6F 73 69 74 69 6F 6E 22  32 34 00 40 22 55 49 54  | osition"24.@"UIT
00000001007BA46B | 65 78 74 50 6F 73 69 74  69 6F 6E 22 33 32 40 30  | extPosition"32@0
00000001007BA47B | 3A 38 40 22 55 49 54 65  78 74 52 61 6E 67 65 22  | :8@"UITextRange"
00000001007BA48B | 31 36 71 32 34 00 40 22  55 49 54 65 78 74 52 61  | 16q24.@"UITextRa
00000001007BA49B | 6E 67 65 22 33 32 40 30  3A 38 40 22 55 49 54 65  | nge"32@0:8@"UITe
00000001007BA4AB | 78 74 50 6F 73 69 74 69  6F 6E 22 31 36 71 32 34  | xtPosition"16q24
00000001007BA4BB | 00 71 33 32 40 30 3A 38  40 22 55 49 54 65 78 74  | .q32@0:8@"UIText
00000001007BA4CB | 50 6F 73 69 74 69 6F 6E  22 31 36 71 32 34 00 76  | Position"16q24.v
00000001007BA4DB | 33 32 40 30 3A 38 71 31  36 40 22 55 49 54 65 78  | 32@0:8q16@"UITex
00000001007BA4EB | 74 52 61 6E 67 65 22 32  34 00 7B 43 47 52 65 63  | tRange"24.{CGRec
00000001007BA4FB | 74 3D 7B 43 47 50 6F 69  6E 74 3D 64 64 7D 7B 43  | t={CGPoint=dd}{C
00000001007BA50B | 47 53 69 7A 65 3D 64 64  7D 7D 32 34 40 30 3A 38  | GSize=dd}}24@0:8
00000001007BA51B | 40 22 55 49 54 65 78 74  52 61 6E 67 65 22 31 36  | @"UITextRange"16
00000001007BA52B | 00 7B 43 47 52 65 63 74  3D 7B 43 47 50 6F 69 6E  | .{CGRect={CGPoin
00000001007BA53B | 74 3D 64 64 7D 7B 43 47  53 69 7A 65 3D 64 64 7D  | t=dd}{CGSize=dd}
00000001007BA54B | 7D 32 34 40 30 3A 38 40  22 55 49 54 65 78 74 50  | }24@0:8@"UITextP
00000001007BA55B | 6F 73 69 74 69 6F 6E 22  31 36 00 40 22 4E 53 41  | osition"16.@"NSA
00000001007BA56B | 72 72 61 79 22 32 34 40  30 3A 38 40 22 55 49 54  | rray"24@0:8@"UIT
00000001007BA57B | 65 78 74 52 61 6E 67 65  22 31 36 00 40 22 55 49  | extRange"16.@"UI
00000001007BA58B | 54 65 78 74 50 6F 73 69  74 69 6F 6E 22 33 32 40  | TextPosition"32@
00000001007BA59B | 30 3A 38 7B 43 47 50 6F  69 6E 74 3D 64 64 7D 31  | 0:8{CGPoint=dd}1
00000001007BA5AB | 36 00 40 22 55 49 54 65  78 74 50 6F 73 69 74 69  | 6.@"UITextPositi
00000001007BA5BB | 6F 6E 22 34 30 40 30 3A  38 7B 43 47 50 6F 69 6E  | on"40@0:8{CGPoin
00000001007BA5CB | 74 3D 64 64 7D 31 36 40  22 55 49 54 65 78 74 52  | t=dd}16@"UITextR
00000001007BA5DB | 61 6E 67 65 22 33 32 00  40 22 55 49 54 65 78 74  | ange"32.@"UIText
00000001007BA5EB | 52 61 6E 67 65 22 33 32  40 30 3A 38 7B 43 47 50  | Range"32@0:8{CGP
00000001007BA5FB | 6F 69 6E 74 3D 64 64 7D  31 36 00 40 22 55 49 54  | oint=dd}16.@"UIT
00000001007BA60B | 65 78 74 52 61 6E 67 65  22 31 36 40 30 3A 38 00  | extRange"16@0:8.
00000001007BA61B | 76 32 34 40 30 3A 38 40  22 55 49 54 65 78 74 52  | v24@0:8@"UITextR
00000001007BA62B | 61 6E 67 65 22 31 36 00  40 22 4E 53 44 69 63 74  | ange"16.@"NSDict
00000001007BA63B | 69 6F 6E 61 72 79 22 31  36 40 30 3A 38 00 76 32  | ionary"16@0:8.v2
00000001007BA64B | 34 40 30 3A 38 40 22 4E  53 44 69 63 74 69 6F 6E  | 4@0:8@"NSDiction
00000001007BA65B | 61 72 79 22 31 36 00 40  22 55 49 54 65 78 74 50  | ary"16.@"UITextP
00000001007BA66B | 6F 73 69 74 69 6F 6E 22  31 36 40 30 3A 38 00 40  | osition"16@0:8.@
00000001007BA67B | 22 3C 55 49 54 65 78 74  49 6E 70 75 74 44 65 6C  | "<UITextInputDel
00000001007BA68B | 65 67 61 74 65 3E 22 31  36 40 30 3A 38 00 76 32  | egate>"16@0:8.v2
00000001007BA69B | 34 40 30 3A 38 40 22 3C  55 49 54 65 78 74 49 6E  | 4@0:8@"<UITextIn
00000001007BA6AB | 70 75 74 44 65 6C 65 67  61 74 65 3E 22 31 36 00  | putDelegate>"16.
00000001007BA6BB | 40 22 3C 55 49 54 65 78  74 49 6E 70 75 74 54 6F  | @"<UITextInputTo
00000001007BA6CB | 6B 65 6E 69 7A 65 72 3E  22 31 36 40 30 3A 38 00  | kenizer>"16@0:8.
00000001007BA6DB | 42 33 32 40 30 3A 38 40  22 55 49 54 65 78 74 52  | B32@0:8@"UITextR
00000001007BA6EB | 61 6E 67 65 22 31 36 40  22 4E 53 53 74 72 69 6E  | ange"16@"NSStrin
00000001007BA6FB | 67 22 32 34 00 40 22 4E  53 44 69 63 74 69 6F 6E  | g"24.@"NSDiction
00000001007BA70B | 61 72 79 22 33 32 40 30  3A 38 40 22 55 49 54 65  | ary"32@0:8@"UITe
00000001007BA71B | 78 74 50 6F 73 69 74 69  6F 6E 22 31 36 71 32 34  | xtPosition"16q24
00000001007BA72B | 00 71 33 32 40 30 3A 38  40 22 55 49 54 65 78 74  | .q32@0:8@"UIText
00000001007BA73B | 50 6F 73 69 74 69 6F 6E  22 31 36 40 22 55 49 54  | Position"16@"UIT
00000001007BA74B | 65 78 74 52 61 6E 67 65  22 32 34 00 76 32 34 40  | extRange"24.v24@
00000001007BA75B | 30 3A 38 40 22 4E 53 41  72 72 61 79 22 31 36 00  | 0:8@"NSArray"16.
00000001007BA76B | 76 34 30 40 30 3A 38 40  22 4E 53 53 74 72 69 6E  | v40@0:8@"NSStrin
00000001007BA77B | 67 22 31 36 40 22 4E 53  41 72 72 61 79 22 32 34  | g"16@"NSArray"24
00000001007BA78B | 71 33 32 00 76 34 30 40  30 3A 38 40 22 4E 53 41  | q32.v40@0:8@"NSA
00000001007BA79B | 74 74 72 69 62 75 74 65  64 53 74 72 69 6E 67 22  | ttributedString"
00000001007BA7AB | 31 36 7B 5F 4E 53 52 61  6E 67 65 3D 51 51 7D 32  | 16{_NSRange=QQ}2
00000001007BA7BB | 34 00 40 22 55 49 54 65  78 74 50 6C 61 63 65 68  | 4.@"UITextPlaceh
00000001007BA7CB | 6F 6C 64 65 72 22 33 32  40 30 3A 38 7B 43 47 53  | older"32@0:8{CGS
00000001007BA7DB | 69 7A 65 3D 64 64 7D 31  36 00 76 32 34 40 30 3A  | ize=dd}16.v24@0:
00000001007BA7EB | 38 40 22 55 49 54 65 78  74 50 6C 61 63 65 68 6F  | 8@"UITextPlaceho
00000001007BA7FB | 6C 64 65 72 22 31 36 00  40 22 55 49 4D 65 6E 75  | lder"16.@"UIMenu
00000001007BA80B | 22 33 32 40 30 3A 38 40  22 55 49 54 65 78 74 52  | "32@0:8@"UITextR
00000001007BA81B | 61 6E 67 65 22 31 36 40  22 4E 53 41 72 72 61 79  | ange"16@"NSArray
00000001007BA82B | 22 32 34 00 76 32 34 40  30 3A 38 40 22 3C 55 49  | "24.v24@0:8@"<UI
00000001007BA83B | 45 64 69 74 4D 65 6E 75  49 6E 74 65 72 61 63 74  | EditMenuInteract
00000001007BA84B | 69 6F 6E 41 6E 69 6D 61  74 69 6E 67 3E 22 31 36  | ionAnimating>"16
00000001007BA85B | 00 40 22 55 49 56 69 65  77 22 31 36 40 30 3A 38  | .@"UIView"16@0:8
00000001007BA86B | 00 40 33 32 40 30 3A 38  23 31 36 40 32 34 00 7B  | .@32@0:8#16@24.{
00000001007BA87B | 43 47 41 66 66 69 6E 65  54 72 61 6E 73 66 6F 72  | CGAffineTransfor
00000001007BA88B | 6D 3D 64 64 64 64 64 64  7D 32 34 40 30 3A 38 40  | m=dddddd}24@0:8@
00000001007BA89B | 31 36 00 76 33 32 40 30  3A 38 40 22 4E 53 55 52  | 16.v32@0:8@"NSUR
00000001007BA8AB | 4C 53 65 73 73 69 6F 6E  22 31 36 40 22 4E 53 45  | LSession"16@"NSE
00000001007BA8BB | 72 72 6F 72 22 32 34 00  76 34 30 40 30 3A 38 40  | rror"24.v40@0:8@
00000001007BA8CB | 22 4E 53 55 52 4C 53 65  73 73 69 6F 6E 22 31 36  | "NSURLSession"16
00000001007BA8DB | 40 22 4E 53 55 52 4C 41  75 74 68 65 6E 74 69 63  | @"NSURLAuthentic
00000001007BA8EB | 61 74 69 6F 6E 43 68 61  6C 6C 65 6E 67 65 22 32  | ationChallenge"2
00000001007BA8FB | 34 40 3F 3C 76 40 3F 71  40 22 4E 53 55 52 4C 43  | 4@?<v@?q@"NSURLC
00000001007BA90B | 72 65 64 65 6E 74 69 61  6C 22 3E 33 32 00 76 32  | redential">32.v2
00000001007BA91B | 34 40 30 3A 38 40 22 4E  53 55 52 4C 53 65 73 73  | 4@0:8@"NSURLSess
00000001007BA92B | 69 6F 6E 22 31 36 00 76  34 38 40 30 3A 38 40 31  | ion"16.v48@0:8@1
00000001007BA93B | 36 40 32 34 40 33 32 40  3F 34 30 00 76 35 36 40  | 6@24@32@?40.v56@
00000001007BA94B | 30 3A 38 40 31 36 40 32  34 40 33 32 40 34 30 40  | 0:8@16@24@32@40@
00000001007BA95B | 3F 34 38 00 76 35 36 40  30 3A 38 40 31 36 40 32  | ?48.v56@0:8@16@2
00000001007BA96B | 34 71 33 32 71 34 30 71  34 38 00 76 33 32 40 30  | 4q32q40q48.v32@0
00000001007BA97B | 3A 38 40 22 4E 53 55 52  4C 53 65 73 73 69 6F 6E  | :8@"NSURLSession
00000001007BA98B | 22 31 36 40 22 4E 53 55  52 4C 53 65 73 73 69 6F  | "16@"NSURLSessio
00000001007BA99B | 6E 54 61 73 6B 22 32 34  00 76 34 38 40 30 3A 38  | nTask"24.v48@0:8
00000001007BA9AB | 40 22 4E 53 55 52 4C 53  65 73 73 69 6F 6E 22 31  | @"NSURLSession"1
00000001007BA9BB | 36 40 22 4E 53 55 52 4C  53 65 73 73 69 6F 6E 54  | 6@"NSURLSessionT
00000001007BA9CB | 61 73 6B 22 32 34 40 22  4E 53 55 52 4C 52 65 71  | ask"24@"NSURLReq
00000001007BA9DB | 75 65 73 74 22 33 32 40  3F 3C 76 40 3F 71 40 22  | uest"32@?<v@?q@"
00000001007BA9EB | 4E 53 55 52 4C 52 65 71  75 65 73 74 22 3E 34 30  | NSURLRequest">40
00000001007BA9FB | 00 76 35 36 40 30 3A 38  40 22 4E 53 55 52 4C 53  | .v56@0:8@"NSURLS
00000001007BAA0B | 65 73 73 69 6F 6E 22 31  36 40 22 4E 53 55 52 4C  | ession"16@"NSURL
00000001007BAA1B | 53 65 73 73 69 6F 6E 54  61 73 6B 22 32 34 40 22  | SessionTask"24@"
00000001007BAA2B | 4E 53 48 54 54 50 55 52  4C 52 65 73 70 6F 6E 73  | NSHTTPURLRespons
00000001007BAA3B | 65 22 33 32 40 22 4E 53  55 52 4C 52 65 71 75 65  | e"32@"NSURLReque
00000001007BAA4B | 73 74 22 34 30 40 3F 3C  76 40 3F 40 22 4E 53 55  | st"40@?<v@?@"NSU
00000001007BAA5B | 52 4C 52 65 71 75 65 73  74 22 3E 34 38 00 76 34  | RLRequest">48.v4
00000001007BAA6B | 38 40 30 3A 38 40 22 4E  53 55 52 4C 53 65 73 73  | 8@0:8@"NSURLSess
00000001007BAA7B | 69 6F 6E 22 31 36 40 22  4E 53 55 52 4C 53 65 73  | ion"16@"NSURLSes
00000001007BAA8B | 73 69 6F 6E 54 61 73 6B  22 32 34 40 22 4E 53 55  | sionTask"24@"NSU
00000001007BAA9B | 52 4C 41 75 74 68 65 6E  74 69 63 61 74 69 6F 6E  | RLAuthentication
00000001007BAAAB | 43 68 61 6C 6C 65 6E 67  65 22 33 32 40 3F 3C 76  | Challenge"32@?<v
00000001007BAABB | 40 3F 71 40 22 4E 53 55  52 4C 43 72 65 64 65 6E  | @?q@"NSURLCreden
00000001007BAACB | 74 69 61 6C 22 3E 34 30  00 76 34 30 40 30 3A 38  | tial">40.v40@0:8
00000001007BAADB | 40 22 4E 53 55 52 4C 53  65 73 73 69 6F 6E 22 31  | @"NSURLSession"1
00000001007BAAEB | 36 40 22 4E 53 55 52 4C  53 65 73 73 69 6F 6E 54  | 6@"NSURLSessionT
00000001007BAAFB | 61 73 6B 22 32 34 40 3F  3C 76 40 3F 40 22 4E 53  | ask"24@?<v@?@"NS
00000001007BAB0B | 49 6E 70 75 74 53 74 72  65 61 6D 22 3E 33 32 00  | InputStream">32.
00000001007BAB1B | 76 35 36 40 30 3A 38 40  22 4E 53 55 52 4C 53 65  | v56@0:8@"NSURLSe
00000001007BAB2B | 73 73 69 6F 6E 22 31 36  40 22 4E 53 55 52 4C 53  | ssion"16@"NSURLS
00000001007BAB3B | 65 73 73 69 6F 6E 54 61  73 6B 22 32 34 71 33 32  | essionTask"24q32
00000001007BAB4B | 71 34 30 71 34 38 00 76  34 30 40 30 3A 38 40 22  | q40q48.v40@0:8@"
00000001007BAB5B | 4E 53 55 52 4C 53 65 73  73 69 6F 6E 22 31 36 40  | NSURLSession"16@
00000001007BAB6B | 22 4E 53 55 52 4C 53 65  73 73 69 6F 6E 54 61 73  | "NSURLSessionTas
00000001007BAB7B | 6B 22 32 34 40 22 4E 53  55 52 4C 53 65 73 73 69  | k"24@"NSURLSessi
00000001007BAB8B | 6F 6E 54 61 73 6B 4D 65  74 72 69 63 73 22 33 32  | onTaskMetrics"32
00000001007BAB9B | 00 76 34 30 40 30 3A 38  40 22 4E 53 55 52 4C 53  | .v40@0:8@"NSURLS
00000001007BABAB | 65 73 73 69 6F 6E 22 31  36 40 22 4E 53 55 52 4C  | ession"16@"NSURL
00000001007BABBB | 53 65 73 73 69 6F 6E 54  61 73 6B 22 32 34 40 22  | SessionTask"24@"
00000001007BABCB | 4E 53 45 72 72 6F 72 22  33 32 00 76 34 38 40 30  | NSError"32.v48@0
00000001007BABDB | 3A 38 40 22 4E 53 55 52  4C 53 65 73 73 69 6F 6E  | :8@"NSURLSession
00000001007BABEB | 22 31 36 40 22 4E 53 55  52 4C 53 65 73 73 69 6F  | "16@"NSURLSessio
00000001007BABFB | 6E 44 61 74 61 54 61 73  6B 22 32 34 40 22 4E 53  | nDataTask"24@"NS
00000001007BAC0B | 55 52 4C 52 65 73 70 6F  6E 73 65 22 33 32 40 3F  | URLResponse"32@?
00000001007BAC1B | 3C 76 40 3F 71 3E 34 30  00 76 34 30 40 30 3A 38  | <v@?q>40.v40@0:8
00000001007BAC2B | 40 22 4E 53 55 52 4C 53  65 73 73 69 6F 6E 22 31  | @"NSURLSession"1
00000001007BAC3B | 36 40 22 4E 53 55 52 4C  53 65 73 73 69 6F 6E 44  | 6@"NSURLSessionD
00000001007BAC4B | 61 74 61 54 61 73 6B 22  32 34 40 22 4E 53 55 52  | ataTask"24@"NSUR
00000001007BAC5B | 4C 53 65 73 73 69 6F 6E  44 6F 77 6E 6C 6F 61 64  | LSessionDownload
00000001007BAC6B | 54 61 73 6B 22 33 32 00  76 34 30 40 30 3A 38 40  | Task"32.v40@0:8@
00000001007BAC7B | 22 4E 53 55 52 4C 53 65  73 73 69 6F 6E 22 31 36  | "NSURLSession"16
00000001007BAC8B | 40 22 4E 53 55 52 4C 53  65 73 73 69 6F 6E 44 61  | @"NSURLSessionDa
00000001007BAC9B | 74 61 54 61 73 6B 22 32  34 40 22 4E 53 55 52 4C  | taTask"24@"NSURL
00000001007BACAB | 53 65 73 73 69 6F 6E 53  74 72 65 61 6D 54 61 73  | SessionStreamTas
00000001007BACBB | 6B 22 33 32 00 76 34 30  40 30 3A 38 40 22 4E 53  | k"32.v40@0:8@"NS
00000001007BACCB | 55 52 4C 53 65 73 73 69  6F 6E 22 31 36 40 22 4E  | URLSession"16@"N
00000001007BACDB | 53 55 52 4C 53 65 73 73  69 6F 6E 44 61 74 61 54  | SURLSessionDataT
00000001007BACEB | 61 73 6B 22 32 34 40 22  4E 53 44 61 74 61 22 33  | ask"24@"NSData"3
00000001007BACFB | 32 00 76 34 38 40 30 3A  38 40 22 4E 53 55 52 4C  | 2.v48@0:8@"NSURL
00000001007BAD0B | 53 65 73 73 69 6F 6E 22  31 36 40 22 4E 53 55 52  | Session"16@"NSUR
00000001007BAD1B | 4C 53 65 73 73 69 6F 6E  44 61 74 61 54 61 73 6B  | LSessionDataTask
00000001007BAD2B | 22 32 34 40 22 4E 53 43  61 63 68 65 64 55 52 4C  | "24@"NSCachedURL
00000001007BAD3B | 52 65 73 70 6F 6E 73 65  22 33 32 40 3F 3C 76 40  | Response"32@?<v@
00000001007BAD4B | 3F 40 22 4E 53 43 61 63  68 65 64 55 52 4C 52 65  | ?@"NSCachedURLRe
00000001007BAD5B | 73 70 6F 6E 73 65 22 3E  34 30 00 71 32 34 40 30  | sponse">40.q24@0
00000001007BAD6B | 3A 38 40 22 3C 55 49 42  61 72 50 6F 73 69 74 69  | :8@"<UIBarPositi
00000001007BAD7B | 6F 6E 69 6E 67 3E 22 31  36 00 42 32 34 40 30 3A  | oning>"16.B24@0:
00000001007BAD8B | 38 40 22 55 49 53 65 61  72 63 68 42 61 72 22 31  | 8@"UISearchBar"1
00000001007BAD9B | 36 00 76 32 34 40 30 3A  38 40 22 55 49 53 65 61  | 6.v24@0:8@"UISea
00000001007BADAB | 72 63 68 42 61 72 22 31  36 00 76 33 32 40 30 3A  | rchBar"16.v32@0:
00000001007BADBB | 38 40 22 55 49 53 65 61  72 63 68 42 61 72 22 31  | 8@"UISearchBar"1
00000001007BADCB | 36 40 22 4E 53 53 74 72  69 6E 67 22 32 34 00 42  | 6@"NSString"24.B
00000001007BADDB | 34 38 40 30 3A 38 40 22  55 49 53 65 61 72 63 68  | 48@0:8@"UISearch
00000001007BADEB | 42 61 72 22 31 36 7B 5F  4E 53 52 61 6E 67 65 3D  | Bar"16{_NSRange=
00000001007BADFB | 51 51 7D 32 34 40 22 4E  53 53 74 72 69 6E 67 22  | QQ}24@"NSString"
00000001007BAE0B | 34 30 00 76 33 32 40 30  3A 38 40 22 55 49 53 65  | 40.v32@0:8@"UISe
00000001007BAE1B | 61 72 63 68 42 61 72 22  31 36 71 32 34 00 40 22  | archBar"16q24.@"
00000001007BAE2B | 55 49 53 65 61 72 63 68  42 61 72 22 00 76 33 36  | UISearchBar".v36
00000001007BAE3B | 40 30 3A 38 71 31 36 71  32 34 69 33 32 00 40 22  | @0:8q16q24i32.@"
00000001007BAE4B | 55 49 44 61 74 65 50 69  63 6B 65 72 22 00 7B 43  | UIDatePicker".{C
00000001007BAE5B | 47 53 69 7A 65 3D 64 64  7D 33 32 40 30 3A 38 7B  | GSize=dd}32@0:8{
00000001007BAE6B | 43 47 53 69 7A 65 3D 64  64 7D 31 36 00 40 22 49  | CGSize=dd}16.@"I
00000001007BAE7B | 51 42 61 72 42 75 74 74  6F 6E 49 74 65 6D 22 00  | QBarButtonItem".
00000001007BAE8B | 40 22 49 51 54 69 74 6C  65 42 61 72 42 75 74 74  | @"IQTitleBarButt
00000001007BAE9B | 6F 6E 49 74 65 6D 22 00  40 32 30 40 30 3A 38 49  | onItem".@20@0:8I
00000001007BAEAB | 31 36 00 76 32 34 40 30  3A 38 42 31 36 42 32 30  | 16.v24@0:8B16B20
00000001007BAEBB | 00 40 22 3C 77 30 68 45  33 79 32 50 3E 22 00 76  | .@"<w0hE3y2P>".v
00000001007BAECB | 33 32 40 30 3A 38 40 22  4E 53 53 74 72 65 61 6D  | 32@0:8@"NSStream
00000001007BAEDB | 22 31 36 51 32 34 00 71  33 32 40 30 3A 38 2A 31  | "16Q24.q32@0:8*1
00000001007BAEEB | 36 51 32 34 00 42 33 32  40 30 3A 38 5E 2A 31 36  | 6Q24.B32@0:8^*16
00000001007BAEFB | 5E 51 32 34 00 40 22 3C  4E 53 53 74 72 65 61 6D  | ^Q24.@"<NSStream
00000001007BAF0B | 44 65 6C 65 67 61 74 65  3E 22 00 40 22 4E 53 49  | Delegate>".@"NSI
00000001007BAF1B | 6E 64 65 78 50 61 74 68  22 00 40 22 3C 54 68 6F  | ndexPath".@"<Tho
00000001007BAF2B | 6E 67 42 61 6F 43 68 65  63 6B 54 61 62 6C 65 56  | ngBaoCheckTableV
00000001007BAF3B | 69 65 77 43 65 6C 6C 44  65 6C 65 67 61 74 65 3E  | iewCellDelegate>
00000001007BAF4B | 22 00 42 33 32 40 30 3A  38 40 31 36 5E 42 32 34  | ".B32@0:8@16^B24
00000001007BAF5B | 00 42 34 34 40 30 3A 38  40 31 36 42 32 34 40 32  | .B44@0:8@16B24@2
00000001007BAF6B | 38 5E 40 33 36 00 40 34  30 40 30 3A 38 40 31 36  | 8^@36.@40@0:8@16
00000001007BAF7B | 51 32 34 5E 40 33 32 00  42 34 34 40 30 3A 38 40  | Q24^@32.B44@0:8@
00000001007BAF8B | 31 36 42 32 34 51 32 38  5E 40 33 36 00 76 32 38  | 16B24Q28^@36.v28
00000001007BAF9B | 40 30 3A 38 69 31 36 64  32 30 00 40 34 30 40 30  | @0:8i16d20.@40@0
00000001007BAFAB | 3A 38 64 31 36 40 32 34  64 33 32 00 40 22 53 6C  | :8d16@24d32.@"Sl
00000001007BAFBB | 69 64 65 4E 61 76 69 67  61 74 69 6F 6E 43 6F 6E  | ideNavigationCon
00000001007BAFCB | 74 6F 72 6C 6C 65 72 41  6E 69 6D 61 74 6F 72 46  | torllerAnimatorF
00000001007BAFDB | 61 64 65 22 00 40 22 53  6C 69 64 65 4E 61 76 69  | ade".@"SlideNavi
00000001007BAFEB | 67 61 74 69 6F 6E 43 6F  6E 74 6F 72 6C 6C 65 72  | gationContorller
00000001007BAFFB | 41 6E 69 6D 61 74 6F 72  53 63 61 6C 65 22 00 40  | AnimatorScale".@
00000001007BB00B | 22 3C 6C 34 54 31 31 30  68 56 3E 22 00 40 33 32  | "<l4T110hV>".@32
00000001007BB01B | 40 30 3A 38 64 31 36 40  32 34 00 40 32 34 40 30  | @0:8d16@24.@24@0
00000001007BB02B | 3A 38 64 31 36 00 76 32  34 40 30 3A 38 5E 76 31  | :8d16.v24@0:8^v1
00000001007BB03B | 36 00 40 34 30 40 30 3A  38 2A 31 36 51 32 34 5E  | 6.@40@0:8*16Q24^
00000001007BB04B | 40 33 32 00 7B 7A 5F 73  74 72 65 61 6D 5F 73 3D  | @32.{z_stream_s=
00000001007BB05B | 22 6E 65 78 74 5F 69 6E  22 2A 22 61 76 61 69 6C  | "next_in"*"avail
00000001007BB06B | 5F 69 6E 22 49 22 74 6F  74 61 6C 5F 69 6E 22 51  | _in"I"total_in"Q
00000001007BB07B | 22 6E 65 78 74 5F 6F 75  74 22 2A 22 61 76 61 69  | "next_out"*"avai
00000001007BB08B | 6C 5F 6F 75 74 22 49 22  74 6F 74 61 6C 5F 6F 75  | l_out"I"total_ou
00000001007BB09B | 74 22 51 22 6D 73 67 22  2A 22 73 74 61 74 65 22  | t"Q"msg"*"state"
00000001007BB0AB | 5E 7B 69 6E 74 65 72 6E  61 6C 5F 73 74 61 74 65  | ^{internal_state
00000001007BB0BB | 7D 22 7A 61 6C 6C 6F 63  22 5E 3F 22 7A 66 72 65  | }"zalloc"^?"zfre
00000001007BB0CB | 65 22 5E 3F 22 6F 70 61  71 75 65 22 5E 76 22 64  | e"^?"opaque"^v"d
00000001007BB0DB | 61 74 61 5F 74 79 70 65  22 69 22 61 64 6C 65 72  | ata_type"i"adler
00000001007BB0EB | 22 51 22 72 65 73 65 72  76 65 64 22 51 7D 00 42  | "Q"reserved"Q}.B
00000001007BB0FB | 34 38 40 30 3A 38 40 31  36 40 32 34 40 33 32 40  | 48@0:8@16@24@32@
00000001007BB10B | 34 30 00 76 34 30 40 30  3A 38 40 31 36 71 32 34  | 40.v40@0:8@16q24
00000001007BB11B | 64 33 32 00 76 35 36 40  30 3A 38 40 31 36 7B 43  | d32.v56@0:8@16{C
00000001007BB12B | 47 52 65 63 74 3D 7B 43  47 50 6F 69 6E 74 3D 64  | GRect={CGPoint=d
00000001007BB13B | 64 7D 7B 43 47 53 69 7A  65 3D 64 64 7D 7D 32 34  | d}{CGSize=dd}}24
00000001007BB14B | 00 42 34 30 40 30 3A 38  40 31 36 40 32 34 40 3F  | .B40@0:8@16@24@?
00000001007BB15B | 33 32 00 76 32 34 40 30  3A 38 40 22 55 49 41 70  | 32.v24@0:8@"UIAp
00000001007BB16B | 70 6C 69 63 61 74 69 6F  6E 22 31 36 00 42 33 32  | plication"16.B32
00000001007BB17B | 40 30 3A 38 40 22 55 49  41 70 70 6C 69 63 61 74  | @0:8@"UIApplicat
00000001007BB18B | 69 6F 6E 22 31 36 40 22  4E 53 44 69 63 74 69 6F  | ion"16@"NSDictio
00000001007BB19B | 6E 61 72 79 22 32 34 00  42 33 32 40 30 3A 38 40  | nary"24.B32@0:8@
00000001007BB1AB | 22 55 49 41 70 70 6C 69  63 61 74 69 6F 6E 22 31  | "UIApplication"1
00000001007BB1BB | 36 40 22 4E 53 55 52 4C  22 32 34 00 42 34 38 40  | 6@"NSURL"24.B48@
00000001007BB1CB | 30 3A 38 40 22 55 49 41  70 70 6C 69 63 61 74 69  | 0:8@"UIApplicati
00000001007BB1DB | 6F 6E 22 31 36 40 22 4E  53 55 52 4C 22 32 34 40  | on"16@"NSURL"24@
00000001007BB1EB | 22 4E 53 53 74 72 69 6E  67 22 33 32 40 34 30 00  | "NSString"32@40.
00000001007BB1FB | 42 34 30 40 30 3A 38 40  22 55 49 41 70 70 6C 69  | B40@0:8@"UIAppli
00000001007BB20B | 63 61 74 69 6F 6E 22 31  36 40 22 4E 53 55 52 4C  | cation"16@"NSURL
00000001007BB21B | 22 32 34 40 22 4E 53 44  69 63 74 69 6F 6E 61 72  | "24@"NSDictionar
00000001007BB22B | 79 22 33 32 00 76 34 30  40 30 3A 38 40 22 55 49  | y"32.v40@0:8@"UI
00000001007BB23B | 41 70 70 6C 69 63 61 74  69 6F 6E 22 31 36 71 32  | Application"16q2
00000001007BB24B | 34 64 33 32 00 76 33 32  40 30 3A 38 40 22 55 49  | 4d32.v32@0:8@"UI
00000001007BB25B | 41 70 70 6C 69 63 61 74  69 6F 6E 22 31 36 71 32  | Application"16q2
00000001007BB26B | 34 00 76 35 36 40 30 3A  38 40 22 55 49 41 70 70  | 4.v56@0:8@"UIApp
00000001007BB27B | 6C 69 63 61 74 69 6F 6E  22 31 36 7B 43 47 52 65  | lication"16{CGRe
00000001007BB28B | 63 74 3D 7B 43 47 50 6F  69 6E 74 3D 64 64 7D 7B  | ct={CGPoint=dd}{
00000001007BB29B | 43 47 53 69 7A 65 3D 64  64 7D 7D 32 34 00 76 33  | CGSize=dd}}24.v3
00000001007BB2AB | 32 40 30 3A 38 40 22 55  49 41 70 70 6C 69 63 61  | 2@0:8@"UIApplica
00000001007BB2BB | 74 69 6F 6E 22 31 36 40  22 55 49 55 73 65 72 4E  | tion"16@"UIUserN
00000001007BB2CB | 6F 74 69 66 69 63 61 74  69 6F 6E 53 65 74 74 69  | otificationSetti
00000001007BB2DB | 6E 67 73 22 32 34 00 76  33 32 40 30 3A 38 40 22  | ngs"24.v32@0:8@"
00000001007BB2EB | 55 49 41 70 70 6C 69 63  61 74 69 6F 6E 22 31 36  | UIApplication"16
00000001007BB2FB | 40 22 4E 53 44 61 74 61  22 32 34 00 76 33 32 40  | @"NSData"24.v32@
00000001007BB30B | 30 3A 38 40 22 55 49 41  70 70 6C 69 63 61 74 69  | 0:8@"UIApplicati
00000001007BB31B | 6F 6E 22 31 36 40 22 4E  53 45 72 72 6F 72 22 32  | on"16@"NSError"2
00000001007BB32B | 34 00 76 33 32 40 30 3A  38 40 22 55 49 41 70 70  | 4.v32@0:8@"UIApp
00000001007BB33B | 6C 69 63 61 74 69 6F 6E  22 31 36 40 22 4E 53 44  | lication"16@"NSD
00000001007BB34B | 69 63 74 69 6F 6E 61 72  79 22 32 34 00 76 33 32  | ictionary"24.v32
00000001007BB35B | 40 30 3A 38 40 22 55 49  41 70 70 6C 69 63 61 74  | @0:8@"UIApplicat
00000001007BB36B | 69 6F 6E 22 31 36 40 22  55 49 4C 6F 63 61 6C 4E  | ion"16@"UILocalN
00000001007BB37B | 6F 74 69 66 69 63 61 74  69 6F 6E 22 32 34 00 76  | otification"24.v
00000001007BB38B | 34 38 40 30 3A 38 40 22  55 49 41 70 70 6C 69 63  | 48@0:8@"UIApplic
00000001007BB39B | 61 74 69 6F 6E 22 31 36  40 22 4E 53 53 74 72 69  | ation"16@"NSStri
00000001007BB3AB | 6E 67 22 32 34 40 22 55  49 4C 6F 63 61 6C 4E 6F  | ng"24@"UILocalNo
00000001007BB3BB | 74 69 66 69 63 61 74 69  6F 6E 22 33 32 40 3F 3C  | tification"32@?<
00000001007BB3CB | 76 40 3F 3E 34 30 00 76  35 36 40 30 3A 38 40 22  | v@?>40.v56@0:8@"
00000001007BB3DB | 55 49 41 70 70 6C 69 63  61 74 69 6F 6E 22 31 36  | UIApplication"16
00000001007BB3EB | 40 22 4E 53 53 74 72 69  6E 67 22 32 34 40 22 4E  | @"NSString"24@"N
00000001007BB3FB | 53 44 69 63 74 69 6F 6E  61 72 79 22 33 32 40 22  | SDictionary"32@"
00000001007BB40B | 4E 53 44 69 63 74 69 6F  6E 61 72 79 22 34 30 40  | NSDictionary"40@
00000001007BB41B | 3F 3C 76 40 3F 3E 34 38  00 76 34 38 40 30 3A 38  | ?<v@?>48.v48@0:8
00000001007BB42B | 40 22 55 49 41 70 70 6C  69 63 61 74 69 6F 6E 22  | @"UIApplication"
00000001007BB43B | 31 36 40 22 4E 53 53 74  72 69 6E 67 22 32 34 40  | 16@"NSString"24@
00000001007BB44B | 22 4E 53 44 69 63 74 69  6F 6E 61 72 79 22 33 32  | "NSDictionary"32
00000001007BB45B | 40 3F 3C 76 40 3F 3E 34  30 00 76 35 36 40 30 3A  | @?<v@?>40.v56@0:
00000001007BB46B | 38 40 22 55 49 41 70 70  6C 69 63 61 74 69 6F 6E  | 8@"UIApplication
00000001007BB47B | 22 31 36 40 22 4E 53 53  74 72 69 6E 67 22 32 34  | "16@"NSString"24
00000001007BB48B | 40 22 55 49 4C 6F 63 61  6C 4E 6F 74 69 66 69 63  | @"UILocalNotific
00000001007BB49B | 61 74 69 6F 6E 22 33 32  40 22 4E 53 44 69 63 74  | ation"32@"NSDict
00000001007BB4AB | 69 6F 6E 61 72 79 22 34  30 40 3F 3C 76 40 3F 3E  | ionary"40@?<v@?>
00000001007BB4BB | 34 38 00 76 34 30 40 30  3A 38 40 22 55 49 41 70  | 48.v40@0:8@"UIAp
00000001007BB4CB | 70 6C 69 63 61 74 69 6F  6E 22 31 36 40 22 4E 53  | plication"16@"NS
00000001007BB4DB | 44 69 63 74 69 6F 6E 61  72 79 22 32 34 40 3F 3C  | Dictionary"24@?<
00000001007BB4EB | 76 40 3F 51 3E 33 32 00  76 33 32 40 30 3A 38 40  | v@?Q>32.v32@0:8@
00000001007BB4FB | 22 55 49 41 70 70 6C 69  63 61 74 69 6F 6E 22 31  | "UIApplication"1
00000001007BB50B | 36 40 3F 3C 76 40 3F 51  3E 32 34 00 76 34 30 40  | 6@?<v@?Q>24.v40@
00000001007BB51B | 30 3A 38 40 22 55 49 41  70 70 6C 69 63 61 74 69  | 0:8@"UIApplicati
00000001007BB52B | 6F 6E 22 31 36 40 22 55  49 41 70 70 6C 69 63 61  | on"16@"UIApplica
00000001007BB53B | 74 69 6F 6E 53 68 6F 72  74 63 75 74 49 74 65 6D  | tionShortcutItem
00000001007BB54B | 22 32 34 40 3F 3C 76 40  3F 42 3E 33 32 00 76 34  | "24@?<v@?B>32.v4
00000001007BB55B | 30 40 30 3A 38 40 22 55  49 41 70 70 6C 69 63 61  | 0@0:8@"UIApplica
00000001007BB56B | 74 69 6F 6E 22 31 36 40  22 4E 53 53 74 72 69 6E  | tion"16@"NSStrin
00000001007BB57B | 67 22 32 34 40 3F 3C 76  40 3F 3E 33 32 00 76 34  | g"24@?<v@?>32.v4
00000001007BB58B | 30 40 30 3A 38 40 22 55  49 41 70 70 6C 69 63 61  | 0@0:8@"UIApplica
00000001007BB59B | 74 69 6F 6E 22 31 36 40  22 4E 53 44 69 63 74 69  | tion"16@"NSDicti
00000001007BB5AB | 6F 6E 61 72 79 22 32 34  40 3F 3C 76 40 3F 40 22  | onary"24@?<v@?@"
00000001007BB5BB | 4E 53 44 69 63 74 69 6F  6E 61 72 79 22 3E 33 32  | NSDictionary">32
00000001007BB5CB | 00 40 33 32 40 30 3A 38  40 22 55 49 41 70 70 6C  | .@32@0:8@"UIAppl
00000001007BB5DB | 69 63 61 74 69 6F 6E 22  31 36 40 22 49 4E 49 6E  | ication"16@"INIn
00000001007BB5EB | 74 65 6E 74 22 32 34 00  76 34 30 40 30 3A 38 40  | tent"24.v40@0:8@
00000001007BB5FB | 22 55 49 41 70 70 6C 69  63 61 74 69 6F 6E 22 31  | "UIApplication"1
00000001007BB60B | 36 40 22 49 4E 49 6E 74  65 6E 74 22 32 34 40 3F  | 6@"INIntent"24@?
00000001007BB61B | 3C 76 40 3F 40 22 49 4E  49 6E 74 65 6E 74 52 65  | <v@?@"INIntentRe
00000001007BB62B | 73 70 6F 6E 73 65 22 3E  33 32 00 51 33 32 40 30  | sponse">32.Q32@0
00000001007BB63B | 3A 38 40 22 55 49 41 70  70 6C 69 63 61 74 69 6F  | :8@"UIApplicatio
00000001007BB64B | 6E 22 31 36 40 22 55 49  57 69 6E 64 6F 77 22 32  | n"16@"UIWindow"2
00000001007BB65B | 34 00 42 33 32 40 30 3A  38 40 22 55 49 41 70 70  | 4.B32@0:8@"UIApp
00000001007BB66B | 6C 69 63 61 74 69 6F 6E  22 31 36 40 22 4E 53 53  | lication"16@"NSS
00000001007BB67B | 74 72 69 6E 67 22 32 34  00 40 22 55 49 56 69 65  | tring"24.@"UIVie
00000001007BB68B | 77 43 6F 6E 74 72 6F 6C  6C 65 72 22 34 30 40 30  | wController"40@0
00000001007BB69B | 3A 38 40 22 55 49 41 70  70 6C 69 63 61 74 69 6F  | :8@"UIApplicatio
00000001007BB6AB | 6E 22 31 36 40 22 4E 53  41 72 72 61 79 22 32 34  | n"16@"NSArray"24
00000001007BB6BB | 40 22 4E 53 43 6F 64 65  72 22 33 32 00 42 33 32  | @"NSCoder"32.B32
00000001007BB6CB | 40 30 3A 38 40 22 55 49  41 70 70 6C 69 63 61 74  | @0:8@"UIApplicat
00000001007BB6DB | 69 6F 6E 22 31 36 40 22  4E 53 43 6F 64 65 72 22  | ion"16@"NSCoder"
00000001007BB6EB | 32 34 00 76 33 32 40 30  3A 38 40 22 55 49 41 70  | 24.v32@0:8@"UIAp
00000001007BB6FB | 70 6C 69 63 61 74 69 6F  6E 22 31 36 40 22 4E 53  | plication"16@"NS
00000001007BB70B | 43 6F 64 65 72 22 32 34  00 42 34 30 40 30 3A 38  | Coder"24.B40@0:8
00000001007BB71B | 40 22 55 49 41 70 70 6C  69 63 61 74 69 6F 6E 22  | @"UIApplication"
00000001007BB72B | 31 36 40 22 4E 53 55 73  65 72 41 63 74 69 76 69  | 16@"NSUserActivi
00000001007BB73B | 74 79 22 32 34 40 3F 3C  76 40 3F 40 22 4E 53 41  | ty"24@?<v@?@"NSA
00000001007BB74B | 72 72 61 79 22 3E 33 32  00 76 34 30 40 30 3A 38  | rray">32.v40@0:8
00000001007BB75B | 40 22 55 49 41 70 70 6C  69 63 61 74 69 6F 6E 22  | @"UIApplication"
00000001007BB76B | 31 36 40 22 4E 53 53 74  72 69 6E 67 22 32 34 40  | 16@"NSString"24@
00000001007BB77B | 22 4E 53 45 72 72 6F 72  22 33 32 00 76 33 32 40  | "NSError"32.v32@
00000001007BB78B | 30 3A 38 40 22 55 49 41  70 70 6C 69 63 61 74 69  | 0:8@"UIApplicati
00000001007BB79B | 6F 6E 22 31 36 40 22 4E  53 55 73 65 72 41 63 74  | on"16@"NSUserAct
00000001007BB7AB | 69 76 69 74 79 22 32 34  00 76 33 32 40 30 3A 38  | ivity"24.v32@0:8
00000001007BB7BB | 40 22 55 49 41 70 70 6C  69 63 61 74 69 6F 6E 22  | @"UIApplication"
00000001007BB7CB | 31 36 40 22 43 4B 53 68  61 72 65 4D 65 74 61 64  | 16@"CKShareMetad
00000001007BB7DB | 61 74 61 22 32 34 00 40  22 55 49 53 63 65 6E 65  | ata"24.@"UIScene
00000001007BB7EB | 43 6F 6E 66 69 67 75 72  61 74 69 6F 6E 22 34 30  | Configuration"40
00000001007BB7FB | 40 30 3A 38 40 22 55 49  41 70 70 6C 69 63 61 74  | @0:8@"UIApplicat
00000001007BB80B | 69 6F 6E 22 31 36 40 22  55 49 53 63 65 6E 65 53  | ion"16@"UISceneS
00000001007BB81B | 65 73 73 69 6F 6E 22 32  34 40 22 55 49 53 63 65  | ession"24@"UISce
00000001007BB82B | 6E 65 43 6F 6E 6E 65 63  74 69 6F 6E 4F 70 74 69  | neConnectionOpti
00000001007BB83B | 6F 6E 73 22 33 32 00 76  33 32 40 30 3A 38 40 22  | ons"32.v32@0:8@"
00000001007BB84B | 55 49 41 70 70 6C 69 63  61 74 69 6F 6E 22 31 36  | UIApplication"16
00000001007BB85B | 40 22 4E 53 53 65 74 22  32 34 00 42 32 34 40 30  | @"NSSet"24.B24@0
00000001007BB86B | 3A 38 40 22 55 49 41 70  70 6C 69 63 61 74 69 6F  | :8@"UIApplicatio
00000001007BB87B | 6E 22 31 36 00 40 22 55  49 57 69 6E 64 6F 77 22  | n"16.@"UIWindow"
00000001007BB88B | 31 36 40 30 3A 38 00 76  32 34 40 30 3A 38 40 22  | 16@0:8.v24@0:8@"
00000001007BB89B | 55 49 57 69 6E 64 6F 77  22 31 36 00 40 22 55 49  | UIWindow"16.@"UI
00000001007BB8AB | 57 69 6E 64 6F 77 22 00  40 22 70 35 42 4A 71 71  | Window".@"p5BJqq
00000001007BB8BB | 65 4A 22 00 40 22 53 6C  69 64 65 4E 61 76 69 67  | eJ".@"SlideNavig
00000001007BB8CB | 61 74 69 6F 6E 43 6F 6E  74 72 6F 6C 6C 65 72 22  | ationController"
00000001007BB8DB | 00 40 34 38 40 30 3A 38  40 31 36 71 32 34 40 33  | .@48@0:8@16q24@3
00000001007BB8EB | 32 40 34 30 00 76 33 36  40 30 3A 38 40 22 55 49  | 2@40.v36@0:8@"UI
00000001007BB8FB | 4E 61 76 69 67 61 74 69  6F 6E 43 6F 6E 74 72 6F  | NavigationContro
00000001007BB90B | 6C 6C 65 72 22 31 36 40  22 55 49 56 69 65 77 43  | ller"16@"UIViewC
00000001007BB91B | 6F 6E 74 72 6F 6C 6C 65  72 22 32 34 42 33 32 00  | ontroller"24B32.
00000001007BB92B | 51 32 34 40 30 3A 38 40  22 55 49 4E 61 76 69 67  | Q24@0:8@"UINavig
00000001007BB93B | 61 74 69 6F 6E 43 6F 6E  74 72 6F 6C 6C 65 72 22  | ationController"
00000001007BB94B | 31 36 00 71 32 34 40 30  3A 38 40 22 55 49 4E 61  | 16.q24@0:8@"UINa
00000001007BB95B | 76 69 67 61 74 69 6F 6E  43 6F 6E 74 72 6F 6C 6C  | vigationControll
00000001007BB96B | 65 72 22 31 36 00 40 22  3C 55 49 56 69 65 77 43  | er"16.@"<UIViewC
00000001007BB97B | 6F 6E 74 72 6F 6C 6C 65  72 49 6E 74 65 72 61 63  | ontrollerInterac
00000001007BB98B | 74 69 76 65 54 72 61 6E  73 69 74 69 6F 6E 69 6E  | tiveTransitionin
00000001007BB99B | 67 3E 22 33 32 40 30 3A  38 40 22 55 49 4E 61 76  | g>"32@0:8@"UINav
00000001007BB9AB | 69 67 61 74 69 6F 6E 43  6F 6E 74 72 6F 6C 6C 65  | igationControlle
00000001007BB9BB | 72 22 31 36 40 22 3C 55  49 56 69 65 77 43 6F 6E  | r"16@"<UIViewCon
00000001007BB9CB | 74 72 6F 6C 6C 65 72 41  6E 69 6D 61 74 65 64 54  | trollerAnimatedT
00000001007BB9DB | 72 61 6E 73 69 74 69 6F  6E 69 6E 67 3E 22 32 34  | ransitioning>"24
00000001007BB9EB | 00 40 22 3C 55 49 56 69  65 77 43 6F 6E 74 72 6F  | .@"<UIViewContro
00000001007BB9FB | 6C 6C 65 72 41 6E 69 6D  61 74 65 64 54 72 61 6E  | llerAnimatedTran
00000001007BBA0B | 73 69 74 69 6F 6E 69 6E  67 3E 22 34 38 40 30 3A  | sitioning>"48@0:
00000001007BBA1B | 38 40 22 55 49 4E 61 76  69 67 61 74 69 6F 6E 43  | 8@"UINavigationC
00000001007BBA2B | 6F 6E 74 72 6F 6C 6C 65  72 22 31 36 71 32 34 40  | ontroller"16q24@
00000001007BBA3B | 22 55 49 56 69 65 77 43  6F 6E 74 72 6F 6C 6C 65  | "UIViewControlle
00000001007BBA4B | 72 22 33 32 40 22 55 49  56 69 65 77 43 6F 6E 74  | r"32@"UIViewCont
00000001007BBA5B | 72 6F 6C 6C 65 72 22 34  30 00 40 33 32 40 30 3A  | roller"40.@32@0:
00000001007BBA6B | 38 23 31 36 23 32 34 00  76 34 30 40 30 3A 38 7B  | 8#16#24.v40@0:8{
00000001007BBA7B | 43 47 53 69 7A 65 3D 64  64 7D 31 36 40 33 32 00  | CGSize=dd}16@32.
00000001007BBA8B | 76 33 32 40 30 3A 38 71  31 36 64 32 34 00 76 32  | v32@0:8q16d24.v2
00000001007BBA9B | 38 40 30 3A 38 69 31 36  40 3F 32 30 00 76 34 30  | 8@0:8i16@?20.v40
00000001007BBAAB | 40 30 3A 38 40 31 36 42  32 34 69 32 38 40 3F 33  | @0:8@16B24i28@?3
00000001007BBABB | 32 00 76 33 36 40 30 3A  38 40 31 36 42 32 34 40  | 2.v36@0:8@16B24@
00000001007BBACB | 3F 32 38 00 40 32 30 40  30 3A 38 42 31 36 00 42  | ?28.@20@0:8B16.B
00000001007BBADB | 32 38 40 30 3A 38 69 31  36 40 32 30 00 76 33 32  | 28@0:8i16@20.v32
00000001007BBAEB | 40 30 3A 38 69 31 36 66  32 30 40 3F 32 34 00 76  | @0:8i16f20@?24.v
00000001007BBAFB | 32 38 40 30 3A 38 66 31  36 40 3F 32 30 00 40 22  | 28@0:8f16@?20.@"
00000001007BBB0B | 55 49 42 61 72 42 75 74  74 6F 6E 49 74 65 6D 22  | UIBarButtonItem"
00000001007BBB1B | 00 40 22 3C 53 6C 69 64  65 4E 61 76 69 67 61 74  | .@"<SlideNavigat
00000001007BBB2B | 69 6F 6E 43 6F 6E 74 6F  72 6C 6C 65 72 41 6E 69  | ionContorllerAni
00000001007BBB3B | 6D 61 74 6F 72 3E 22 00  40 22 55 49 50 61 6E 47  | mator>".@"UIPanG
00000001007BBB4B | 65 73 74 75 72 65 52 65  63 6F 67 6E 69 7A 65 72  | estureRecognizer
00000001007BBB5B | 22 00 40 22 3C 54 68 6F  6E 67 42 61 6F 54 61 62  | ".@"<ThongBaoTab
00000001007BBB6B | 6C 65 56 69 65 77 43 65  6C 6C 44 65 6C 65 67 61  | leViewCellDelega
00000001007BBB7B | 74 65 3E 22 00 42 33 36  40 30 3A 38 40 31 36 40  | te>".B36@0:8@16@
00000001007BBB8B | 32 34 42 33 32 00 40 22  4E 53 46 69 6C 65 4D 61  | 24B32.@"NSFileMa
00000001007BBB9B | 6E 61 67 65 72 22 00 40  33 36 40 30 3A 38 40 31  | nager".@36@0:8@1
00000001007BBBAB | 36 42 32 34 5E 40 32 38  00 40 32 34 40 30 3A 38  | 6B24^@28.@24@0:8
00000001007BBBBB | 72 5E 7B 73 6F 63 6B 61  64 64 72 3D 43 43 5B 31  | r^{sockaddr=CC[1
00000001007BBBCB | 34 63 5D 7D 31 36 00 71  32 30 40 30 3A 38 49 31  | 4c]}16.q20@0:8I1
00000001007BBBDB | 36 00 5E 7B 5F 5F 53 43  4E 65 74 77 6F 72 6B 52  | 6.^{__SCNetworkR
00000001007BBBEB | 65 61 63 68 61 62 69 6C  69 74 79 3D 7D 00 42 34  | eachability=}.B4
00000001007BBBFB | 38 40 30 3A 38 5E 64 31  36 5E 64 32 34 5E 64 33  | 8@0:8^d16^d24^d3
00000001007BBC0B | 32 5E 64 34 30 00 40 32  30 40 30 3A 38 66 31 36  | 2^d40.@20@0:8f16
00000001007BBC1B | 00 7B 43 47 53 69 7A 65  3D 64 64 7D 32 34 40 30  | .{CGSize=dd}24@0
00000001007BBC2B | 3A 38 40 31 36 00 40 32  38 40 30 3A 38 40 31 36  | :8@16.@28@0:8@16
00000001007BBC3B | 66 32 34 00 40 34 34 40  30 3A 38 40 31 36 7B 43  | f24.@44@0:8@16{C
00000001007BBC4B | 47 53 69 7A 65 3D 64 64  7D 32 34 66 34 30 00 40  | GSize=dd}24f40.@
00000001007BBC5B | 22 3C 6C 31 4D 44 78 45  30 68 3E 22 00 76 33 32  | "<l1MDxE0h>".v32
00000001007BBC6B | 40 30 3A 38 40 31 36 5E  7B 43 47 43 6F 6E 74 65  | @0:8@16^{CGConte
00000001007BBC7B | 78 74 3D 7D 32 34 00 7B  43 47 52 65 63 74 3D 7B  | xt=}24.{CGRect={
00000001007BBC8B | 43 47 50 6F 69 6E 74 3D  64 64 7D 7B 43 47 53 69  | CGPoint=dd}{CGSi
00000001007BBC9B | 7A 65 3D 64 64 7D 7D 35  36 40 30 3A 38 7B 43 47  | ze=dd}}56@0:8{CG
00000001007BBCAB | 52 65 63 74 3D 7B 43 47  50 6F 69 6E 74 3D 64 64  | Rect={CGPoint=dd
00000001007BBCBB | 7D 7B 43 47 53 69 7A 65  3D 64 64 7D 7D 31 36 51  | }{CGSize=dd}}16Q
00000001007BBCCB | 34 38 00 42 33 32 40 30  3A 38 7B 43 47 50 6F 69  | 48.B32@0:8{CGPoi
00000001007BBCDB | 6E 74 3D 64 64 7D 31 36  00 40 22 64 33 51 49 76  | nt=dd}16.@"d3QIv
00000001007BBCEB | 77 71 43 22 00 40 22 3C  78 36 47 39 72 50 44 6A  | wqC".@"<x6G9rPDj
00000001007BBCFB | 3E 22 00 76 32 34 40 30  3A 38 40 22 6C 35 35 73  | >".v24@0:8@"l55s
00000001007BBD0B | 63 4F 69 52 22 31 36 00  76 32 34 40 30 3A 38 40  | cOiR"16.v24@0:8@
00000001007BBD1B | 22 57 59 50 6F 70 6F 76  65 72 42 61 63 6B 67 72  | "WYPopoverBackgr
00000001007BBD2B | 6F 75 6E 64 56 69 65 77  22 31 36 00 76 36 38 40  | oundView"16.v68@
00000001007BBD3B | 30 3A 38 7B 43 47 52 65  63 74 3D 7B 43 47 50 6F  | 0:8{CGRect={CGPo
00000001007BBD4B | 69 6E 74 3D 64 64 7D 7B  43 47 53 69 7A 65 3D 64  | int=dd}{CGSize=d
00000001007BBD5B | 64 7D 7D 31 36 40 34 38  51 35 36 42 36 34 00 76  | d}}16@48Q56B64.v
00000001007BBD6B | 37 36 40 30 3A 38 7B 43  47 52 65 63 74 3D 7B 43  | 76@0:8{CGRect={C
00000001007BBD7B | 47 50 6F 69 6E 74 3D 64  64 7D 7B 43 47 53 69 7A  | GPoint=dd}{CGSiz
00000001007BBD8B | 65 3D 64 64 7D 7D 31 36  40 34 38 51 35 36 42 36  | e=dd}}16@48Q56B6
00000001007BBD9B | 34 40 3F 36 38 00 76 37  36 40 30 3A 38 7B 43 47  | 4@?68.v76@0:8{CG
00000001007BBDAB | 52 65 63 74 3D 7B 43 47  50 6F 69 6E 74 3D 64 64  | Rect={CGPoint=dd
00000001007BBDBB | 7D 7B 43 47 53 69 7A 65  3D 64 64 7D 7D 31 36 40  | }{CGSize=dd}}16@
00000001007BBDCB | 34 38 51 35 36 42 36 34  51 36 38 00 76 38 34 40  | 48Q56B64Q68.v84@
00000001007BBDDB | 30 3A 38 7B 43 47 52 65  63 74 3D 7B 43 47 50 6F  | 0:8{CGRect={CGPo
00000001007BBDEB | 69 6E 74 3D 64 64 7D 7B  43 47 53 69 7A 65 3D 64  | int=dd}{CGSize=d
00000001007BBDFB | 64 7D 7D 31 36 40 34 38  51 35 36 42 36 34 51 36  | d}}16@48Q56B64Q6
00000001007BBE0B | 38 40 3F 37 36 00 76 33  36 40 30 3A 38 40 31 36  | 8@?76.v36@0:8@16
00000001007BBE1B | 51 32 34 42 33 32 00 76  34 34 40 30 3A 38 40 31  | Q24B32.v44@0:8@1
00000001007BBE2B | 36 51 32 34 42 33 32 40  3F 33 36 00 76 34 34 40  | 6Q24B32@?36.v44@
00000001007BBE3B | 30 3A 38 40 31 36 51 32  34 42 33 32 51 33 36 00  | 0:8@16Q24B32Q36.
00000001007BBE4B | 76 35 32 40 30 3A 38 40  31 36 51 32 34 42 33 32  | v52@0:8@16Q24B32
00000001007BBE5B | 51 33 36 40 3F 34 34 00  76 32 38 40 30 3A 38 42  | Q36@?44.v28@0:8B
00000001007BBE6B | 31 36 40 3F 32 30 00 76  32 38 40 30 3A 38 42 31  | 16@?20.v28@0:8B1
00000001007BBE7B | 36 51 32 30 00 76 33 36  40 30 3A 38 42 31 36 51  | 6Q20.v36@0:8B16Q
00000001007BBE8B | 32 30 40 3F 32 38 00 7B  43 47 41 66 66 69 6E 65  | 20@?28.{CGAffine
00000001007BBE9B | 54 72 61 6E 73 66 6F 72  6D 3D 64 64 64 64 64 64  | Transform=dddddd
00000001007BBEAB | 7D 32 34 40 30 3A 38 51  31 36 00 76 34 30 40 30  | }24@0:8Q16.v40@0
00000001007BBEBB | 3A 38 42 31 36 51 32 30  40 3F 32 38 42 33 36 00  | :8B16Q20@?28B36.
00000001007BBECB | 76 34 38 40 30 3A 38 40  31 36 40 32 34 40 33 32  | v48@0:8@16@24@32
00000001007BBEDB | 5E 76 34 30 00 51 38 34  40 30 3A 38 7B 43 47 52  | ^v40.Q84@0:8{CGR
00000001007BBEEB | 65 63 74 3D 7B 43 47 50  6F 69 6E 74 3D 64 64 7D  | ect={CGPoint=dd}
00000001007BBEFB | 7B 43 47 53 69 7A 65 3D  64 64 7D 7D 31 36 40 34  | {CGSize=dd}}16@4
00000001007BBF0B | 38 7B 43 47 53 69 7A 65  3D 64 64 7D 35 36 66 37  | 8{CGSize=dd}56f7
00000001007BBF1B | 32 51 37 36 00 7B 43 47  53 69 7A 65 3D 64 64 7D  | 2Q76.{CGSize=dd}
00000001007BBF2B | 36 38 40 30 3A 38 7B 43  47 52 65 63 74 3D 7B 43  | 68@0:8{CGRect={C
00000001007BBF3B | 47 50 6F 69 6E 74 3D 64  64 7D 7B 43 47 53 69 7A  | GPoint=dd}{CGSiz
00000001007BBF4B | 65 3D 64 64 7D 7D 31 36  40 34 38 66 35 36 51 36  | e=dd}}16@48f56Q6
00000001007BBF5B | 30 00 40 22 6C 35 35 73  63 4F 69 52 22 00 40 22  | 0.@"l55scOiR".@"
00000001007BBF6B | 57 59 50 6F 70 6F 76 65  72 42 61 63 6B 67 72 6F  | WYPopoverBackgro
00000001007BBF7B | 75 6E 64 56 69 65 77 22  00 40 22 3C 79 38 43 4C  | undView".@"<y8CL
00000001007BBF8B | 4B 5A 42 37 3E 22 00 40  22 57 59 50 6F 70 6F 76  | KZB7>".@"WYPopov
00000001007BBF9B | 65 72 54 68 65 6D 65 22  00 40 22 3C 74 31 70 47  | erTheme".@"<t1pG
00000001007BBFAB | 77 4C 36 56 3E 22 00 40  32 34 40 30 3A 38 5E 7B  | wL6V>".@24@0:8^{
00000001007BBFBB | 72 74 5F 6D 73 67 68 64  72 32 3D 53 43 43 53 69  | rt_msghdr2=SCCSi
00000001007BBFCB | 69 69 69 69 69 49 7B 72  74 5F 6D 65 74 72 69 63  | iiiiiI{rt_metric
00000001007BBFDB | 73 3D 49 49 49 69 49 49  49 49 49 49 5B 34 49 5D  | s=IIIiIIIIII[4I]
00000001007BBFEB | 7D 7D 31 36 00 76 32 38  40 30 3A 38 5E 7B 73 6F  | }}16.v28@0:8^{so
00000001007BBFFB | 63 6B 61 64 64 72 3D 43  43 5B 31 34 63 5D 7D 31  | ckaddr=CC[14c]}1
00000001007BC00B | 36 69 32 34 00 5B 38 7B  73 6F 63 6B 61 64 64 72  | 6i24.[8{sockaddr
00000001007BC01B | 3D 22 73 61 5F 6C 65 6E  22 43 22 73 61 5F 66 61  | ="sa_len"C"sa_fa
00000001007BC02B | 6D 69 6C 79 22 43 22 73  61 5F 64 61 74 61 22 5B  | mily"C"sa_data"[
00000001007BC03B | 31 34 63 5D 7D 5D 00 7B  72 74 5F 6D 73 67 68 64  | 14c]}].{rt_msghd
00000001007BC04B | 72 32 3D 22 72 74 6D 5F  6D 73 67 6C 65 6E 22 53  | r2="rtm_msglen"S
00000001007BC05B | 22 72 74 6D 5F 76 65 72  73 69 6F 6E 22 43 22 72  | "rtm_version"C"r
00000001007BC06B | 74 6D 5F 74 79 70 65 22  43 22 72 74 6D 5F 69 6E  | tm_type"C"rtm_in
00000001007BC07B | 64 65 78 22 53 22 72 74  6D 5F 66 6C 61 67 73 22  | dex"S"rtm_flags"
00000001007BC08B | 69 22 72 74 6D 5F 61 64  64 72 73 22 69 22 72 74  | i"rtm_addrs"i"rt
00000001007BC09B | 6D 5F 72 65 66 63 6E 74  22 69 22 72 74 6D 5F 70  | m_refcnt"i"rtm_p
00000001007BC0AB | 61 72 65 6E 74 66 6C 61  67 73 22 69 22 72 74 6D  | arentflags"i"rtm
00000001007BC0BB | 5F 72 65 73 65 72 76 65  64 22 69 22 72 74 6D 5F  | _reserved"i"rtm_
00000001007BC0CB | 75 73 65 22 69 22 72 74  6D 5F 69 6E 69 74 73 22  | use"i"rtm_inits"
00000001007BC0DB | 49 22 72 74 6D 5F 72 6D  78 22 7B 72 74 5F 6D 65  | I"rtm_rmx"{rt_me
00000001007BC0EB | 74 72 69 63 73 3D 22 72  6D 78 5F 6C 6F 63 6B 73  | trics="rmx_locks
00000001007BC0FB | 22 49 22 72 6D 78 5F 6D  74 75 22 49 22 72 6D 78  | "I"rmx_mtu"I"rmx
00000001007BC10B | 5F 68 6F 70 63 6F 75 6E  74 22 49 22 72 6D 78 5F  | _hopcount"I"rmx_
00000001007BC11B | 65 78 70 69 72 65 22 69  22 72 6D 78 5F 72 65 63  | expire"i"rmx_rec
00000001007BC12B | 76 70 69 70 65 22 49 22  72 6D 78 5F 73 65 6E 64  | vpipe"I"rmx_send
00000001007BC13B | 70 69 70 65 22 49 22 72  6D 78 5F 73 73 74 68 72  | pipe"I"rmx_ssthr
00000001007BC14B | 65 73 68 22 49 22 72 6D  78 5F 72 74 74 22 49 22  | esh"I"rmx_rtt"I"
00000001007BC15B | 72 6D 78 5F 72 74 74 76  61 72 22 49 22 72 6D 78  | rmx_rttvar"I"rmx
00000001007BC16B | 5F 70 6B 73 65 6E 74 22  49 22 72 6D 78 5F 66 69  | _pksent"I"rmx_fi
00000001007BC17B | 6C 6C 65 72 22 5B 34 49  5D 7D 7D 00 76 32 34 40  | ller"[4I]}}.v24@
00000001007BC18B | 30 3A 38 69 31 36 69 32  30 00 40 22 3C 77 37 36  | 0:8i16i20.@"<w76
00000001007BC19B | 66 67 34 51 59 3E 22 00  40 22 3C 71 36 34 59 45  | fg4QY>".@"<q64YE
00000001007BC1AB | 35 36 42 3E 22 00 76 33  36 40 30 3A 38 40 31 36  | 56B>".v36@0:8@16
00000001007BC1BB | 66 32 34 40 32 38 00 76  34 34 40 30 3A 38 40 31  | f24@28.v44@0:8@1
00000001007BC1CB | 36 40 32 34 66 33 32 40  33 36 00 76 34 30 40 30  | 6@24f32@36.v40@0
00000001007BC1DB | 3A 38 40 31 36 66 32 34  66 32 38 40 33 32 00 40  | :8@16f24f28@32.@
00000001007BC1EB | 34 34 40 30 3A 38 40 31  36 42 32 34 42 32 38 42  | 44@0:8@16B24B28B
00000001007BC1FB | 33 32 42 33 36 66 34 30  00 40 33 32 40 30 3A 38  | 32B36f40.@32@0:8
00000001007BC20B | 71 31 36 3A 32 34 00 40  33 32 40 30 3A 38 40 31  | q16:24.@32@0:8@1
00000001007BC21B | 36 3A 32 34 00 3A 31 36  40 30 3A 38 00 3A 00 76  | 6:24.:16@0:8.:.v
00000001007BC22B | 35 36 40 30 3A 38 40 31  36 40 32 34 40 33 32 40  | 56@0:8@16@24@32@
00000001007BC23B | 34 30 40 34 38 00 76 34  30 40 30 3A 38 40 31 36  | 40@48.v40@0:8@16
00000001007BC24B | 40 32 34 3A 33 32 00 76  34 34 40 30 3A 38 40 31  | @24:32.v44@0:8@1
00000001007BC25B | 36 40 32 34 3A 33 32 42  34 30 00 76 34 38 40 30  | 6@24:32B40.v48@0
00000001007BC26B | 3A 38 40 31 36 40 32 34  3A 33 32 40 34 30 00 76  | :8@16@24:32@40.v
00000001007BC27B | 33 36 40 30 3A 38 40 31  36 3A 32 34 42 33 32 00  | 36@0:8@16:24B32.
00000001007BC28B | 76 34 30 40 30 3A 38 40  31 36 3A 32 34 40 33 32  | v40@0:8@16:24@32
00000001007BC29B | 00 76 35 36 40 30 3A 38  40 31 36 40 32 34 40 33  | .v56@0:8@16@24@3
00000001007BC2AB | 32 3A 34 30 3A 34 38 00  76 36 30 40 30 3A 38 40  | 2:40:48.v60@0:8@
00000001007BC2BB | 31 36 40 32 34 40 33 32  3A 34 30 3A 34 38 42 35  | 16@24@32:40:48B5
00000001007BC2CB | 36 00 76 36 34 40 30 3A  38 40 31 36 40 32 34 40  | 6.v64@0:8@16@24@
00000001007BC2DB | 33 32 3A 34 30 3A 34 38  40 35 36 00 76 34 30 40  | 32:40:48@56.v40@
00000001007BC2EB | 30 3A 38 40 31 36 3A 32  34 3A 33 32 00 76 34 34  | 0:8@16:24:32.v44
00000001007BC2FB | 40 30 3A 38 40 31 36 3A  32 34 3A 33 32 42 34 30  | @0:8@16:24:32B40
00000001007BC30B | 00 76 34 38 40 30 3A 38  40 31 36 3A 32 34 3A 33  | .v48@0:8@16:24:3
00000001007BC31B | 32 40 34 30 00 76 34 38  40 30 3A 38 40 31 36 3A  | 2@40.v48@0:8@16:
00000001007BC32B | 32 34 3A 33 32 3A 34 30  00 76 35 32 40 30 3A 38  | 24:32:40.v52@0:8
00000001007BC33B | 40 31 36 3A 32 34 3A 33  32 3A 34 30 42 34 38 00  | @16:24:32:40B48.
00000001007BC34B | 76 35 36 40 30 3A 38 40  31 36 3A 32 34 3A 33 32  | v56@0:8@16:24:32
00000001007BC35B | 3A 34 30 40 34 38 00 76  35 36 40 30 3A 38 40 31  | :40@48.v56@0:8@1
00000001007BC36B | 36 40 32 34 3A 33 32 3A  34 30 3A 34 38 00 76 36  | 6@24:32:40:48.v6
00000001007BC37B | 30 40 30 3A 38 40 31 36  40 32 34 3A 33 32 3A 34  | 0@0:8@16@24:32:4
00000001007BC38B | 30 3A 34 38 42 35 36 00  76 36 34 40 30 3A 38 40  | 0:48B56.v64@0:8@
00000001007BC39B | 31 36 40 32 34 3A 33 32  3A 34 30 3A 34 38 40 35  | 16@24:32:40:48@5
00000001007BC3AB | 36 00 40 33 36 40 30 3A  38 40 31 36 51 32 34 42  | 6.@36@0:8@16Q24B
00000001007BC3BB | 33 32 00 40 34 34 40 30  3A 38 40 31 36 51 32 34  | 32.@44@0:8@16Q24
00000001007BC3CB | 42 33 32 51 33 36 00 40  34 38 40 30 3A 38 40 31  | B32Q36.@48@0:8@1
00000001007BC3DB | 36 40 32 34 40 33 32 71  34 30 00 40 22 3C 55 49  | 6@24@32q40.@"<UI
00000001007BC3EB | 54 65 78 74 46 69 65 6C  64 44 65 6C 65 67 61 74  | TextFieldDelegat
00000001007BC3FB | 65 3E 22 00 40 22 3C 55  49 54 65 78 74 56 69 65  | e>".@"<UITextVie
00000001007BC40B | 77 44 65 6C 65 67 61 74  65 3E 22 00 40 22 3C 55  | wDelegate>".@"<U
00000001007BC41B | 49 54 65 78 74 46 69 65  6C 64 44 65 6C 65 67 61  | ITextFieldDelega
00000001007BC42B | 74 65 3E 3C 55 49 54 65  78 74 56 69 65 77 44 65  | te><UITextViewDe
00000001007BC43B | 6C 65 67 61 74 65 3E 22  00 40 22 53 6C 69 64 65  | legate>".@"Slide
00000001007BC44B | 4E 61 76 69 67 61 74 69  6F 6E 43 6F 6E 74 6F 72  | NavigationContor
00000001007BC45B | 6C 6C 65 72 41 6E 69 6D  61 74 6F 72 53 6C 69 64  | llerAnimatorSlid
00000001007BC46B | 65 22 00                                          | e".
